[Licensing::Module] Trying to connect to existing licensing client channel...
Built from '6000.3/staging' branch; Version is '6000.3.22f1 (1c726e1fb402) revision 1864302'; Using compiler version '194234433'; Build Type 'Release'
OS: 'Windows 11  (10.0.26200) Professional' Language: 'en' Physical Memory: 65447 MB
[Licensing::IpcConnector] Successfully connected to: "LicenseClient-finge" at "2026-09-04T03:46:20.0233694Z"
BatchMode: 1, IsHumanControllingUs: 0, StartBugReporterOnCrash: 0, Is64bit: 1
System  architecture: x64
Process architecture: x64
Date: 2026-09-04T03:46:20Z

COMMAND LINE ARGUMENTS:
C:\Program Files\Unity\Hub\Editor\6000.3.22f1\Editor\Unity.exe
-adb2
-batchMode
-noUpm
-name
AssetImportWorker3
-projectPath
C:/Users/finge/OneDrive/Documents/Unity/The-Adventures-of-Organic-Green-Non-GMO-Quadrilateral-main
-logFile
Logs/AssetImportWorker3.log
-srvPort
17226
-parentPid
25220
-analyticsCloudUserId
20067347476411
-analyticsCloudProjectId
3be8e2df-b871-44b7-b6e6-52f57caf8acf
-analyticsLocalProjectId
1eb061af8fd5f7849937f7d6628a000d
-editorAnalyticsEnabled
1
-cbmEditorLicense
b52a59ac02f18f577f1932697603f49108bdb3e5
-cbmMachineId
b3DWQg0hQQ76W2b8Gj6u97/T1wU=
-licensingIpc
LicenseClient-finge
-job-worker-count
11
-background-job-worker-count
8
-gc-helper-count
1
-name
AssetImport
Successfully changed project path to: C:/Users/finge/OneDrive/Documents/Unity/The-Adventures-of-Organic-Green-Non-GMO-Quadrilateral-main
C:/Users/finge/OneDrive/Documents/Unity/The-Adventures-of-Organic-Green-Non-GMO-Quadrilateral-main
[UnityMemory] Configuration Parameters - Can be set up in boot.config
    "memorysetup-temp-allocator-size-nav-mesh-worker=65536"
    "memorysetup-temp-allocator-size-audio-worker=65536"
    "memorysetup-temp-allocator-size-gfx=262144"
    "memorysetup-allocator-temp-initial-block-size-main=262144"
    "memorysetup-allocator-temp-initial-block-size-worker=262144"
    "memorysetup-temp-allocator-size-background-worker=32768"
    "memorysetup-temp-allocator-size-job-worker=262144"
    "memorysetup-temp-allocator-size-preload-manager=33554432"
    "memorysetup-temp-allocator-size-gi-baking-worker=262144"
    "memorysetup-temp-allocator-size-gi-baking-worker=262144"
    "memorysetup-temp-allocator-size-gi-baking-worker=262144"
    "memorysetup-temp-allocator-size-gi-baking-worker=262144"
    "memorysetup-temp-allocator-size-gi-baking-worker=262144"
    "memorysetup-bucket-allocator-granularity=16"
    "memorysetup-bucket-allocator-bucket-count=8"
    "memorysetup-bucket-allocator-block-size=33554432"
    "memorysetup-bucket-allocator-block-count=8"
    "memorysetup-main-allocator-block-size=16777216"
    "memorysetup-thread-allocator-block-size=16777216"
    "memorysetup-gfx-main-allocator-block-size=16777216"
    "memorysetup-gfx-thread-allocator-block-size=16777216"
    "memorysetup-cache-allocator-block-size=4194304"
    "memorysetup-typetree-allocator-block-size=2097152"
    "memorysetup-profiler-bucket-allocator-granularity=16"
    "memorysetup-profiler-bucket-allocator-bucket-count=8"
    "memorysetup-profiler-bucket-allocator-block-size=33554432"
    "memorysetup-profiler-bucket-allocator-block-count=8"
    "memorysetup-profiler-allocator-block-size=16777216"
    "memorysetup-profiler-editor-allocator-block-size=1048576"
    "memorysetup-temp-allocator-size-main=16777216"
    "memorysetup-job-temp-allocator-block-size=2097152"
    "memorysetup-job-temp-allocator-block-size-background=1048576"
    "memorysetup-job-temp-allocator-reduction-small-platforms=262144"
    "memorysetup-temp-allocator-size-cloud-worker=32768"
Player connection [23824]  Target information:

Player connection [23824]  * "[IP] 172.20.10.10 [Port] 0 [Flags] 2 [Guid] 751580002 [EditorId] 751580002 [Version] 1048832 [Id] WindowsEditor(7,Zacharys-PC) [Debug] 1 [PackageName] WindowsEditor [ProjectName] Editor" 

Player connection [23824] Host joined multi-casting on [225.0.0.222:54997]...
Player connection [23824] Host joined alternative multi-casting on [225.0.0.222:34997]...
JobSystem: Creating JobQueue using job-worker-count value 11
Input System module state changed to: Initialized.
[Physics::Module] Initialized fallback backend.
[Physics::Module] Id: 0xdecafbad
Library Redirect Path: Library/
[Physics::Module] Selected backend.
[Physics::Module] Name: PhysX
[Physics::Module] Id: 0xf2b8ea05
[Physics::Module] SDK Version: 4.1.2
[Physics::Module] Integration Version: 1.0.0
[Physics::Module] Threading Mode: Multi-Threaded
Refreshing native plugins compatible for Editor in 4.10 ms, found 4 plugins.
Preloading 0 native plugins for Editor in 0.00 ms.
Initialize engine version: 6000.3.22f1 (1c726e1fb402)
[Subsystems] Discovering subsystems at path C:/Program Files/Unity/Hub/Editor/6000.3.22f1/Editor/Data/Resources/UnitySubsystems
[Subsystems] Discovering subsystems at path C:/Users/finge/OneDrive/Documents/Unity/The-Adventures-of-Organic-Green-Non-GMO-Quadrilateral-main/Assets
GfxDevice: creating device client; kGfxThreadingModeNonThreaded
d3d12: failed to query info queue interface (0x80004002).
Direct3D:
    Version:         Direct3D 12 [level 12.2]
    Renderer:        AMD Radeon RX 9060 XT (ID=0x7590)
    Vendor:          ATI
    VRAM:            16304 MB
    App VRAM Budget: 15459 MB
    Driver:          32.0.22042.14002
Initialize mono
Mono path[0] = 'C:/Program Files/Unity/Hub/Editor/6000.3.22f1/Editor/Data/Managed'
Mono path[1] = 'C:/Program Files/Unity/Hub/Editor/6000.3.22f1/Editor/Data/MonoBleedingEdge/lib/mono/unityjit-win32'
Mono config path = 'C:/Program Files/Unity/Hub/Editor/6000.3.22f1/Editor/Data/MonoBleedingEdge/etc'
Using monoOptions --debugger-agent=transport=dt_socket,embedding=1,server=y,suspend=n,address=127.0.0.1:56224
Begin MonoManager ReloadAssembly
Registering precompiled unity dll's ...
Register platform support module: C:/Program Files/Unity/Hub/Editor/6000.3.22f1/Editor/Data/PlaybackEngines/WebGLSupport/UnityEditor.WebGL.Extensions.dll
Register platform support module: C:/Program Files/Unity/Hub/Editor/6000.3.22f1/Editor/Data/PlaybackEngines/WindowsStandaloneSupport/UnityEditor.WindowsStandalone.Extensions.dll
[Licensing::Module] Licensing is not yet initialized.
[Licensing::Client] Error: HandshakeResponse reported an error:
	ResponseCode: 505
	ResponseStatus: Unsupported protocol version '1.18.1'.
[Licensing::Module] Error: Failed to handshake to channel: "LicenseClient-finge"
[Licensing::IpcConnector] LicenseClient-finge channel disconnected successfully.
[Licensing::IpcConnector] Successfully connected to: "LicenseClient-finge-6000.3.22" at "2026-09-04T03:46:22.2143909Z"
[Licensing::Client] Code 10 while verifying Licensing Client signature (process Id: 25584, path: "C:/Program Files/Unity/Hub/Editor/6000.3.22f1/Editor/Data/Resources/Licensing/Client/Unity.Licensing.Client.exe")
[Licensing::Module] LicensingClient has failed validation; ignoring
[Licensing::Client] Handshaking with LicensingClient:
  Version:                 1.18.1+9fbee8e
  Session Id:              4112957f81974a42b2dccf02d53254ad
  Correlation Id:          e792f06d7035df6ec57ba10a1486fc4f
  External correlation Id: 3188814783237179296
  Machine Id:              b3DWQg0hQQ76W2b8Gj6u97/T1wU=
[Licensing::Module] Successfully connected to LicensingClient on channel: "LicenseClient-finge-6000.3.22" (connect: 0.00s, validation: 0.00s, handshake: 0.01s)
[Licensing::IpcConnector] Successfully connected to: "LicenseClient-finge-6000.3.22-notifications" at "2026-09-04T03:46:22.2247787Z"
[Licensing::Module] Licensing Background thread has ended after 2.20s
[Licensing::Module] Licensing is initialized (took 1.31s).
[Licensing::Client] Successfully resolved entitlement details
[Licensing::Module] License group:
  Id: 20067347476411-UnityPersXXXX
  Product: Unity Personal
  Type: Assigned
  Expiration: Unlimited
Register platform support module: C:/Program Files/Unity/Hub/Editor/6000.3.22f1/Editor/Data/PlaybackEngines/iOSSupport/UnityEditor.iOS.Extensions.dll
Registered in 1.311159 seconds.
- Loaded All Assemblies, in  1.755 seconds
[usbmuxd] Start listen thread
[usbmuxd] Listen thread started
[usbmuxd] Send listen message
Native extension for iOS target not found
Native extension for WindowsStandalone target not found
Native extension for WebGL target not found
Package Manager log level set to [2]
[Package Manager] Failed to launch server process. Reason: Unity was launched with the -noUpm command-line argument
[Package Manager] Unable to send message (not connected to server process).
[Package Manager] Cannot connect to Unity Package Manager local server
ScheduleIndexationOnStartup MainProcess:False IndexOnStartup:True
Mono: successfully reloaded assembly
- Finished resetting the current domain, in  0.412 seconds
Domain Reload Profiling: 2161ms
	BeginReloadAssembly (142ms)
		ExecutionOrderSort (0ms)
		DisableScriptedObjects (0ms)
		BackupInstance (0ms)
		ReleaseScriptingObjects (0ms)
		CreateAndSetChildDomain (1ms)
	RebuildCommonClasses (43ms)
	RebuildNativeTypeToScriptingClass (12ms)
	initialDomainReloadingComplete (1367ms)
	LoadAllAssembliesAndSetupDomain (184ms)
		LoadAssemblies (138ms)
		RebuildTransferFunctionScriptingTraits (0ms)
		AnalyzeDomain (180ms)
			TypeCache.Refresh (179ms)
				TypeCache.ScanAssembly (166ms)
			BuildScriptInfoCaches (0ms)
			ResolveRequiredComponents (1ms)
	FinalizeReload (412ms)
		ReleaseScriptCaches (0ms)
		RebuildScriptCaches (0ms)
		SetupLoadedEditorAssemblies (359ms)
			LogAssemblyErrors (0ms)
			InitializePlatformSupportModulesInManaged (71ms)
			SetLoadedEditorAssemblies (4ms)
			BeforeProcessingInitializeOnLoad (82ms)
			ProcessInitializeOnLoadAttributes (129ms)
			ProcessInitializeOnLoadMethodAttributes (73ms)
			AfterProcessingInitializeOnLoad (0ms)
			EditorAssembliesLoaded (0ms)
		ExecutionOrderSort2 (0ms)
		AwakeInstancesAfterBackupRestoration (0ms)
[Licensing::Client] Successfully resolved entitlement details
========================================================================
Worker process is ready to serve import requests
Import Worker Mode flag is 0x00
Begin MonoManager ReloadAssembly
- Loaded All Assemblies, in  0.892 seconds
Refreshing native plugins compatible for Editor in 1.73 ms, found 4 plugins.
Native extension for iOS target not found
Native extension for WindowsStandalone target not found
Native extension for WebGL target not found
[Package Manager] Failed to launch server process. Reason: Unity was launched with the -noUpm command-line argument
[Package Manager] Unable to send message (not connected to server process).
[Package Manager] Cannot connect to Unity Package Manager local server
Refreshing native plugins compatible for Editor in 1.93 ms, found 4 plugins.
[Package Manager] Failed to launch server process. Reason: Unity was launched with the -noUpm command-line argument
[Package Manager] Unable to send message (not connected to server process).
[Package Manager] Cannot connect to Unity Package Manager local server
ScheduleIndexationOnStartup MainProcess:False IndexOnStartup:True
Mono: successfully reloaded assembly
- Finished resetting the current domain, in  0.766 seconds
Domain Reload Profiling: 1649ms
	BeginReloadAssembly (204ms)
		ExecutionOrderSort (0ms)
		DisableScriptedObjects (7ms)
		BackupInstance (0ms)
		ReleaseScriptingObjects (0ms)
		CreateAndSetChildDomain (29ms)
	RebuildCommonClasses (35ms)
	RebuildNativeTypeToScriptingClass (11ms)
	initialDomainReloadingComplete (48ms)
	LoadAllAssembliesAndSetupDomain (585ms)
		LoadAssemblies (416ms)
		RebuildTransferFunctionScriptingTraits (0ms)
		AnalyzeDomain (283ms)
			TypeCache.Refresh (189ms)
				TypeCache.ScanAssembly (171ms)
			BuildScriptInfoCaches (84ms)
			ResolveRequiredComponents (7ms)
	FinalizeReload (766ms)
		ReleaseScriptCaches (0ms)
		RebuildScriptCaches (0ms)
		SetupLoadedEditorAssemblies (567ms)
			LogAssemblyErrors (0ms)
			InitializePlatformSupportModulesInManaged (10ms)
			SetLoadedEditorAssemblies (4ms)
			BeforeProcessingInitializeOnLoad (152ms)
			ProcessInitializeOnLoadAttributes (332ms)
			ProcessInitializeOnLoadMethodAttributes (61ms)
			AfterProcessingInitializeOnLoad (8ms)
			EditorAssembliesLoaded (0ms)
		ExecutionOrderSort2 (0ms)
		AwakeInstancesAfterBackupRestoration (7ms)
Launched and connected shader compiler UnityShaderCompiler.exe after 0.01 seconds
Refreshing native plugins compatible for Editor in 1.80 ms, found 4 plugins.
Preloading 0 native plugins for Editor in 0.00 ms.
Unloading 16 Unused Serialized files (Serialized files now loaded: 0)
Curl error 3: URL rejected: Malformed input to a URL function
Unloading 6516 unused Assets / (3.7 MB). Loaded Objects now: 7297.
Memory consumption went from 158.4 MB to 154.7 MB.
Total: 7.862200 ms (FindLiveObjects: 0.808600 ms CreateObjectMapping: 0.410000 ms MarkObjects: 4.559600 ms  DeleteObjects: 2.083200 ms)

========================================================================
Received Import Request.
  Time since last request: 12108.466661 seconds.
  path: Assets/Materials/Platform.mat
  artifactKey: Guid(0d9ab1f00e4e1644a9fdb991389f41d2) Importer(815301076,1909f56bfc062723c751e8b465ee728b)
Start importing Assets/Materials/Platform.mat using Guid(0d9ab1f00e4e1644a9fdb991389f41d2) Importer(815301076,1909f56bfc062723c751e8b465ee728b) (PreviewImporter) -> (artifact id: '1a2783c94b63650b59235ca74f0307c9') in 2.5034147 seconds
Number of updated asset objects reloaded before import = 0Number of asset objects unloaded after import = 1

========================================================================
Received Import Request.
  Time since last request: 1.018689 seconds.
  path: Packages/com.unity.collab-proxy/Editor/UI/Fonts.cs
  artifactKey: Guid(04d3d047cf80496fa3fb23c00962ad18) Importer(2089858483,b0f066a214c2f5e87bad3c948f4d605d)
Start importing Packages/com.unity.collab-proxy/Editor/UI/Fonts.cs using Guid(04d3d047cf80496fa3fb23c00962ad18) Importer(2089858483,b0f066a214c2f5e87bad3c948f4d605d) (ScriptedImporter) -> (artifact id: '8e9b29ee30649c982306be08b4d3acd4') in 0.053795 seconds
Number of updated asset objects reloaded before import = 0Number of asset objects unloaded after import = 0

========================================================================
Received Import Request.
  Time since last request: 0.000046 seconds.
  path: Packages/com.unity.collab-proxy/Editor/Views/ApplyShelveWithConflictsQuestionerBuilder.cs
  artifactKey: Guid(da54c27b153842f8b52711ef467ad986) Importer(2089858483,b0f066a214c2f5e87bad3c948f4d605d)
Start importing Packages/com.unity.collab-proxy/Editor/Views/ApplyShelveWithConflictsQuestionerBuilder.cs using Guid(da54c27b153842f8b52711ef467ad986) Importer(2089858483,b0f066a214c2f5e87bad3c948f4d605d) (ScriptedImporter) -> (artifact id: 'b3262a261319584c4e8c01d54f2e85b3') in 0.0042714 seconds
Number of updated asset objects reloaded before import = 0Number of asset objects unloaded after import = 0

========================================================================
Received Import Request.
  Time since last request: 0.000019 seconds.
  path: Packages/com.unity.collab-proxy/Editor/Assets/Images/d_iconclipboard.png
  artifactKey: Guid(3f65802f2a170a145bd30ab3801b8d80) Importer(2089858483,b0f066a214c2f5e87bad3c948f4d605d)
Start importing Packages/com.unity.collab-proxy/Editor/Assets/Images/d_iconclipboard.png using Guid(3f65802f2a170a145bd30ab3801b8d80) Importer(2089858483,b0f066a214c2f5e87bad3c948f4d605d) (ScriptedImporter) -> (artifact id: 'e75134b8719732a1f8896ea1850b0ee8') in 0.0437428 seconds
Number of updated asset objects reloaded before import = 0Number of asset objects unloaded after import = 3

========================================================================
Received Import Request.
  Time since last request: 0.000021 seconds.
  path: Packages/com.unity.collab-proxy/Editor/Assets/Images/d_iconclipboard@2x.png
  artifactKey: Guid(c115023c6a2060d4da6a7684bd40c5c0) Importer(2089858483,b0f066a214c2f5e87bad3c948f4d605d)
Start importing Packages/com.unity.collab-proxy/Editor/Assets/Images/d_iconclipboard@2x.png using Guid(c115023c6a2060d4da6a7684bd40c5c0) Importer(2089858483,b0f066a214c2f5e87bad3c948f4d605d) (ScriptedImporter) -> (artifact id: 'f648de3f049e8553f272b181df6819aa') in 0.0071821 seconds
Number of updated asset objects reloaded before import = 0Number of asset objects unloaded after import = 3

========================================================================
Received Import Request.
  Time since last request: 0.000025 seconds.
  path: Packages/com.unity.collab-proxy/Editor/Assets/Images/d_iconbranches@2x.png
  artifactKey: Guid(874d8401331ede14087e8d8d486ddda6) Importer(2089858483,b0f066a214c2f5e87bad3c948f4d605d)
Start importing Packages/com.unity.collab-proxy/Editor/Assets/Images/d_iconbranches@2x.png using Guid(874d8401331ede14087e8d8d486ddda6) Importer(2089858483,b0f066a214c2f5e87bad3c948f4d605d) (ScriptedImporter) -> (artifact id: 'cadbcb5543a65a4c8992372eb9536463') in 0.0079282 seconds
Number of updated asset objects reloaded before import = 0Number of asset objects unloaded after import = 1

========================================================================
Received Import Request.
  Time since last request: 0.000017 seconds.
  path: Packages/com.unity.collab-proxy/Editor/UI/OverlayProgress.cs
  artifactKey: Guid(1ea55c972a804304b2c7212f93c6bc4e) Importer(2089858483,b0f066a214c2f5e87bad3c948f4d605d)
Start importing Packages/com.unity.collab-proxy/Editor/UI/OverlayProgress.cs using Guid(1ea55c972a804304b2c7212f93c6bc4e) Importer(2089858483,b0f066a214c2f5e87bad3c948f4d605d) (ScriptedImporter) -> (artifact id: '6f5159721eece9a928d8e682b26cb00a') in 0.0035853 seconds
Number of updated asset objects reloaded before import = 0Number of asset objects unloaded after import = 0

========================================================================
Received Import Request.
  Time since last request: 0.000018 seconds.
  path: Packages/com.unity.collab-proxy/Editor/WebApi/TokenExchangeResponse.cs
  artifactKey: Guid(4932f8b3d8c26804bb16dc5cb5b766ce) Importer(2089858483,b0f066a214c2f5e87bad3c948f4d605d)
Start importing Packages/com.unity.collab-proxy/Editor/WebApi/TokenExchangeResponse.cs using Guid(4932f8b3d8c26804bb16dc5cb5b766ce) Importer(2089858483,b0f066a214c2f5e87bad3c948f4d605d) (ScriptedImporter) -> (artifact id: 'b4f4d2c485300f9b93effdc978d75663') in 0.0038651 seconds
Number of updated asset objects reloaded before import = 0Number of asset objects unloaded after import = 0

========================================================================
Received Import Request.
  Time since last request: 0.000018 seconds.
  path: Packages/com.unity.collab-proxy/Editor/UI/UnityPlasticGuiMessage.cs
  artifactKey: Guid(ee61022c90cce0b49bb0e459b11ec2ee) Importer(2089858483,b0f066a214c2f5e87bad3c948f4d605d)
Start importing Packages/com.unity.collab-proxy/Editor/UI/UnityPlasticGuiMessage.cs using Guid(ee61022c90cce0b49bb0e459b11ec2ee) Importer(2089858483,b0f066a214c2f5e87bad3c948f4d605d) (ScriptedImporter) -> (artifact id: '8d8698647388a3ecb85f464cdca99eed') in 0.0036655 seconds
Number of updated asset objects reloaded before import = 0Number of asset objects unloaded after import = 0

========================================================================
Received Import Request.
  Time since last request: 0.000018 seconds.
  path: Packages/com.unity.collab-proxy/Editor/UI/MeasureMaxWidth.cs
  artifactKey: Guid(5eeef8c7e006fbe49ab66c960691f11e) Importer(2089858483,b0f066a214c2f5e87bad3c948f4d605d)
Start importing Packages/com.unity.collab-proxy/Editor/UI/MeasureMaxWidth.cs using Guid(5eeef8c7e006fbe49ab66c960691f11e) Importer(2089858483,b0f066a214c2f5e87bad3c948f4d605d) (ScriptedImporter) -> (artifact id: '4b2203f51225a361a7241079a4eac6c0') in 0.0035531 seconds
Number of updated asset objects reloaded before import = 0Number of asset objects unloaded after import = 0

========================================================================
Received Import Request.
  Time since last request: 0.000020 seconds.
  path: Packages/com.unity.collab-proxy/Editor/Assets/Images/d_iconinfobellnotification@2x.png
  artifactKey: Guid(3cf8ae89579fd29479f4269d09600e16) Importer(2089858483,b0f066a214c2f5e87bad3c948f4d605d)
Start importing Packages/com.unity.collab-proxy/Editor/Assets/Images/d_iconinfobellnotification@2x.png using Guid(3cf8ae89579fd29479f4269d09600e16) Importer(2089858483,b0f066a214c2f5e87bad3c948f4d605d) (ScriptedImporter) -> (artifact id: '202d0d7f30ad0b09cbd5addc0f67b0a1') in 0.0069677 seconds
Number of updated asset objects reloaded before import = 0Number of asset objects unloaded after import = 3

========================================================================
Received Import Request.
  Time since last request: 0.000025 seconds.
  path: Packages/com.unity.collab-proxy/Editor/Assets/Images/d_iconconflictedoverlay.png
  artifactKey: Guid(a892bcc7ae1871447926b3c44d158763) Importer(2089858483,b0f066a214c2f5e87bad3c948f4d605d)
Start importing Packages/com.unity.collab-proxy/Editor/Assets/Images/d_iconconflictedoverlay.png using Guid(a892bcc7ae1871447926b3c44d158763) Importer(2089858483,b0f066a214c2f5e87bad3c948f4d605d) (ScriptedImporter) -> (artifact id: 'a7cd280b258af5367ed596f8198c41be') in 0.0066723 seconds
Number of updated asset objects reloaded before import = 0Number of asset objects unloaded after import = 1

========================================================================
Received Import Request.
  Time since last request: 0.000020 seconds.
  path: Packages/com.unity.collab-proxy/Editor/UI/UnityMenuItem.cs
  artifactKey: Guid(ad0c4895dbf7aeb459c1d136884a7998) Importer(2089858483,b0f066a214c2f5e87bad3c948f4d605d)
Start importing Packages/com.unity.collab-proxy/Editor/UI/UnityMenuItem.cs using Guid(ad0c4895dbf7aeb459c1d136884a7998) Importer(2089858483,b0f066a214c2f5e87bad3c948f4d605d) (ScriptedImporter) -> (artifact id: '0760539cad20b83ec5b8f84a78d3ee49') in 0.003409 seconds
Number of updated asset objects reloaded before import = 0Number of asset objects unloaded after import = 0

========================================================================
Received Import Request.
  Time since last request: 0.000019 seconds.
  path: Packages/com.unity.collab-proxy/Editor/Views/EnableSwitchAndShelveFeatureDialog.cs
  artifactKey: Guid(421fea03dd9d4ac089ca279ee87c573b) Importer(2089858483,b0f066a214c2f5e87bad3c948f4d605d)
Start importing Packages/com.unity.collab-proxy/Editor/Views/EnableSwitchAndShelveFeatureDialog.cs using Guid(421fea03dd9d4ac089ca279ee87c573b) Importer(2089858483,b0f066a214c2f5e87bad3c948f4d605d) (ScriptedImporter) -> (artifact id: '6556ea533f15bb34f493d614ec4dc45d') in 0.0033377 seconds
Number of updated asset objects reloaded before import = 0Number of asset objects unloaded after import = 0

========================================================================
Received Import Request.
  Time since last request: 0.000017 seconds.
  path: Packages/com.unity.collab-proxy/Editor/Assets/Images/d_iconincomingchangesview.png
  artifactKey: Guid(f6ea7eb320af940f6ade67ef3befef89) Importer(2089858483,b0f066a214c2f5e87bad3c948f4d605d)
Start importing Packages/com.unity.collab-proxy/Editor/Assets/Images/d_iconincomingchangesview.png using Guid(f6ea7eb320af940f6ade67ef3befef89) Importer(2089858483,b0f066a214c2f5e87bad3c948f4d605d) (ScriptedImporter) -> (artifact id: '0fd0788a261bde78aa0551a6c3b53091') in 0.0080357 seconds
Number of updated asset objects reloaded before import = 0Number of asset objects unloaded after import = 3

========================================================================
Received Import Request.
  Time since last request: 0.000018 seconds.
  path: Packages/com.unity.collab-proxy/Editor/Assets/Images/d_ArrowCaretRight.png
  artifactKey: Guid(f4d4cddc7d40e49e18d2253e661465b2) Importer(2089858483,b0f066a214c2f5e87bad3c948f4d605d)
Start importing Packages/com.unity.collab-proxy/Editor/Assets/Images/d_ArrowCaretRight.png using Guid(f4d4cddc7d40e49e18d2253e661465b2) Importer(2089858483,b0f066a214c2f5e87bad3c948f4d605d) (ScriptedImporter) -> (artifact id: 'b9108290aab6d65e1b0eb3200a89ebb7') in 0.0070533 seconds
Number of updated asset objects reloaded before import = 0Number of asset objects unloaded after import = 3

========================================================================
Received Import Request.
  Time since last request: 0.000019 seconds.
  path: Packages/com.unity.collab-proxy/Editor/Views/FileSystemOperation.cs
  artifactKey: Guid(f5eff45d4f0cc5e478e6724c378098eb) Importer(2089858483,b0f066a214c2f5e87bad3c948f4d605d)
Start importing Packages/com.unity.collab-proxy/Editor/Views/FileSystemOperation.cs using Guid(f5eff45d4f0cc5e478e6724c378098eb) Importer(2089858483,b0f066a214c2f5e87bad3c948f4d605d) (ScriptedImporter) -> (artifact id: 'd07aa1e823b830a5fae22170a48820fb') in 0.0034172 seconds
Number of updated asset objects reloaded before import = 0Number of asset objects unloaded after import = 0

========================================================================
Received Import Request.
  Time since last request: 0.000023 seconds.
  path: Packages/com.unity.collab-proxy/Editor/Assets/Images/d_iconemptygravatar.png
  artifactKey: Guid(9aebd705574f9e642aef1e5f59b3e4d8) Importer(2089858483,b0f066a214c2f5e87bad3c948f4d605d)
Start importing Packages/com.unity.collab-proxy/Editor/Assets/Images/d_iconemptygravatar.png using Guid(9aebd705574f9e642aef1e5f59b3e4d8) Importer(2089858483,b0f066a214c2f5e87bad3c948f4d605d) (ScriptedImporter) -> (artifact id: '18ae2feadd311fb13e79b91fce9ea140') in 0.007303 seconds
Number of updated asset objects reloaded before import = 0Number of asset objects unloaded after import = 1

========================================================================
Received Import Request.
  Time since last request: 0.000018 seconds.
  path: Packages/com.unity.collab-proxy/Editor/AssetOverlays/Cache/BuildPathDictionary.cs
  artifactKey: Guid(9c963b5d17c74314eb7105e71377cdb8) Importer(2089858483,b0f066a214c2f5e87bad3c948f4d605d)
Start importing Packages/com.unity.collab-proxy/Editor/AssetOverlays/Cache/BuildPathDictionary.cs using Guid(9c963b5d17c74314eb7105e71377cdb8) Importer(2089858483,b0f066a214c2f5e87bad3c948f4d605d) (ScriptedImporter) -> (artifact id: 'f7e88e4a17d8c236bdba5710767f7d1b') in 0.0033358 seconds
Number of updated asset objects reloaded before import = 0Number of asset objects unloaded after import = 0

========================================================================
Received Import Request.
  Time since last request: 0.000017 seconds.
  path: Packages/com.unity.collab-proxy/Editor/UI/GUIActionRunner.cs
  artifactKey: Guid(6dbc54b503a79034d9c544e39451fd10) Importer(2089858483,b0f066a214c2f5e87bad3c948f4d605d)
Start importing Packages/com.unity.collab-proxy/Editor/UI/GUIActionRunner.cs using Guid(6dbc54b503a79034d9c544e39451fd10) Importer(2089858483,b0f066a214c2f5e87bad3c948f4d605d) (ScriptedImporter) -> (artifact id: 'f2d69e13f41fefebd46cb8b9165d1ec3') in 0.0034367 seconds
Number of updated asset objects reloaded before import = 0Number of asset objects unloaded after import = 0

========================================================================
Received Import Request.
  Time since last request: 0.000020 seconds.
  path: Packages/com.unity.collab-proxy/Editor/Assets/Images/d_iconaddedlocal@2x.png
  artifactKey: Guid(02800fb9cff14da47a04572790384d8b) Importer(2089858483,b0f066a214c2f5e87bad3c948f4d605d)
Start importing Packages/com.unity.collab-proxy/Editor/Assets/Images/d_iconaddedlocal@2x.png using Guid(02800fb9cff14da47a04572790384d8b) Importer(2089858483,b0f066a214c2f5e87bad3c948f4d605d) (ScriptedImporter) -> (artifact id: '9b8f1506a18b1683d635b4d770aac370') in 0.0064825 seconds
Number of updated asset objects reloaded before import = 0Number of asset objects unloaded after import = 1

========================================================================
Received Import Request.
  Time since last request: 0.000017 seconds.
  path: Packages/com.unity.collab-proxy/Editor/AssetOverlays/Cache/LocalStatusCache.cs
  artifactKey: Guid(226459a134855504d841db6b61519d2b) Importer(2089858483,b0f066a214c2f5e87bad3c948f4d605d)
Start importing Packages/com.unity.collab-proxy/Editor/AssetOverlays/Cache/LocalStatusCache.cs using Guid(226459a134855504d841db6b61519d2b) Importer(2089858483,b0f066a214c2f5e87bad3c948f4d605d) (ScriptedImporter) -> (artifact id: '9f7e995d6c31efde24b53c919ae09a62') in 0.003398 seconds
Number of updated asset objects reloaded before import = 0Number of asset objects unloaded after import = 0

========================================================================
Received Import Request.
  Time since last request: 0.000020 seconds.
  path: Packages/com.unity.collab-proxy/Editor/UI/ScreenResolution.cs
  artifactKey: Guid(9c549b85e316e2d4ea9265d63a17e401) Importer(2089858483,b0f066a214c2f5e87bad3c948f4d605d)
Start importing Packages/com.unity.collab-proxy/Editor/UI/ScreenResolution.cs using Guid(9c549b85e316e2d4ea9265d63a17e401) Importer(2089858483,b0f066a214c2f5e87bad3c948f4d605d) (ScriptedImporter) -> (artifact id: '51898ba14974252418c24f1c5a29ca29') in 0.0044989 seconds
Number of updated asset objects reloaded before import = 0Number of asset objects unloaded after import = 0

========================================================================
Received Import Request.
  Time since last request: 0.000025 seconds.
  path: Packages/com.unity.collab-proxy/Editor/Assets/Images/d_hideversioncontrol.png
  artifactKey: Guid(ec597fbbebec64e4f8725c31ce52fdb7) Importer(2089858483,b0f066a214c2f5e87bad3c948f4d605d)
Start importing Packages/com.unity.collab-proxy/Editor/Assets/Images/d_hideversioncontrol.png using Guid(ec597fbbebec64e4f8725c31ce52fdb7) Importer(2089858483,b0f066a214c2f5e87bad3c948f4d605d) (ScriptedImporter) -> (artifact id: '0a6f0954234985e82c8558b08823693e') in 0.0081156 seconds
Number of updated asset objects reloaded before import = 0Number of asset objects unloaded after import = 3

========================================================================
Received Import Request.
  Time since last request: 0.000018 seconds.
  path: Packages/com.unity.collab-proxy/Editor/UVCSToolbar/UVCSToolbar.cs
  artifactKey: Guid(5717b3e29bf6a2b48be2cf9d0707c505) Importer(2089858483,b0f066a214c2f5e87bad3c948f4d605d)
Start importing Packages/com.unity.collab-proxy/Editor/UVCSToolbar/UVCSToolbar.cs using Guid(5717b3e29bf6a2b48be2cf9d0707c505) Importer(2089858483,b0f066a214c2f5e87bad3c948f4d605d) (ScriptedImporter) -> (artifact id: '2ae9cfbba150c610477e4f0281e2adaf') in 0.003345 seconds
Number of updated asset objects reloaded before import = 0Number of asset objects unloaded after import = 0

========================================================================
Received Import Request.
  Time since last request: 1.785380 seconds.
  path: Packages/com.unity.collab-proxy/Editor/Assets/Images/d_iconlock.png
  artifactKey: Guid(f7adc828ed70a485db62c459bdf09525) Importer(2089858483,b0f066a214c2f5e87bad3c948f4d605d)
Start importing Packages/com.unity.collab-proxy/Editor/Assets/Images/d_iconlock.png using Guid(f7adc828ed70a485db62c459bdf09525) Importer(2089858483,b0f066a214c2f5e87bad3c948f4d605d) (ScriptedImporter) -> (artifact id: '9392bfbfb186514a56bcb8760feeff04') in 0.0079143 seconds
Number of updated asset objects reloaded before import = 0Number of asset objects unloaded after import = 3

========================================================================
Received Import Request.
  Time since last request: 0.000051 seconds.
  path: Packages/com.unity.collab-proxy/Editor/Assets/Images/iconpendingchanges.png
  artifactKey: Guid(76a05d2ec901a8b49a064fe0b0674ba7) Importer(2089858483,b0f066a214c2f5e87bad3c948f4d605d)
Start importing Packages/com.unity.collab-proxy/Editor/Assets/Images/iconpendingchanges.png using Guid(76a05d2ec901a8b49a064fe0b0674ba7) Importer(2089858483,b0f066a214c2f5e87bad3c948f4d605d) (ScriptedImporter) -> (artifact id: '162d8b6a1d33574d332596f143488eee') in 0.0104833 seconds
Number of updated asset objects reloaded before import = 0Number of asset objects unloaded after import = 3

========================================================================
Received Import Request.
  Time since last request: 0.000025 seconds.
  path: Packages/com.unity.collab-proxy/Editor/Assets/Images/d_step2.png
  artifactKey: Guid(897c3a3f5c4038345a7143573bbb4a40) Importer(2089858483,b0f066a214c2f5e87bad3c948f4d605d)
Start importing Packages/com.unity.collab-proxy/Editor/Assets/Images/d_step2.png using Guid(897c3a3f5c4038345a7143573bbb4a40) Importer(2089858483,b0f066a214c2f5e87bad3c948f4d605d) (ScriptedImporter) -> (artifact id: '3ba42801468292adc45018b176ff0b72') in 0.0078911 seconds
Number of updated asset objects reloaded before import = 0Number of asset objects unloaded after import = 1

========================================================================
Received Import Request.
  Time since last request: 0.000034 seconds.
  path: Packages/com.unity.collab-proxy/Editor/Assets/Images/icondeletedremoteoverlay@2x.png
  artifactKey: Guid(d5c3277b1dbad9448b46c2ec87a2cef8) Importer(2089858483,b0f066a214c2f5e87bad3c948f4d605d)
Start importing Packages/com.unity.collab-proxy/Editor/Assets/Images/icondeletedremoteoverlay@2x.png using Guid(d5c3277b1dbad9448b46c2ec87a2cef8) Importer(2089858483,b0f066a214c2f5e87bad3c948f4d605d) (ScriptedImporter) -> (artifact id: '5a8d8a96fb02a80a1f8aae6118f42b37') in 0.0070191 seconds
Number of updated asset objects reloaded before import = 0Number of asset objects unloaded after import = 1

========================================================================
Received Import Request.
  Time since last request: 0.000026 seconds.
  path: Packages/com.unity.collab-proxy/Editor/Assets/Images/iconbrex@2x.png
  artifactKey: Guid(ab97695f01bc84c4b93e8440531417e7) Importer(2089858483,b0f066a214c2f5e87bad3c948f4d605d)
Start importing Packages/com.unity.collab-proxy/Editor/Assets/Images/iconbrex@2x.png using Guid(ab97695f01bc84c4b93e8440531417e7) Importer(2089858483,b0f066a214c2f5e87bad3c948f4d605d) (ScriptedImporter) -> (artifact id: 'b4b1addfe02bbe49a9af015d88fe0f60') in 0.0095866 seconds
Number of updated asset objects reloaded before import = 0Number of asset objects unloaded after import = 3

========================================================================
Received Import Request.
  Time since last request: 0.000021 seconds.
  path: Packages/com.unity.collab-proxy/Editor/Assets/Images/d_iconlockedremoteoverlay@2x.png
  artifactKey: Guid(2bb4e96f5d0b02c468932d665a015c54) Importer(2089858483,b0f066a214c2f5e87bad3c948f4d605d)
Start importing Packages/com.unity.collab-proxy/Editor/Assets/Images/d_iconlockedremoteoverlay@2x.png using Guid(2bb4e96f5d0b02c468932d665a015c54) Importer(2089858483,b0f066a214c2f5e87bad3c948f4d605d) (ScriptedImporter) -> (artifact id: '756a6c4152ef445a3ecde5f27889af42') in 0.0070447 seconds
Number of updated asset objects reloaded before import = 0Number of asset objects unloaded after import = 1

========================================================================
Received Import Request.
  Time since last request: 0.000020 seconds.
  path: Packages/com.unity.collab-proxy/Editor/Assets/Images/d_iconlockretained.png
  artifactKey: Guid(ba2e8a5b6413ebc46b4f580903cb911d) Importer(2089858483,b0f066a214c2f5e87bad3c948f4d605d)
Start importing Packages/com.unity.collab-proxy/Editor/Assets/Images/d_iconlockretained.png using Guid(ba2e8a5b6413ebc46b4f580903cb911d) Importer(2089858483,b0f066a214c2f5e87bad3c948f4d605d) (ScriptedImporter) -> (artifact id: '416df44420a603fb83acdcd1dd081228') in 0.0069751 seconds
Number of updated asset objects reloaded before import = 0Number of asset objects unloaded after import = 3

========================================================================
Received Import Request.
  Time since last request: 0.000030 seconds.
  path: Packages/com.unity.collab-proxy/Editor/Assets/Images/d_iconzoomout@2x.png
  artifactKey: Guid(320a7c2756434dc43b9ecca2585168b2) Importer(2089858483,b0f066a214c2f5e87bad3c948f4d605d)
Start importing Packages/com.unity.collab-proxy/Editor/Assets/Images/d_iconzoomout@2x.png using Guid(320a7c2756434dc43b9ecca2585168b2) Importer(2089858483,b0f066a214c2f5e87bad3c948f4d605d) (ScriptedImporter) -> (artifact id: '89b6cb2a3577986edd5bb20f6ae86a09') in 0.0080982 seconds
Number of updated asset objects reloaded before import = 0Number of asset objects unloaded after import = 3

========================================================================
Received Import Request.
  Time since last request: 0.000031 seconds.
  path: Packages/com.unity.collab-proxy/Editor/Assets/Images/d_secondarytabclosehover.png
  artifactKey: Guid(6a9d211bea1bc4a429d86cbb2d0b0a3e) Importer(2089858483,b0f066a214c2f5e87bad3c948f4d605d)
Start importing Packages/com.unity.collab-proxy/Editor/Assets/Images/d_secondarytabclosehover.png using Guid(6a9d211bea1bc4a429d86cbb2d0b0a3e) Importer(2089858483,b0f066a214c2f5e87bad3c948f4d605d) (ScriptedImporter) -> (artifact id: 'd5b9a1ec29d7b43a2bf4b46fc00b6701') in 0.0093494 seconds
Number of updated asset objects reloaded before import = 0Number of asset objects unloaded after import = 1

========================================================================
Received Import Request.
  Time since last request: 0.000021 seconds.
  path: Packages/com.unity.collab-proxy/Editor/Assets/Images/iconignoredoverlay@2x.png
  artifactKey: Guid(fcbeb36f6ab89fb498ccbbc3bc2ef51c) Importer(2089858483,b0f066a214c2f5e87bad3c948f4d605d)
Start importing Packages/com.unity.collab-proxy/Editor/Assets/Images/iconignoredoverlay@2x.png using Guid(fcbeb36f6ab89fb498ccbbc3bc2ef51c) Importer(2089858483,b0f066a214c2f5e87bad3c948f4d605d) (ScriptedImporter) -> (artifact id: '465ba430d64c2cb06535c94bccd2fe30') in 0.0086476 seconds
Number of updated asset objects reloaded before import = 0Number of asset objects unloaded after import = 3

========================================================================
Received Import Request.
  Time since last request: 0.000024 seconds.
  path: Packages/com.unity.collab-proxy/Editor/Assets/Images/d_stepok.png
  artifactKey: Guid(be423a54b981d38428de82ad12534629) Importer(2089858483,b0f066a214c2f5e87bad3c948f4d605d)
Start importing Packages/com.unity.collab-proxy/Editor/Assets/Images/d_stepok.png using Guid(be423a54b981d38428de82ad12534629) Importer(2089858483,b0f066a214c2f5e87bad3c948f4d605d) (ScriptedImporter) -> (artifact id: '0aefd4f433c18887ce6df91cce3f0be9') in 0.0068837 seconds
Number of updated asset objects reloaded before import = 0Number of asset objects unloaded after import = 1

========================================================================
Received Import Request.
  Time since last request: 0.000026 seconds.
  path: Packages/com.unity.collab-proxy/Editor/Assets/Images/d_iconplasticnotifyincoming@2x.png
  artifactKey: Guid(c5fc116b3271b5947808130b2212cd60) Importer(2089858483,b0f066a214c2f5e87bad3c948f4d605d)
Start importing Packages/com.unity.collab-proxy/Editor/Assets/Images/d_iconplasticnotifyincoming@2x.png using Guid(c5fc116b3271b5947808130b2212cd60) Importer(2089858483,b0f066a214c2f5e87bad3c948f4d605d) (ScriptedImporter) -> (artifact id: '94019fdbd087c57b99f92f2bca1b60d6') in 0.0079957 seconds
Number of updated asset objects reloaded before import = 0Number of asset objects unloaded after import = 1

========================================================================
Received Import Request.
  Time since last request: 0.000024 seconds.
  path: Packages/com.unity.collab-proxy/Editor/Assets/Images/d_inclusionrule@2x.png
  artifactKey: Guid(bcc1ec3ffeb1c46f7abd19daa3e05f49) Importer(2089858483,b0f066a214c2f5e87bad3c948f4d605d)
Start importing Packages/com.unity.collab-proxy/Editor/Assets/Images/d_inclusionrule@2x.png using Guid(bcc1ec3ffeb1c46f7abd19daa3e05f49) Importer(2089858483,b0f066a214c2f5e87bad3c948f4d605d) (ScriptedImporter) -> (artifact id: 'd8234c5d253dd9c8a33690c3cc8921dc') in 0.0075814 seconds
Number of updated asset objects reloaded before import = 0Number of asset objects unloaded after import = 3

========================================================================
Received Import Request.
  Time since last request: 0.000053 seconds.
  path: Packages/com.unity.collab-proxy/Editor/Assets/Images/iconedit.png
  artifactKey: Guid(3cbf8d5b4d364724baa11fed1344d029) Importer(2089858483,b0f066a214c2f5e87bad3c948f4d605d)
Start importing Packages/com.unity.collab-proxy/Editor/Assets/Images/iconedit.png using Guid(3cbf8d5b4d364724baa11fed1344d029) Importer(2089858483,b0f066a214c2f5e87bad3c948f4d605d) (ScriptedImporter) -> (artifact id: '10fca48322308ba64aa56ed994ee2332') in 0.0096552 seconds
Number of updated asset objects reloaded before import = 0Number of asset objects unloaded after import = 3

========================================================================
Received Import Request.
  Time since last request: 0.000026 seconds.
  path: Packages/com.unity.collab-proxy/Editor/Assets/Images/d_iconplasticview.png
  artifactKey: Guid(519d97e745e55f041b609f3666cbc037) Importer(2089858483,b0f066a214c2f5e87bad3c948f4d605d)
Start importing Packages/com.unity.collab-proxy/Editor/Assets/Images/d_iconplasticview.png using Guid(519d97e745e55f041b609f3666cbc037) Importer(2089858483,b0f066a214c2f5e87bad3c948f4d605d) (ScriptedImporter) -> (artifact id: 'ac3a02ba65a37553f648c54493aaa870') in 0.0074054 seconds
Number of updated asset objects reloaded before import = 0Number of asset objects unloaded after import = 1

========================================================================
Received Import Request.
  Time since last request: 0.000021 seconds.
  path: Packages/com.unity.collab-proxy/Editor/Assets/Images/d_iconundo.png
  artifactKey: Guid(691dc543ff5b9ca44bf846657ba04161) Importer(2089858483,b0f066a214c2f5e87bad3c948f4d605d)
Start importing Packages/com.unity.collab-proxy/Editor/Assets/Images/d_iconundo.png using Guid(691dc543ff5b9ca44bf846657ba04161) Importer(2089858483,b0f066a214c2f5e87bad3c948f4d605d) (ScriptedImporter) -> (artifact id: 'f6474f7750d931afcf223fd1aca0f4d8') in 0.0075073 seconds
Number of updated asset objects reloaded before import = 0Number of asset objects unloaded after import = 1

========================================================================
Received Import Request.
  Time since last request: 0.000019 seconds.
  path: Packages/com.unity.collab-proxy/Editor/Assets/Images/iconplasticnotifyincoming.png
  artifactKey: Guid(1e6c9635b80f973488d8335a081c905f) Importer(2089858483,b0f066a214c2f5e87bad3c948f4d605d)
Start importing Packages/com.unity.collab-proxy/Editor/Assets/Images/iconplasticnotifyincoming.png using Guid(1e6c9635b80f973488d8335a081c905f) Importer(2089858483,b0f066a214c2f5e87bad3c948f4d605d) (ScriptedImporter) -> (artifact id: 'b88fe7378a7d77091d45dd1bdbe07579') in 0.0070477 seconds
Number of updated asset objects reloaded before import = 0Number of asset objects unloaded after import = 1

========================================================================
Received Import Request.
  Time since last request: 0.000028 seconds.
  path: Packages/com.unity.collab-proxy/Editor/Assets/Images/iconbranches.png
  artifactKey: Guid(a6219d44b6fc910449f7c3fee45db5c5) Importer(2089858483,b0f066a214c2f5e87bad3c948f4d605d)
Start importing Packages/com.unity.collab-proxy/Editor/Assets/Images/iconbranches.png using Guid(a6219d44b6fc910449f7c3fee45db5c5) Importer(2089858483,b0f066a214c2f5e87bad3c948f4d605d) (ScriptedImporter) -> (artifact id: 'cb3beabeabcbefbc8dc0f0c031e3bcfc') in 0.0091629 seconds
Number of updated asset objects reloaded before import = 0Number of asset objects unloaded after import = 1

========================================================================
Received Import Request.
  Time since last request: 0.000034 seconds.
  path: Packages/com.unity.collab-proxy/Editor/Assets/Images/iconedit@2x.png
  artifactKey: Guid(0e3e607c04fbd4d4090157ea31abb634) Importer(2089858483,b0f066a214c2f5e87bad3c948f4d605d)
Start importing Packages/com.unity.collab-proxy/Editor/Assets/Images/iconedit@2x.png using Guid(0e3e607c04fbd4d4090157ea31abb634) Importer(2089858483,b0f066a214c2f5e87bad3c948f4d605d) (ScriptedImporter) -> (artifact id: '4a861958221350113be29e00ee42f902') in 0.0110297 seconds
Number of updated asset objects reloaded before import = 0Number of asset objects unloaded after import = 3

========================================================================
Received Import Request.
  Time since last request: 0.000024 seconds.
  path: Packages/com.unity.collab-proxy/Editor/Assets/Images/iconhistory.png
  artifactKey: Guid(f42a69ee6b34c4a8eb57e17686d6ab67) Importer(2089858483,b0f066a214c2f5e87bad3c948f4d605d)
Start importing Packages/com.unity.collab-proxy/Editor/Assets/Images/iconhistory.png using Guid(f42a69ee6b34c4a8eb57e17686d6ab67) Importer(2089858483,b0f066a214c2f5e87bad3c948f4d605d) (ScriptedImporter) -> (artifact id: '467de7f02e304ffb20dfe9589b0fd072') in 0.0100096 seconds
Number of updated asset objects reloaded before import = 0Number of asset objects unloaded after import = 3

========================================================================
Received Import Request.
  Time since last request: 0.000024 seconds.
  path: Packages/com.unity.collab-proxy/Editor/Assets/Images/d_iconmergeview@2x.png
  artifactKey: Guid(5bc0112babc1a49bdbd1f6e5d9c13c7b) Importer(2089858483,b0f066a214c2f5e87bad3c948f4d605d)
Start importing Packages/com.unity.collab-proxy/Editor/Assets/Images/d_iconmergeview@2x.png using Guid(5bc0112babc1a49bdbd1f6e5d9c13c7b) Importer(2089858483,b0f066a214c2f5e87bad3c948f4d605d) (ScriptedImporter) -> (artifact id: 'b5de9b101c2bd98110f21362ab448db0') in 0.0091685 seconds
Number of updated asset objects reloaded before import = 0Number of asset objects unloaded after import = 3

========================================================================
Received Import Request.
  Time since last request: 0.000023 seconds.
  path: Packages/com.unity.collab-proxy/Editor/Assets/Images/iconmovedoverlay.png
  artifactKey: Guid(d63fb8a8a3f06407e8e712a29a3499c0) Importer(2089858483,b0f066a214c2f5e87bad3c948f4d605d)
Start importing Packages/com.unity.collab-proxy/Editor/Assets/Images/iconmovedoverlay.png using Guid(d63fb8a8a3f06407e8e712a29a3499c0) Importer(2089858483,b0f066a214c2f5e87bad3c948f4d605d) (ScriptedImporter) -> (artifact id: 'ce4d6e940dfd209049bb83488c2522b9') in 0.0068526 seconds
Number of updated asset objects reloaded before import = 0Number of asset objects unloaded after import = 3

========================================================================
Received Import Request.
  Time since last request: 0.000027 seconds.
  path: Packages/com.unity.collab-proxy/Editor/Assets/Images/icondeletedlocaloverlay.png
  artifactKey: Guid(cd221d2235472c94491e607ae42942dd) Importer(2089858483,b0f066a214c2f5e87bad3c948f4d605d)
Start importing Packages/com.unity.collab-proxy/Editor/Assets/Images/icondeletedlocaloverlay.png using Guid(cd221d2235472c94491e607ae42942dd) Importer(2089858483,b0f066a214c2f5e87bad3c948f4d605d) (ScriptedImporter) -> (artifact id: '613fc271c71f58b120c5da86fa66ed50') in 0.0086611 seconds
Number of updated asset objects reloaded before import = 0Number of asset objects unloaded after import = 3

========================================================================
Received Import Request.
  Time since last request: 0.000031 seconds.
  path: Packages/com.unity.collab-proxy/Editor/Assets/Images/iconconflictedoverlay.png
  artifactKey: Guid(503a763cc33a6854c86d736c5dd2515c) Importer(2089858483,b0f066a214c2f5e87bad3c948f4d605d)
Start importing Packages/com.unity.collab-proxy/Editor/Assets/Images/iconconflictedoverlay.png using Guid(503a763cc33a6854c86d736c5dd2515c) Importer(2089858483,b0f066a214c2f5e87bad3c948f4d605d) (ScriptedImporter) -> (artifact id: 'c57fcd4d5d2f9c9dcd4c76db08d1a73e') in 0.0072321 seconds
Number of updated asset objects reloaded before import = 0Number of asset objects unloaded after import = 3

========================================================================
Received Import Request.
  Time since last request: 0.000024 seconds.
  path: Packages/com.unity.collab-proxy/Editor/Assets/Images/iconaddedoverlay@2x.png
  artifactKey: Guid(74ef721fef79c44489d4e3edb0ab0c01) Importer(2089858483,b0f066a214c2f5e87bad3c948f4d605d)
Start importing Packages/com.unity.collab-proxy/Editor/Assets/Images/iconaddedoverlay@2x.png using Guid(74ef721fef79c44489d4e3edb0ab0c01) Importer(2089858483,b0f066a214c2f5e87bad3c948f4d605d) (ScriptedImporter) -> (artifact id: 'e3a523790b449d81b3c80fd8afa2af18') in 0.0064392 seconds
Number of updated asset objects reloaded before import = 0Number of asset objects unloaded after import = 1

========================================================================
Received Import Request.
  Time since last request: 1.591687 seconds.
  path: Packages/com.unity.collab-proxy/Editor/Assets/Images/iconplasticnotifypendingchangesandincoming@2x.png
  artifactKey: Guid(9a9269fb6330f4ae1964f9eb1c203537) Importer(2089858483,b0f066a214c2f5e87bad3c948f4d605d)
Start importing Packages/com.unity.collab-proxy/Editor/Assets/Images/iconplasticnotifypendingchangesandincoming@2x.png using Guid(9a9269fb6330f4ae1964f9eb1c203537) Importer(2089858483,b0f066a214c2f5e87bad3c948f4d605d) (ScriptedImporter) -> (artifact id: 'e166598fa2d162c40d1d30fb1d123c48') in 0.0073631 seconds
Number of updated asset objects reloaded before import = 0Number of asset objects unloaded after import = 3

========================================================================
Received Import Request.
  Time since last request: 0.000021 seconds.
  path: Packages/com.unity.collab-proxy/Editor/Assets/Images/loading@2x.png
  artifactKey: Guid(5dbc069eb79bd4d43840847264d6d956) Importer(2089858483,b0f066a214c2f5e87bad3c948f4d605d)
Start importing Packages/com.unity.collab-proxy/Editor/Assets/Images/loading@2x.png using Guid(5dbc069eb79bd4d43840847264d6d956) Importer(2089858483,b0f066a214c2f5e87bad3c948f4d605d) (ScriptedImporter) -> (artifact id: 'c9c740c391947ea6650b143fda86829f') in 0.0071242 seconds
Number of updated asset objects reloaded before import = 0Number of asset objects unloaded after import = 1

========================================================================
Received Import Request.
  Time since last request: 0.000019 seconds.
  path: Packages/com.unity.collab-proxy/Editor/CodeEditor/Document/DocumentLineTree.cs
  artifactKey: Guid(7d8e4407573404e26af41eacb660eb3e) Importer(2089858483,b0f066a214c2f5e87bad3c948f4d605d)
Start importing Packages/com.unity.collab-proxy/Editor/CodeEditor/Document/DocumentLineTree.cs using Guid(7d8e4407573404e26af41eacb660eb3e) Importer(2089858483,b0f066a214c2f5e87bad3c948f4d605d) (ScriptedImporter) -> (artifact id: 'c10234f344eccf6943b43f866c01a6bf') in 0.0052966 seconds
Number of updated asset objects reloaded before import = 0Number of asset objects unloaded after import = 0

========================================================================
Received Import Request.
  Time since last request: 0.000021 seconds.
  path: Packages/com.unity.collab-proxy/Editor/Assets/Images/step1.png
  artifactKey: Guid(9ce84ff0fdeb13d4a83f077d075dd9a5) Importer(2089858483,b0f066a214c2f5e87bad3c948f4d605d)
Start importing Packages/com.unity.collab-proxy/Editor/Assets/Images/step1.png using Guid(9ce84ff0fdeb13d4a83f077d075dd9a5) Importer(2089858483,b0f066a214c2f5e87bad3c948f4d605d) (ScriptedImporter) -> (artifact id: '1d53fd4f73be99e7939cc2a137339029') in 0.0080635 seconds
Number of updated asset objects reloaded before import = 0Number of asset objects unloaded after import = 1

========================================================================
Received Import Request.
  Time since last request: 0.000027 seconds.
  path: Packages/com.unity.collab-proxy/Editor/CodeEditor/Rendering/ColorizingTransformer.cs
  artifactKey: Guid(68d7cf500a1a483a91877267c234c1bc) Importer(2089858483,b0f066a214c2f5e87bad3c948f4d605d)
Start importing Packages/com.unity.collab-proxy/Editor/CodeEditor/Rendering/ColorizingTransformer.cs using Guid(68d7cf500a1a483a91877267c234c1bc) Importer(2089858483,b0f066a214c2f5e87bad3c948f4d605d) (ScriptedImporter) -> (artifact id: '6aa6215282457b05fb7796c4e49be8a2') in 0.003773 seconds
Number of updated asset objects reloaded before import = 0Number of asset objects unloaded after import = 0

========================================================================
Received Import Request.
  Time since last request: 0.000020 seconds.
  path: Packages/com.unity.collab-proxy/Editor/Diff/Image/ImageContentControl.cs
  artifactKey: Guid(216ed3a0f59e467dabfeace5c550c123) Importer(2089858483,b0f066a214c2f5e87bad3c948f4d605d)
Start importing Packages/com.unity.collab-proxy/Editor/Diff/Image/ImageContentControl.cs using Guid(216ed3a0f59e467dabfeace5c550c123) Importer(2089858483,b0f066a214c2f5e87bad3c948f4d605d) (ScriptedImporter) -> (artifact id: '0148c8bb13d27ca8a11e859a73bb7ced') in 0.0044542 seconds
Number of updated asset objects reloaded before import = 0Number of asset objects unloaded after import = 0

========================================================================
Received Import Request.
  Time since last request: 0.000021 seconds.
  path: Packages/com.unity.collab-proxy/Editor/Assets/Images/step1@2x.png
  artifactKey: Guid(affeade9874cf2347abb155e8d0db4d8) Importer(2089858483,b0f066a214c2f5e87bad3c948f4d605d)
Start importing Packages/com.unity.collab-proxy/Editor/Assets/Images/step1@2x.png using Guid(affeade9874cf2347abb155e8d0db4d8) Importer(2089858483,b0f066a214c2f5e87bad3c948f4d605d) (ScriptedImporter) -> (artifact id: 'e018d84cfd6910bb8d9e87eaa530758d') in 0.0084206 seconds
Number of updated asset objects reloaded before import = 0Number of asset objects unloaded after import = 1

========================================================================
Received Import Request.
  Time since last request: 0.000020 seconds.
  path: Packages/com.unity.collab-proxy/Editor/CloudDrive/CreateWorkspace/CreateWorkspaceDialog.cs
  artifactKey: Guid(179af60903151564bb6b3157bce93991) Importer(2089858483,b0f066a214c2f5e87bad3c948f4d605d)
Start importing Packages/com.unity.collab-proxy/Editor/CloudDrive/CreateWorkspace/CreateWorkspaceDialog.cs using Guid(179af60903151564bb6b3157bce93991) Importer(2089858483,b0f066a214c2f5e87bad3c948f4d605d) (ScriptedImporter) -> (artifact id: '79231ba04a99ae59df8fd394c14d11fe') in 0.0041854 seconds
Number of updated asset objects reloaded before import = 0Number of asset objects unloaded after import = 0

========================================================================
Received Import Request.
  Time since last request: 0.000023 seconds.
  path: Packages/com.unity.collab-proxy/Editor/CodeEditor/Editing/SelectionLayer.cs
  artifactKey: Guid(e474d6ad70f144ef80492c464c2e8d4c) Importer(2089858483,b0f066a214c2f5e87bad3c948f4d605d)
Start importing Packages/com.unity.collab-proxy/Editor/CodeEditor/Editing/SelectionLayer.cs using Guid(e474d6ad70f144ef80492c464c2e8d4c) Importer(2089858483,b0f066a214c2f5e87bad3c948f4d605d) (ScriptedImporter) -> (artifact id: '48695a7a1a609fff487f171ae7dca1cd') in 0.0035575 seconds
Number of updated asset objects reloaded before import = 0Number of asset objects unloaded after import = 0

========================================================================
Received Import Request.
  Time since last request: 0.000029 seconds.
  path: Packages/com.unity.collab-proxy/Editor/CodeEditor/Editing/CaretLayer.cs
  artifactKey: Guid(0c13d6a1dbd74659becd6e9d0d519282) Importer(2089858483,b0f066a214c2f5e87bad3c948f4d605d)
Start importing Packages/com.unity.collab-proxy/Editor/CodeEditor/Editing/CaretLayer.cs using Guid(0c13d6a1dbd74659becd6e9d0d519282) Importer(2089858483,b0f066a214c2f5e87bad3c948f4d605d) (ScriptedImporter) -> (artifact id: '64f354cf6482a7bb7bdfb5e5ddacfd15') in 0.0042671 seconds
Number of updated asset objects reloaded before import = 0Number of asset objects unloaded after import = 0

========================================================================
Received Import Request.
  Time since last request: 0.000018 seconds.
  path: Packages/com.unity.collab-proxy/Editor/Assets/Images/step3.png
  artifactKey: Guid(69899ed144c8eea4baea48b858b37746) Importer(2089858483,b0f066a214c2f5e87bad3c948f4d605d)
Start importing Packages/com.unity.collab-proxy/Editor/Assets/Images/step3.png using Guid(69899ed144c8eea4baea48b858b37746) Importer(2089858483,b0f066a214c2f5e87bad3c948f4d605d) (ScriptedImporter) -> (artifact id: '06b68b7635a2f6b9ea44ef59e18d0d6e') in 0.0070098 seconds
Number of updated asset objects reloaded before import = 0Number of asset objects unloaded after import = 1

========================================================================
Received Import Request.
  Time since last request: 0.000025 seconds.
  path: Packages/com.unity.collab-proxy/Editor/CloudDrive/CreateWorkspace/CollaboratorsListViewItem.cs
  artifactKey: Guid(a287a16eb8f0400e86cec102678ab7a5) Importer(2089858483,b0f066a214c2f5e87bad3c948f4d605d)
Start importing Packages/com.unity.collab-proxy/Editor/CloudDrive/CreateWorkspace/CollaboratorsListViewItem.cs using Guid(a287a16eb8f0400e86cec102678ab7a5) Importer(2089858483,b0f066a214c2f5e87bad3c948f4d605d) (ScriptedImporter) -> (artifact id: '021c815a9d55e33032a6f45dcc31f8f6') in 0.004418 seconds
Number of updated asset objects reloaded before import = 0Number of asset objects unloaded after import = 0

========================================================================
Received Import Request.
  Time since last request: 0.000023 seconds.
  path: Packages/com.unity.collab-proxy/Editor/Assets/Images/secondarytabclose.png
  artifactKey: Guid(03cefa94d5aa9d74993fb2138af9d607) Importer(2089858483,b0f066a214c2f5e87bad3c948f4d605d)
Start importing Packages/com.unity.collab-proxy/Editor/Assets/Images/secondarytabclose.png using Guid(03cefa94d5aa9d74993fb2138af9d607) Importer(2089858483,b0f066a214c2f5e87bad3c948f4d605d) (ScriptedImporter) -> (artifact id: '76132b6de2fef3d600a57911c883bace') in 0.0082688 seconds
Number of updated asset objects reloaded before import = 0Number of asset objects unloaded after import = 1

========================================================================
Received Import Request.
  Time since last request: 0.000027 seconds.
  path: Packages/com.unity.collab-proxy/Editor/CodeEditor/Rendering/LinkElementGenerator.cs
  artifactKey: Guid(19c0616fcade47d78aaa68d248a445e3) Importer(2089858483,b0f066a214c2f5e87bad3c948f4d605d)
Start importing Packages/com.unity.collab-proxy/Editor/CodeEditor/Rendering/LinkElementGenerator.cs using Guid(19c0616fcade47d78aaa68d248a445e3) Importer(2089858483,b0f066a214c2f5e87bad3c948f4d605d) (ScriptedImporter) -> (artifact id: 'f235c57bf2c51561c34483d68f96179e') in 0.0041645 seconds
Number of updated asset objects reloaded before import = 0Number of asset objects unloaded after import = 0

========================================================================
Received Import Request.
  Time since last request: 0.000027 seconds.
  path: Packages/com.unity.collab-proxy/Editor/Assets/Images/iconzoomout@2x.png
  artifactKey: Guid(1e71b422b557b1247aaf914bb6e9c0c5) Importer(2089858483,b0f066a214c2f5e87bad3c948f4d605d)
Start importing Packages/com.unity.collab-proxy/Editor/Assets/Images/iconzoomout@2x.png using Guid(1e71b422b557b1247aaf914bb6e9c0c5) Importer(2089858483,b0f066a214c2f5e87bad3c948f4d605d) (ScriptedImporter) -> (artifact id: 'fb210613f481ac29f4b059ed582de935') in 0.009018 seconds
Number of updated asset objects reloaded before import = 0Number of asset objects unloaded after import = 3

========================================================================
Received Import Request.
  Time since last request: 0.000019 seconds.
  path: Packages/com.unity.collab-proxy/Editor/CodeEditor/Document/UndoOperationGroup.cs
  artifactKey: Guid(420fb70569c5a44e19076a23cf7a7cce) Importer(2089858483,b0f066a214c2f5e87bad3c948f4d605d)
Start importing Packages/com.unity.collab-proxy/Editor/CodeEditor/Document/UndoOperationGroup.cs using Guid(420fb70569c5a44e19076a23cf7a7cce) Importer(2089858483,b0f066a214c2f5e87bad3c948f4d605d) (ScriptedImporter) -> (artifact id: '909ca83dd0495ecac8cd71006bd0951b') in 0.0039403 seconds
Number of updated asset objects reloaded before import = 0Number of asset objects unloaded after import = 0

========================================================================
Received Import Request.
  Time since last request: 0.000019 seconds.
  path: Packages/com.unity.collab-proxy/Editor/CodeEditor/Editing/Caret.cs
  artifactKey: Guid(45287be3ac9444c08ec6fa91021df881) Importer(2089858483,b0f066a214c2f5e87bad3c948f4d605d)
Start importing Packages/com.unity.collab-proxy/Editor/CodeEditor/Editing/Caret.cs using Guid(45287be3ac9444c08ec6fa91021df881) Importer(2089858483,b0f066a214c2f5e87bad3c948f4d605d) (ScriptedImporter) -> (artifact id: 'fc34671e1edcb1af53e14e5a998a406a') in 0.0039053 seconds
Number of updated asset objects reloaded before import = 0Number of asset objects unloaded after import = 0

========================================================================
Received Import Request.
  Time since last request: 0.000021 seconds.
  path: Packages/com.unity.collab-proxy/Editor/CodeEditor/Document/WeakLineTracker.cs
  artifactKey: Guid(5ace82b9e549646ee8414b4ac05f7a3c) Importer(2089858483,b0f066a214c2f5e87bad3c948f4d605d)
Start importing Packages/com.unity.collab-proxy/Editor/CodeEditor/Document/WeakLineTracker.cs using Guid(5ace82b9e549646ee8414b4ac05f7a3c) Importer(2089858483,b0f066a214c2f5e87bad3c948f4d605d) (ScriptedImporter) -> (artifact id: '1d068f1cf2291b1374d71e8c5d9e9a3c') in 0.0040869 seconds
Number of updated asset objects reloaded before import = 0Number of asset objects unloaded after import = 0

========================================================================
Received Import Request.
  Time since last request: 0.000019 seconds.
  path: Packages/com.unity.collab-proxy/Editor/Assets/Styles/DownloadPlasticExeDialog.uss
  artifactKey: Guid(3073089003718474ab284d743790fbb2) Importer(2089858483,b0f066a214c2f5e87bad3c948f4d605d)
Start importing Packages/com.unity.collab-proxy/Editor/Assets/Styles/DownloadPlasticExeDialog.uss using Guid(3073089003718474ab284d743790fbb2) Importer(2089858483,b0f066a214c2f5e87bad3c948f4d605d) (ScriptedImporter) -> (artifact id: '51cfb1be176ffef7b3df7eb933495ad8') in 0.0191043 seconds
Number of updated asset objects reloaded before import = 0Number of asset objects unloaded after import = 2

========================================================================
Received Import Request.
  Time since last request: 0.000027 seconds.
  path: Packages/com.unity.collab-proxy/Editor/Diff/Text/DiffControl.cs
  artifactKey: Guid(c7b330f4dd3b4e53a44bde385af89aed) Importer(2089858483,b0f066a214c2f5e87bad3c948f4d605d)
Start importing Packages/com.unity.collab-proxy/Editor/Diff/Text/DiffControl.cs using Guid(c7b330f4dd3b4e53a44bde385af89aed) Importer(2089858483,b0f066a214c2f5e87bad3c948f4d605d) (ScriptedImporter) -> (artifact id: 'cef53fdc3eebcb4a0438fd452564623e') in 0.0032262 seconds
Number of updated asset objects reloaded before import = 0Number of asset objects unloaded after import = 0

========================================================================
Received Import Request.
  Time since last request: 0.000019 seconds.
  path: Packages/com.unity.collab-proxy/Editor/CodeEditor/Utils/ExtensionMethods.cs
  artifactKey: Guid(4d6e238ada664d43b3e1f3652c5c7119) Importer(2089858483,b0f066a214c2f5e87bad3c948f4d605d)
Start importing Packages/com.unity.collab-proxy/Editor/CodeEditor/Utils/ExtensionMethods.cs using Guid(4d6e238ada664d43b3e1f3652c5c7119) Importer(2089858483,b0f066a214c2f5e87bad3c948f4d605d) (ScriptedImporter) -> (artifact id: '6324d79c7356fcda605215ed64eacfe9') in 0.0037741 seconds
Number of updated asset objects reloaded before import = 0Number of asset objects unloaded after import = 0

========================================================================
Received Import Request.
  Time since last request: 0.000018 seconds.
  path: Packages/com.unity.collab-proxy/Editor/CodeEditor/Utils/CharRope.cs
  artifactKey: Guid(5ee3d35631cb64c49a9cbb6083e3757c) Importer(2089858483,b0f066a214c2f5e87bad3c948f4d605d)
Start importing Packages/com.unity.collab-proxy/Editor/CodeEditor/Utils/CharRope.cs using Guid(5ee3d35631cb64c49a9cbb6083e3757c) Importer(2089858483,b0f066a214c2f5e87bad3c948f4d605d) (ScriptedImporter) -> (artifact id: '6d20d39c87b92913cac3a789a60b8b9a') in 0.0032972 seconds
Number of updated asset objects reloaded before import = 0Number of asset objects unloaded after import = 0

========================================================================
Received Import Request.
  Time since last request: 0.000017 seconds.
  path: Packages/com.unity.collab-proxy/Editor/UI/Avatar/ApplyCircleMask.cs
  artifactKey: Guid(e76ce7703143a924b9c0693ee66ebee7) Importer(2089858483,b0f066a214c2f5e87bad3c948f4d605d)
Start importing Packages/com.unity.collab-proxy/Editor/UI/Avatar/ApplyCircleMask.cs using Guid(e76ce7703143a924b9c0693ee66ebee7) Importer(2089858483,b0f066a214c2f5e87bad3c948f4d605d) (ScriptedImporter) -> (artifact id: '53500933d1c6c02b2a37a24a01de371e') in 0.0031465 seconds
Number of updated asset objects reloaded before import = 0Number of asset objects unloaded after import = 0

========================================================================
Received Import Request.
  Time since last request: 0.000018 seconds.
  path: Packages/com.unity.collab-proxy/Editor/CodeEditor/Rendering/TextParagraphProperties.cs
  artifactKey: Guid(2c47049c0f9b47c1840bda2ed3283ae7) Importer(2089858483,b0f066a214c2f5e87bad3c948f4d605d)
Start importing Packages/com.unity.collab-proxy/Editor/CodeEditor/Rendering/TextParagraphProperties.cs using Guid(2c47049c0f9b47c1840bda2ed3283ae7) Importer(2089858483,b0f066a214c2f5e87bad3c948f4d605d) (ScriptedImporter) -> (artifact id: '50b877fa9a687842de08936d3c1d4b81') in 0.0033542 seconds
Number of updated asset objects reloaded before import = 0Number of asset objects unloaded after import = 0

========================================================================
Received Import Request.
  Time since last request: 0.000019 seconds.
  path: Packages/com.unity.collab-proxy/Editor/Assets/Styles/TabView.uss
  artifactKey: Guid(88da5407899aaaf448a40c85888108ae) Importer(2089858483,b0f066a214c2f5e87bad3c948f4d605d)
Start importing Packages/com.unity.collab-proxy/Editor/Assets/Styles/TabView.uss using Guid(88da5407899aaaf448a40c85888108ae) Importer(2089858483,b0f066a214c2f5e87bad3c948f4d605d) (ScriptedImporter) -> (artifact id: '145b6f96802063b03821b7d8ce8925e8') in 0.006117 seconds
Number of updated asset objects reloaded before import = 0Number of asset objects unloaded after import = 2

========================================================================
Received Import Request.
  Time since last request: 0.000027 seconds.
  path: Packages/com.unity.collab-proxy/Editor/CodeEditor/Rendering/TextView.cs
  artifactKey: Guid(98a412a8c1a2436db3a14378542ffe03) Importer(2089858483,b0f066a214c2f5e87bad3c948f4d605d)
Start importing Packages/com.unity.collab-proxy/Editor/CodeEditor/Rendering/TextView.cs using Guid(98a412a8c1a2436db3a14378542ffe03) Importer(2089858483,b0f066a214c2f5e87bad3c948f4d605d) (ScriptedImporter) -> (artifact id: '6df3da358b378e2206a659796b3e8a6d') in 0.0033974 seconds
Number of updated asset objects reloaded before import = 0Number of asset objects unloaded after import = 0

========================================================================
Received Import Request.
  Time since last request: 0.000019 seconds.
  path: Packages/com.unity.collab-proxy/Editor/CodeEditor/Indentation/IIndentationStrategy.cs
  artifactKey: Guid(8859344300b1c42c1a8d35405d42912a) Importer(2089858483,b0f066a214c2f5e87bad3c948f4d605d)
Start importing Packages/com.unity.collab-proxy/Editor/CodeEditor/Indentation/IIndentationStrategy.cs using Guid(8859344300b1c42c1a8d35405d42912a) Importer(2089858483,b0f066a214c2f5e87bad3c948f4d605d) (ScriptedImporter) -> (artifact id: '5d96287e1427eedff2d16271215efefa') in 0.0034391 seconds
Number of updated asset objects reloaded before import = 0Number of asset objects unloaded after import = 0

========================================================================
Received Import Request.
  Time since last request: 0.000017 seconds.
  path: Packages/com.unity.collab-proxy/Editor/Assets/Images/iconshelve@2x.png
  artifactKey: Guid(695fbddd7238dc94c8f102d9191c2886) Importer(2089858483,b0f066a214c2f5e87bad3c948f4d605d)
Start importing Packages/com.unity.collab-proxy/Editor/Assets/Images/iconshelve@2x.png using Guid(695fbddd7238dc94c8f102d9191c2886) Importer(2089858483,b0f066a214c2f5e87bad3c948f4d605d) (ScriptedImporter) -> (artifact id: '2c69563516e92c690e40f95bb980be7d') in 0.007501 seconds
Number of updated asset objects reloaded before import = 0Number of asset objects unloaded after import = 3

========================================================================
Received Import Request.
  Time since last request: 0.000019 seconds.
  path: Packages/com.unity.collab-proxy/Editor/CodeEditor/Editing/Selection.cs
  artifactKey: Guid(7289f88fb8294b549b7bc6d75d95d475) Importer(2089858483,b0f066a214c2f5e87bad3c948f4d605d)
Start importing Packages/com.unity.collab-proxy/Editor/CodeEditor/Editing/Selection.cs using Guid(7289f88fb8294b549b7bc6d75d95d475) Importer(2089858483,b0f066a214c2f5e87bad3c948f4d605d) (ScriptedImporter) -> (artifact id: '02bed1129e43261952db975b44bee7aa') in 0.0032317 seconds
Number of updated asset objects reloaded before import = 0Number of asset objects unloaded after import = 0

========================================================================
Received Import Request.
  Time since last request: 0.000018 seconds.
  path: Packages/com.unity.collab-proxy/Editor/CodeEditor/Rendering/IBackgroundRenderer.cs
  artifactKey: Guid(999512b3c047453981fd61b8533ac1fd) Importer(2089858483,b0f066a214c2f5e87bad3c948f4d605d)
Start importing Packages/com.unity.collab-proxy/Editor/CodeEditor/Rendering/IBackgroundRenderer.cs using Guid(999512b3c047453981fd61b8533ac1fd) Importer(2089858483,b0f066a214c2f5e87bad3c948f4d605d) (ScriptedImporter) -> (artifact id: '2f4fd2eb0f3c6e323b0f9cd9636331e5') in 0.0032769 seconds
Number of updated asset objects reloaded before import = 0Number of asset objects unloaded after import = 0

========================================================================
Received Import Request.
  Time since last request: 0.000020 seconds.
  path: Packages/com.unity.collab-proxy/Editor/CodeEditor/TextMate/TextTransformation.cs
  artifactKey: Guid(3e10ccf51dd64155bace2cf6aadd2614) Importer(2089858483,b0f066a214c2f5e87bad3c948f4d605d)
Start importing Packages/com.unity.collab-proxy/Editor/CodeEditor/TextMate/TextTransformation.cs using Guid(3e10ccf51dd64155bace2cf6aadd2614) Importer(2089858483,b0f066a214c2f5e87bad3c948f4d605d) (ScriptedImporter) -> (artifact id: '9f1e7dfab03776ad188df51d491bb17d') in 0.0046341 seconds
Number of updated asset objects reloaded before import = 0Number of asset objects unloaded after import = 0

========================================================================
Received Import Request.
  Time since last request: 0.000028 seconds.
  path: Packages/com.unity.collab-proxy/Editor/Assets/Images/iconzoomout.png
  artifactKey: Guid(0727168a534af3641a8e744834225825) Importer(2089858483,b0f066a214c2f5e87bad3c948f4d605d)
Start importing Packages/com.unity.collab-proxy/Editor/Assets/Images/iconzoomout.png using Guid(0727168a534af3641a8e744834225825) Importer(2089858483,b0f066a214c2f5e87bad3c948f4d605d) (ScriptedImporter) -> (artifact id: 'b78abedb937b6557c5b70a9554b0c64a') in 0.0070232 seconds
Number of updated asset objects reloaded before import = 0Number of asset objects unloaded after import = 3

========================================================================
Received Import Request.
  Time since last request: 0.000019 seconds.
  path: Packages/com.unity.collab-proxy/Editor/Hub/Operations/OperationParams.cs
  artifactKey: Guid(7985a2b6ab3fac849929b1e2d51fe9cf) Importer(2089858483,b0f066a214c2f5e87bad3c948f4d605d)
Start importing Packages/com.unity.collab-proxy/Editor/Hub/Operations/OperationParams.cs using Guid(7985a2b6ab3fac849929b1e2d51fe9cf) Importer(2089858483,b0f066a214c2f5e87bad3c948f4d605d) (ScriptedImporter) -> (artifact id: '1034186d5151794c3caac31cab842f47') in 0.0031873 seconds
Number of updated asset objects reloaded before import = 0Number of asset objects unloaded after import = 0

========================================================================
Received Import Request.
  Time since last request: 0.000020 seconds.
  path: Packages/com.unity.collab-proxy/Editor/CodeEditor/Utils/RopeNode.cs
  artifactKey: Guid(0641486b650184309b79f60e69b8a796) Importer(2089858483,b0f066a214c2f5e87bad3c948f4d605d)
Start importing Packages/com.unity.collab-proxy/Editor/CodeEditor/Utils/RopeNode.cs using Guid(0641486b650184309b79f60e69b8a796) Importer(2089858483,b0f066a214c2f5e87bad3c948f4d605d) (ScriptedImporter) -> (artifact id: 'ae4b3227419b2ff637bdc749095e00c0') in 0.0033399 seconds
Number of updated asset objects reloaded before import = 0Number of asset objects unloaded after import = 0

========================================================================
Received Import Request.
  Time since last request: 0.000019 seconds.
  path: Packages/com.unity.collab-proxy/Editor/CodeEditor/Editing/AbstractMargin.cs
  artifactKey: Guid(a5b0cf5fb60d4f159d80936799b33e55) Importer(2089858483,b0f066a214c2f5e87bad3c948f4d605d)
Start importing Packages/com.unity.collab-proxy/Editor/CodeEditor/Editing/AbstractMargin.cs using Guid(a5b0cf5fb60d4f159d80936799b33e55) Importer(2089858483,b0f066a214c2f5e87bad3c948f4d605d) (ScriptedImporter) -> (artifact id: 'ad17242ad0ab3b5fdd19027e346e661f') in 0.0033328 seconds
Number of updated asset objects reloaded before import = 0Number of asset objects unloaded after import = 0

========================================================================
Received Import Request.
  Time since last request: 0.000018 seconds.
  path: Packages/com.unity.collab-proxy/Editor/CodeEditor/Document/DocumentChangedEventArgs.cs
  artifactKey: Guid(719f01626c14c440c852febfcc5ecf9d) Importer(2089858483,b0f066a214c2f5e87bad3c948f4d605d)
Start importing Packages/com.unity.collab-proxy/Editor/CodeEditor/Document/DocumentChangedEventArgs.cs using Guid(719f01626c14c440c852febfcc5ecf9d) Importer(2089858483,b0f066a214c2f5e87bad3c948f4d605d) (ScriptedImporter) -> (artifact id: '8cc52dde9e5e43062ac37e3baccb8edc') in 0.0031467 seconds
Number of updated asset objects reloaded before import = 0Number of asset objects unloaded after import = 0

========================================================================
Received Import Request.
  Time since last request: 0.000021 seconds.
  path: Packages/com.unity.collab-proxy/Editor/CodeEditor/Utils/ObserveAddRemoveCollection.cs
  artifactKey: Guid(c14f63df55204483b94566ff24521e70) Importer(2089858483,b0f066a214c2f5e87bad3c948f4d605d)
Start importing Packages/com.unity.collab-proxy/Editor/CodeEditor/Utils/ObserveAddRemoveCollection.cs using Guid(c14f63df55204483b94566ff24521e70) Importer(2089858483,b0f066a214c2f5e87bad3c948f4d605d) (ScriptedImporter) -> (artifact id: 'f0bec3a632fdfcd2b93768b4d3c77f8e') in 0.0035136 seconds
Number of updated asset objects reloaded before import = 0Number of asset objects unloaded after import = 0

========================================================================
Received Import Request.
  Time since last request: 1.293970 seconds.
  path: Packages/com.unity.collab-proxy/Editor/UI/Progress/DrawProgressForDialogs.cs
  artifactKey: Guid(5c32dc56ff6d08947a329b5c4789c728) Importer(2089858483,b0f066a214c2f5e87bad3c948f4d605d)
Start importing Packages/com.unity.collab-proxy/Editor/UI/Progress/DrawProgressForDialogs.cs using Guid(5c32dc56ff6d08947a329b5c4789c728) Importer(2089858483,b0f066a214c2f5e87bad3c948f4d605d) (ScriptedImporter) -> (artifact id: 'ec28baddc867b2f748d10485428441a2') in 0.0055734 seconds
Number of updated asset objects reloaded before import = 0Number of asset objects unloaded after import = 0

========================================================================
Received Import Request.
  Time since last request: 0.000017 seconds.
  path: Packages/com.unity.collab-proxy/Editor/Views/Diff/DiffTreeView.cs
  artifactKey: Guid(ba4e6e12f66973142a87299287cb34dc) Importer(2089858483,b0f066a214c2f5e87bad3c948f4d605d)
Start importing Packages/com.unity.collab-proxy/Editor/Views/Diff/DiffTreeView.cs using Guid(ba4e6e12f66973142a87299287cb34dc) Importer(2089858483,b0f066a214c2f5e87bad3c948f4d605d) (ScriptedImporter) -> (artifact id: '4e129835d4d650a1a6f5710d9a162dcc') in 0.0055518 seconds
Number of updated asset objects reloaded before import = 0Number of asset objects unloaded after import = 0

========================================================================
Received Import Request.
  Time since last request: 0.000018 seconds.
  path: Packages/com.unity.collab-proxy/Editor/UI/Tree/TreeHeaderColumns.cs
  artifactKey: Guid(c3c7b1998f264b443a5b5c67a189149a) Importer(2089858483,b0f066a214c2f5e87bad3c948f4d605d)
Start importing Packages/com.unity.collab-proxy/Editor/UI/Tree/TreeHeaderColumns.cs using Guid(c3c7b1998f264b443a5b5c67a189149a) Importer(2089858483,b0f066a214c2f5e87bad3c948f4d605d) (ScriptedImporter) -> (artifact id: 'eb806847f582dd65d10aaef449662cf2') in 0.0045156 seconds
Number of updated asset objects reloaded before import = 0Number of asset objects unloaded after import = 0

========================================================================
Received Import Request.
  Time since last request: 0.000021 seconds.
  path: Packages/com.unity.collab-proxy/Editor/UI/Tree/TreeHeaderSettings.cs
  artifactKey: Guid(38b05cc5af29cf844a31910eb512e92f) Importer(2089858483,b0f066a214c2f5e87bad3c948f4d605d)
Start importing Packages/com.unity.collab-proxy/Editor/UI/Tree/TreeHeaderSettings.cs using Guid(38b05cc5af29cf844a31910eb512e92f) Importer(2089858483,b0f066a214c2f5e87bad3c948f4d605d) (ScriptedImporter) -> (artifact id: 'f3aef433ade5adbb3f31967e7f7d8079') in 0.0033201 seconds
Number of updated asset objects reloaded before import = 0Number of asset objects unloaded after import = 0

========================================================================
Received Import Request.
  Time since last request: 0.000028 seconds.
  path: Packages/com.unity.collab-proxy/Editor/Views/Welcome/WelcomeView.cs
  artifactKey: Guid(a9298a2c04dfc944bbc6ea156f4e2104) Importer(2089858483,b0f066a214c2f5e87bad3c948f4d605d)
Start importing Packages/com.unity.collab-proxy/Editor/Views/Welcome/WelcomeView.cs using Guid(a9298a2c04dfc944bbc6ea156f4e2104) Importer(2089858483,b0f066a214c2f5e87bad3c948f4d605d) (ScriptedImporter) -> (artifact id: 'c55b4a40bcd78148cd6b90fc25c8c20d') in 0.0047107 seconds
Number of updated asset objects reloaded before import = 0Number of asset objects unloaded after import = 0

========================================================================
Received Import Request.
  Time since last request: 0.000018 seconds.
  path: Packages/com.unity.collab-proxy/Editor/Views/Diff/DiffSelection.cs
  artifactKey: Guid(4ef5fb54cd29b40468eaf5a14e9845ed) Importer(2089858483,b0f066a214c2f5e87bad3c948f4d605d)
Start importing Packages/com.unity.collab-proxy/Editor/Views/Diff/DiffSelection.cs using Guid(4ef5fb54cd29b40468eaf5a14e9845ed) Importer(2089858483,b0f066a214c2f5e87bad3c948f4d605d) (ScriptedImporter) -> (artifact id: '6088d34c09fdebffc8fbfb26552de091') in 0.0042114 seconds
Number of updated asset objects reloaded before import = 0Number of asset objects unloaded after import = 0

========================================================================
Received Import Request.
  Time since last request: 0.000018 seconds.
  path: Packages/com.unity.collab-proxy/Editor/Views/Branch/BranchesListView.cs
  artifactKey: Guid(1b909cb14b9a08c45b5d03f0b61feecb) Importer(2089858483,b0f066a214c2f5e87bad3c948f4d605d)
Start importing Packages/com.unity.collab-proxy/Editor/Views/Branch/BranchesListView.cs using Guid(1b909cb14b9a08c45b5d03f0b61feecb) Importer(2089858483,b0f066a214c2f5e87bad3c948f4d605d) (ScriptedImporter) -> (artifact id: 'd8d55d56c7af2ac59906e9702ecfe5df') in 0.0038868 seconds
Number of updated asset objects reloaded before import = 0Number of asset objects unloaded after import = 0

========================================================================
Received Import Request.
  Time since last request: 0.000019 seconds.
  path: Packages/com.unity.collab-proxy/Editor/Views/Changesets/ChangesetsTab.cs
  artifactKey: Guid(471badd5c87fb154885f11cdf1b49a00) Importer(2089858483,b0f066a214c2f5e87bad3c948f4d605d)
Start importing Packages/com.unity.collab-proxy/Editor/Views/Changesets/ChangesetsTab.cs using Guid(471badd5c87fb154885f11cdf1b49a00) Importer(2089858483,b0f066a214c2f5e87bad3c948f4d605d) (ScriptedImporter) -> (artifact id: 'daf78971f1d49afb377f18b40a4055b8') in 0.0036844 seconds
Number of updated asset objects reloaded before import = 0Number of asset objects unloaded after import = 0

========================================================================
Received Import Request.
  Time since last request: 0.000018 seconds.
  path: Packages/com.unity.collab-proxy/Editor/Views/Labels/LabelsTab.cs
  artifactKey: Guid(4b03b609705fa2945b8de9fb63a8ca68) Importer(2089858483,b0f066a214c2f5e87bad3c948f4d605d)
Start importing Packages/com.unity.collab-proxy/Editor/Views/Labels/LabelsTab.cs using Guid(4b03b609705fa2945b8de9fb63a8ca68) Importer(2089858483,b0f066a214c2f5e87bad3c948f4d605d) (ScriptedImporter) -> (artifact id: '354bac4934cd419f554e5fef671645ab') in 0.0035673 seconds
Number of updated asset objects reloaded before import = 0Number of asset objects unloaded after import = 0

========================================================================
Received Import Request.
  Time since last request: 0.000020 seconds.
  path: Packages/com.unity.collab-proxy/Lib/Editor/Localization/i3.zh-Hans.txt
  artifactKey: Guid(bc611bb38967943769e99fcb5c0aabcc) Importer(2089858483,b0f066a214c2f5e87bad3c948f4d605d)
Start importing Packages/com.unity.collab-proxy/Lib/Editor/Localization/i3.zh-Hans.txt using Guid(bc611bb38967943769e99fcb5c0aabcc) Importer(2089858483,b0f066a214c2f5e87bad3c948f4d605d) (ScriptedImporter) -> (artifact id: 'edc2ee57ec25fe5d3c1346cabc45e37f') in 0.0044318 seconds
Number of updated asset objects reloaded before import = 0Number of asset objects unloaded after import = 1

========================================================================
Received Import Request.
  Time since last request: 0.000029 seconds.
  path: Packages/com.unity.collab-proxy/Editor/Views/History/HistorySelection.cs
  artifactKey: Guid(9553f392d0be2a24daf3cad457d2c612) Importer(2089858483,b0f066a214c2f5e87bad3c948f4d605d)
Start importing Packages/com.unity.collab-proxy/Editor/Views/History/HistorySelection.cs using Guid(9553f392d0be2a24daf3cad457d2c612) Importer(2089858483,b0f066a214c2f5e87bad3c948f4d605d) (ScriptedImporter) -> (artifact id: '59e318f494ec61f04256ce6e7833d5c3') in 0.0035385 seconds
Number of updated asset objects reloaded before import = 0Number of asset objects unloaded after import = 0

========================================================================
Received Import Request.
  Time since last request: 0.000018 seconds.
  path: Packages/com.unity.collab-proxy/Editor/UI/Tree/EmptyStatePanel.cs
  artifactKey: Guid(3787875fc84246d0a47d8c123d4ea5fc) Importer(2089858483,b0f066a214c2f5e87bad3c948f4d605d)
Start importing Packages/com.unity.collab-proxy/Editor/UI/Tree/EmptyStatePanel.cs using Guid(3787875fc84246d0a47d8c123d4ea5fc) Importer(2089858483,b0f066a214c2f5e87bad3c948f4d605d) (ScriptedImporter) -> (artifact id: '819308f7a14a4eee6dc33beded7ec62f') in 0.0039315 seconds
Number of updated asset objects reloaded before import = 0Number of asset objects unloaded after import = 0

========================================================================
Received Import Request.
  Time since last request: 0.000020 seconds.
  path: Packages/com.unity.collab-proxy/Editor/Views/Changesets/ChangesetsViewMenu.cs
  artifactKey: Guid(397f62458d0ad3441aaaa1a738bd4f94) Importer(2089858483,b0f066a214c2f5e87bad3c948f4d605d)
Start importing Packages/com.unity.collab-proxy/Editor/Views/Changesets/ChangesetsViewMenu.cs using Guid(397f62458d0ad3441aaaa1a738bd4f94) Importer(2089858483,b0f066a214c2f5e87bad3c948f4d605d) (ScriptedImporter) -> (artifact id: '4370cd46991035dfc5db7ee8f8ddfa93') in 0.0040029 seconds
Number of updated asset objects reloaded before import = 0Number of asset objects unloaded after import = 0

========================================================================
Received Import Request.
  Time since last request: 0.000018 seconds.
  path: Packages/com.unity.collab-proxy/Editor/Views/PendingChanges/CommentTextArea.cs
  artifactKey: Guid(9440337dae7b4ecebafa6249b257c940) Importer(2089858483,b0f066a214c2f5e87bad3c948f4d605d)
Start importing Packages/com.unity.collab-proxy/Editor/Views/PendingChanges/CommentTextArea.cs using Guid(9440337dae7b4ecebafa6249b257c940) Importer(2089858483,b0f066a214c2f5e87bad3c948f4d605d) (ScriptedImporter) -> (artifact id: 'a14345d320834c75fd21bc0e510186d3') in 0.0041351 seconds
Number of updated asset objects reloaded before import = 0Number of asset objects unloaded after import = 0

========================================================================
Received Import Request.
  Time since last request: 0.000017 seconds.
  path: Packages/com.unity.collab-proxy/Editor/Views/Shelves/ShelveListViewItem.cs
  artifactKey: Guid(bcc8e3fcf0e9fb0478604e86fa679bcd) Importer(2089858483,b0f066a214c2f5e87bad3c948f4d605d)
Start importing Packages/com.unity.collab-proxy/Editor/Views/Shelves/ShelveListViewItem.cs using Guid(bcc8e3fcf0e9fb0478604e86fa679bcd) Importer(2089858483,b0f066a214c2f5e87bad3c948f4d605d) (ScriptedImporter) -> (artifact id: 'd4763a3002eab44b1bdb6e2b7b96a3b9') in 0.0037544 seconds
Number of updated asset objects reloaded before import = 0Number of asset objects unloaded after import = 0

========================================================================
Received Import Request.
  Time since last request: 0.000020 seconds.
  path: Packages/com.unity.collab-proxy/Lib/Editor/Localization/basecommands.zh-Hant.txt
  artifactKey: Guid(a5e3865464ad84fca9a66428aea44d33) Importer(2089858483,b0f066a214c2f5e87bad3c948f4d605d)
Start importing Packages/com.unity.collab-proxy/Lib/Editor/Localization/basecommands.zh-Hant.txt using Guid(a5e3865464ad84fca9a66428aea44d33) Importer(2089858483,b0f066a214c2f5e87bad3c948f4d605d) (ScriptedImporter) -> (artifact id: 'bec6d20b7412d50e62e2719b35317989') in 0.0034853 seconds
Number of updated asset objects reloaded before import = 0Number of asset objects unloaded after import = 1

========================================================================
Received Import Request.
  Time since last request: 0.000025 seconds.
  path: Packages/com.unity.collab-proxy/Editor/Views/Diff/ClientDiffTreeViewItem.cs
  artifactKey: Guid(3fdd86a000d1ef04094416eefed53087) Importer(2089858483,b0f066a214c2f5e87bad3c948f4d605d)
Start importing Packages/com.unity.collab-proxy/Editor/Views/Diff/ClientDiffTreeViewItem.cs using Guid(3fdd86a000d1ef04094416eefed53087) Importer(2089858483,b0f066a214c2f5e87bad3c948f4d605d) (ScriptedImporter) -> (artifact id: 'dad812c87c0e30fbeae299dce0dbc4f6') in 0.0031635 seconds
Number of updated asset objects reloaded before import = 0Number of asset objects unloaded after import = 0

========================================================================
Received Import Request.
  Time since last request: 0.000017 seconds.
  path: Packages/com.unity.collab-proxy/Editor/Views/BranchExplorer/BrExSearchField.cs
  artifactKey: Guid(08501ac9dc864ac3998d286a2a36aaf2) Importer(2089858483,b0f066a214c2f5e87bad3c948f4d605d)
Start importing Packages/com.unity.collab-proxy/Editor/Views/BranchExplorer/BrExSearchField.cs using Guid(08501ac9dc864ac3998d286a2a36aaf2) Importer(2089858483,b0f066a214c2f5e87bad3c948f4d605d) (ScriptedImporter) -> (artifact id: '5361eb119ff4e5146bf3c5300c0a4981') in 0.003268 seconds
Number of updated asset objects reloaded before import = 0Number of asset objects unloaded after import = 0

========================================================================
Received Import Request.
  Time since last request: 0.000019 seconds.
  path: Packages/com.unity.collab-proxy/Editor/Views/Labels/LabelListViewItem.cs
  artifactKey: Guid(858cd1de29a71bd4c913db15f8ae3a0f) Importer(2089858483,b0f066a214c2f5e87bad3c948f4d605d)
Start importing Packages/com.unity.collab-proxy/Editor/Views/Labels/LabelListViewItem.cs using Guid(858cd1de29a71bd4c913db15f8ae3a0f) Importer(2089858483,b0f066a214c2f5e87bad3c948f4d605d) (ScriptedImporter) -> (artifact id: 'b0fe7daf7e4695227e3a4837e5c0ed0c') in 0.0033156 seconds
Number of updated asset objects reloaded before import = 0Number of asset objects unloaded after import = 0

========================================================================
Received Import Request.
  Time since last request: 0.000018 seconds.
  path: Packages/com.unity.collab-proxy/Lib/Editor/Localization/clientcommon.es.txt
  artifactKey: Guid(47d096025e0d84e8dbc9dd46f5f14838) Importer(2089858483,b0f066a214c2f5e87bad3c948f4d605d)
Start importing Packages/com.unity.collab-proxy/Lib/Editor/Localization/clientcommon.es.txt using Guid(47d096025e0d84e8dbc9dd46f5f14838) Importer(2089858483,b0f066a214c2f5e87bad3c948f4d605d) (ScriptedImporter) -> (artifact id: '4e2dd1069ec57b7f3f0ae5bd3f220864') in 0.0033687 seconds
Number of updated asset objects reloaded before import = 0Number of asset objects unloaded after import = 1

========================================================================
Received Import Request.
  Time since last request: 0.000019 seconds.
  path: Packages/com.unity.collab-proxy/Lib/Editor/Localization/cm-help.en.txt
  artifactKey: Guid(63b4d85ff9a8149b0b6e6ac494e06c70) Importer(2089858483,b0f066a214c2f5e87bad3c948f4d605d)
Start importing Packages/com.unity.collab-proxy/Lib/Editor/Localization/cm-help.en.txt using Guid(63b4d85ff9a8149b0b6e6ac494e06c70) Importer(2089858483,b0f066a214c2f5e87bad3c948f4d605d) (ScriptedImporter) -> (artifact id: '5fccf9be89e345455b2497f0da313beb') in 0.0037668 seconds
Number of updated asset objects reloaded before import = 0Number of asset objects unloaded after import = 1

========================================================================
Received Import Request.
  Time since last request: 0.000020 seconds.
  path: Packages/com.unity.collab-proxy/Editor/Views/Shelves/ShelvesTab.cs
  artifactKey: Guid(9a496dda1132f2942b00c4f1c427454d) Importer(2089858483,b0f066a214c2f5e87bad3c948f4d605d)
Start importing Packages/com.unity.collab-proxy/Editor/Views/Shelves/ShelvesTab.cs using Guid(9a496dda1132f2942b00c4f1c427454d) Importer(2089858483,b0f066a214c2f5e87bad3c948f4d605d) (ScriptedImporter) -> (artifact id: '550e35e103271ffad88823f65d3645f2') in 0.0032491 seconds
Number of updated asset objects reloaded before import = 0Number of asset objects unloaded after import = 0

========================================================================
Received Import Request.
  Time since last request: 0.000033 seconds.
  path: Packages/com.unity.collab-proxy/Lib/Editor/Localization/configurehelper.ja.txt
  artifactKey: Guid(473dfafa5c0044ee7b7932da67381c23) Importer(2089858483,b0f066a214c2f5e87bad3c948f4d605d)
Start importing Packages/com.unity.collab-proxy/Lib/Editor/Localization/configurehelper.ja.txt using Guid(473dfafa5c0044ee7b7932da67381c23) Importer(2089858483,b0f066a214c2f5e87bad3c948f4d605d) (ScriptedImporter) -> (artifact id: '2d0140d846edee866ecfac35a6fda963') in 0.003358 seconds
Number of updated asset objects reloaded before import = 0Number of asset objects unloaded after import = 1

========================================================================
Received Import Request.
  Time since last request: 0.000018 seconds.
  path: Packages/com.unity.collab-proxy/Editor/Views/Diff/UnityDiffTree.cs
  artifactKey: Guid(e89b1e9e9f1060b4f817977507831248) Importer(2089858483,b0f066a214c2f5e87bad3c948f4d605d)
Start importing Packages/com.unity.collab-proxy/Editor/Views/Diff/UnityDiffTree.cs using Guid(e89b1e9e9f1060b4f817977507831248) Importer(2089858483,b0f066a214c2f5e87bad3c948f4d605d) (ScriptedImporter) -> (artifact id: '9bba739f8075044b33b682cd22abb596') in 0.0045356 seconds
Number of updated asset objects reloaded before import = 0Number of asset objects unloaded after import = 0

========================================================================
Received Import Request.
  Time since last request: 0.000024 seconds.
  path: Packages/com.unity.collab-proxy/Editor/Views/PendingChanges/PendingChangesTreeHeaderState.cs
  artifactKey: Guid(e57affb3c41ab402e86f99747be972a2) Importer(2089858483,b0f066a214c2f5e87bad3c948f4d605d)
Start importing Packages/com.unity.collab-proxy/Editor/Views/PendingChanges/PendingChangesTreeHeaderState.cs using Guid(e57affb3c41ab402e86f99747be972a2) Importer(2089858483,b0f066a214c2f5e87bad3c948f4d605d) (ScriptedImporter) -> (artifact id: '12a1f56884de46ffdd90ca2a8a01fc1e') in 0.0040901 seconds
Number of updated asset objects reloaded before import = 0Number of asset objects unloaded after import = 0

========================================================================
Received Import Request.
  Time since last request: 0.000022 seconds.
  path: Packages/com.unity.collab-proxy/Editor/Views/PendingChanges/PendingChangesViewPendingChangeMenu.cs
  artifactKey: Guid(0092dcc3ac595ea43981eedc23012f72) Importer(2089858483,b0f066a214c2f5e87bad3c948f4d605d)
Start importing Packages/com.unity.collab-proxy/Editor/Views/PendingChanges/PendingChangesViewPendingChangeMenu.cs using Guid(0092dcc3ac595ea43981eedc23012f72) Importer(2089858483,b0f066a214c2f5e87bad3c948f4d605d) (ScriptedImporter) -> (artifact id: '6cb5fe8aef44da7261183c69bc96cd52') in 0.0046653 seconds
Number of updated asset objects reloaded before import = 0Number of asset objects unloaded after import = 0

========================================================================
Received Import Request.
  Time since last request: 0.000018 seconds.
  path: Packages/com.unity.collab-proxy/Lib/Editor/Localization/cm.zh-Hant.txt
  artifactKey: Guid(e7c47e3ca2fec43e79a45ce9a87921b6) Importer(2089858483,b0f066a214c2f5e87bad3c948f4d605d)
Start importing Packages/com.unity.collab-proxy/Lib/Editor/Localization/cm.zh-Hant.txt using Guid(e7c47e3ca2fec43e79a45ce9a87921b6) Importer(2089858483,b0f066a214c2f5e87bad3c948f4d605d) (ScriptedImporter) -> (artifact id: '9bf08f3862ae99d29a22635c600cd955') in 0.0041151 seconds
Number of updated asset objects reloaded before import = 0Number of asset objects unloaded after import = 1

========================================================================
Received Import Request.
  Time since last request: 0.000020 seconds.
  path: Packages/com.unity.collab-proxy/Lib/Editor/Localization/guihelp.zh-Hant.txt
  artifactKey: Guid(9879fbd25a5d642c89459f0d61359e34) Importer(2089858483,b0f066a214c2f5e87bad3c948f4d605d)
Start importing Packages/com.unity.collab-proxy/Lib/Editor/Localization/guihelp.zh-Hant.txt using Guid(9879fbd25a5d642c89459f0d61359e34) Importer(2089858483,b0f066a214c2f5e87bad3c948f4d605d) (ScriptedImporter) -> (artifact id: '357672c1d9cc65298901d2935c4806fd') in 0.004494 seconds
Number of updated asset objects reloaded before import = 0Number of asset objects unloaded after import = 1

========================================================================
Received Import Request.
  Time since last request: 0.000026 seconds.
  path: Packages/com.unity.collab-proxy/Editor/UI/Tree/ListViewItemIds.cs
  artifactKey: Guid(8497dad3a6163fe40a30ca297edd7b2d) Importer(2089858483,b0f066a214c2f5e87bad3c948f4d605d)
Start importing Packages/com.unity.collab-proxy/Editor/UI/Tree/ListViewItemIds.cs using Guid(8497dad3a6163fe40a30ca297edd7b2d) Importer(2089858483,b0f066a214c2f5e87bad3c948f4d605d) (ScriptedImporter) -> (artifact id: '58e75d13c7c1edff4dbc576d5f8f68f6') in 0.0034743 seconds
Number of updated asset objects reloaded before import = 0Number of asset objects unloaded after import = 0

========================================================================
Received Import Request.
  Time since last request: 0.000019 seconds.
  path: Packages/com.unity.collab-proxy/Editor/Views/BrowseRepository/BrowseRepositoryTreeView.cs
  artifactKey: Guid(c296f9dc5d327e24398979cca08c62c9) Importer(2089858483,b0f066a214c2f5e87bad3c948f4d605d)
Start importing Packages/com.unity.collab-proxy/Editor/Views/BrowseRepository/BrowseRepositoryTreeView.cs using Guid(c296f9dc5d327e24398979cca08c62c9) Importer(2089858483,b0f066a214c2f5e87bad3c948f4d605d) (ScriptedImporter) -> (artifact id: 'ce8483e548481a113b5b9cb512b7c617') in 0.0040861 seconds
Number of updated asset objects reloaded before import = 0Number of asset objects unloaded after import = 0

========================================================================
Received Import Request.
  Time since last request: 0.000026 seconds.
  path: Packages/com.unity.collab-proxy/Editor/Views/PendingChanges/PendingChangesMultiColumnHeader.cs
  artifactKey: Guid(e7b15873dbe9463cad67af4fac8e41ba) Importer(2089858483,b0f066a214c2f5e87bad3c948f4d605d)
Start importing Packages/com.unity.collab-proxy/Editor/Views/PendingChanges/PendingChangesMultiColumnHeader.cs using Guid(e7b15873dbe9463cad67af4fac8e41ba) Importer(2089858483,b0f066a214c2f5e87bad3c948f4d605d) (ScriptedImporter) -> (artifact id: 'd757d5335524fc65a694f9965c5c739c') in 0.0046982 seconds
Number of updated asset objects reloaded before import = 0Number of asset objects unloaded after import = 0

========================================================================
Received Import Request.
  Time since last request: 0.000020 seconds.
  path: Packages/com.unity.collab-proxy/Lib/Editor/Localization/clientcommon.ja.txt
  artifactKey: Guid(f04ab50f8452f4367be9271932ec2cd4) Importer(2089858483,b0f066a214c2f5e87bad3c948f4d605d)
Start importing Packages/com.unity.collab-proxy/Lib/Editor/Localization/clientcommon.ja.txt using Guid(f04ab50f8452f4367be9271932ec2cd4) Importer(2089858483,b0f066a214c2f5e87bad3c948f4d605d) (ScriptedImporter) -> (artifact id: '922991ae2fd82bd3b837c5c8636e62dd') in 0.0035115 seconds
Number of updated asset objects reloaded before import = 0Number of asset objects unloaded after import = 1

========================================================================
Received Import Request.
  Time since last request: 0.000019 seconds.
  path: Packages/com.unity.collab-proxy/Editor/UI/Progress/ProgressControlsForDialogs.cs
  artifactKey: Guid(aa3f399d17e1dcf4c9e417ffce5eb905) Importer(2089858483,b0f066a214c2f5e87bad3c948f4d605d)
Start importing Packages/com.unity.collab-proxy/Editor/UI/Progress/ProgressControlsForDialogs.cs using Guid(aa3f399d17e1dcf4c9e417ffce5eb905) Importer(2089858483,b0f066a214c2f5e87bad3c948f4d605d) (ScriptedImporter) -> (artifact id: 'c61f6a5de42e8c63d92c5518066a5123') in 0.0034772 seconds
Number of updated asset objects reloaded before import = 0Number of asset objects unloaded after import = 0

========================================================================
Received Import Request.
  Time since last request: 0.000026 seconds.
  path: Packages/com.unity.collab-proxy/Editor/Views/Labels/LabelsSelection.cs
  artifactKey: Guid(13f8d9266e8b7224abeb0a7af444fd13) Importer(2089858483,b0f066a214c2f5e87bad3c948f4d605d)
Start importing Packages/com.unity.collab-proxy/Editor/Views/Labels/LabelsSelection.cs using Guid(13f8d9266e8b7224abeb0a7af444fd13) Importer(2089858483,b0f066a214c2f5e87bad3c948f4d605d) (ScriptedImporter) -> (artifact id: '44398bec1d51e95d8d905dedb2feefd7') in 0.0039265 seconds
Number of updated asset objects reloaded before import = 0Number of asset objects unloaded after import = 0

========================================================================
Received Import Request.
  Time since last request: 0.000018 seconds.
  path: Packages/com.unity.collab-proxy/Editor/Views/PendingChanges/FilesFilterPatternsMenuBuilder.cs
  artifactKey: Guid(05d31e83a4093e448b45616d62a12790) Importer(2089858483,b0f066a214c2f5e87bad3c948f4d605d)
Start importing Packages/com.unity.collab-proxy/Editor/Views/PendingChanges/FilesFilterPatternsMenuBuilder.cs using Guid(05d31e83a4093e448b45616d62a12790) Importer(2089858483,b0f066a214c2f5e87bad3c948f4d605d) (ScriptedImporter) -> (artifact id: 'c3f5d41ca6defac63dbac1e37e8801b3') in 0.0034063 seconds
Number of updated asset objects reloaded before import = 0Number of asset objects unloaded after import = 0

========================================================================
Received Import Request.
  Time since last request: 0.000017 seconds.
  path: Packages/com.unity.collab-proxy/Lib/Editor/Localization/cm-help.es.txt
  artifactKey: Guid(6f0a4e9d0304d472fa78a70d4eeb19f5) Importer(2089858483,b0f066a214c2f5e87bad3c948f4d605d)
Start importing Packages/com.unity.collab-proxy/Lib/Editor/Localization/cm-help.es.txt using Guid(6f0a4e9d0304d472fa78a70d4eeb19f5) Importer(2089858483,b0f066a214c2f5e87bad3c948f4d605d) (ScriptedImporter) -> (artifact id: '93127c96d05736f3b330e3adc328e0e5') in 0.0035449 seconds
Number of updated asset objects reloaded before import = 0Number of asset objects unloaded after import = 1

========================================================================
Received Import Request.
  Time since last request: 0.000017 seconds.
  path: Packages/com.unity.collab-proxy/Editor/Views/CreateWorkspace/PerformInitialCheckin.cs
  artifactKey: Guid(29e0becc4ce852c439ff3e642f0375bd) Importer(2089858483,b0f066a214c2f5e87bad3c948f4d605d)
Start importing Packages/com.unity.collab-proxy/Editor/Views/CreateWorkspace/PerformInitialCheckin.cs using Guid(29e0becc4ce852c439ff3e642f0375bd) Importer(2089858483,b0f066a214c2f5e87bad3c948f4d605d) (ScriptedImporter) -> (artifact id: '4c10fc920766836ba79e986db566de90') in 0.0035751 seconds
Number of updated asset objects reloaded before import = 0Number of asset objects unloaded after import = 0

========================================================================
Received Import Request.
  Time since last request: 1.208201 seconds.
  path: Packages/com.unity.collab-proxy/Lib/Editor/Localization/plastic-gui.en.txt
  artifactKey: Guid(85cf137017b5d44d39f15af90ed96f23) Importer(2089858483,b0f066a214c2f5e87bad3c948f4d605d)
Start importing Packages/com.unity.collab-proxy/Lib/Editor/Localization/plastic-gui.en.txt using Guid(85cf137017b5d44d39f15af90ed96f23) Importer(2089858483,b0f066a214c2f5e87bad3c948f4d605d) (ScriptedImporter) -> (artifact id: '99eea1b8eebd520b6dc7910d462c00ad') in 0.0049474 seconds
Number of updated asset objects reloaded before import = 0Number of asset objects unloaded after import = 1

========================================================================
Received Import Request.
  Time since last request: 0.000019 seconds.
  path: Packages/com.unity.burst/Runtime/Intrinsics/x86/Bmi1.cs
  artifactKey: Guid(bae2d17db94135ea84f8110705ba44a0) Importer(2089858483,b0f066a214c2f5e87bad3c948f4d605d)
Start importing Packages/com.unity.burst/Runtime/Intrinsics/x86/Bmi1.cs using Guid(bae2d17db94135ea84f8110705ba44a0) Importer(2089858483,b0f066a214c2f5e87bad3c948f4d605d) (ScriptedImporter) -> (artifact id: '28502f2888439a6bc156182c8b539bb8') in 0.003742 seconds
Number of updated asset objects reloaded before import = 0Number of asset objects unloaded after import = 0

========================================================================
Received Import Request.
  Time since last request: 0.000025 seconds.
  path: Packages/com.unity.collab-proxy/Editor/Views/BranchExplorer/Drawing/Shapes/ParentLinkShape.cs
  artifactKey: Guid(c24fdb91749740eea5515d6db87aafd9) Importer(2089858483,b0f066a214c2f5e87bad3c948f4d605d)
Start importing Packages/com.unity.collab-proxy/Editor/Views/BranchExplorer/Drawing/Shapes/ParentLinkShape.cs using Guid(c24fdb91749740eea5515d6db87aafd9) Importer(2089858483,b0f066a214c2f5e87bad3c948f4d605d) (ScriptedImporter) -> (artifact id: '4a9bd9160eab826eb3ca148704226162') in 0.0039058 seconds
Number of updated asset objects reloaded before import = 0Number of asset objects unloaded after import = 0

========================================================================
Received Import Request.
  Time since last request: 0.000019 seconds.
  path: Packages/com.unity.collab-proxy/Editor/Views/Merge/Developer/DirectoryConflicts/CycleMoveMenu.cs
  artifactKey: Guid(b66027c0b25336640a989133aa6ebdc9) Importer(2089858483,b0f066a214c2f5e87bad3c948f4d605d)
Start importing Packages/com.unity.collab-proxy/Editor/Views/Merge/Developer/DirectoryConflicts/CycleMoveMenu.cs using Guid(b66027c0b25336640a989133aa6ebdc9) Importer(2089858483,b0f066a214c2f5e87bad3c948f4d605d) (ScriptedImporter) -> (artifact id: 'fede8904a9f89cc846cc29bd46a91a99') in 0.0038141 seconds
Number of updated asset objects reloaded before import = 0Number of asset objects unloaded after import = 0

========================================================================
Received Import Request.
  Time since last request: 0.000019 seconds.
  path: Packages/com.unity.burst/Runtime/Intrinsics/Arm/NEON_AArch64_crypto.cs
  artifactKey: Guid(db8f2de394d138e1967d236540227a26) Importer(2089858483,b0f066a214c2f5e87bad3c948f4d605d)
Start importing Packages/com.unity.burst/Runtime/Intrinsics/Arm/NEON_AArch64_crypto.cs using Guid(db8f2de394d138e1967d236540227a26) Importer(2089858483,b0f066a214c2f5e87bad3c948f4d605d) (ScriptedImporter) -> (artifact id: 'd288484a2ee3ce7476037cfd927dcea8') in 0.0035019 seconds
Number of updated asset objects reloaded before import = 0Number of asset objects unloaded after import = 0

========================================================================
Received Import Request.
  Time since last request: 0.000018 seconds.
  path: Packages/com.unity.collab-proxy/Editor/UVCSToolbar/PopupWindow/Operations/ToolbarOperationsShortcut.cs
  artifactKey: Guid(306e2c310ad3b7a4794346ffb0088c69) Importer(2089858483,b0f066a214c2f5e87bad3c948f4d605d)
Start importing Packages/com.unity.collab-proxy/Editor/UVCSToolbar/PopupWindow/Operations/ToolbarOperationsShortcut.cs using Guid(306e2c310ad3b7a4794346ffb0088c69) Importer(2089858483,b0f066a214c2f5e87bad3c948f4d605d) (ScriptedImporter) -> (artifact id: '83f9fe5031ac74169c1262a4f8e172c9') in 0.0034947 seconds
Number of updated asset objects reloaded before import = 0Number of asset objects unloaded after import = 0

========================================================================
Received Import Request.
  Time since last request: 0.000019 seconds.
  path: Packages/com.unity.burst/Editor/BurstLoader.cs
  artifactKey: Guid(6d3b5a05e2ea3974bda15d1a50e6df4d) Importer(2089858483,b0f066a214c2f5e87bad3c948f4d605d)
Start importing Packages/com.unity.burst/Editor/BurstLoader.cs using Guid(6d3b5a05e2ea3974bda15d1a50e6df4d) Importer(2089858483,b0f066a214c2f5e87bad3c948f4d605d) (ScriptedImporter) -> (artifact id: '0d9b6927925c7c0611cda51d242545df') in 0.003274 seconds
Number of updated asset objects reloaded before import = 0Number of asset objects unloaded after import = 0

========================================================================
Received Import Request.
  Time since last request: 0.000023 seconds.
  path: Packages/com.unity.collab-proxy/Editor/Configuration/CloudEdition/Welcome/OrganizationPanel.cs
  artifactKey: Guid(615ff93ab52eb8242a9194d4f711676f) Importer(2089858483,b0f066a214c2f5e87bad3c948f4d605d)
Start importing Packages/com.unity.collab-proxy/Editor/Configuration/CloudEdition/Welcome/OrganizationPanel.cs using Guid(615ff93ab52eb8242a9194d4f711676f) Importer(2089858483,b0f066a214c2f5e87bad3c948f4d605d) (ScriptedImporter) -> (artifact id: 'fbbb04fa03cc169db5c1682c5f034892') in 0.0044469 seconds
Number of updated asset objects reloaded before import = 0Number of asset objects unloaded after import = 0

========================================================================
Received Import Request.
  Time since last request: 0.000028 seconds.
  path: Packages/com.unity.collab-proxy/Editor/Views/BranchExplorer/Drawing/Shapes/BranchShape.cs
  artifactKey: Guid(7f5193b7e776436a9f838cd480cb7460) Importer(2089858483,b0f066a214c2f5e87bad3c948f4d605d)
Start importing Packages/com.unity.collab-proxy/Editor/Views/BranchExplorer/Drawing/Shapes/BranchShape.cs using Guid(7f5193b7e776436a9f838cd480cb7460) Importer(2089858483,b0f066a214c2f5e87bad3c948f4d605d) (ScriptedImporter) -> (artifact id: '07a0e446ef82edcaccf82949ade05429') in 0.0046231 seconds
Number of updated asset objects reloaded before import = 0Number of asset objects unloaded after import = 0

========================================================================
Received Import Request.
  Time since last request: 0.000019 seconds.
  path: Packages/com.unity.burst/Runtime/CompilerServices/Aliasing.cs
  artifactKey: Guid(57a9f349ecdd3cd6b50a30954d4f50f3) Importer(2089858483,b0f066a214c2f5e87bad3c948f4d605d)
Start importing Packages/com.unity.burst/Runtime/CompilerServices/Aliasing.cs using Guid(57a9f349ecdd3cd6b50a30954d4f50f3) Importer(2089858483,b0f066a214c2f5e87bad3c948f4d605d) (ScriptedImporter) -> (artifact id: '36772b42b7126cfa695d49308c1cf1fe') in 0.0033378 seconds
Number of updated asset objects reloaded before import = 0Number of asset objects unloaded after import = 0

========================================================================
Received Import Request.
  Time since last request: 0.000018 seconds.
  path: Packages/com.unity.burst/Runtime/NoAliasAttribute.cs
  artifactKey: Guid(2f57b979d8843d3a95743ba60e9c33e3) Importer(2089858483,b0f066a214c2f5e87bad3c948f4d605d)
Start importing Packages/com.unity.burst/Runtime/NoAliasAttribute.cs using Guid(2f57b979d8843d3a95743ba60e9c33e3) Importer(2089858483,b0f066a214c2f5e87bad3c948f4d605d) (ScriptedImporter) -> (artifact id: '0ad0f316076e151c468aa8332c22a25a') in 0.0038511 seconds
Number of updated asset objects reloaded before import = 0Number of asset objects unloaded after import = 0

========================================================================
Received Import Request.
  Time since last request: 0.000018 seconds.
  path: Packages/com.unity.collab-proxy/Editor/Configuration/CloudEdition/Welcome/WaitingSignInPanel.cs
  artifactKey: Guid(077387e98bf29fb4a97bccfb592cfaf7) Importer(2089858483,b0f066a214c2f5e87bad3c948f4d605d)
Start importing Packages/com.unity.collab-proxy/Editor/Configuration/CloudEdition/Welcome/WaitingSignInPanel.cs using Guid(077387e98bf29fb4a97bccfb592cfaf7) Importer(2089858483,b0f066a214c2f5e87bad3c948f4d605d) (ScriptedImporter) -> (artifact id: '03b54de0c0aa7157599d441bef5b97df') in 0.0034366 seconds
Number of updated asset objects reloaded before import = 0Number of asset objects unloaded after import = 0

========================================================================
Received Import Request.
  Time since last request: 0.000018 seconds.
  path: Packages/com.unity.collab-proxy/Editor/Views/CreateWorkspace/Dialogs/RepositoriesListView.cs
  artifactKey: Guid(c18598e9d808edb4583a6aa724ffc268) Importer(2089858483,b0f066a214c2f5e87bad3c948f4d605d)
Start importing Packages/com.unity.collab-proxy/Editor/Views/CreateWorkspace/Dialogs/RepositoriesListView.cs using Guid(c18598e9d808edb4583a6aa724ffc268) Importer(2089858483,b0f066a214c2f5e87bad3c948f4d605d) (ScriptedImporter) -> (artifact id: 'b9ef6da7804254ad69fcb850bb14813f') in 0.0034358 seconds
Number of updated asset objects reloaded before import = 0Number of asset objects unloaded after import = 0

========================================================================
Received Import Request.
  Time since last request: 0.000021 seconds.
  path: Packages/com.unity.collab-proxy/Editor/Views/BranchExplorer/Zoom/UIElementsAnimator.cs
  artifactKey: Guid(697a4c0e184ce4f03a34eb67fcff2784) Importer(2089858483,b0f066a214c2f5e87bad3c948f4d605d)
Start importing Packages/com.unity.collab-proxy/Editor/Views/BranchExplorer/Zoom/UIElementsAnimator.cs using Guid(697a4c0e184ce4f03a34eb67fcff2784) Importer(2089858483,b0f066a214c2f5e87bad3c948f4d605d) (ScriptedImporter) -> (artifact id: 'f9c09e5d8bf2ba9e15540d6c321c8311') in 0.0041016 seconds
Number of updated asset objects reloaded before import = 0Number of asset objects unloaded after import = 0

========================================================================
Received Import Request.
  Time since last request: 0.000027 seconds.
  path: Packages/com.unity.collab-proxy/Editor/Views/Merge/Gluon/IncomingChangesViewMenu.cs
  artifactKey: Guid(349d4bc84d3b4fa48a1970539c06144c) Importer(2089858483,b0f066a214c2f5e87bad3c948f4d605d)
Start importing Packages/com.unity.collab-proxy/Editor/Views/Merge/Gluon/IncomingChangesViewMenu.cs using Guid(349d4bc84d3b4fa48a1970539c06144c) Importer(2089858483,b0f066a214c2f5e87bad3c948f4d605d) (ScriptedImporter) -> (artifact id: 'e018875aa661d65d02043fa6bf19369c') in 0.0036967 seconds
Number of updated asset objects reloaded before import = 0Number of asset objects unloaded after import = 0

========================================================================
Received Import Request.
  Time since last request: 0.000016 seconds.
  path: Packages/com.unity.collab-proxy/Editor/Views/Merge/Developer/DirectoryConflicts/EvilTwinMenu.cs
  artifactKey: Guid(e2d5cd35402925349b237e34add0cabf) Importer(2089858483,b0f066a214c2f5e87bad3c948f4d605d)
Start importing Packages/com.unity.collab-proxy/Editor/Views/Merge/Developer/DirectoryConflicts/EvilTwinMenu.cs using Guid(e2d5cd35402925349b237e34add0cabf) Importer(2089858483,b0f066a214c2f5e87bad3c948f4d605d) (ScriptedImporter) -> (artifact id: '3b5c80932444013f8047117607bc6ce1') in 0.003441 seconds
Number of updated asset objects reloaded before import = 0Number of asset objects unloaded after import = 0

========================================================================
Received Import Request.
  Time since last request: 0.000017 seconds.
  path: Packages/com.unity.collab-proxy/Editor/Views/BranchExplorer/Drawing/Shapes/Painter2DExtensions.cs
  artifactKey: Guid(90c35417a995402084cf69d05578c8de) Importer(2089858483,b0f066a214c2f5e87bad3c948f4d605d)
Start importing Packages/com.unity.collab-proxy/Editor/Views/BranchExplorer/Drawing/Shapes/Painter2DExtensions.cs using Guid(90c35417a995402084cf69d05578c8de) Importer(2089858483,b0f066a214c2f5e87bad3c948f4d605d) (ScriptedImporter) -> (artifact id: 'ab68e79972c22896bae93f2d1744d0b5') in 0.0032559 seconds
Number of updated asset objects reloaded before import = 0Number of asset objects unloaded after import = 0

========================================================================
Received Import Request.
  Time since last request: 0.000020 seconds.
  path: Packages/com.unity.burst/Runtime/Intrinsics/v256.cs
  artifactKey: Guid(b7010e2961793c8ab9d5fec3d5c886d0) Importer(2089858483,b0f066a214c2f5e87bad3c948f4d605d)
Start importing Packages/com.unity.burst/Runtime/Intrinsics/v256.cs using Guid(b7010e2961793c8ab9d5fec3d5c886d0) Importer(2089858483,b0f066a214c2f5e87bad3c948f4d605d) (ScriptedImporter) -> (artifact id: '66a263fecc73d8de48b58290c45639c9') in 0.0040672 seconds
Number of updated asset objects reloaded before import = 0Number of asset objects unloaded after import = 0

========================================================================
Received Import Request.
  Time since last request: 0.000018 seconds.
  path: Packages/com.unity.burst/Runtime/Intrinsics/x86/Sse.cs
  artifactKey: Guid(9edae0ecbfb63f239983f9a81f80ddf9) Importer(2089858483,b0f066a214c2f5e87bad3c948f4d605d)
Start importing Packages/com.unity.burst/Runtime/Intrinsics/x86/Sse.cs using Guid(9edae0ecbfb63f239983f9a81f80ddf9) Importer(2089858483,b0f066a214c2f5e87bad3c948f4d605d) (ScriptedImporter) -> (artifact id: '0fda598755070c2279a41c3856c1bc7a') in 0.0036462 seconds
Number of updated asset objects reloaded before import = 0Number of asset objects unloaded after import = 0

========================================================================
Received Import Request.
  Time since last request: 0.000020 seconds.
  path: Packages/com.unity.collab-proxy/Editor/Views/Merge/Developer/SerializableMergeTabState.cs
  artifactKey: Guid(323d43d865724e90a62ba88dfeacbef2) Importer(2089858483,b0f066a214c2f5e87bad3c948f4d605d)
Start importing Packages/com.unity.collab-proxy/Editor/Views/Merge/Developer/SerializableMergeTabState.cs using Guid(323d43d865724e90a62ba88dfeacbef2) Importer(2089858483,b0f066a214c2f5e87bad3c948f4d605d) (ScriptedImporter) -> (artifact id: 'ad767a0e1fe8441080882403c46b262e') in 0.0038391 seconds
Number of updated asset objects reloaded before import = 0Number of asset objects unloaded after import = 0

========================================================================
Received Import Request.
  Time since last request: 0.000030 seconds.
  path: Packages/com.unity.burst/Unity.Burst.CodeGen/ILPostProcessing.cs
  artifactKey: Guid(e8dd47a9e5283ced8ded83ce38cc78aa) Importer(2089858483,b0f066a214c2f5e87bad3c948f4d605d)
Start importing Packages/com.unity.burst/Unity.Burst.CodeGen/ILPostProcessing.cs using Guid(e8dd47a9e5283ced8ded83ce38cc78aa) Importer(2089858483,b0f066a214c2f5e87bad3c948f4d605d) (ScriptedImporter) -> (artifact id: '470faabd14e2d544a656722329cc5c5e') in 0.0040459 seconds
Number of updated asset objects reloaded before import = 0Number of asset objects unloaded after import = 0

========================================================================
Received Import Request.
  Time since last request: 0.000018 seconds.
  path: Packages/com.unity.ide.visualstudio/ValidationExceptions.json
  artifactKey: Guid(788fbcfc0abc6c54b9504cfee3176c22) Importer(2089858483,b0f066a214c2f5e87bad3c948f4d605d)
Start importing Packages/com.unity.ide.visualstudio/ValidationExceptions.json using Guid(788fbcfc0abc6c54b9504cfee3176c22) Importer(2089858483,b0f066a214c2f5e87bad3c948f4d605d) (ScriptedImporter) -> (artifact id: '0f7562c649eba376ded9dd9276746b30') in 0.0042934 seconds
Number of updated asset objects reloaded before import = 0Number of asset objects unloaded after import = 1

========================================================================
Received Import Request.
  Time since last request: 0.000018 seconds.
  path: Packages/com.unity.collab-proxy/Editor/Views/BranchExplorer/Options/ConditionalFormat/RuleData.cs
  artifactKey: Guid(7f3c21f21c1f248ccae8e74af719a88c) Importer(2089858483,b0f066a214c2f5e87bad3c948f4d605d)
Start importing Packages/com.unity.collab-proxy/Editor/Views/BranchExplorer/Options/ConditionalFormat/RuleData.cs using Guid(7f3c21f21c1f248ccae8e74af719a88c) Importer(2089858483,b0f066a214c2f5e87bad3c948f4d605d) (ScriptedImporter) -> (artifact id: '9fb8917bfa57d81dc724dc92c5a5a19a') in 0.0039881 seconds
Number of updated asset objects reloaded before import = 0Number of asset objects unloaded after import = 0

========================================================================
Received Import Request.
  Time since last request: 0.000017 seconds.
  path: Packages/com.unity.collab-proxy/Editor/CodeEditor/Indentation/CSharp/IndentationReformatter.cs
  artifactKey: Guid(28b848f7720bc45fb8f8f4e51bddcfd5) Importer(2089858483,b0f066a214c2f5e87bad3c948f4d605d)
Start importing Packages/com.unity.collab-proxy/Editor/CodeEditor/Indentation/CSharp/IndentationReformatter.cs using Guid(28b848f7720bc45fb8f8f4e51bddcfd5) Importer(2089858483,b0f066a214c2f5e87bad3c948f4d605d) (ScriptedImporter) -> (artifact id: 'ae66a82ed03ee845cabfbd12bc0b376e') in 0.0035557 seconds
Number of updated asset objects reloaded before import = 0Number of asset objects unloaded after import = 0

========================================================================
Received Import Request.
  Time since last request: 0.000027 seconds.
  path: Packages/com.unity.collab-proxy/Editor/Views/CreateWorkspace/Dialogs/CreateRepositoryDialog.cs
  artifactKey: Guid(61f74d0a8a3f1f542b8afe99e65686df) Importer(2089858483,b0f066a214c2f5e87bad3c948f4d605d)
Start importing Packages/com.unity.collab-proxy/Editor/Views/CreateWorkspace/Dialogs/CreateRepositoryDialog.cs using Guid(61f74d0a8a3f1f542b8afe99e65686df) Importer(2089858483,b0f066a214c2f5e87bad3c948f4d605d) (ScriptedImporter) -> (artifact id: '57ac470eb31c5e5cd27aa052dca3a604') in 0.0056995 seconds
Number of updated asset objects reloaded before import = 0Number of asset objects unloaded after import = 0

========================================================================
Received Import Request.
  Time since last request: 0.000020 seconds.
  path: Packages/com.unity.ide.visualstudio/Editor/AssemblyInfo.cs
  artifactKey: Guid(d791d407901442e49862d3aa783ce8af) Importer(2089858483,b0f066a214c2f5e87bad3c948f4d605d)
Start importing Packages/com.unity.ide.visualstudio/Editor/AssemblyInfo.cs using Guid(d791d407901442e49862d3aa783ce8af) Importer(2089858483,b0f066a214c2f5e87bad3c948f4d605d) (ScriptedImporter) -> (artifact id: '1cc828d01b41b5e25984624d7ddbc8df') in 0.0033074 seconds
Number of updated asset objects reloaded before import = 0Number of asset objects unloaded after import = 0

========================================================================
Received Import Request.
  Time since last request: 0.000026 seconds.
  path: Packages/com.unity.collab-proxy/Editor/Views/BranchExplorer/Virtualization/BrExConnectionRectangle.cs
  artifactKey: Guid(4b5c816a19cf4a868feca49d8cc1023a) Importer(2089858483,b0f066a214c2f5e87bad3c948f4d605d)
Start importing Packages/com.unity.collab-proxy/Editor/Views/BranchExplorer/Virtualization/BrExConnectionRectangle.cs using Guid(4b5c816a19cf4a868feca49d8cc1023a) Importer(2089858483,b0f066a214c2f5e87bad3c948f4d605d) (ScriptedImporter) -> (artifact id: '3d06d57844d298c6a88b1c02db8c7dc6') in 0.0037899 seconds
Number of updated asset objects reloaded before import = 0Number of asset objects unloaded after import = 0

========================================================================
Received Import Request.
  Time since last request: 0.000022 seconds.
  path: Packages/com.unity.collab-proxy/Editor/Views/Filters/Date/DateFilterButtonPanel.cs
  artifactKey: Guid(fcbf1383bda394948a6f807ea4bfa6ee) Importer(2089858483,b0f066a214c2f5e87bad3c948f4d605d)
Start importing Packages/com.unity.collab-proxy/Editor/Views/Filters/Date/DateFilterButtonPanel.cs using Guid(fcbf1383bda394948a6f807ea4bfa6ee) Importer(2089858483,b0f066a214c2f5e87bad3c948f4d605d) (ScriptedImporter) -> (artifact id: '0050871cbb6e91cdf37ed61730292fdc') in 0.0052483 seconds
Number of updated asset objects reloaded before import = 0Number of asset objects unloaded after import = 0

========================================================================
Received Import Request.
  Time since last request: 0.000022 seconds.
  path: Packages/com.unity.ide.visualstudio/package.json
  artifactKey: Guid(656f74f6edaa396458412b9e3903d8cd) Importer(2089858483,b0f066a214c2f5e87bad3c948f4d605d)
Start importing Packages/com.unity.ide.visualstudio/package.json using Guid(656f74f6edaa396458412b9e3903d8cd) Importer(2089858483,b0f066a214c2f5e87bad3c948f4d605d) (ScriptedImporter) -> (artifact id: 'c783b4713e86fc173126d8f111a689bb') in 0.0042429 seconds
Number of updated asset objects reloaded before import = 0Number of asset objects unloaded after import = 1

========================================================================
Received Import Request.
  Time since last request: 0.000018 seconds.
  path: Packages/com.unity.collab-proxy/Editor/Views/BranchExplorer/Virtualization/SelftThrottlingWorker.cs
  artifactKey: Guid(cb31873eafb140beb7245ed26f800b10) Importer(2089858483,b0f066a214c2f5e87bad3c948f4d605d)
Start importing Packages/com.unity.collab-proxy/Editor/Views/BranchExplorer/Virtualization/SelftThrottlingWorker.cs using Guid(cb31873eafb140beb7245ed26f800b10) Importer(2089858483,b0f066a214c2f5e87bad3c948f4d605d) (ScriptedImporter) -> (artifact id: '68ad880e6a4983ca9c22fcb3e90c6596') in 0.0038299 seconds
Number of updated asset objects reloaded before import = 0Number of asset objects unloaded after import = 0

========================================================================
Received Import Request.
  Time since last request: 0.000017 seconds.
  path: Packages/com.unity.collab-proxy/Editor/Views/BranchExplorer/Options/BranchExplorerOptionsWindow.cs
  artifactKey: Guid(8f337a12580464190b8455975f146e52) Importer(2089858483,b0f066a214c2f5e87bad3c948f4d605d)
Start importing Packages/com.unity.collab-proxy/Editor/Views/BranchExplorer/Options/BranchExplorerOptionsWindow.cs using Guid(8f337a12580464190b8455975f146e52) Importer(2089858483,b0f066a214c2f5e87bad3c948f4d605d) (ScriptedImporter) -> (artifact id: '5b08073f9a2865a9b868e706f73081e2') in 0.003448 seconds
Number of updated asset objects reloaded before import = 0Number of asset objects unloaded after import = 0

========================================================================
Received Import Request.
  Time since last request: 0.000021 seconds.
  path: Packages/com.unity.collab-proxy/Editor/Views/Merge/Gluon/ChangeCategoryTreeViewItem.cs
  artifactKey: Guid(faf2afd8696f4604f82f46b06b357f06) Importer(2089858483,b0f066a214c2f5e87bad3c948f4d605d)
Start importing Packages/com.unity.collab-proxy/Editor/Views/Merge/Gluon/ChangeCategoryTreeViewItem.cs using Guid(faf2afd8696f4604f82f46b06b357f06) Importer(2089858483,b0f066a214c2f5e87bad3c948f4d605d) (ScriptedImporter) -> (artifact id: 'b411d327adb3baae05abe1ab6abbaa62') in 0.0035631 seconds
Number of updated asset objects reloaded before import = 0Number of asset objects unloaded after import = 0

========================================================================
Received Import Request.
  Time since last request: 0.000025 seconds.
  path: Packages/com.unity.collab-proxy/Lib/Editor/TextMateSharp/Onigwrap/OnigwrapPlastic.dll
  artifactKey: Guid(a5e4ef40233954c34904a5ab79ff8c9f) Importer(2089858483,b0f066a214c2f5e87bad3c948f4d605d)
Start importing Packages/com.unity.collab-proxy/Lib/Editor/TextMateSharp/Onigwrap/OnigwrapPlastic.dll using Guid(a5e4ef40233954c34904a5ab79ff8c9f) Importer(2089858483,b0f066a214c2f5e87bad3c948f4d605d) (ScriptedImporter) -> (artifact id: '5b84a86818809a5010ee1baa31fd7d23') in 0.0052699 seconds
Number of updated asset objects reloaded before import = 0Number of asset objects unloaded after import = 0

========================================================================
Received Import Request.
  Time since last request: 0.000018 seconds.
  path: Packages/com.unity.ide.visualstudio/Editor/AsyncOperation.cs
  artifactKey: Guid(c6c8b2f6152bd1348ae35f9f95719f75) Importer(2089858483,b0f066a214c2f5e87bad3c948f4d605d)
Start importing Packages/com.unity.ide.visualstudio/Editor/AsyncOperation.cs using Guid(c6c8b2f6152bd1348ae35f9f95719f75) Importer(2089858483,b0f066a214c2f5e87bad3c948f4d605d) (ScriptedImporter) -> (artifact id: 'd559c15d44f764278f9e1b56c32c6c7e') in 0.0032047 seconds
Number of updated asset objects reloaded before import = 0Number of asset objects unloaded after import = 0

========================================================================
Received Import Request.
  Time since last request: 0.000019 seconds.
  path: Packages/com.unity.collab-proxy/Editor/CloudDrive/Workspaces/DirectoryContent/DeleteWorkspaceDialog.cs
  artifactKey: Guid(eb450999e4f7add47adebc90f7f87c79) Importer(2089858483,b0f066a214c2f5e87bad3c948f4d605d)
Start importing Packages/com.unity.collab-proxy/Editor/CloudDrive/Workspaces/DirectoryContent/DeleteWorkspaceDialog.cs using Guid(eb450999e4f7add47adebc90f7f87c79) Importer(2089858483,b0f066a214c2f5e87bad3c948f4d605d) (ScriptedImporter) -> (artifact id: '180820ee2698e221ad7a3891a4a211ac') in 0.0034929 seconds
Number of updated asset objects reloaded before import = 0Number of asset objects unloaded after import = 0

========================================================================
Received Import Request.
  Time since last request: 0.000021 seconds.
  path: Packages/com.unity.collab-proxy/Editor/Views/BranchExplorer/Drawing/Shapes/Colors/BrExColors.cs
  artifactKey: Guid(4805ac0c590d4c9a8134f0df52d0fb7c) Importer(2089858483,b0f066a214c2f5e87bad3c948f4d605d)
Start importing Packages/com.unity.collab-proxy/Editor/Views/BranchExplorer/Drawing/Shapes/Colors/BrExColors.cs using Guid(4805ac0c590d4c9a8134f0df52d0fb7c) Importer(2089858483,b0f066a214c2f5e87bad3c948f4d605d) (ScriptedImporter) -> (artifact id: 'e4dd504c68503566a13ac4c3f5b9beb1') in 0.0034353 seconds
Number of updated asset objects reloaded before import = 0Number of asset objects unloaded after import = 0

========================================================================
Received Import Request.
  Time since last request: 0.000020 seconds.
  path: Packages/com.unity.collab-proxy/Editor/Views/BranchExplorer/Virtualization/VirtualCanvas.cs
  artifactKey: Guid(cc8c3a097e504aeabef3c8c2f7669916) Importer(2089858483,b0f066a214c2f5e87bad3c948f4d605d)
Start importing Packages/com.unity.collab-proxy/Editor/Views/BranchExplorer/Virtualization/VirtualCanvas.cs using Guid(cc8c3a097e504aeabef3c8c2f7669916) Importer(2089858483,b0f066a214c2f5e87bad3c948f4d605d) (ScriptedImporter) -> (artifact id: '3745d05bf05bdf5a60a3192c65873394') in 0.00351 seconds
Number of updated asset objects reloaded before import = 0Number of asset objects unloaded after import = 0

========================================================================
Received Import Request.
  Time since last request: 0.000020 seconds.
  path: Packages/com.unity.collab-proxy/Editor/Views/Merge/Developer/DirectoryConflicts/DeleteMoveMenu.cs
  artifactKey: Guid(6dda1ef365cc6be4c90d328c331d643c) Importer(2089858483,b0f066a214c2f5e87bad3c948f4d605d)
Start importing Packages/com.unity.collab-proxy/Editor/Views/Merge/Developer/DirectoryConflicts/DeleteMoveMenu.cs using Guid(6dda1ef365cc6be4c90d328c331d643c) Importer(2089858483,b0f066a214c2f5e87bad3c948f4d605d) (ScriptedImporter) -> (artifact id: 'c717f3e0f0639500fe9d3dc09e474429') in 0.0034811 seconds
Number of updated asset objects reloaded before import = 0Number of asset objects unloaded after import = 0

========================================================================
Received Import Request.
  Time since last request: 0.000023 seconds.
  path: Packages/com.unity.ide.visualstudio/Editor/FileUtility.cs
  artifactKey: Guid(6f1dc05fb6e7d3e4f89ae9ca482735be) Importer(2089858483,b0f066a214c2f5e87bad3c948f4d605d)
Start importing Packages/com.unity.ide.visualstudio/Editor/FileUtility.cs using Guid(6f1dc05fb6e7d3e4f89ae9ca482735be) Importer(2089858483,b0f066a214c2f5e87bad3c948f4d605d) (ScriptedImporter) -> (artifact id: '39aa64481530940fab695638c4dc70e6') in 0.0039607 seconds
Number of updated asset objects reloaded before import = 0Number of asset objects unloaded after import = 0

========================================================================
Received Import Request.
  Time since last request: 0.000021 seconds.
  path: Packages/com.unity.burst/Unity.Burst.CodeGen/Unity.Burst.Cecil.Rocks.dll
  artifactKey: Guid(fc89006ebb6404ae7b55bf130d290f91) Importer(2089858483,b0f066a214c2f5e87bad3c948f4d605d)
Start importing Packages/com.unity.burst/Unity.Burst.CodeGen/Unity.Burst.Cecil.Rocks.dll using Guid(fc89006ebb6404ae7b55bf130d290f91) Importer(2089858483,b0f066a214c2f5e87bad3c948f4d605d) (ScriptedImporter) -> (artifact id: 'da828b48c116f3ec4741dd40c53d171d') in 0.0043611 seconds
Number of updated asset objects reloaded before import = 0Number of asset objects unloaded after import = 0

========================================================================
Received Import Request.
  Time since last request: 0.000023 seconds.
  path: Packages/com.unity.burst/Editor/BurstDisassembler.Core.ARM64.info.cs
  artifactKey: Guid(58bea487d1963bbab5d6d2ca5e5e495d) Importer(2089858483,b0f066a214c2f5e87bad3c948f4d605d)
Start importing Packages/com.unity.burst/Editor/BurstDisassembler.Core.ARM64.info.cs using Guid(58bea487d1963bbab5d6d2ca5e5e495d) Importer(2089858483,b0f066a214c2f5e87bad3c948f4d605d) (ScriptedImporter) -> (artifact id: 'f47c2533ad1cf07123542df9efe441c9') in 0.0036225 seconds
Number of updated asset objects reloaded before import = 0Number of asset objects unloaded after import = 0

========================================================================
Received Import Request.
  Time since last request: 0.000022 seconds.
  path: Packages/com.unity.modules.unitywebrequesttexture/package.json
  artifactKey: Guid(d0e3ad91972c66f5238f5b9b7d5ae58a) Importer(2089858483,b0f066a214c2f5e87bad3c948f4d605d)
Start importing Packages/com.unity.modules.unitywebrequesttexture/package.json using Guid(d0e3ad91972c66f5238f5b9b7d5ae58a) Importer(2089858483,b0f066a214c2f5e87bad3c948f4d605d) (ScriptedImporter) -> (artifact id: '2f357fe92a366454f1522e2f4007823e') in 0.0037226 seconds
Number of updated asset objects reloaded before import = 0Number of asset objects unloaded after import = 1

========================================================================
Received Import Request.
  Time since last request: 0.000018 seconds.
  path: Packages/com.unity.collab-proxy/Editor/Views/Merge/Developer/UnityMergeTree.cs
  artifactKey: Guid(b57672168ae882a4b8483a000638c433) Importer(2089858483,b0f066a214c2f5e87bad3c948f4d605d)
Start importing Packages/com.unity.collab-proxy/Editor/Views/Merge/Developer/UnityMergeTree.cs using Guid(b57672168ae882a4b8483a000638c433) Importer(2089858483,b0f066a214c2f5e87bad3c948f4d605d) (ScriptedImporter) -> (artifact id: '50e55b368bf1ba7c22197e1a443e41a7') in 0.0034717 seconds
Number of updated asset objects reloaded before import = 0Number of asset objects unloaded after import = 0

========================================================================
Received Import Request.
  Time since last request: 0.000021 seconds.
  path: Packages/com.unity.burst/Editor/BurstInspectorGUI.cs
  artifactKey: Guid(044207dff891379ab68ba54b0d4307b2) Importer(2089858483,b0f066a214c2f5e87bad3c948f4d605d)
Start importing Packages/com.unity.burst/Editor/BurstInspectorGUI.cs using Guid(044207dff891379ab68ba54b0d4307b2) Importer(2089858483,b0f066a214c2f5e87bad3c948f4d605d) (ScriptedImporter) -> (artifact id: '8aa904d45679a0f7d28ce770a0a85a83') in 0.0036166 seconds
Number of updated asset objects reloaded before import = 0Number of asset objects unloaded after import = 0

========================================================================
Received Import Request.
  Time since last request: 0.000025 seconds.
  path: Packages/com.unity.collab-proxy/Editor/Views/BranchExplorer/Menu/BranchExplorerViewLinkMenuOperations.cs
  artifactKey: Guid(dc1bc6a318004247a55e4f3fbf74309a) Importer(2089858483,b0f066a214c2f5e87bad3c948f4d605d)
Start importing Packages/com.unity.collab-proxy/Editor/Views/BranchExplorer/Menu/BranchExplorerViewLinkMenuOperations.cs using Guid(dc1bc6a318004247a55e4f3fbf74309a) Importer(2089858483,b0f066a214c2f5e87bad3c948f4d605d) (ScriptedImporter) -> (artifact id: '5d72e7e337fd3700d7c0f90820d28066') in 0.0034345 seconds
Number of updated asset objects reloaded before import = 0Number of asset objects unloaded after import = 0

========================================================================
Received Import Request.
  Time since last request: 0.000018 seconds.
  path: Packages/com.unity.collab-proxy/Lib/Editor/TextMateSharp/Onigwrap/libonigwrap/osx-x64/libonigwrap.dylib
  artifactKey: Guid(bcc68739b260546ed9b16442df16c953) Importer(2089858483,b0f066a214c2f5e87bad3c948f4d605d)
Start importing Packages/com.unity.collab-proxy/Lib/Editor/TextMateSharp/Onigwrap/libonigwrap/osx-x64/libonigwrap.dylib using Guid(bcc68739b260546ed9b16442df16c953) Importer(2089858483,b0f066a214c2f5e87bad3c948f4d605d) (ScriptedImporter) -> (artifact id: '536dcf546334a59c0d839066bc19efe8') in 0.0037373 seconds
Number of updated asset objects reloaded before import = 0Number of asset objects unloaded after import = 0

========================================================================
Received Import Request.
  Time since last request: 0.000018 seconds.
  path: Packages/com.unity.burst/Runtime/Intrinsics/v128.cs
  artifactKey: Guid(de21742a4b9139f3a58692cb231ecd51) Importer(2089858483,b0f066a214c2f5e87bad3c948f4d605d)
Start importing Packages/com.unity.burst/Runtime/Intrinsics/v128.cs using Guid(de21742a4b9139f3a58692cb231ecd51) Importer(2089858483,b0f066a214c2f5e87bad3c948f4d605d) (ScriptedImporter) -> (artifact id: '60e28870be957d66bdea35226a6f447c') in 0.0035446 seconds
Number of updated asset objects reloaded before import = 0Number of asset objects unloaded after import = 0

========================================================================
Received Import Request.
  Time since last request: 0.000023 seconds.
  path: Packages/com.unity.collab-proxy/Editor/Views/BranchExplorer/Drawing/Shapes/Connections/MergeLinkGeometry.cs
  artifactKey: Guid(1db38f8fca654faa9d306e57e639e4a1) Importer(2089858483,b0f066a214c2f5e87bad3c948f4d605d)
Start importing Packages/com.unity.collab-proxy/Editor/Views/BranchExplorer/Drawing/Shapes/Connections/MergeLinkGeometry.cs using Guid(1db38f8fca654faa9d306e57e639e4a1) Importer(2089858483,b0f066a214c2f5e87bad3c948f4d605d) (ScriptedImporter) -> (artifact id: '3e963b84ddb7babecfcaf5139ad0fa52') in 0.0048424 seconds
Number of updated asset objects reloaded before import = 0Number of asset objects unloaded after import = 0

========================================================================
Received Import Request.
  Time since last request: 0.000025 seconds.
  path: Packages/com.unity.burst/Runtime/CompilerServices/Hint.cs
  artifactKey: Guid(b570e06d83103645837b57ee63c39049) Importer(2089858483,b0f066a214c2f5e87bad3c948f4d605d)
Start importing Packages/com.unity.burst/Runtime/CompilerServices/Hint.cs using Guid(b570e06d83103645837b57ee63c39049) Importer(2089858483,b0f066a214c2f5e87bad3c948f4d605d) (ScriptedImporter) -> (artifact id: '3dfa49da6ae0b42620d917b120b99548') in 0.004503 seconds
Number of updated asset objects reloaded before import = 0Number of asset objects unloaded after import = 0

========================================================================
Received Import Request.
  Time since last request: 0.000022 seconds.
  path: Packages/com.unity.collab-proxy/Editor/Views/BranchExplorer/Drawing/Shapes/HomeGeometry.cs
  artifactKey: Guid(254497d6403494baa8cf3544ec92749d) Importer(2089858483,b0f066a214c2f5e87bad3c948f4d605d)
Start importing Packages/com.unity.collab-proxy/Editor/Views/BranchExplorer/Drawing/Shapes/HomeGeometry.cs using Guid(254497d6403494baa8cf3544ec92749d) Importer(2089858483,b0f066a214c2f5e87bad3c948f4d605d) (ScriptedImporter) -> (artifact id: '5cfa6a400771730466a1c1e626f3b393') in 0.0037524 seconds
Number of updated asset objects reloaded before import = 0Number of asset objects unloaded after import = 0

========================================================================
Received Import Request.
  Time since last request: 0.000024 seconds.
  path: Packages/com.unity.collab-proxy/Editor/Views/Merge/Developer/DirectoryConflicts/ChangeDeleteMenu.cs
  artifactKey: Guid(aba7053d59726d64b86f2c4f98dbb910) Importer(2089858483,b0f066a214c2f5e87bad3c948f4d605d)
Start importing Packages/com.unity.collab-proxy/Editor/Views/Merge/Developer/DirectoryConflicts/ChangeDeleteMenu.cs using Guid(aba7053d59726d64b86f2c4f98dbb910) Importer(2089858483,b0f066a214c2f5e87bad3c948f4d605d) (ScriptedImporter) -> (artifact id: '22f1ca9b4eee790479ed9851275b8ff7') in 0.0034163 seconds
Number of updated asset objects reloaded before import = 0Number of asset objects unloaded after import = 0

========================================================================
Received Import Request.
  Time since last request: 0.000023 seconds.
  path: Packages/com.unity.collab-proxy/Editor/Views/Merge/Developer/MergeTreeView.cs
  artifactKey: Guid(1e0aed0a10caba04583f2474f8279b27) Importer(2089858483,b0f066a214c2f5e87bad3c948f4d605d)
Start importing Packages/com.unity.collab-proxy/Editor/Views/Merge/Developer/MergeTreeView.cs using Guid(1e0aed0a10caba04583f2474f8279b27) Importer(2089858483,b0f066a214c2f5e87bad3c948f4d605d) (ScriptedImporter) -> (artifact id: '83541837a39afa77e9e855fd34683650') in 0.0039508 seconds
Number of updated asset objects reloaded before import = 0Number of asset objects unloaded after import = 0

========================================================================
Received Import Request.
  Time since last request: 0.000018 seconds.
  path: Packages/com.unity.burst/Unity.Burst.Unsafe.dll
  artifactKey: Guid(9ac5be0090514aa8b35011788efe5757) Importer(2089858483,b0f066a214c2f5e87bad3c948f4d605d)
Start importing Packages/com.unity.burst/Unity.Burst.Unsafe.dll using Guid(9ac5be0090514aa8b35011788efe5757) Importer(2089858483,b0f066a214c2f5e87bad3c948f4d605d) (ScriptedImporter) -> (artifact id: 'c2c7d641b4ce1734046976e36c251157') in 0.0039893 seconds
Number of updated asset objects reloaded before import = 0Number of asset objects unloaded after import = 0

========================================================================
Received Import Request.
  Time since last request: 0.000021 seconds.
  path: Packages/com.unity.burst/Runtime/Intrinsics/Arm/NEON_AArch64_rdma.cs
  artifactKey: Guid(082593b719933f8b9f8feb40687d867e) Importer(2089858483,b0f066a214c2f5e87bad3c948f4d605d)
Start importing Packages/com.unity.burst/Runtime/Intrinsics/Arm/NEON_AArch64_rdma.cs using Guid(082593b719933f8b9f8feb40687d867e) Importer(2089858483,b0f066a214c2f5e87bad3c948f4d605d) (ScriptedImporter) -> (artifact id: '319df65a6265bf4624f547cb5e568aa3') in 0.004738 seconds
Number of updated asset objects reloaded before import = 0Number of asset objects unloaded after import = 0

========================================================================
Received Import Request.
  Time since last request: 0.000025 seconds.
  path: Packages/com.unity.burst/Runtime/CompilerServices/Constant.cs
  artifactKey: Guid(425b1cb76be0397aae735d27918c5a76) Importer(2089858483,b0f066a214c2f5e87bad3c948f4d605d)
Start importing Packages/com.unity.burst/Runtime/CompilerServices/Constant.cs using Guid(425b1cb76be0397aae735d27918c5a76) Importer(2089858483,b0f066a214c2f5e87bad3c948f4d605d) (ScriptedImporter) -> (artifact id: '7ecc5666b491c5a39f3afdbd31e24b5d') in 0.0045035 seconds
Number of updated asset objects reloaded before import = 0Number of asset objects unloaded after import = 0

========================================================================
Received Import Request.
  Time since last request: 3.137184 seconds.
  path: Packages/com.unity.ide.visualstudio/Editor/VersionPair.cs
  artifactKey: Guid(ffe1bdf971d321f4db593c4c6ebd6e47) Importer(2089858483,b0f066a214c2f5e87bad3c948f4d605d)
Start importing Packages/com.unity.ide.visualstudio/Editor/VersionPair.cs using Guid(ffe1bdf971d321f4db593c4c6ebd6e47) Importer(2089858483,b0f066a214c2f5e87bad3c948f4d605d) (ScriptedImporter) -> (artifact id: '049946e0f8d4eb2a04edca8dfd7dae0e') in 0.0048326 seconds
Number of updated asset objects reloaded before import = 0Number of asset objects unloaded after import = 0

========================================================================
Received Import Request.
  Time since last request: 0.000022 seconds.
  path: Packages/com.unity.ide.visualstudio/Editor/Testing/TestAdaptor.cs
  artifactKey: Guid(b73b3de0d473d4a1c887ab31f69b1a8d) Importer(2089858483,b0f066a214c2f5e87bad3c948f4d605d)
Start importing Packages/com.unity.ide.visualstudio/Editor/Testing/TestAdaptor.cs using Guid(b73b3de0d473d4a1c887ab31f69b1a8d) Importer(2089858483,b0f066a214c2f5e87bad3c948f4d605d) (ScriptedImporter) -> (artifact id: '4e1c2ce64f88b9cf01080c54aecb747a') in 0.0053036 seconds
Number of updated asset objects reloaded before import = 0Number of asset objects unloaded after import = 0

========================================================================
Received Import Request.
  Time since last request: 0.000019 seconds.
  path: Packages/com.unity.ugui/Runtime/TMP/TMP_TextInfo.cs
  artifactKey: Guid(4ae64f3f72004807a9f919f9c27af0db) Importer(2089858483,b0f066a214c2f5e87bad3c948f4d605d)
Start importing Packages/com.unity.ugui/Runtime/TMP/TMP_TextInfo.cs using Guid(4ae64f3f72004807a9f919f9c27af0db) Importer(2089858483,b0f066a214c2f5e87bad3c948f4d605d) (ScriptedImporter) -> (artifact id: 'cc13555bbeb1e11b2c5ba72f38ef0984') in 0.0039715 seconds
Number of updated asset objects reloaded before import = 0Number of asset objects unloaded after import = 0

========================================================================
Received Import Request.
  Time since last request: 0.000019 seconds.
  path: Packages/com.unity.ugui/Runtime/TMP/TMP_CoroutineTween.cs
  artifactKey: Guid(658c1fb149e7498aa072b0c0f3bf13f0) Importer(2089858483,b0f066a214c2f5e87bad3c948f4d605d)
Start importing Packages/com.unity.ugui/Runtime/TMP/TMP_CoroutineTween.cs using Guid(658c1fb149e7498aa072b0c0f3bf13f0) Importer(2089858483,b0f066a214c2f5e87bad3c948f4d605d) (ScriptedImporter) -> (artifact id: 'fd3dfa55cbf2139debbff67baae7a723') in 0.0050855 seconds
Number of updated asset objects reloaded before import = 0Number of asset objects unloaded after import = 0

========================================================================
Received Import Request.
  Time since last request: 0.000025 seconds.
  path: Packages/com.unity.ugui/Runtime/TMP/FontFeatureCommon.cs
  artifactKey: Guid(326e2b1b31fc06d4fa884c803b27b46a) Importer(2089858483,b0f066a214c2f5e87bad3c948f4d605d)
Start importing Packages/com.unity.ugui/Runtime/TMP/FontFeatureCommon.cs using Guid(326e2b1b31fc06d4fa884c803b27b46a) Importer(2089858483,b0f066a214c2f5e87bad3c948f4d605d) (ScriptedImporter) -> (artifact id: '89c5c036ba6bf5f5c2119747ea1824e6') in 0.0043017 seconds
Number of updated asset objects reloaded before import = 0Number of asset objects unloaded after import = 0

========================================================================
Received Import Request.
  Time since last request: 0.000027 seconds.
  path: Packages/com.unity.ugui/Tests/Editor/UGUI/CanvasRenderer/ChangingHierarchyOfCanvasRenderer.cs
  artifactKey: Guid(c825bad77a42dd341a8f0a5ef9cd5f4c) Importer(2089858483,b0f066a214c2f5e87bad3c948f4d605d)
Start importing Packages/com.unity.ugui/Tests/Editor/UGUI/CanvasRenderer/ChangingHierarchyOfCanvasRenderer.cs using Guid(c825bad77a42dd341a8f0a5ef9cd5f4c) Importer(2089858483,b0f066a214c2f5e87bad3c948f4d605d) (ScriptedImporter) -> (artifact id: 'f4a36a89736d81d7d598d4bfa48b4742') in 0.0038046 seconds
Number of updated asset objects reloaded before import = 0Number of asset objects unloaded after import = 0

========================================================================
Received Import Request.
  Time since last request: 0.000031 seconds.
  path: Packages/com.unity.ugui/Editor Resources/Gizmos/TMP - Input Field Icon.psd
  artifactKey: Guid(3ee40aa79cd242a5b53b0b0ca4f13f0f) Importer(2089858483,b0f066a214c2f5e87bad3c948f4d605d)
Start importing Packages/com.unity.ugui/Editor Resources/Gizmos/TMP - Input Field Icon.psd using Guid(3ee40aa79cd242a5b53b0b0ca4f13f0f) Importer(2089858483,b0f066a214c2f5e87bad3c948f4d605d) (ScriptedImporter) -> (artifact id: 'ffb9b79dc42bd2e2c10c4216aba5d642') in 0.2060266 seconds
Number of updated asset objects reloaded before import = 0Number of asset objects unloaded after import = 1

========================================================================
Received Import Request.
  Time since last request: 0.000030 seconds.
  path: Packages/com.unity.ugui/Runtime/UGUI/UI/Core/GraphicRaycaster.cs
  artifactKey: Guid(dc42784cf147c0c48a680349fa168899) Importer(2089858483,b0f066a214c2f5e87bad3c948f4d605d)
Start importing Packages/com.unity.ugui/Runtime/UGUI/UI/Core/GraphicRaycaster.cs using Guid(dc42784cf147c0c48a680349fa168899) Importer(2089858483,b0f066a214c2f5e87bad3c948f4d605d) (ScriptedImporter) -> (artifact id: '0e9c8dca6b69de6c04604d0918fb348a') in 0.0047091 seconds
Number of updated asset objects reloaded before import = 0Number of asset objects unloaded after import = 0

========================================================================
Received Import Request.
  Time since last request: 0.000028 seconds.
  path: Packages/com.unity.ugui/Editor Resources/Textures/btn_AlignBottom.psd
  artifactKey: Guid(ca51b19024094d1b87f3e07edb0a75fb) Importer(2089858483,b0f066a214c2f5e87bad3c948f4d605d)
Start importing Packages/com.unity.ugui/Editor Resources/Textures/btn_AlignBottom.psd using Guid(ca51b19024094d1b87f3e07edb0a75fb) Importer(2089858483,b0f066a214c2f5e87bad3c948f4d605d) (ScriptedImporter) -> (artifact id: '6672c7bea4eb93663f1ba94704417343') in 0.0146089 seconds
Number of updated asset objects reloaded before import = 0Number of asset objects unloaded after import = 1

========================================================================
Received Import Request.
  Time since last request: 0.000025 seconds.
  path: Packages/com.unity.ugui/Runtime/TMP/TMP_FontFeatureTable.cs
  artifactKey: Guid(5ea9f573d4b800a49b9d83a1f61c0a88) Importer(2089858483,b0f066a214c2f5e87bad3c948f4d605d)
Start importing Packages/com.unity.ugui/Runtime/TMP/TMP_FontFeatureTable.cs using Guid(5ea9f573d4b800a49b9d83a1f61c0a88) Importer(2089858483,b0f066a214c2f5e87bad3c948f4d605d) (ScriptedImporter) -> (artifact id: '5533ddfaf4c21c995c356535b652b231') in 0.003988 seconds
Number of updated asset objects reloaded before import = 0Number of asset objects unloaded after import = 0

========================================================================
Received Import Request.
  Time since last request: 0.000027 seconds.
  path: Packages/com.unity.ugui/Runtime/UGUI/UI/Core/CanvasUpdateRegistry.cs
  artifactKey: Guid(bfb788a43e03363419155b8af77da971) Importer(2089858483,b0f066a214c2f5e87bad3c948f4d605d)
Start importing Packages/com.unity.ugui/Runtime/UGUI/UI/Core/CanvasUpdateRegistry.cs using Guid(bfb788a43e03363419155b8af77da971) Importer(2089858483,b0f066a214c2f5e87bad3c948f4d605d) (ScriptedImporter) -> (artifact id: '74a6396eaafa5adf443e493788d05fc8') in 0.0038911 seconds
Number of updated asset objects reloaded before import = 0Number of asset objects unloaded after import = 0

========================================================================
Received Import Request.
  Time since last request: 0.000052 seconds.
  path: Packages/com.unity.ide.visualstudio/Editor/ProjectGeneration/ProjectProperties.cs
  artifactKey: Guid(fa7011e2ea1ff024083fea2179f3df08) Importer(2089858483,b0f066a214c2f5e87bad3c948f4d605d)
Start importing Packages/com.unity.ide.visualstudio/Editor/ProjectGeneration/ProjectProperties.cs using Guid(fa7011e2ea1ff024083fea2179f3df08) Importer(2089858483,b0f066a214c2f5e87bad3c948f4d605d) (ScriptedImporter) -> (artifact id: '38cda655fff8e5655fe7593839260776') in 0.0425162 seconds
Number of updated asset objects reloaded before import = 0Number of asset objects unloaded after import = 0

========================================================================
Received Import Request.
  Time since last request: 0.000034 seconds.
  path: Packages/com.unity.ugui/Runtime/UGUI/EventSystem/InputModules/StandaloneInputModule.cs
  artifactKey: Guid(4f231c4fb786f3946a6b90b886c48677) Importer(2089858483,b0f066a214c2f5e87bad3c948f4d605d)
Start importing Packages/com.unity.ugui/Runtime/UGUI/EventSystem/InputModules/StandaloneInputModule.cs using Guid(4f231c4fb786f3946a6b90b886c48677) Importer(2089858483,b0f066a214c2f5e87bad3c948f4d605d) (ScriptedImporter) -> (artifact id: 'fcb7c7fca4fd4a5e9baa7c0891ce1bf6') in 0.0079955 seconds
Number of updated asset objects reloaded before import = 0Number of asset objects unloaded after import = 0

========================================================================
Received Import Request.
  Time since last request: 0.000041 seconds.
  path: Packages/com.unity.ugui/Editor/UGUI/UI/MenuOptions.cs
  artifactKey: Guid(f867743975592a743a3581ff042bcc25) Importer(2089858483,b0f066a214c2f5e87bad3c948f4d605d)
Start importing Packages/com.unity.ugui/Editor/UGUI/UI/MenuOptions.cs using Guid(f867743975592a743a3581ff042bcc25) Importer(2089858483,b0f066a214c2f5e87bad3c948f4d605d) (ScriptedImporter) -> (artifact id: '1f99d76cf652803463bc5caebf7c1017') in 0.0045435 seconds
Number of updated asset objects reloaded before import = 0Number of asset objects unloaded after import = 0

========================================================================
Received Import Request.
  Time since last request: 0.000028 seconds.
  path: Packages/com.unity.ugui/Editor Resources/Textures/btn_AlignMiddle.psd
  artifactKey: Guid(41b96614b2e6494ba995ddcd252d11ae) Importer(2089858483,b0f066a214c2f5e87bad3c948f4d605d)
Start importing Packages/com.unity.ugui/Editor Resources/Textures/btn_AlignMiddle.psd using Guid(41b96614b2e6494ba995ddcd252d11ae) Importer(2089858483,b0f066a214c2f5e87bad3c948f4d605d) (ScriptedImporter) -> (artifact id: '8d607bb0acfd151b29fc9bbc5095ee73') in 0.0099449 seconds
Number of updated asset objects reloaded before import = 0Number of asset objects unloaded after import = 1

========================================================================
Received Import Request.
  Time since last request: 0.000028 seconds.
  path: Packages/com.unity.ugui/Runtime/UGUI/EventSystem/EventTriggerType.cs
  artifactKey: Guid(3fa274f26b1574c40b949e114327022e) Importer(2089858483,b0f066a214c2f5e87bad3c948f4d605d)
Start importing Packages/com.unity.ugui/Runtime/UGUI/EventSystem/EventTriggerType.cs using Guid(3fa274f26b1574c40b949e114327022e) Importer(2089858483,b0f066a214c2f5e87bad3c948f4d605d) (ScriptedImporter) -> (artifact id: 'cad0260d12e1dac054a8052296ae1c14') in 0.0045011 seconds
Number of updated asset objects reloaded before import = 0Number of asset objects unloaded after import = 0

========================================================================
Received Import Request.
  Time since last request: 0.000029 seconds.
  path: Packages/com.unity.ugui/Runtime/TMP/TMP_TextElement.cs
  artifactKey: Guid(543674eec776b1442a192c932e6cd9b3) Importer(2089858483,b0f066a214c2f5e87bad3c948f4d605d)
Start importing Packages/com.unity.ugui/Runtime/TMP/TMP_TextElement.cs using Guid(543674eec776b1442a192c932e6cd9b3) Importer(2089858483,b0f066a214c2f5e87bad3c948f4d605d) (ScriptedImporter) -> (artifact id: 'd91ee3daaf4920f1d6ef14a53e145104') in 0.0051542 seconds
Number of updated asset objects reloaded before import = 0Number of asset objects unloaded after import = 0

========================================================================
Received Import Request.
  Time since last request: 0.000031 seconds.
  path: Packages/com.unity.ugui/Runtime/UGUI/EventSystem/UIElements/WorldDocumentRaycaster.cs
  artifactKey: Guid(2c727e4c005e5114fb3348a38c4cebbf) Importer(2089858483,b0f066a214c2f5e87bad3c948f4d605d)
Start importing Packages/com.unity.ugui/Runtime/UGUI/EventSystem/UIElements/WorldDocumentRaycaster.cs using Guid(2c727e4c005e5114fb3348a38c4cebbf) Importer(2089858483,b0f066a214c2f5e87bad3c948f4d605d) (ScriptedImporter) -> (artifact id: '02084cc9e26c80380a4ef639786ecbbc') in 0.0049287 seconds
Number of updated asset objects reloaded before import = 0Number of asset objects unloaded after import = 0

========================================================================
Received Import Request.
  Time since last request: 0.000039 seconds.
  path: Packages/com.unity.ugui/Editor Resources/Textures/SectionHeader_Dark.psd
  artifactKey: Guid(fb5730e24283d0c489e5c7d0bee023d9) Importer(2089858483,b0f066a214c2f5e87bad3c948f4d605d)
Start importing Packages/com.unity.ugui/Editor Resources/Textures/SectionHeader_Dark.psd using Guid(fb5730e24283d0c489e5c7d0bee023d9) Importer(2089858483,b0f066a214c2f5e87bad3c948f4d605d) (ScriptedImporter) -> (artifact id: '1af6a4464699961e54b426f0c95cb118') in 0.0117925 seconds
Number of updated asset objects reloaded before import = 0Number of asset objects unloaded after import = 1

========================================================================
Received Import Request.
  Time since last request: 0.000029 seconds.
  path: Packages/com.unity.ugui/Editor/TMP/PropertyDrawers/DropdownOptionListDrawer.cs
  artifactKey: Guid(9545c9eb3bf94265810463794fec8334) Importer(2089858483,b0f066a214c2f5e87bad3c948f4d605d)
Start importing Packages/com.unity.ugui/Editor/TMP/PropertyDrawers/DropdownOptionListDrawer.cs using Guid(9545c9eb3bf94265810463794fec8334) Importer(2089858483,b0f066a214c2f5e87bad3c948f4d605d) (ScriptedImporter) -> (artifact id: '240965eb02bb27b4fb504e70966064f3') in 0.0045024 seconds
Number of updated asset objects reloaded before import = 0Number of asset objects unloaded after import = 0

========================================================================
Received Import Request.
  Time since last request: 0.000029 seconds.
  path: Packages/com.unity.ide.visualstudio/Editor/ProjectGeneration/FileIOProvider.cs
  artifactKey: Guid(ec80b1fb8938b3b4ab442d10390c5315) Importer(2089858483,b0f066a214c2f5e87bad3c948f4d605d)
Start importing Packages/com.unity.ide.visualstudio/Editor/ProjectGeneration/FileIOProvider.cs using Guid(ec80b1fb8938b3b4ab442d10390c5315) Importer(2089858483,b0f066a214c2f5e87bad3c948f4d605d) (ScriptedImporter) -> (artifact id: 'acc9a680281507b6ab777b092a80d2c4') in 0.0049083 seconds
Number of updated asset objects reloaded before import = 0Number of asset objects unloaded after import = 0

========================================================================
Received Import Request.
  Time since last request: 0.000029 seconds.
  path: Packages/com.unity.ugui/Runtime/TMP/TMP_Asset.cs
  artifactKey: Guid(3bda1886f58f4e0ab1139400b160c3ee) Importer(2089858483,b0f066a214c2f5e87bad3c948f4d605d)
Start importing Packages/com.unity.ugui/Runtime/TMP/TMP_Asset.cs using Guid(3bda1886f58f4e0ab1139400b160c3ee) Importer(2089858483,b0f066a214c2f5e87bad3c948f4d605d) (ScriptedImporter) -> (artifact id: '65f71b70d0270ad92e639188a525d77b') in 0.0046097 seconds
Number of updated asset objects reloaded before import = 0Number of asset objects unloaded after import = 0

========================================================================
Received Import Request.
  Time since last request: 0.000037 seconds.
  path: Packages/com.unity.ugui/Runtime/TMP/TMP_SpriteAsset.cs
  artifactKey: Guid(84a92b25f83d49b9bc132d206b370281) Importer(2089858483,b0f066a214c2f5e87bad3c948f4d605d)
Start importing Packages/com.unity.ugui/Runtime/TMP/TMP_SpriteAsset.cs using Guid(84a92b25f83d49b9bc132d206b370281) Importer(2089858483,b0f066a214c2f5e87bad3c948f4d605d) (ScriptedImporter) -> (artifact id: '7820037ab6cd76e43a7c30284c14feca') in 0.0055298 seconds
Number of updated asset objects reloaded before import = 0Number of asset objects unloaded after import = 1

========================================================================
Received Import Request.
  Time since last request: 0.000036 seconds.
  path: Packages/com.unity.ugui/Editor/UGUI/UI/DropdownEditor.cs
  artifactKey: Guid(05f582d4fbc8e0c40afccb76bbbe0935) Importer(2089858483,b0f066a214c2f5e87bad3c948f4d605d)
Start importing Packages/com.unity.ugui/Editor/UGUI/UI/DropdownEditor.cs using Guid(05f582d4fbc8e0c40afccb76bbbe0935) Importer(2089858483,b0f066a214c2f5e87bad3c948f4d605d) (ScriptedImporter) -> (artifact id: 'a70bb3fbb087c93d8cfaf4292cc49758') in 0.0045268 seconds
Number of updated asset objects reloaded before import = 0Number of asset objects unloaded after import = 0

========================================================================
Received Import Request.
  Time since last request: 0.000036 seconds.
  path: Packages/com.unity.ugui/Editor/TMP/TMP_PostBuildProcessHandler.cs
  artifactKey: Guid(6fdea2af3daa40fe8f88e5e9cfc17abb) Importer(2089858483,b0f066a214c2f5e87bad3c948f4d605d)
Start importing Packages/com.unity.ugui/Editor/TMP/TMP_PostBuildProcessHandler.cs using Guid(6fdea2af3daa40fe8f88e5e9cfc17abb) Importer(2089858483,b0f066a214c2f5e87bad3c948f4d605d) (ScriptedImporter) -> (artifact id: '38639a451e23470fc1283088afdb2089') in 0.0047169 seconds
Number of updated asset objects reloaded before import = 0Number of asset objects unloaded after import = 0

========================================================================
Received Import Request.
  Time since last request: 0.000030 seconds.
  path: Packages/com.unity.ide.visualstudio/Editor/ProjectGeneration/SdkStyleProjectGeneration.cs
  artifactKey: Guid(e8aed47cdce10fd4cae32fefa2c34f8f) Importer(2089858483,b0f066a214c2f5e87bad3c948f4d605d)
Start importing Packages/com.unity.ide.visualstudio/Editor/ProjectGeneration/SdkStyleProjectGeneration.cs using Guid(e8aed47cdce10fd4cae32fefa2c34f8f) Importer(2089858483,b0f066a214c2f5e87bad3c948f4d605d) (ScriptedImporter) -> (artifact id: '7f1c589c1b9b6f90a97c94df42aba254') in 0.0048271 seconds
Number of updated asset objects reloaded before import = 0Number of asset objects unloaded after import = 0

========================================================================
Received Import Request.
  Time since last request: 0.000032 seconds.
  path: Packages/com.unity.ugui/Runtime/UGUI/UI/Core/Dropdown.cs
  artifactKey: Guid(0d0b652f32a2cc243917e4028fa0f046) Importer(2089858483,b0f066a214c2f5e87bad3c948f4d605d)
Start importing Packages/com.unity.ugui/Runtime/UGUI/UI/Core/Dropdown.cs using Guid(0d0b652f32a2cc243917e4028fa0f046) Importer(2089858483,b0f066a214c2f5e87bad3c948f4d605d) (ScriptedImporter) -> (artifact id: '6f54b0f8d8ee17589be1ed151c9d0a5c') in 0.0049838 seconds
Number of updated asset objects reloaded before import = 0Number of asset objects unloaded after import = 0

========================================================================
Received Import Request.
  Time since last request: 0.000036 seconds.
  path: Packages/com.unity.ugui/Tests/Editor/UGUI/UnityEditor.UI.EditorTests.asmdef
  artifactKey: Guid(7c04f0dfa9243c04681a55d90d3ff3fc) Importer(2089858483,b0f066a214c2f5e87bad3c948f4d605d)
Start importing Packages/com.unity.ugui/Tests/Editor/UGUI/UnityEditor.UI.EditorTests.asmdef using Guid(7c04f0dfa9243c04681a55d90d3ff3fc) Importer(2089858483,b0f066a214c2f5e87bad3c948f4d605d) (ScriptedImporter) -> (artifact id: 'dcb228560874631752cbf6fff96bb2fd') in 0.00513 seconds
Number of updated asset objects reloaded before import = 0Number of asset objects unloaded after import = 1

========================================================================
Received Import Request.
  Time since last request: 0.000025 seconds.
  path: Packages/com.unity.ugui/Runtime/TMP/MaterialReferenceManager.cs
  artifactKey: Guid(11a6a034ab84493cbed6af5ae7aae78b) Importer(2089858483,b0f066a214c2f5e87bad3c948f4d605d)
Start importing Packages/com.unity.ugui/Runtime/TMP/MaterialReferenceManager.cs using Guid(11a6a034ab84493cbed6af5ae7aae78b) Importer(2089858483,b0f066a214c2f5e87bad3c948f4d605d) (ScriptedImporter) -> (artifact id: 'dd4cad14094f09832c5fd255313246fc') in 0.0049041 seconds
Number of updated asset objects reloaded before import = 0Number of asset objects unloaded after import = 0

========================================================================
Received Import Request.
  Time since last request: 0.000029 seconds.
  path: Packages/com.unity.ide.visualstudio/Editor/Messaging/Message.cs
  artifactKey: Guid(de1c9ea7b82c9904d9e5fba2ee70a998) Importer(2089858483,b0f066a214c2f5e87bad3c948f4d605d)
Start importing Packages/com.unity.ide.visualstudio/Editor/Messaging/Message.cs using Guid(de1c9ea7b82c9904d9e5fba2ee70a998) Importer(2089858483,b0f066a214c2f5e87bad3c948f4d605d) (ScriptedImporter) -> (artifact id: 'ec4db624d4ffdec452dac3cf343913bd') in 0.0046953 seconds
Number of updated asset objects reloaded before import = 0Number of asset objects unloaded after import = 0

========================================================================
Received Import Request.
  Time since last request: 0.000032 seconds.
  path: Packages/com.unity.ugui/Editor/UGUI/UI/HorizontalOrVerticalLayoutGroupEditor.cs
  artifactKey: Guid(cb319974ad8ebd44aa1e1fbb02640b5b) Importer(2089858483,b0f066a214c2f5e87bad3c948f4d605d)
Start importing Packages/com.unity.ugui/Editor/UGUI/UI/HorizontalOrVerticalLayoutGroupEditor.cs using Guid(cb319974ad8ebd44aa1e1fbb02640b5b) Importer(2089858483,b0f066a214c2f5e87bad3c948f4d605d) (ScriptedImporter) -> (artifact id: '86b01c598cd9ffb2944e92d1a26ac625') in 0.0047196 seconds
Number of updated asset objects reloaded before import = 0Number of asset objects unloaded after import = 0

========================================================================
Received Import Request.
  Time since last request: 0.000045 seconds.
  path: Packages/com.unity.ugui/Editor/TMP/TMP_SerializedPropertyHolder.cs
  artifactKey: Guid(9c4a050f089abb04ebd4125e419f4548) Importer(2089858483,b0f066a214c2f5e87bad3c948f4d605d)
Start importing Packages/com.unity.ugui/Editor/TMP/TMP_SerializedPropertyHolder.cs using Guid(9c4a050f089abb04ebd4125e419f4548) Importer(2089858483,b0f066a214c2f5e87bad3c948f4d605d) (ScriptedImporter) -> (artifact id: 'e30c21296eadc8d2a1b4375dec934c79') in 0.0056483 seconds
Number of updated asset objects reloaded before import = 0Number of asset objects unloaded after import = 0

========================================================================
Received Import Request.
  Time since last request: 0.000027 seconds.
  path: Packages/com.unity.ugui/Editor/UGUI/UI/SliderEditor.cs
  artifactKey: Guid(bc98484caab3b6d4facbcff38be93380) Importer(2089858483,b0f066a214c2f5e87bad3c948f4d605d)
Start importing Packages/com.unity.ugui/Editor/UGUI/UI/SliderEditor.cs using Guid(bc98484caab3b6d4facbcff38be93380) Importer(2089858483,b0f066a214c2f5e87bad3c948f4d605d) (ScriptedImporter) -> (artifact id: 'b489dcf02150a6a749f7fb0283a62d13') in 0.0057602 seconds
Number of updated asset objects reloaded before import = 0Number of asset objects unloaded after import = 0

========================================================================
Received Import Request.
  Time since last request: 0.000026 seconds.
  path: Packages/com.unity.collections/Unity.Collections.Tests/Jobs/NativeListDeferredArrayTests.cs
  artifactKey: Guid(5b263730bb62fa74190582398189b6f9) Importer(2089858483,b0f066a214c2f5e87bad3c948f4d605d)
Start importing Packages/com.unity.collections/Unity.Collections.Tests/Jobs/NativeListDeferredArrayTests.cs using Guid(5b263730bb62fa74190582398189b6f9) Importer(2089858483,b0f066a214c2f5e87bad3c948f4d605d) (ScriptedImporter) -> (artifact id: 'f9db9b75cb7f866ecb09d8d2ba75c4b8') in 0.0052353 seconds
Number of updated asset objects reloaded before import = 0Number of asset objects unloaded after import = 0

========================================================================
Received Import Request.
  Time since last request: 0.000035 seconds.
  path: Packages/com.unity.ugui/Tests/Runtime/UGUI/Image/TestableImage.cs
  artifactKey: Guid(9713795381722eb43b623dffba25d115) Importer(2089858483,b0f066a214c2f5e87bad3c948f4d605d)
Start importing Packages/com.unity.ugui/Tests/Runtime/UGUI/Image/TestableImage.cs using Guid(9713795381722eb43b623dffba25d115) Importer(2089858483,b0f066a214c2f5e87bad3c948f4d605d) (ScriptedImporter) -> (artifact id: 'b02778a25824b0813c89d186c6820568') in 0.0159166 seconds
Number of updated asset objects reloaded before import = 0Number of asset objects unloaded after import = 0

========================================================================
Received Import Request.
  Time since last request: 0.000041 seconds.
  path: Packages/com.unity.collections/Unity.Collections/xxHash3.AVX2.cs
  artifactKey: Guid(80ca4f6f8df346a7b0719fe317b538ac) Importer(2089858483,b0f066a214c2f5e87bad3c948f4d605d)
Start importing Packages/com.unity.collections/Unity.Collections/xxHash3.AVX2.cs using Guid(80ca4f6f8df346a7b0719fe317b538ac) Importer(2089858483,b0f066a214c2f5e87bad3c948f4d605d) (ScriptedImporter) -> (artifact id: '585a180fcda85820d66f83b5449197ba') in 0.0055185 seconds
Number of updated asset objects reloaded before import = 0Number of asset objects unloaded after import = 0

========================================================================
Received Import Request.
  Time since last request: 0.000039 seconds.
  path: Packages/com.unity.collections/Unity.Collections/NativeParallelMultiHashMap.cs
  artifactKey: Guid(1de5774def35a6642a480cfd1b8c11d7) Importer(2089858483,b0f066a214c2f5e87bad3c948f4d605d)
Start importing Packages/com.unity.collections/Unity.Collections/NativeParallelMultiHashMap.cs using Guid(1de5774def35a6642a480cfd1b8c11d7) Importer(2089858483,b0f066a214c2f5e87bad3c948f4d605d) (ScriptedImporter) -> (artifact id: 'f9b3b566e9aaaf30cd9dec49faf75853') in 0.0059518 seconds
Number of updated asset objects reloaded before import = 0Number of asset objects unloaded after import = 0

========================================================================
Received Import Request.
  Time since last request: 0.000030 seconds.
  path: Packages/com.unity.collections/pvpExceptions.json
  artifactKey: Guid(fee59c2b2318a7e4fa7a2c2af28d9553) Importer(2089858483,b0f066a214c2f5e87bad3c948f4d605d)
Start importing Packages/com.unity.collections/pvpExceptions.json using Guid(fee59c2b2318a7e4fa7a2c2af28d9553) Importer(2089858483,b0f066a214c2f5e87bad3c948f4d605d) (ScriptedImporter) -> (artifact id: 'aa72a522f6bf1daec2b454429ac499b4') in 0.0074954 seconds
Number of updated asset objects reloaded before import = 0Number of asset objects unloaded after import = 1

========================================================================
Received Import Request.
  Time since last request: 0.000035 seconds.
  path: Packages/com.unity.collections/Unity.Collections.PerformanceTests/Unity.PerformanceTesting.Benchmark/README.md
  artifactKey: Guid(2e3a7e16dc0bd2346a2514dd143105a9) Importer(2089858483,b0f066a214c2f5e87bad3c948f4d605d)
Start importing Packages/com.unity.collections/Unity.Collections.PerformanceTests/Unity.PerformanceTesting.Benchmark/README.md using Guid(2e3a7e16dc0bd2346a2514dd143105a9) Importer(2089858483,b0f066a214c2f5e87bad3c948f4d605d) (ScriptedImporter) -> (artifact id: 'b278589d1e1964be40b1874c2ae681c5') in 0.0065078 seconds
Number of updated asset objects reloaded before import = 0Number of asset objects unloaded after import = 1

========================================================================
Received Import Request.
  Time since last request: 0.000040 seconds.
  path: Packages/com.unity.collections/Unity.Collections/DebugView.cs
  artifactKey: Guid(66302e43465db41bc9a7b142b2157ac6) Importer(2089858483,b0f066a214c2f5e87bad3c948f4d605d)
Start importing Packages/com.unity.collections/Unity.Collections/DebugView.cs using Guid(66302e43465db41bc9a7b142b2157ac6) Importer(2089858483,b0f066a214c2f5e87bad3c948f4d605d) (ScriptedImporter) -> (artifact id: '97786827f66d52e4452df46df1697651') in 0.007354 seconds
Number of updated asset objects reloaded before import = 0Number of asset objects unloaded after import = 0

========================================================================
Received Import Request.
  Time since last request: 0.000061 seconds.
  path: Packages/com.unity.ugui/Runtime/UGUI/UI/Core/Layout/HorizontalOrVerticalLayoutGroup.cs
  artifactKey: Guid(a5c214e5846a99242b348c37e49b2f59) Importer(2089858483,b0f066a214c2f5e87bad3c948f4d605d)
Start importing Packages/com.unity.ugui/Runtime/UGUI/UI/Core/Layout/HorizontalOrVerticalLayoutGroup.cs using Guid(a5c214e5846a99242b348c37e49b2f59) Importer(2089858483,b0f066a214c2f5e87bad3c948f4d605d) (ScriptedImporter) -> (artifact id: '7ebcc19b51f64a3646915e51f46022f3') in 0.0063554 seconds
Number of updated asset objects reloaded before import = 0Number of asset objects unloaded after import = 0

========================================================================
Received Import Request.
  Time since last request: 0.000042 seconds.
  path: Packages/com.unity.collections/Unity.Collections/NativeText.gen.cs
  artifactKey: Guid(c96af7680ee0e6c4095162d932aadf52) Importer(2089858483,b0f066a214c2f5e87bad3c948f4d605d)
Start importing Packages/com.unity.collections/Unity.Collections/NativeText.gen.cs using Guid(c96af7680ee0e6c4095162d932aadf52) Importer(2089858483,b0f066a214c2f5e87bad3c948f4d605d) (ScriptedImporter) -> (artifact id: '7c015fb161f3b047921dc7c684a8ef67') in 0.0073206 seconds
Number of updated asset objects reloaded before import = 0Number of asset objects unloaded after import = 0

========================================================================
Received Import Request.
  Time since last request: 0.000046 seconds.
  path: Packages/com.unity.collections/Unity.Collections/UnsafeNotBurstCompatible.cs
  artifactKey: Guid(134f6a7ae57d2df4aace84c12a331f06) Importer(2089858483,b0f066a214c2f5e87bad3c948f4d605d)
Start importing Packages/com.unity.collections/Unity.Collections/UnsafeNotBurstCompatible.cs using Guid(134f6a7ae57d2df4aace84c12a331f06) Importer(2089858483,b0f066a214c2f5e87bad3c948f4d605d) (ScriptedImporter) -> (artifact id: 'cbd78b4a84c2f42a8f03ac935964c047') in 0.0056936 seconds
Number of updated asset objects reloaded before import = 0Number of asset objects unloaded after import = 0

========================================================================
Received Import Request.
  Time since last request: 0.000033 seconds.
  path: Packages/com.unity.ugui/Tests/Runtime/UGUI/EventSystem/InputModuleTests.cs
  artifactKey: Guid(e4e290d31ab7fb54880746bb8f818e0d) Importer(2089858483,b0f066a214c2f5e87bad3c948f4d605d)
Start importing Packages/com.unity.ugui/Tests/Runtime/UGUI/EventSystem/InputModuleTests.cs using Guid(e4e290d31ab7fb54880746bb8f818e0d) Importer(2089858483,b0f066a214c2f5e87bad3c948f4d605d) (ScriptedImporter) -> (artifact id: '9d3b127fd80458617d5a77d19dc3818c') in 0.005539 seconds
Number of updated asset objects reloaded before import = 0Number of asset objects unloaded after import = 0

========================================================================
Received Import Request.
  Time since last request: 0.000027 seconds.
  path: Packages/com.unity.collections/Unity.Collections.Tests/UnsafeBitArrayTests.cs
  artifactKey: Guid(71e8c199da900544d92b3155f4165bba) Importer(2089858483,b0f066a214c2f5e87bad3c948f4d605d)
Start importing Packages/com.unity.collections/Unity.Collections.Tests/UnsafeBitArrayTests.cs using Guid(71e8c199da900544d92b3155f4165bba) Importer(2089858483,b0f066a214c2f5e87bad3c948f4d605d) (ScriptedImporter) -> (artifact id: '9748bc73fe5e235694cd598fd8258239') in 0.004535 seconds
Number of updated asset objects reloaded before import = 0Number of asset objects unloaded after import = 0

========================================================================
Received Import Request.
  Time since last request: 0.000034 seconds.
  path: Packages/com.unity.collections/Unity.Collections.Tests/BitFieldTests.cs
  artifactKey: Guid(e4ba623f239d54340a5b682234f32027) Importer(2089858483,b0f066a214c2f5e87bad3c948f4d605d)
Start importing Packages/com.unity.collections/Unity.Collections.Tests/BitFieldTests.cs using Guid(e4ba623f239d54340a5b682234f32027) Importer(2089858483,b0f066a214c2f5e87bad3c948f4d605d) (ScriptedImporter) -> (artifact id: '36c97c2d186dba8cfff70b5bec75643d') in 0.0055354 seconds
Number of updated asset objects reloaded before import = 0Number of asset objects unloaded after import = 0

========================================================================
Received Import Request.
  Time since last request: 0.000045 seconds.
  path: Packages/com.unity.collections/Unity.Collections/NativeStream.cs
  artifactKey: Guid(64aa0d92f72fa4af49049126211731d0) Importer(2089858483,b0f066a214c2f5e87bad3c948f4d605d)
Start importing Packages/com.unity.collections/Unity.Collections/NativeStream.cs using Guid(64aa0d92f72fa4af49049126211731d0) Importer(2089858483,b0f066a214c2f5e87bad3c948f4d605d) (ScriptedImporter) -> (artifact id: '17f21ead607b07eea680427e5aa5e044') in 0.0049273 seconds
Number of updated asset objects reloaded before import = 0Number of asset objects unloaded after import = 0

========================================================================
Received Import Request.
  Time since last request: 0.000037 seconds.
  path: Packages/com.unity.collections/Unity.Collections/FixedList.tt
  artifactKey: Guid(f16da17e34bf5f149a196c3f6b32e37f) Importer(2089858483,b0f066a214c2f5e87bad3c948f4d605d)
Start importing Packages/com.unity.collections/Unity.Collections/FixedList.tt using Guid(f16da17e34bf5f149a196c3f6b32e37f) Importer(2089858483,b0f066a214c2f5e87bad3c948f4d605d) (ScriptedImporter) -> (artifact id: 'a475d5ac8bf944e6004ee3554ee21bcc') in 0.0083862 seconds
Number of updated asset objects reloaded before import = 0Number of asset objects unloaded after import = 1

========================================================================
Received Import Request.
  Time since last request: 0.000032 seconds.
  path: Packages/com.unity.collections/Unity.Collections.Tests.Playmode/FixedListPlaymodeTests.gen.cs
  artifactKey: Guid(4af3af31f23c85b4287da4d2acf87301) Importer(2089858483,b0f066a214c2f5e87bad3c948f4d605d)
Start importing Packages/com.unity.collections/Unity.Collections.Tests.Playmode/FixedListPlaymodeTests.gen.cs using Guid(4af3af31f23c85b4287da4d2acf87301) Importer(2089858483,b0f066a214c2f5e87bad3c948f4d605d) (ScriptedImporter) -> (artifact id: '8166f85eaf3c4a17e9747ec85dad07e0') in 0.0064694 seconds
Number of updated asset objects reloaded before import = 0Number of asset objects unloaded after import = 0

========================================================================
Received Import Request.
  Time since last request: 0.000033 seconds.
  path: Packages/com.unity.ugui/Tests/Runtime/UGUI/Graphic/MaskTests.cs
  artifactKey: Guid(b611b0a598aeada419afa9737807c598) Importer(2089858483,b0f066a214c2f5e87bad3c948f4d605d)
Start importing Packages/com.unity.ugui/Tests/Runtime/UGUI/Graphic/MaskTests.cs using Guid(b611b0a598aeada419afa9737807c598) Importer(2089858483,b0f066a214c2f5e87bad3c948f4d605d) (ScriptedImporter) -> (artifact id: 'ebd8366e5381a2d37c118aca856f81d9') in 0.0062414 seconds
Number of updated asset objects reloaded before import = 0Number of asset objects unloaded after import = 0

========================================================================
Received Import Request.
  Time since last request: 0.000054 seconds.
  path: Packages/com.unity.ugui/Tests/Runtime/UGUI/EventSystem/SelectableTests.cs
  artifactKey: Guid(39dcddcb5895328489c92214aa73e3bb) Importer(2089858483,b0f066a214c2f5e87bad3c948f4d605d)
Start importing Packages/com.unity.ugui/Tests/Runtime/UGUI/EventSystem/SelectableTests.cs using Guid(39dcddcb5895328489c92214aa73e3bb) Importer(2089858483,b0f066a214c2f5e87bad3c948f4d605d) (ScriptedImporter) -> (artifact id: 'dcab47130c09c3e2ab1ebf3430277e6f') in 0.0064237 seconds
Number of updated asset objects reloaded before import = 0Number of asset objects unloaded after import = 0

========================================================================
Received Import Request.
  Time since last request: 0.000030 seconds.
  path: Packages/com.unity.collections/Unity.Collections.Tests/NativeTextTests.cs
  artifactKey: Guid(0b998d1d480ff8743817da102884ab16) Importer(2089858483,b0f066a214c2f5e87bad3c948f4d605d)
Start importing Packages/com.unity.collections/Unity.Collections.Tests/NativeTextTests.cs using Guid(0b998d1d480ff8743817da102884ab16) Importer(2089858483,b0f066a214c2f5e87bad3c948f4d605d) (ScriptedImporter) -> (artifact id: '8e2e0dd7f0e79aa7ff92f27548d13c00') in 0.0044453 seconds
Number of updated asset objects reloaded before import = 0Number of asset objects unloaded after import = 0

========================================================================
Received Import Request.
  Time since last request: 0.000034 seconds.
  path: Packages/com.unity.collections/Unity.Collections/FixedStringInternalMethods.cs
  artifactKey: Guid(d1db1dc6fae245e9af37d2ab33aac17a) Importer(2089858483,b0f066a214c2f5e87bad3c948f4d605d)
Start importing Packages/com.unity.collections/Unity.Collections/FixedStringInternalMethods.cs using Guid(d1db1dc6fae245e9af37d2ab33aac17a) Importer(2089858483,b0f066a214c2f5e87bad3c948f4d605d) (ScriptedImporter) -> (artifact id: '65251798d459ab634d23c2779f9e7ea4') in 0.0053171 seconds
Number of updated asset objects reloaded before import = 0Number of asset objects unloaded after import = 0

========================================================================
Received Import Request.
  Time since last request: 0.000030 seconds.
  path: Packages/com.unity.collections/Unity.Collections.PerformanceTests/HashMapPerformanceTests.cs
  artifactKey: Guid(41c0417bb1f33184482fea43a7d2b5c0) Importer(2089858483,b0f066a214c2f5e87bad3c948f4d605d)
Start importing Packages/com.unity.collections/Unity.Collections.PerformanceTests/HashMapPerformanceTests.cs using Guid(41c0417bb1f33184482fea43a7d2b5c0) Importer(2089858483,b0f066a214c2f5e87bad3c948f4d605d) (ScriptedImporter) -> (artifact id: '7364723b02b5a2da9069f299b0206b29') in 0.005187 seconds
Number of updated asset objects reloaded before import = 0Number of asset objects unloaded after import = 0

========================================================================
Received Import Request.
  Time since last request: 0.000043 seconds.
  path: Packages/com.unity.mathematics/Unity.Mathematics/double3x4.gen.cs
  artifactKey: Guid(419ac95b4026548c39e12d2aa34922d6) Importer(2089858483,b0f066a214c2f5e87bad3c948f4d605d)
Start importing Packages/com.unity.mathematics/Unity.Mathematics/double3x4.gen.cs using Guid(419ac95b4026548c39e12d2aa34922d6) Importer(2089858483,b0f066a214c2f5e87bad3c948f4d605d) (ScriptedImporter) -> (artifact id: 'cf98e94cfc24bd4664b37fe4e32c8248') in 0.0065319 seconds
Number of updated asset objects reloaded before import = 0Number of asset objects unloaded after import = 0

========================================================================
Received Import Request.
  Time since last request: 0.000027 seconds.
  path: Packages/com.unity.collections/Unity.Collections/NativeQueue.cs
  artifactKey: Guid(2d8c01f04a0874c9384ae360c07d0098) Importer(2089858483,b0f066a214c2f5e87bad3c948f4d605d)
Start importing Packages/com.unity.collections/Unity.Collections/NativeQueue.cs using Guid(2d8c01f04a0874c9384ae360c07d0098) Importer(2089858483,b0f066a214c2f5e87bad3c948f4d605d) (ScriptedImporter) -> (artifact id: '4095038a518cd4a68ae04e3a71934796') in 0.0047715 seconds
Number of updated asset objects reloaded before import = 0Number of asset objects unloaded after import = 0

========================================================================
Received Import Request.
  Time since last request: 0.000044 seconds.
  path: Packages/com.unity.ugui/Tests/Runtime/UGUI/Canvas/NestedCanvas.cs
  artifactKey: Guid(fc8d686a4c18b8d49bb1db4150de0459) Importer(2089858483,b0f066a214c2f5e87bad3c948f4d605d)
Start importing Packages/com.unity.ugui/Tests/Runtime/UGUI/Canvas/NestedCanvas.cs using Guid(fc8d686a4c18b8d49bb1db4150de0459) Importer(2089858483,b0f066a214c2f5e87bad3c948f4d605d) (ScriptedImporter) -> (artifact id: '85ce36067930bf89ae86b246d1b7ee7e') in 0.0052937 seconds
Number of updated asset objects reloaded before import = 0Number of asset objects unloaded after import = 0

========================================================================
Received Import Request.
  Time since last request: 0.000030 seconds.
  path: Packages/com.unity.ugui/Runtime/UGUI/UI/Core/SpecializedCollections/IndexedSet.cs
  artifactKey: Guid(a8604e8f13b3be84b8bc0c1507d8f3f6) Importer(2089858483,b0f066a214c2f5e87bad3c948f4d605d)
Start importing Packages/com.unity.ugui/Runtime/UGUI/UI/Core/SpecializedCollections/IndexedSet.cs using Guid(a8604e8f13b3be84b8bc0c1507d8f3f6) Importer(2089858483,b0f066a214c2f5e87bad3c948f4d605d) (ScriptedImporter) -> (artifact id: '79fa16e4e16091d85eb6244ded9cf0a1') in 0.0054801 seconds
Number of updated asset objects reloaded before import = 0Number of asset objects unloaded after import = 0

========================================================================
Received Import Request.
  Time since last request: 0.000099 seconds.
  path: Packages/com.unity.collections/Unity.Collections.PerformanceTests/Unity.PerformanceTesting.Benchmark/BenchmarkAttributes.cs
  artifactKey: Guid(cded6950a1396c145bf6687a3a482b50) Importer(2089858483,b0f066a214c2f5e87bad3c948f4d605d)
Start importing Packages/com.unity.collections/Unity.Collections.PerformanceTests/Unity.PerformanceTesting.Benchmark/BenchmarkAttributes.cs using Guid(cded6950a1396c145bf6687a3a482b50) Importer(2089858483,b0f066a214c2f5e87bad3c948f4d605d) (ScriptedImporter) -> (artifact id: '397fa1582a855179dedb08d0d538ce99') in 0.0061136 seconds
Number of updated asset objects reloaded before import = 0Number of asset objects unloaded after import = 0

========================================================================
Received Import Request.
  Time since last request: 0.000034 seconds.
  path: Packages/com.unity.ugui/Tests/Runtime/UGUI/LayoutGroup/LayoutGroupArrangement.cs
  artifactKey: Guid(e9a32780b69dcdb438da3e3f43202f54) Importer(2089858483,b0f066a214c2f5e87bad3c948f4d605d)
Start importing Packages/com.unity.ugui/Tests/Runtime/UGUI/LayoutGroup/LayoutGroupArrangement.cs using Guid(e9a32780b69dcdb438da3e3f43202f54) Importer(2089858483,b0f066a214c2f5e87bad3c948f4d605d) (ScriptedImporter) -> (artifact id: 'dc84f3afdc5a6fe04f9d41fc18286a79') in 0.0055443 seconds
Number of updated asset objects reloaded before import = 0Number of asset objects unloaded after import = 0

========================================================================
Received Import Request.
  Time since last request: 0.000073 seconds.
  path: Packages/com.unity.collections/Unity.Collections/NativeParallelHashSetExtensions.gen.cs
  artifactKey: Guid(66713ae417f65c84c944fd6fa9e80129) Importer(2089858483,b0f066a214c2f5e87bad3c948f4d605d)
Start importing Packages/com.unity.collections/Unity.Collections/NativeParallelHashSetExtensions.gen.cs using Guid(66713ae417f65c84c944fd6fa9e80129) Importer(2089858483,b0f066a214c2f5e87bad3c948f4d605d) (ScriptedImporter) -> (artifact id: 'ef0697f0443df6213c919536cc82873e') in 0.0078482 seconds
Number of updated asset objects reloaded before import = 0Number of asset objects unloaded after import = 0

========================================================================
Received Import Request.
  Time since last request: 0.000029 seconds.
  path: Packages/com.unity.collections/Unity.Collections.PerformanceTests/ListPerformanceTests.cs
  artifactKey: Guid(38714c3d9f5dd4b4ba7fb2fd79dca07d) Importer(2089858483,b0f066a214c2f5e87bad3c948f4d605d)
Start importing Packages/com.unity.collections/Unity.Collections.PerformanceTests/ListPerformanceTests.cs using Guid(38714c3d9f5dd4b4ba7fb2fd79dca07d) Importer(2089858483,b0f066a214c2f5e87bad3c948f4d605d) (ScriptedImporter) -> (artifact id: '389a078c2b48ffee14cd57c981025def') in 0.0055438 seconds
Number of updated asset objects reloaded before import = 0Number of asset objects unloaded after import = 0

========================================================================
Received Import Request.
  Time since last request: 0.000044 seconds.
  path: Packages/com.unity.collections/Unity.Collections.PerformanceTests/README.md
  artifactKey: Guid(86abcf43c46cd3743bb775a4682f2d1d) Importer(2089858483,b0f066a214c2f5e87bad3c948f4d605d)
Start importing Packages/com.unity.collections/Unity.Collections.PerformanceTests/README.md using Guid(86abcf43c46cd3743bb775a4682f2d1d) Importer(2089858483,b0f066a214c2f5e87bad3c948f4d605d) (ScriptedImporter) -> (artifact id: 'f27a367b4e8e6b8f61f5726a48f11087') in 0.0074128 seconds
Number of updated asset objects reloaded before import = 0Number of asset objects unloaded after import = 1

========================================================================
Received Import Request.
  Time since last request: 0.000024 seconds.
  path: Packages/com.unity.collections/Unity.Collections.Tests/UnsafeQueueTests_InJobs.cs
  artifactKey: Guid(d35de0fc3fdf6cd4d8cc89e32adcfd92) Importer(2089858483,b0f066a214c2f5e87bad3c948f4d605d)
Start importing Packages/com.unity.collections/Unity.Collections.Tests/UnsafeQueueTests_InJobs.cs using Guid(d35de0fc3fdf6cd4d8cc89e32adcfd92) Importer(2089858483,b0f066a214c2f5e87bad3c948f4d605d) (ScriptedImporter) -> (artifact id: '71223f556dde25d31569fcfa73259c05') in 0.0050987 seconds
Number of updated asset objects reloaded before import = 0Number of asset objects unloaded after import = 0

========================================================================
Received Import Request.
  Time since last request: 0.000030 seconds.
  path: Packages/com.unity.mathematics/ValidationExceptions.json
  artifactKey: Guid(5ed727127196a4ecc90e24e2cd7af338) Importer(2089858483,b0f066a214c2f5e87bad3c948f4d605d)
Start importing Packages/com.unity.mathematics/ValidationExceptions.json using Guid(5ed727127196a4ecc90e24e2cd7af338) Importer(2089858483,b0f066a214c2f5e87bad3c948f4d605d) (ScriptedImporter) -> (artifact id: 'c5b973468b7c2b25772350700e23b8a7') in 0.0073972 seconds
Number of updated asset objects reloaded before import = 0Number of asset objects unloaded after import = 1

========================================================================
Received Import Request.
  Time since last request: 0.000030 seconds.
  path: Packages/com.unity.collections/Unity.Collections.Tests/NativeQueueTests.cs
  artifactKey: Guid(324a8ab7f6c750745ba1e7e49de993e0) Importer(2089858483,b0f066a214c2f5e87bad3c948f4d605d)
Start importing Packages/com.unity.collections/Unity.Collections.Tests/NativeQueueTests.cs using Guid(324a8ab7f6c750745ba1e7e49de993e0) Importer(2089858483,b0f066a214c2f5e87bad3c948f4d605d) (ScriptedImporter) -> (artifact id: 'a3dc5e72cac02f41cefec5fd1104e68d') in 0.0059102 seconds
Number of updated asset objects reloaded before import = 0Number of asset objects unloaded after import = 0

========================================================================
Received Import Request.
  Time since last request: 0.000041 seconds.
  path: Packages/com.unity.ugui/Tests/Runtime/UGUI/Canvas/RectMask2DReparentedToDifferentCanvas.cs
  artifactKey: Guid(2ba506934dc2ce14591a37f3b00dca92) Importer(2089858483,b0f066a214c2f5e87bad3c948f4d605d)
Start importing Packages/com.unity.ugui/Tests/Runtime/UGUI/Canvas/RectMask2DReparentedToDifferentCanvas.cs using Guid(2ba506934dc2ce14591a37f3b00dca92) Importer(2089858483,b0f066a214c2f5e87bad3c948f4d605d) (ScriptedImporter) -> (artifact id: '05c74a348d33a16c47e8ccd22410963b') in 0.0057166 seconds
Number of updated asset objects reloaded before import = 0Number of asset objects unloaded after import = 0

========================================================================
Received Import Request.
  Time since last request: 0.000028 seconds.
  path: Packages/com.unity.mathematics/Tests/Tests/Shared/TestDouble4x3.gen.cs
  artifactKey: Guid(a9a5b693ba34291418f7e9f627709a57) Importer(2089858483,b0f066a214c2f5e87bad3c948f4d605d)
Start importing Packages/com.unity.mathematics/Tests/Tests/Shared/TestDouble4x3.gen.cs using Guid(a9a5b693ba34291418f7e9f627709a57) Importer(2089858483,b0f066a214c2f5e87bad3c948f4d605d) (ScriptedImporter) -> (artifact id: '6b3b5250daf89bdf893b8c9112a7e0ab') in 0.0076401 seconds
Number of updated asset objects reloaded before import = 0Number of asset objects unloaded after import = 0

========================================================================
Received Import Request.
  Time since last request: 0.000036 seconds.
  path: Packages/com.unity.mathematics/Unity.Mathematics/Noise/cellular2D.cs
  artifactKey: Guid(7bc458fcf5f30484da36c2a11ca0c50a) Importer(2089858483,b0f066a214c2f5e87bad3c948f4d605d)
Start importing Packages/com.unity.mathematics/Unity.Mathematics/Noise/cellular2D.cs using Guid(7bc458fcf5f30484da36c2a11ca0c50a) Importer(2089858483,b0f066a214c2f5e87bad3c948f4d605d) (ScriptedImporter) -> (artifact id: '63553afd9c838c41d28c49af4f360dce') in 0.0133094 seconds
Number of updated asset objects reloaded before import = 0Number of asset objects unloaded after import = 0

========================================================================
Received Import Request.
  Time since last request: 0.000043 seconds.
  path: Packages/com.unity.searcher/Editor/Searcher/SearcherWindow.cs
  artifactKey: Guid(3fe161b2564a4d318026d694ffdb0520) Importer(2089858483,b0f066a214c2f5e87bad3c948f4d605d)
Start importing Packages/com.unity.searcher/Editor/Searcher/SearcherWindow.cs using Guid(3fe161b2564a4d318026d694ffdb0520) Importer(2089858483,b0f066a214c2f5e87bad3c948f4d605d) (ScriptedImporter) -> (artifact id: 'c908c25191e0dd959cfafb76f23577b5') in 0.008571 seconds
Number of updated asset objects reloaded before import = 0Number of asset objects unloaded after import = 0

========================================================================
Received Import Request.
  Time since last request: 0.000030 seconds.
  path: Packages/com.unity.mathematics/Tests/Tests/Shared/TestMatrix.cs
  artifactKey: Guid(6216aa8a60396374dbab4fbd185eac26) Importer(2089858483,b0f066a214c2f5e87bad3c948f4d605d)
Start importing Packages/com.unity.mathematics/Tests/Tests/Shared/TestMatrix.cs using Guid(6216aa8a60396374dbab4fbd185eac26) Importer(2089858483,b0f066a214c2f5e87bad3c948f4d605d) (ScriptedImporter) -> (artifact id: '4b6acd5423413a567e59eaec525e45bc') in 0.0059734 seconds
Number of updated asset objects reloaded before import = 0Number of asset objects unloaded after import = 0

========================================================================
Received Import Request.
  Time since last request: 0.000033 seconds.
  path: Packages/com.unity.mathematics/Tests/Tests/Shared/TestDouble3x3.gen.cs
  artifactKey: Guid(4971c82bdb64ccb49b92ffe0a2d2c59a) Importer(2089858483,b0f066a214c2f5e87bad3c948f4d605d)
Start importing Packages/com.unity.mathematics/Tests/Tests/Shared/TestDouble3x3.gen.cs using Guid(4971c82bdb64ccb49b92ffe0a2d2c59a) Importer(2089858483,b0f066a214c2f5e87bad3c948f4d605d) (ScriptedImporter) -> (artifact id: '7838f15e560b44ee6e70ea41c2c0a534') in 0.0202283 seconds
Number of updated asset objects reloaded before import = 0Number of asset objects unloaded after import = 0

========================================================================
Received Import Request.
  Time since last request: 0.000051 seconds.
  path: Packages/com.unity.mathematics/Unity.Mathematics/rigid_transform.cs
  artifactKey: Guid(790a4c601e5714c18971af51ef3cbe71) Importer(2089858483,b0f066a214c2f5e87bad3c948f4d605d)
Start importing Packages/com.unity.mathematics/Unity.Mathematics/rigid_transform.cs using Guid(790a4c601e5714c18971af51ef3cbe71) Importer(2089858483,b0f066a214c2f5e87bad3c948f4d605d) (ScriptedImporter) -> (artifact id: 'b9d54a31fb7b558899e04ca3d2ef2fdc') in 0.00718 seconds
Number of updated asset objects reloaded before import = 0Number of asset objects unloaded after import = 0

========================================================================
Received Import Request.
  Time since last request: 0.000023 seconds.
  path: Packages/com.unity.searcher/Editor/Resources/FlatSkin/Font/Roboto-LightItalic.ttf
  artifactKey: Guid(5e63515167650a541b309ba3bfd4db3d) Importer(2089858483,b0f066a214c2f5e87bad3c948f4d605d)
Start importing Packages/com.unity.searcher/Editor/Resources/FlatSkin/Font/Roboto-LightItalic.ttf using Guid(5e63515167650a541b309ba3bfd4db3d) Importer(2089858483,b0f066a214c2f5e87bad3c948f4d605d) (ScriptedImporter) -> (artifact id: '5614d9d73a695da94f273a8227457ce7') in 0.0173415 seconds
Number of updated asset objects reloaded before import = 0Number of asset objects unloaded after import = 3

========================================================================
Received Import Request.
  Time since last request: 0.000029 seconds.
  path: Packages/com.unity.mathematics/Tests/Tests/Shared/TestFloat4x3.gen.cs
  artifactKey: Guid(d5d74a51bcf6045408a569332921009f) Importer(2089858483,b0f066a214c2f5e87bad3c948f4d605d)
Start importing Packages/com.unity.mathematics/Tests/Tests/Shared/TestFloat4x3.gen.cs using Guid(d5d74a51bcf6045408a569332921009f) Importer(2089858483,b0f066a214c2f5e87bad3c948f4d605d) (ScriptedImporter) -> (artifact id: '85e01de0a13cd12eed4a920400f4ce12') in 0.0044186 seconds
Number of updated asset objects reloaded before import = 0Number of asset objects unloaded after import = 0

========================================================================
Received Import Request.
  Time since last request: 0.000025 seconds.
  path: Packages/com.unity.mathematics/Unity.Mathematics/Noise/classicnoise4D.cs
  artifactKey: Guid(283464e0e530a4cdfbf4fae82efed3e3) Importer(2089858483,b0f066a214c2f5e87bad3c948f4d605d)
Start importing Packages/com.unity.mathematics/Unity.Mathematics/Noise/classicnoise4D.cs using Guid(283464e0e530a4cdfbf4fae82efed3e3) Importer(2089858483,b0f066a214c2f5e87bad3c948f4d605d) (ScriptedImporter) -> (artifact id: 'b39854226982358fb19079ea4cfbcfb2') in 0.0046434 seconds
Number of updated asset objects reloaded before import = 0Number of asset objects unloaded after import = 0

========================================================================
Received Import Request.
  Time since last request: 0.000034 seconds.
  path: Packages/com.unity.nuget.mono-cecil/Third Party Notices.md
  artifactKey: Guid(192a998b912484856a34120268cfbfc9) Importer(2089858483,b0f066a214c2f5e87bad3c948f4d605d)
Start importing Packages/com.unity.nuget.mono-cecil/Third Party Notices.md using Guid(192a998b912484856a34120268cfbfc9) Importer(2089858483,b0f066a214c2f5e87bad3c948f4d605d) (ScriptedImporter) -> (artifact id: '926f4a3cea62ddd1e6fb3db489a96f85') in 0.0044679 seconds
Number of updated asset objects reloaded before import = 0Number of asset objects unloaded after import = 1

========================================================================
Received Import Request.
  Time since last request: 0.000029 seconds.
  path: Packages/com.unity.mathematics/Tests/Tests/Shared/TestBool2.gen.cs
  artifactKey: Guid(fc335ab357eef1346a23bc792570d94e) Importer(2089858483,b0f066a214c2f5e87bad3c948f4d605d)
Start importing Packages/com.unity.mathematics/Tests/Tests/Shared/TestBool2.gen.cs using Guid(fc335ab357eef1346a23bc792570d94e) Importer(2089858483,b0f066a214c2f5e87bad3c948f4d605d) (ScriptedImporter) -> (artifact id: '181df50aa9b2ed0623d3c8e9ede8512a') in 0.0049173 seconds
Number of updated asset objects reloaded before import = 0Number of asset objects unloaded after import = 0

========================================================================
Received Import Request.
  Time since last request: 0.000029 seconds.
  path: Packages/com.unity.searcher/Tests/Editor/Unity.Searcher.EditorTests.asmdef
  artifactKey: Guid(432b70115e987f44abb984cfe7de384f) Importer(2089858483,b0f066a214c2f5e87bad3c948f4d605d)
Start importing Packages/com.unity.searcher/Tests/Editor/Unity.Searcher.EditorTests.asmdef using Guid(432b70115e987f44abb984cfe7de384f) Importer(2089858483,b0f066a214c2f5e87bad3c948f4d605d) (ScriptedImporter) -> (artifact id: 'f83290b44db53ca642f8bc1eb95302ae') in 0.0057297 seconds
Number of updated asset objects reloaded before import = 0Number of asset objects unloaded after import = 1

========================================================================
Received Import Request.
  Time since last request: 0.000029 seconds.
  path: Packages/com.unity.mathematics/Unity.Mathematics/matrix.cs
  artifactKey: Guid(e378472eca9810946b664b8ff70f4edf) Importer(2089858483,b0f066a214c2f5e87bad3c948f4d605d)
Start importing Packages/com.unity.mathematics/Unity.Mathematics/matrix.cs using Guid(e378472eca9810946b664b8ff70f4edf) Importer(2089858483,b0f066a214c2f5e87bad3c948f4d605d) (ScriptedImporter) -> (artifact id: 'f162e316b85eb3082ffb292109db58da') in 0.0057727 seconds
Number of updated asset objects reloaded before import = 0Number of asset objects unloaded after import = 0

========================================================================
Received Import Request.
  Time since last request: 0.000045 seconds.
  path: Packages/com.unity.mathematics/Tests/Tests/Shared/TestUint4x3.gen.cs
  artifactKey: Guid(2459d4a10dea40e469cb5f05b3fa80c2) Importer(2089858483,b0f066a214c2f5e87bad3c948f4d605d)
Start importing Packages/com.unity.mathematics/Tests/Tests/Shared/TestUint4x3.gen.cs using Guid(2459d4a10dea40e469cb5f05b3fa80c2) Importer(2089858483,b0f066a214c2f5e87bad3c948f4d605d) (ScriptedImporter) -> (artifact id: 'a006f8924ffb020decc91e72020ca870') in 0.0050686 seconds
Number of updated asset objects reloaded before import = 0Number of asset objects unloaded after import = 0

========================================================================
Received Import Request.
  Time since last request: 0.000024 seconds.
  path: Packages/com.unity.mathematics/Tests/Tests/Shared/TestBitmanipulation.cs
  artifactKey: Guid(e5e8e2bd97f047f4aa27c8449c8844a2) Importer(2089858483,b0f066a214c2f5e87bad3c948f4d605d)
Start importing Packages/com.unity.mathematics/Tests/Tests/Shared/TestBitmanipulation.cs using Guid(e5e8e2bd97f047f4aa27c8449c8844a2) Importer(2089858483,b0f066a214c2f5e87bad3c948f4d605d) (ScriptedImporter) -> (artifact id: 'f206fe5ba9b094b5906e4d190292e6a8') in 0.0045724 seconds
Number of updated asset objects reloaded before import = 0Number of asset objects unloaded after import = 0

========================================================================
Received Import Request.
  Time since last request: 0.000030 seconds.
  path: Packages/com.unity.mathematics/Unity.Mathematics/float4x2.gen.cs
  artifactKey: Guid(2a2cb705f8c4d45e8ba95502e037109b) Importer(2089858483,b0f066a214c2f5e87bad3c948f4d605d)
Start importing Packages/com.unity.mathematics/Unity.Mathematics/float4x2.gen.cs using Guid(2a2cb705f8c4d45e8ba95502e037109b) Importer(2089858483,b0f066a214c2f5e87bad3c948f4d605d) (ScriptedImporter) -> (artifact id: '59d9428adb9e4b563c25ca666965a538') in 0.0058106 seconds
Number of updated asset objects reloaded before import = 0Number of asset objects unloaded after import = 0

========================================================================
Received Import Request.
  Time since last request: 0.000025 seconds.
  path: Packages/com.unity.mathematics/Tests/Tests/Shared/TestMinMaxAABB.cs
  artifactKey: Guid(ff79137b66b3348278b1936f9080f495) Importer(2089858483,b0f066a214c2f5e87bad3c948f4d605d)
Start importing Packages/com.unity.mathematics/Tests/Tests/Shared/TestMinMaxAABB.cs using Guid(ff79137b66b3348278b1936f9080f495) Importer(2089858483,b0f066a214c2f5e87bad3c948f4d605d) (ScriptedImporter) -> (artifact id: 'e9f1824e2f74c42d683791f39ba57981') in 0.0057103 seconds
Number of updated asset objects reloaded before import = 0Number of asset objects unloaded after import = 0

========================================================================
Received Import Request.
  Time since last request: 0.000035 seconds.
  path: Packages/com.unity.mathematics/Unity.Mathematics/Noise/cellular2x2x2.cs
  artifactKey: Guid(4d0dbb238670f4580aa39c5272c2911c) Importer(2089858483,b0f066a214c2f5e87bad3c948f4d605d)
Start importing Packages/com.unity.mathematics/Unity.Mathematics/Noise/cellular2x2x2.cs using Guid(4d0dbb238670f4580aa39c5272c2911c) Importer(2089858483,b0f066a214c2f5e87bad3c948f4d605d) (ScriptedImporter) -> (artifact id: '35b630a640988fff742f239f9e3757ee') in 0.0068655 seconds
Number of updated asset objects reloaded before import = 0Number of asset objects unloaded after import = 0

========================================================================
Received Import Request.
  Time since last request: 0.000038 seconds.
  path: Packages/com.unity.mathematics/Unity.Mathematics/uint4x3.gen.cs
  artifactKey: Guid(8178bb4bab5354260979dd1f191c22ca) Importer(2089858483,b0f066a214c2f5e87bad3c948f4d605d)
Start importing Packages/com.unity.mathematics/Unity.Mathematics/uint4x3.gen.cs using Guid(8178bb4bab5354260979dd1f191c22ca) Importer(2089858483,b0f066a214c2f5e87bad3c948f4d605d) (ScriptedImporter) -> (artifact id: '1a11b1730954f9a0412d63d65f7a20e8') in 0.006439 seconds
Number of updated asset objects reloaded before import = 0Number of asset objects unloaded after import = 0

========================================================================
Received Import Request.
  Time since last request: 0.000033 seconds.
  path: Packages/com.unity.nuget.mono-cecil/Tests/Editor/MonoCecilEditorTests.cs
  artifactKey: Guid(2d0dcfb487a314b6e9f87af7a2280043) Importer(2089858483,b0f066a214c2f5e87bad3c948f4d605d)
Start importing Packages/com.unity.nuget.mono-cecil/Tests/Editor/MonoCecilEditorTests.cs using Guid(2d0dcfb487a314b6e9f87af7a2280043) Importer(2089858483,b0f066a214c2f5e87bad3c948f4d605d) (ScriptedImporter) -> (artifact id: '682624172c8f393acb3a162a05ac8b8e') in 0.0372218 seconds
Number of updated asset objects reloaded before import = 0Number of asset objects unloaded after import = 0

========================================================================
Received Import Request.
  Time since last request: 0.000036 seconds.
  path: Packages/com.unity.searcher/Editor/Resources/FlatSkin/SearchSmallDownOn@2x.png
  artifactKey: Guid(c5b36095078d8694ba9e3ae3fd867b2e) Importer(2089858483,b0f066a214c2f5e87bad3c948f4d605d)
Start importing Packages/com.unity.searcher/Editor/Resources/FlatSkin/SearchSmallDownOn@2x.png using Guid(c5b36095078d8694ba9e3ae3fd867b2e) Importer(2089858483,b0f066a214c2f5e87bad3c948f4d605d) (ScriptedImporter) -> (artifact id: 'dcb33c058341787e4b46b3bc2cb2339a') in 0.0161698 seconds
Number of updated asset objects reloaded before import = 0Number of asset objects unloaded after import = 1

========================================================================
Received Import Request.
  Time since last request: 0.000056 seconds.
  path: Packages/com.unity.modules.screencapture/package.ModuleCompilationTrigger
  artifactKey: Guid(cd561f5f687aed43bf280c27a84f79e3) Importer(2089858483,b0f066a214c2f5e87bad3c948f4d605d)
Start importing Packages/com.unity.modules.screencapture/package.ModuleCompilationTrigger using Guid(cd561f5f687aed43bf280c27a84f79e3) Importer(2089858483,b0f066a214c2f5e87bad3c948f4d605d) (ScriptedImporter) -> (artifact id: '52cab8caa89def97b015d4743715d236') in 0.005925 seconds
Number of updated asset objects reloaded before import = 0Number of asset objects unloaded after import = 1

========================================================================
Received Import Request.
  Time since last request: 0.000031 seconds.
  path: Packages/com.unity.ugui/Tests/Runtime/UGUI/Util/GraphicTestHelper.cs
  artifactKey: Guid(621a76c0c3927aa45aba7d2ad0c8e1c8) Importer(2089858483,b0f066a214c2f5e87bad3c948f4d605d)
Start importing Packages/com.unity.ugui/Tests/Runtime/UGUI/Util/GraphicTestHelper.cs using Guid(621a76c0c3927aa45aba7d2ad0c8e1c8) Importer(2089858483,b0f066a214c2f5e87bad3c948f4d605d) (ScriptedImporter) -> (artifact id: '4b48cd98718f4d14a106bdd961d3eade') in 0.0063592 seconds
Number of updated asset objects reloaded before import = 0Number of asset objects unloaded after import = 0

========================================================================
Received Import Request.
  Time since last request: 0.000032 seconds.
  path: Packages/com.unity.searcher/Editor/Searcher/SearcherTreeUtility.cs
  artifactKey: Guid(ab5bbe7300c57674db945e46e17a4630) Importer(2089858483,b0f066a214c2f5e87bad3c948f4d605d)
Start importing Packages/com.unity.searcher/Editor/Searcher/SearcherTreeUtility.cs using Guid(ab5bbe7300c57674db945e46e17a4630) Importer(2089858483,b0f066a214c2f5e87bad3c948f4d605d) (ScriptedImporter) -> (artifact id: 'd03e0e38338f485aa847f6305e4b522a') in 0.0095344 seconds
Number of updated asset objects reloaded before import = 0Number of asset objects unloaded after import = 0

========================================================================
Received Import Request.
  Time since last request: 0.000038 seconds.
  path: Packages/com.unity.collections/Unity.Collections/UnsafeScratchAllocator.cs
  artifactKey: Guid(24459080b05524c1ab8f3f7ed129e765) Importer(2089858483,b0f066a214c2f5e87bad3c948f4d605d)
Start importing Packages/com.unity.collections/Unity.Collections/UnsafeScratchAllocator.cs using Guid(24459080b05524c1ab8f3f7ed129e765) Importer(2089858483,b0f066a214c2f5e87bad3c948f4d605d) (ScriptedImporter) -> (artifact id: '2804486635f7600a3b6f574517820536') in 0.013416 seconds
Number of updated asset objects reloaded before import = 0Number of asset objects unloaded after import = 0

========================================================================
Received Import Request.
  Time since last request: 0.000042 seconds.
  path: Packages/com.unity.ugui/Runtime/TMP/TextMeshProUGUI.cs
  artifactKey: Guid(f4688fdb7df04437aeb418b961361dc5) Importer(2089858483,b0f066a214c2f5e87bad3c948f4d605d)
Start importing Packages/com.unity.ugui/Runtime/TMP/TextMeshProUGUI.cs using Guid(f4688fdb7df04437aeb418b961361dc5) Importer(2089858483,b0f066a214c2f5e87bad3c948f4d605d) (ScriptedImporter) -> (artifact id: '0e2c575e7b87e5239744292f135ec3f1') in 0.0128795 seconds
Number of updated asset objects reloaded before import = 0Number of asset objects unloaded after import = 1

========================================================================
Received Import Request.
  Time since last request: 0.000045 seconds.
  path: Packages/com.unity.ugui/Tests/Runtime/UGUI/Util/PrivateFieldSetter.cs
  artifactKey: Guid(ea944378afa086f438b3352ad7b0e835) Importer(2089858483,b0f066a214c2f5e87bad3c948f4d605d)
Start importing Packages/com.unity.ugui/Tests/Runtime/UGUI/Util/PrivateFieldSetter.cs using Guid(ea944378afa086f438b3352ad7b0e835) Importer(2089858483,b0f066a214c2f5e87bad3c948f4d605d) (ScriptedImporter) -> (artifact id: '2ebba491b0d07f55ffa0b7ed548a6a16') in 0.0116609 seconds
Number of updated asset objects reloaded before import = 0Number of asset objects unloaded after import = 0

========================================================================
Received Import Request.
  Time since last request: 0.000092 seconds.
  path: Packages/com.unity.ugui/Editor/TMP/TMP_BitmapShaderGUI.cs
  artifactKey: Guid(806de5a9211448c8b65c8435ebb48dd4) Importer(2089858483,b0f066a214c2f5e87bad3c948f4d605d)
Start importing Packages/com.unity.ugui/Editor/TMP/TMP_BitmapShaderGUI.cs using Guid(806de5a9211448c8b65c8435ebb48dd4) Importer(2089858483,b0f066a214c2f5e87bad3c948f4d605d) (ScriptedImporter) -> (artifact id: '339ffc92effdd6ec1b117f7ee1478680') in 0.0159703 seconds
Number of updated asset objects reloaded before import = 0Number of asset objects unloaded after import = 0

========================================================================
Received Import Request.
  Time since last request: 0.000034 seconds.
  path: Packages/com.unity.render-pipelines.core/Editor/Debugging/DebugUIHandlerCanvasEditor.cs
  artifactKey: Guid(f1d41f85c15ac6048a850b51ff36c098) Importer(2089858483,b0f066a214c2f5e87bad3c948f4d605d)
Start importing Packages/com.unity.render-pipelines.core/Editor/Debugging/DebugUIHandlerCanvasEditor.cs using Guid(f1d41f85c15ac6048a850b51ff36c098) Importer(2089858483,b0f066a214c2f5e87bad3c948f4d605d) (ScriptedImporter) -> (artifact id: '9c1e81ef2aebeb108064352737be971e') in 0.0088514 seconds
Number of updated asset objects reloaded before import = 0Number of asset objects unloaded after import = 0

========================================================================
Received Import Request.
  Time since last request: 0.000282 seconds.
  path: Packages/com.unity.render-pipelines.core/Editor/Lighting/LightAnchorHandles.cs
  artifactKey: Guid(64259aeba8ab2c340a3a3a81caebee7d) Importer(2089858483,b0f066a214c2f5e87bad3c948f4d605d)
Start importing Packages/com.unity.render-pipelines.core/Editor/Lighting/LightAnchorHandles.cs using Guid(64259aeba8ab2c340a3a3a81caebee7d) Importer(2089858483,b0f066a214c2f5e87bad3c948f4d605d) (ScriptedImporter) -> (artifact id: '42ba89ff9c64ccc10ae97d7f9b996d12') in 0.0160058 seconds
Number of updated asset objects reloaded before import = 0Number of asset objects unloaded after import = 0

========================================================================
Received Import Request.
  Time since last request: 0.000032 seconds.
  path: Packages/com.unity.render-pipelines.core/Editor/ICoreRenderPipelinePreferencesProvider.cs
  artifactKey: Guid(097dbb6933d598544930378228f8b423) Importer(2089858483,b0f066a214c2f5e87bad3c948f4d605d)
Start importing Packages/com.unity.render-pipelines.core/Editor/ICoreRenderPipelinePreferencesProvider.cs using Guid(097dbb6933d598544930378228f8b423) Importer(2089858483,b0f066a214c2f5e87bad3c948f4d605d) (ScriptedImporter) -> (artifact id: 'adc61a93f14bfd4ea25196a487b6a33d') in 0.0064707 seconds
Number of updated asset objects reloaded before import = 0Number of asset objects unloaded after import = 0

========================================================================
Received Import Request.
  Time since last request: 0.000028 seconds.
  path: Packages/com.unity.render-pipelines.core/ShaderLibrary/Unity.RenderPipelines.Core.ShaderLibrary.asmdef
  artifactKey: Guid(46a67ded66a63de48b9329c593fc08de) Importer(2089858483,b0f066a214c2f5e87bad3c948f4d605d)
Start importing Packages/com.unity.render-pipelines.core/ShaderLibrary/Unity.RenderPipelines.Core.ShaderLibrary.asmdef using Guid(46a67ded66a63de48b9329c593fc08de) Importer(2089858483,b0f066a214c2f5e87bad3c948f4d605d) (ScriptedImporter) -> (artifact id: '460cf484d2a087a0fc581fc8022ee6f7') in 0.0066329 seconds
Number of updated asset objects reloaded before import = 0Number of asset objects unloaded after import = 1

========================================================================
Received Import Request.
  Time since last request: 0.000029 seconds.
  path: Packages/com.unity.modules.adaptiveperformance/package.json
  artifactKey: Guid(4c413a81cadcce7038e446e56570117e) Importer(2089858483,b0f066a214c2f5e87bad3c948f4d605d)
Start importing Packages/com.unity.modules.adaptiveperformance/package.json using Guid(4c413a81cadcce7038e446e56570117e) Importer(2089858483,b0f066a214c2f5e87bad3c948f4d605d) (ScriptedImporter) -> (artifact id: '38fc04d16ec1da8a16912dce5e6fbdec') in 0.0053572 seconds
Number of updated asset objects reloaded before import = 0Number of asset objects unloaded after import = 1

========================================================================
Received Import Request.
  Time since last request: 0.000037 seconds.
  path: Packages/com.unity.render-pipelines.core/ShaderLibrary/GeometricTools.hlsl
  artifactKey: Guid(eebfba22df48acf4b978d98000cb10e6) Importer(2089858483,b0f066a214c2f5e87bad3c948f4d605d)
Start importing Packages/com.unity.render-pipelines.core/ShaderLibrary/GeometricTools.hlsl using Guid(eebfba22df48acf4b978d98000cb10e6) Importer(2089858483,b0f066a214c2f5e87bad3c948f4d605d) (ScriptedImporter) -> (artifact id: '38af3c3c0331beb54cc39933b3ab022f') in 0.0062241 seconds
Number of updated asset objects reloaded before import = 0Number of asset objects unloaded after import = 1

========================================================================
Received Import Request.
  Time since last request: 0.000030 seconds.
  path: Packages/com.unity.render-pipelines.core/Editor/SerializedPropertyExtension.cs
  artifactKey: Guid(867080e20dd74324299ec0ac8f95d246) Importer(2089858483,b0f066a214c2f5e87bad3c948f4d605d)
Start importing Packages/com.unity.render-pipelines.core/Editor/SerializedPropertyExtension.cs using Guid(867080e20dd74324299ec0ac8f95d246) Importer(2089858483,b0f066a214c2f5e87bad3c948f4d605d) (ScriptedImporter) -> (artifact id: 'fd9c0e8aadc646495cc220c33817363d') in 0.0061057 seconds
Number of updated asset objects reloaded before import = 0Number of asset objects unloaded after import = 0

========================================================================
Received Import Request.
  Time since last request: 0.000074 seconds.
  path: Packages/com.unity.render-pipelines.core/Editor/Lighting/IESReader.cs
  artifactKey: Guid(28e75f38a2dd403448c94e1663867a24) Importer(2089858483,b0f066a214c2f5e87bad3c948f4d605d)
Start importing Packages/com.unity.render-pipelines.core/Editor/Lighting/IESReader.cs using Guid(28e75f38a2dd403448c94e1663867a24) Importer(2089858483,b0f066a214c2f5e87bad3c948f4d605d) (ScriptedImporter) -> (artifact id: '80867627a5a64e9343f00ce0238d4be7') in 0.0048874 seconds
Number of updated asset objects reloaded before import = 0Number of asset objects unloaded after import = 0

========================================================================
Received Import Request.
  Time since last request: 0.000025 seconds.
  path: Packages/com.unity.render-pipelines.core/ShaderLibrary/FoveatedRenderingKeywords.hlsl
  artifactKey: Guid(c32bc6ee3c5a47b5829b4db408c79d3b) Importer(2089858483,b0f066a214c2f5e87bad3c948f4d605d)
Start importing Packages/com.unity.render-pipelines.core/ShaderLibrary/FoveatedRenderingKeywords.hlsl using Guid(c32bc6ee3c5a47b5829b4db408c79d3b) Importer(2089858483,b0f066a214c2f5e87bad3c948f4d605d) (ScriptedImporter) -> (artifact id: '20d5b2b74d48d4fef263aa69a38560c4') in 0.004843 seconds
Number of updated asset objects reloaded before import = 0Number of asset objects unloaded after import = 1

========================================================================
Received Import Request.
  Time since last request: 0.000030 seconds.
  path: Packages/com.unity.ugui/Editor/TMP/TMP_EditorResourceManager.cs
  artifactKey: Guid(6b259c4003a802847b9ada90744e34c5) Importer(2089858483,b0f066a214c2f5e87bad3c948f4d605d)
Start importing Packages/com.unity.ugui/Editor/TMP/TMP_EditorResourceManager.cs using Guid(6b259c4003a802847b9ada90744e34c5) Importer(2089858483,b0f066a214c2f5e87bad3c948f4d605d) (ScriptedImporter) -> (artifact id: '1d968c09bc7a15dd690024ed935dd334') in 0.0051832 seconds
Number of updated asset objects reloaded before import = 0Number of asset objects unloaded after import = 0

========================================================================
Received Import Request.
  Time since last request: 0.000034 seconds.
  path: Packages/com.unity.ugui/Runtime/TMP/TMP_ColorGradient.cs
  artifactKey: Guid(54d21f6ece3b46479f0c328f8c6007e0) Importer(2089858483,b0f066a214c2f5e87bad3c948f4d605d)
Start importing Packages/com.unity.ugui/Runtime/TMP/TMP_ColorGradient.cs using Guid(54d21f6ece3b46479f0c328f8c6007e0) Importer(2089858483,b0f066a214c2f5e87bad3c948f4d605d) (ScriptedImporter) -> (artifact id: '2442d9aff7158e5cbc977ddf0b32d2bc') in 0.0056087 seconds
Number of updated asset objects reloaded before import = 0Number of asset objects unloaded after import = 0

========================================================================
Received Import Request.
  Time since last request: 0.000029 seconds.
  path: Packages/com.unity.render-pipelines.core/ShaderLibrary/UnityInstancing.hlsl
  artifactKey: Guid(e1cfc5ca61db3d448825f316ff92cb0b) Importer(2089858483,b0f066a214c2f5e87bad3c948f4d605d)
Start importing Packages/com.unity.render-pipelines.core/ShaderLibrary/UnityInstancing.hlsl using Guid(e1cfc5ca61db3d448825f316ff92cb0b) Importer(2089858483,b0f066a214c2f5e87bad3c948f4d605d) (ScriptedImporter) -> (artifact id: 'cc1e6c6f9936116d586f19587d3eca9c') in 0.0055369 seconds
Number of updated asset objects reloaded before import = 0Number of asset objects unloaded after import = 1

========================================================================
Received Import Request.
  Time since last request: 0.000024 seconds.
  path: Packages/com.unity.mathematics/Unity.Mathematics/float4x4.gen.cs
  artifactKey: Guid(53454a4b51c974a438994628ac5767e2) Importer(2089858483,b0f066a214c2f5e87bad3c948f4d605d)
Start importing Packages/com.unity.mathematics/Unity.Mathematics/float4x4.gen.cs using Guid(53454a4b51c974a438994628ac5767e2) Importer(2089858483,b0f066a214c2f5e87bad3c948f4d605d) (ScriptedImporter) -> (artifact id: 'a6288238c9b9c86a4b0cfb1b2313b392') in 0.0051634 seconds
Number of updated asset objects reloaded before import = 0Number of asset objects unloaded after import = 0

========================================================================
Received Import Request.
  Time since last request: 0.000035 seconds.
  path: Packages/com.unity.mathematics/Unity.Mathematics/int3.gen.cs
  artifactKey: Guid(87ec2d8734054e84fa6976e8e8d4decf) Importer(2089858483,b0f066a214c2f5e87bad3c948f4d605d)
Start importing Packages/com.unity.mathematics/Unity.Mathematics/int3.gen.cs using Guid(87ec2d8734054e84fa6976e8e8d4decf) Importer(2089858483,b0f066a214c2f5e87bad3c948f4d605d) (ScriptedImporter) -> (artifact id: '48f42608f58796eda2988cedf42fc3b4') in 0.0050596 seconds
Number of updated asset objects reloaded before import = 0Number of asset objects unloaded after import = 0

========================================================================
Received Import Request.
  Time since last request: 0.000044 seconds.
  path: Packages/com.unity.ide.visualstudio/Editor/ProjectGeneration/ProjectGeneration.cs
  artifactKey: Guid(9f3705b95d031e84c82f140d8e980867) Importer(2089858483,b0f066a214c2f5e87bad3c948f4d605d)
Start importing Packages/com.unity.ide.visualstudio/Editor/ProjectGeneration/ProjectGeneration.cs using Guid(9f3705b95d031e84c82f140d8e980867) Importer(2089858483,b0f066a214c2f5e87bad3c948f4d605d) (ScriptedImporter) -> (artifact id: 'cdbb63a9af0d1948fa11e9e3a2be545a') in 0.0051438 seconds
Number of updated asset objects reloaded before import = 0Number of asset objects unloaded after import = 0

========================================================================
Received Import Request.
  Time since last request: 0.000026 seconds.
  path: Packages/com.unity.collections/Unity.Collections/UnsafeQueue.cs
  artifactKey: Guid(b89b706c47817bc418a5eef9afcb3219) Importer(2089858483,b0f066a214c2f5e87bad3c948f4d605d)
Start importing Packages/com.unity.collections/Unity.Collections/UnsafeQueue.cs using Guid(b89b706c47817bc418a5eef9afcb3219) Importer(2089858483,b0f066a214c2f5e87bad3c948f4d605d) (ScriptedImporter) -> (artifact id: 'e1a983d68bd1a510dd244d67a03c04bc') in 0.0052627 seconds
Number of updated asset objects reloaded before import = 0Number of asset objects unloaded after import = 0

========================================================================
Received Import Request.
  Time since last request: 0.000025 seconds.
  path: Packages/com.unity.collections/Unity.Collections.Tests/NativeHashMapTests.cs
  artifactKey: Guid(cfd952b600713ff42a2db6d5c8228f8c) Importer(2089858483,b0f066a214c2f5e87bad3c948f4d605d)
Start importing Packages/com.unity.collections/Unity.Collections.Tests/NativeHashMapTests.cs using Guid(cfd952b600713ff42a2db6d5c8228f8c) Importer(2089858483,b0f066a214c2f5e87bad3c948f4d605d) (ScriptedImporter) -> (artifact id: '965140e1c12e1ca6f3bef76d9e23f5f2') in 0.0049978 seconds
Number of updated asset objects reloaded before import = 0Number of asset objects unloaded after import = 0

========================================================================
Received Import Request.
  Time since last request: 0.000025 seconds.
  path: Packages/com.unity.ide.visualstudio/Editor/ProjectGeneration/GeneratorFactory.cs
  artifactKey: Guid(c94f13e05ef0a7a49bdd39f197f39e5e) Importer(2089858483,b0f066a214c2f5e87bad3c948f4d605d)
Start importing Packages/com.unity.ide.visualstudio/Editor/ProjectGeneration/GeneratorFactory.cs using Guid(c94f13e05ef0a7a49bdd39f197f39e5e) Importer(2089858483,b0f066a214c2f5e87bad3c948f4d605d) (ScriptedImporter) -> (artifact id: '47034ecf11c805d681516d90926093a4') in 0.0047906 seconds
Number of updated asset objects reloaded before import = 0Number of asset objects unloaded after import = 0

========================================================================
Received Import Request.
  Time since last request: 0.000027 seconds.
  path: Packages/com.unity.render-pipelines.core/ShaderLibrary/CommonMaterial.hlsl
  artifactKey: Guid(540178d5ddc29e74da771e38536aee22) Importer(2089858483,b0f066a214c2f5e87bad3c948f4d605d)
Start importing Packages/com.unity.render-pipelines.core/ShaderLibrary/CommonMaterial.hlsl using Guid(540178d5ddc29e74da771e38536aee22) Importer(2089858483,b0f066a214c2f5e87bad3c948f4d605d) (ScriptedImporter) -> (artifact id: '840743505ba0dee3d8a0472ef027fb18') in 0.0048466 seconds
Number of updated asset objects reloaded before import = 0Number of asset objects unloaded after import = 1

========================================================================
Received Import Request.
  Time since last request: 0.000034 seconds.
  path: Packages/com.unity.collections/Unity.Collections/Jobs/EarlyInitHelpers.cs
  artifactKey: Guid(05a99ad2800ad2f49b22ab35d999bfc7) Importer(2089858483,b0f066a214c2f5e87bad3c948f4d605d)
Start importing Packages/com.unity.collections/Unity.Collections/Jobs/EarlyInitHelpers.cs using Guid(05a99ad2800ad2f49b22ab35d999bfc7) Importer(2089858483,b0f066a214c2f5e87bad3c948f4d605d) (ScriptedImporter) -> (artifact id: '8c3f9d2d0c85c11b2e82cfe91777a7b1') in 0.0048508 seconds
Number of updated asset objects reloaded before import = 0Number of asset objects unloaded after import = 0

========================================================================
Received Import Request.
  Time since last request: 0.000019 seconds.
  path: Packages/com.unity.ugui/Editor/TMP/PropertyDrawers/TMP_SpriteCharacterPropertyDrawer.cs
  artifactKey: Guid(37cff9f5a86ae494c8cb04423580480d) Importer(2089858483,b0f066a214c2f5e87bad3c948f4d605d)
Start importing Packages/com.unity.ugui/Editor/TMP/PropertyDrawers/TMP_SpriteCharacterPropertyDrawer.cs using Guid(37cff9f5a86ae494c8cb04423580480d) Importer(2089858483,b0f066a214c2f5e87bad3c948f4d605d) (ScriptedImporter) -> (artifact id: '5a5fb80c3fba0fb8abc7f70195b788c2') in 0.0046313 seconds
Number of updated asset objects reloaded before import = 0Number of asset objects unloaded after import = 0

========================================================================
Received Import Request.
  Time since last request: 0.000025 seconds.
  path: Packages/com.unity.ugui/Editor/TMP/TMP_EditorPanel.cs
  artifactKey: Guid(34f6695d37a94370a3697f6b068f5d5e) Importer(2089858483,b0f066a214c2f5e87bad3c948f4d605d)
Start importing Packages/com.unity.ugui/Editor/TMP/TMP_EditorPanel.cs using Guid(34f6695d37a94370a3697f6b068f5d5e) Importer(2089858483,b0f066a214c2f5e87bad3c948f4d605d) (ScriptedImporter) -> (artifact id: '2d473794974293d9ee5997dd11a553e1') in 0.0047169 seconds
Number of updated asset objects reloaded before import = 0Number of asset objects unloaded after import = 0

========================================================================
Received Import Request.
  Time since last request: 0.000024 seconds.
  path: Packages/com.unity.ugui/Tests/Runtime/UGUI/ScrollRect/ScrollRectScale.cs
  artifactKey: Guid(e9cac674d67385249b2805670e618c24) Importer(2089858483,b0f066a214c2f5e87bad3c948f4d605d)
Start importing Packages/com.unity.ugui/Tests/Runtime/UGUI/ScrollRect/ScrollRectScale.cs using Guid(e9cac674d67385249b2805670e618c24) Importer(2089858483,b0f066a214c2f5e87bad3c948f4d605d) (ScriptedImporter) -> (artifact id: 'c111ada1b62951b80b5d3d5ee21ace52') in 0.0046049 seconds
Number of updated asset objects reloaded before import = 0Number of asset objects unloaded after import = 0

========================================================================
Received Import Request.
  Time since last request: 0.000026 seconds.
  path: Packages/com.unity.searcher/Editor/Resources/Searcher.uss
  artifactKey: Guid(4deaa574907fd7647ab0d5bff0e9ba24) Importer(2089858483,b0f066a214c2f5e87bad3c948f4d605d)
Start importing Packages/com.unity.searcher/Editor/Resources/Searcher.uss using Guid(4deaa574907fd7647ab0d5bff0e9ba24) Importer(2089858483,b0f066a214c2f5e87bad3c948f4d605d) (ScriptedImporter) -> (artifact id: '685b3d4dd111baba49e202540b81659e') in 0.0076954 seconds
Number of updated asset objects reloaded before import = 0Number of asset objects unloaded after import = 1

========================================================================
Received Import Request.
  Time since last request: 0.000027 seconds.
  path: Packages/com.unity.render-pipelines.core/ShaderLibrary/EntityLighting.hlsl
  artifactKey: Guid(0303be75670325342b4bf5697686e77b) Importer(2089858483,b0f066a214c2f5e87bad3c948f4d605d)
Start importing Packages/com.unity.render-pipelines.core/ShaderLibrary/EntityLighting.hlsl using Guid(0303be75670325342b4bf5697686e77b) Importer(2089858483,b0f066a214c2f5e87bad3c948f4d605d) (ScriptedImporter) -> (artifact id: '8db05c93a7b6739e80e3e268be6a06d5') in 0.0049665 seconds
Number of updated asset objects reloaded before import = 0Number of asset objects unloaded after import = 1

========================================================================
Received Import Request.
  Time since last request: 0.000026 seconds.
  path: Packages/com.unity.searcher/ValidationExceptions.json
  artifactKey: Guid(8a0fd4a8e3885488e9afc7e5e7ead9c6) Importer(2089858483,b0f066a214c2f5e87bad3c948f4d605d)
Start importing Packages/com.unity.searcher/ValidationExceptions.json using Guid(8a0fd4a8e3885488e9afc7e5e7ead9c6) Importer(2089858483,b0f066a214c2f5e87bad3c948f4d605d) (ScriptedImporter) -> (artifact id: '370a3a059c3cdabca05c5a56b58a8092') in 0.004737 seconds
Number of updated asset objects reloaded before import = 0Number of asset objects unloaded after import = 1

========================================================================
Received Import Request.
  Time since last request: 0.000024 seconds.
  path: Packages/com.unity.ugui/Runtime/TMP/TMP_TextUtilities.cs
  artifactKey: Guid(4f0ca6874aa74540bb3d4fe5a0f86bcc) Importer(2089858483,b0f066a214c2f5e87bad3c948f4d605d)
Start importing Packages/com.unity.ugui/Runtime/TMP/TMP_TextUtilities.cs using Guid(4f0ca6874aa74540bb3d4fe5a0f86bcc) Importer(2089858483,b0f066a214c2f5e87bad3c948f4d605d) (ScriptedImporter) -> (artifact id: '0238833e71468887b3cfd81b959840d8') in 0.0047639 seconds
Number of updated asset objects reloaded before import = 0Number of asset objects unloaded after import = 0

========================================================================
Received Import Request.
  Time since last request: 0.000022 seconds.
  path: Packages/com.unity.ugui/Tests/Runtime/UGUI/Dropdown/DropdownTests.cs
  artifactKey: Guid(358a618bc6bd9354d81cc206fd2ed80e) Importer(2089858483,b0f066a214c2f5e87bad3c948f4d605d)
Start importing Packages/com.unity.ugui/Tests/Runtime/UGUI/Dropdown/DropdownTests.cs using Guid(358a618bc6bd9354d81cc206fd2ed80e) Importer(2089858483,b0f066a214c2f5e87bad3c948f4d605d) (ScriptedImporter) -> (artifact id: '334e4e089cf5c8ea71a2de845a9af990') in 0.0045436 seconds
Number of updated asset objects reloaded before import = 0Number of asset objects unloaded after import = 0

========================================================================
Received Import Request.
  Time since last request: 0.000022 seconds.
  path: Packages/com.unity.ugui/Tests/Runtime/UGUI/Canvas/CanvasGroupInheritedAlpha.cs
  artifactKey: Guid(a14a59f2a5c757e469c3e4e17b798c2e) Importer(2089858483,b0f066a214c2f5e87bad3c948f4d605d)
Start importing Packages/com.unity.ugui/Tests/Runtime/UGUI/Canvas/CanvasGroupInheritedAlpha.cs using Guid(a14a59f2a5c757e469c3e4e17b798c2e) Importer(2089858483,b0f066a214c2f5e87bad3c948f4d605d) (ScriptedImporter) -> (artifact id: 'abb98fb453dfec2cee958a5e5bbb9ed3') in 0.0047222 seconds
Number of updated asset objects reloaded before import = 0Number of asset objects unloaded after import = 0

========================================================================
Received Import Request.
  Time since last request: 0.000033 seconds.
  path: Packages/com.unity.ugui/Editor Resources/Gizmos/TMP - Text Component Icon.psd
  artifactKey: Guid(2fd6421f253b4ef1a19526541f9ffc0c) Importer(2089858483,b0f066a214c2f5e87bad3c948f4d605d)
Start importing Packages/com.unity.ugui/Editor Resources/Gizmos/TMP - Text Component Icon.psd using Guid(2fd6421f253b4ef1a19526541f9ffc0c) Importer(2089858483,b0f066a214c2f5e87bad3c948f4d605d) (ScriptedImporter) -> (artifact id: 'cd39fc6b9e2b01eb2a079533d7ed0c8a') in 0.0115119 seconds
Number of updated asset objects reloaded before import = 0Number of asset objects unloaded after import = 1

========================================================================
Received Import Request.
  Time since last request: 0.000024 seconds.
  path: Packages/com.unity.collections/Unity.Collections/NativeText.tt
  artifactKey: Guid(50504580bca9eb0409fcceea1af68eb5) Importer(2089858483,b0f066a214c2f5e87bad3c948f4d605d)
Start importing Packages/com.unity.collections/Unity.Collections/NativeText.tt using Guid(50504580bca9eb0409fcceea1af68eb5) Importer(2089858483,b0f066a214c2f5e87bad3c948f4d605d) (ScriptedImporter) -> (artifact id: '2a075b79e1e26401f27fe76e22568e2a') in 0.0047763 seconds
Number of updated asset objects reloaded before import = 0Number of asset objects unloaded after import = 1

========================================================================
Received Import Request.
  Time since last request: 0.000025 seconds.
  path: Packages/com.unity.collections/Unity.Collections.PerformanceTests/UnsafeListPerformanceTests.cs
  artifactKey: Guid(b672a3eb87f4b4445a169c2d003fcbd3) Importer(2089858483,b0f066a214c2f5e87bad3c948f4d605d)
Start importing Packages/com.unity.collections/Unity.Collections.PerformanceTests/UnsafeListPerformanceTests.cs using Guid(b672a3eb87f4b4445a169c2d003fcbd3) Importer(2089858483,b0f066a214c2f5e87bad3c948f4d605d) (ScriptedImporter) -> (artifact id: 'c479019b915e47d7f9c774288d42e016') in 0.0047117 seconds
Number of updated asset objects reloaded before import = 0Number of asset objects unloaded after import = 0

========================================================================
Received Import Request.
  Time since last request: 0.000025 seconds.
  path: Packages/com.unity.ugui/Editor Resources/Textures/btn_AlignMidLine.psd
  artifactKey: Guid(c2f7f6a88b4c4f20a53deb72f3d9144c) Importer(2089858483,b0f066a214c2f5e87bad3c948f4d605d)
Start importing Packages/com.unity.ugui/Editor Resources/Textures/btn_AlignMidLine.psd using Guid(c2f7f6a88b4c4f20a53deb72f3d9144c) Importer(2089858483,b0f066a214c2f5e87bad3c948f4d605d) (ScriptedImporter) -> (artifact id: '315ccae53e75a9d6361541bbcb6bebba') in 0.0121399 seconds
Number of updated asset objects reloaded before import = 0Number of asset objects unloaded after import = 1

========================================================================
Received Import Request.
  Time since last request: 0.000027 seconds.
  path: Packages/com.unity.modules.adaptiveperformance/package.ModuleCompilationTrigger
  artifactKey: Guid(1af35a910338381f753e8a985eb5daab) Importer(2089858483,b0f066a214c2f5e87bad3c948f4d605d)
Start importing Packages/com.unity.modules.adaptiveperformance/package.ModuleCompilationTrigger using Guid(1af35a910338381f753e8a985eb5daab) Importer(2089858483,b0f066a214c2f5e87bad3c948f4d605d) (ScriptedImporter) -> (artifact id: '794cfe60e209cd29d6e0e596785478e7') in 0.0044801 seconds
Number of updated asset objects reloaded before import = 0Number of asset objects unloaded after import = 1

========================================================================
Received Import Request.
  Time since last request: 0.000032 seconds.
  path: Packages/com.unity.ugui/Editor Resources/Textures/btn_AlignMidline_Light.psd
  artifactKey: Guid(bb42b2d967d6427983c901a4ffc8ecd9) Importer(2089858483,b0f066a214c2f5e87bad3c948f4d605d)
Start importing Packages/com.unity.ugui/Editor Resources/Textures/btn_AlignMidline_Light.psd using Guid(bb42b2d967d6427983c901a4ffc8ecd9) Importer(2089858483,b0f066a214c2f5e87bad3c948f4d605d) (ScriptedImporter) -> (artifact id: '1c9e8a494bbf6e18615e16f7747ce2e7') in 0.0103088 seconds
Number of updated asset objects reloaded before import = 0Number of asset objects unloaded after import = 1

========================================================================
Received Import Request.
  Time since last request: 0.000026 seconds.
  path: Packages/com.unity.mathematics/Tests/Tests/Shared/TestMath.cs
  artifactKey: Guid(4fca0e2ff0321404da5c0ab527bdc756) Importer(2089858483,b0f066a214c2f5e87bad3c948f4d605d)
Start importing Packages/com.unity.mathematics/Tests/Tests/Shared/TestMath.cs using Guid(4fca0e2ff0321404da5c0ab527bdc756) Importer(2089858483,b0f066a214c2f5e87bad3c948f4d605d) (ScriptedImporter) -> (artifact id: '54edd93d08c05d0d49a0814b08320f50') in 0.0047831 seconds
Number of updated asset objects reloaded before import = 0Number of asset objects unloaded after import = 0

========================================================================
Received Import Request.
  Time since last request: 0.000026 seconds.
  path: Packages/com.unity.mathematics/Tests/Tests/TestRandom.cs
  artifactKey: Guid(ec2e0d8c659a52a45b0bd4f7a3d3981a) Importer(2089858483,b0f066a214c2f5e87bad3c948f4d605d)
Start importing Packages/com.unity.mathematics/Tests/Tests/TestRandom.cs using Guid(ec2e0d8c659a52a45b0bd4f7a3d3981a) Importer(2089858483,b0f066a214c2f5e87bad3c948f4d605d) (ScriptedImporter) -> (artifact id: '2249f9d70f1a28a055518c7835addbf5') in 0.004707 seconds
Number of updated asset objects reloaded before import = 0Number of asset objects unloaded after import = 0

========================================================================
Received Import Request.
  Time since last request: 0.000024 seconds.
  path: Packages/com.unity.render-pipelines.core/Editor/InspectorCurveEditor.cs
  artifactKey: Guid(513fb6069b4efa74ea0f21f894eed362) Importer(2089858483,b0f066a214c2f5e87bad3c948f4d605d)
Start importing Packages/com.unity.render-pipelines.core/Editor/InspectorCurveEditor.cs using Guid(513fb6069b4efa74ea0f21f894eed362) Importer(2089858483,b0f066a214c2f5e87bad3c948f4d605d) (ScriptedImporter) -> (artifact id: '9d8cb7977f38960378a0e42d8addf010') in 0.0048755 seconds
Number of updated asset objects reloaded before import = 0Number of asset objects unloaded after import = 0

========================================================================
Received Import Request.
  Time since last request: 0.000034 seconds.
  path: Packages/com.unity.mathematics/Unity.Mathematics.Editor/QuaternionDrawer.cs
  artifactKey: Guid(b78c76192c2e742779541501cfe4ca76) Importer(2089858483,b0f066a214c2f5e87bad3c948f4d605d)
Start importing Packages/com.unity.mathematics/Unity.Mathematics.Editor/QuaternionDrawer.cs using Guid(b78c76192c2e742779541501cfe4ca76) Importer(2089858483,b0f066a214c2f5e87bad3c948f4d605d) (ScriptedImporter) -> (artifact id: '57cdeaf7a722981fcc5f802a9603198b') in 0.0056596 seconds
Number of updated asset objects reloaded before import = 0Number of asset objects unloaded after import = 0

========================================================================
Received Import Request.
  Time since last request: 0.000039 seconds.
  path: Packages/com.unity.collections/Unity.Collections.PerformanceTests/UnsafeStreamPerformanceTests.cs
  artifactKey: Guid(c36ef913bacb15447a97002bb91c9870) Importer(2089858483,b0f066a214c2f5e87bad3c948f4d605d)
Start importing Packages/com.unity.collections/Unity.Collections.PerformanceTests/UnsafeStreamPerformanceTests.cs using Guid(c36ef913bacb15447a97002bb91c9870) Importer(2089858483,b0f066a214c2f5e87bad3c948f4d605d) (ScriptedImporter) -> (artifact id: 'fd23d60226533ea52d714d5949906e29') in 0.0050271 seconds
Number of updated asset objects reloaded before import = 0Number of asset objects unloaded after import = 0

========================================================================
Received Import Request.
  Time since last request: 0.000024 seconds.
  path: Packages/com.unity.render-pipelines.core/Editor/Gizmo/GizmoUtility.cs
  artifactKey: Guid(13d32c9cdf2984447b4802095ce716ae) Importer(2089858483,b0f066a214c2f5e87bad3c948f4d605d)
Start importing Packages/com.unity.render-pipelines.core/Editor/Gizmo/GizmoUtility.cs using Guid(13d32c9cdf2984447b4802095ce716ae) Importer(2089858483,b0f066a214c2f5e87bad3c948f4d605d) (ScriptedImporter) -> (artifact id: '93481643d88a7ee97b6f66bf99393d8c') in 0.0051894 seconds
Number of updated asset objects reloaded before import = 0Number of asset objects unloaded after import = 0

========================================================================
Received Import Request.
  Time since last request: 0.000026 seconds.
  path: Packages/com.unity.render-pipelines.core/Editor/Lighting/IESImporter.cs
  artifactKey: Guid(9801397f829a1ed42984340315cbf362) Importer(2089858483,b0f066a214c2f5e87bad3c948f4d605d)
Start importing Packages/com.unity.render-pipelines.core/Editor/Lighting/IESImporter.cs using Guid(9801397f829a1ed42984340315cbf362) Importer(2089858483,b0f066a214c2f5e87bad3c948f4d605d) (ScriptedImporter) -> (artifact id: 'be651687b61278c322470036a84a2d8c') in 0.00527 seconds
Number of updated asset objects reloaded before import = 0Number of asset objects unloaded after import = 0

========================================================================
Received Import Request.
  Time since last request: 0.000033 seconds.
  path: Packages/com.unity.ugui/Editor/UGUI/UI/PropertyDrawers/AnimationTriggersDrawer.cs
  artifactKey: Guid(c18288a8d31fc9043a807ee8a9f1ae64) Importer(2089858483,b0f066a214c2f5e87bad3c948f4d605d)
Start importing Packages/com.unity.ugui/Editor/UGUI/UI/PropertyDrawers/AnimationTriggersDrawer.cs using Guid(c18288a8d31fc9043a807ee8a9f1ae64) Importer(2089858483,b0f066a214c2f5e87bad3c948f4d605d) (ScriptedImporter) -> (artifact id: 'd55a98a2091460ef82a3775c238f4f49') in 0.0086912 seconds
Number of updated asset objects reloaded before import = 0Number of asset objects unloaded after import = 0

========================================================================
Received Import Request.
  Time since last request: 0.000189 seconds.
  path: Packages/com.unity.render-pipelines.core/Editor/HeaderFoldout.cs
  artifactKey: Guid(37dd9d7e334016b42b990e47ccd58688) Importer(2089858483,b0f066a214c2f5e87bad3c948f4d605d)
Start importing Packages/com.unity.render-pipelines.core/Editor/HeaderFoldout.cs using Guid(37dd9d7e334016b42b990e47ccd58688) Importer(2089858483,b0f066a214c2f5e87bad3c948f4d605d) (ScriptedImporter) -> (artifact id: '5e4180e4ff982f7636e45a780dafeb48') in 0.0068346 seconds
Number of updated asset objects reloaded before import = 0Number of asset objects unloaded after import = 0

========================================================================
Received Import Request.
  Time since last request: 0.000040 seconds.
  path: Packages/com.unity.render-pipelines.core/Runtime/Sampling/Hashes.hlsl
  artifactKey: Guid(ba9242b5d88ccf2489a51d94185a1300) Importer(2089858483,b0f066a214c2f5e87bad3c948f4d605d)
Start importing Packages/com.unity.render-pipelines.core/Runtime/Sampling/Hashes.hlsl using Guid(ba9242b5d88ccf2489a51d94185a1300) Importer(2089858483,b0f066a214c2f5e87bad3c948f4d605d) (ScriptedImporter) -> (artifact id: 'b712ba0c134ac6e906fc7b4ca19735f9') in 0.0060416 seconds
Number of updated asset objects reloaded before import = 0Number of asset objects unloaded after import = 1

========================================================================
Received Import Request.
  Time since last request: 0.000028 seconds.
  path: Packages/com.unity.render-pipelines.core/Runtime/Debugging/DebugManager.Actions.cs
  artifactKey: Guid(b9ea0a15a47dead4ebc52bd3f7a926c1) Importer(2089858483,b0f066a214c2f5e87bad3c948f4d605d)
Start importing Packages/com.unity.render-pipelines.core/Runtime/Debugging/DebugManager.Actions.cs using Guid(b9ea0a15a47dead4ebc52bd3f7a926c1) Importer(2089858483,b0f066a214c2f5e87bad3c948f4d605d) (ScriptedImporter) -> (artifact id: 'e79c389c9eaffe46bae95b5105f735da') in 0.0053037 seconds
Number of updated asset objects reloaded before import = 0Number of asset objects unloaded after import = 0

========================================================================
Received Import Request.
  Time since last request: 0.000020 seconds.
  path: Packages/com.unity.render-pipelines.core/Runtime/Common/CoreAttributes.cs
  artifactKey: Guid(07346c0b2cba0214f8f27c46ec2dd613) Importer(2089858483,b0f066a214c2f5e87bad3c948f4d605d)
Start importing Packages/com.unity.render-pipelines.core/Runtime/Common/CoreAttributes.cs using Guid(07346c0b2cba0214f8f27c46ec2dd613) Importer(2089858483,b0f066a214c2f5e87bad3c948f4d605d) (ScriptedImporter) -> (artifact id: '5254e3d1e291a826b84154b1a8236d26') in 0.0060642 seconds
Number of updated asset objects reloaded before import = 0Number of asset objects unloaded after import = 0

========================================================================
Received Import Request.
  Time since last request: 0.000027 seconds.
  path: Packages/com.unity.render-pipelines.core/Editor/PostProcessing/LensFlareEditor.cs
  artifactKey: Guid(f9c70a18f33000140b98877df32d3c63) Importer(2089858483,b0f066a214c2f5e87bad3c948f4d605d)
Start importing Packages/com.unity.render-pipelines.core/Editor/PostProcessing/LensFlareEditor.cs using Guid(f9c70a18f33000140b98877df32d3c63) Importer(2089858483,b0f066a214c2f5e87bad3c948f4d605d) (ScriptedImporter) -> (artifact id: '610af6955b9cc4eb2debba75bf7d7b32') in 0.0049526 seconds
Number of updated asset objects reloaded before import = 0Number of asset objects unloaded after import = 0

========================================================================
Received Import Request.
  Time since last request: 0.000036 seconds.
  path: Packages/com.unity.render-pipelines.core/Runtime/CommandBuffers/IRasterCommandBuffer.cs
  artifactKey: Guid(7e05bed69cf53a5439ed1acb56d7bbbd) Importer(2089858483,b0f066a214c2f5e87bad3c948f4d605d)
Start importing Packages/com.unity.render-pipelines.core/Runtime/CommandBuffers/IRasterCommandBuffer.cs using Guid(7e05bed69cf53a5439ed1acb56d7bbbd) Importer(2089858483,b0f066a214c2f5e87bad3c948f4d605d) (ScriptedImporter) -> (artifact id: 'e698ba9b8ab280b34a3c6fec6790410d') in 0.004834 seconds
Number of updated asset objects reloaded before import = 0Number of asset objects unloaded after import = 0

========================================================================
Received Import Request.
  Time since last request: 0.000024 seconds.
  path: Packages/com.unity.render-pipelines.core/Runtime/Debugging/DebugDisplaySettings.cs
  artifactKey: Guid(c4e8d2f4fab62224f8d693e15696410e) Importer(2089858483,b0f066a214c2f5e87bad3c948f4d605d)
Start importing Packages/com.unity.render-pipelines.core/Runtime/Debugging/DebugDisplaySettings.cs using Guid(c4e8d2f4fab62224f8d693e15696410e) Importer(2089858483,b0f066a214c2f5e87bad3c948f4d605d) (ScriptedImporter) -> (artifact id: 'ffaac781b1d30af445006659759231c9') in 0.0048941 seconds
Number of updated asset objects reloaded before import = 0Number of asset objects unloaded after import = 0

========================================================================
Received Import Request.
  Time since last request: 0.000021 seconds.
  path: Packages/com.unity.render-pipelines.core/Runtime/RenderPipeline/RenderPipelineGlobalSettingsUtils.cs
  artifactKey: Guid(7f7239a21a2f6a24cb33f14a1b761706) Importer(2089858483,b0f066a214c2f5e87bad3c948f4d605d)
Start importing Packages/com.unity.render-pipelines.core/Runtime/RenderPipeline/RenderPipelineGlobalSettingsUtils.cs using Guid(7f7239a21a2f6a24cb33f14a1b761706) Importer(2089858483,b0f066a214c2f5e87bad3c948f4d605d) (ScriptedImporter) -> (artifact id: 'c8f923f5a19c0dbb1cca44832d52028f') in 0.0049954 seconds
Number of updated asset objects reloaded before import = 0Number of asset objects unloaded after import = 0

========================================================================
Received Import Request.
  Time since last request: 0.000024 seconds.
  path: Packages/com.unity.render-pipelines.core/Runtime/GPUDriven/OcclusionCullingCommon.cs
  artifactKey: Guid(ec1ae020bebf201478636c2123e2dde8) Importer(2089858483,b0f066a214c2f5e87bad3c948f4d605d)
Start importing Packages/com.unity.render-pipelines.core/Runtime/GPUDriven/OcclusionCullingCommon.cs using Guid(ec1ae020bebf201478636c2123e2dde8) Importer(2089858483,b0f066a214c2f5e87bad3c948f4d605d) (ScriptedImporter) -> (artifact id: '2de0cedde7bd4fb392cc707decfa59e8') in 0.0050185 seconds
Number of updated asset objects reloaded before import = 0Number of asset objects unloaded after import = 0

========================================================================
Received Import Request.
  Time since last request: 0.000030 seconds.
  path: Packages/com.unity.render-pipelines.core/Runtime/Common/CommonStructs.cs
  artifactKey: Guid(df81bb6ebd9587b4a87f9974080eebf1) Importer(2089858483,b0f066a214c2f5e87bad3c948f4d605d)
Start importing Packages/com.unity.render-pipelines.core/Runtime/Common/CommonStructs.cs using Guid(df81bb6ebd9587b4a87f9974080eebf1) Importer(2089858483,b0f066a214c2f5e87bad3c948f4d605d) (ScriptedImporter) -> (artifact id: '7ddd008bf5f06cfab5521c5158a40db9') in 0.0051655 seconds
Number of updated asset objects reloaded before import = 0Number of asset objects unloaded after import = 0

========================================================================
Received Import Request.
  Time since last request: 0.000033 seconds.
  path: Packages/com.unity.render-pipelines.core/Runtime/Sampling/Common.hlsl
  artifactKey: Guid(91796a9618276ff42930ee05801207aa) Importer(2089858483,b0f066a214c2f5e87bad3c948f4d605d)
Start importing Packages/com.unity.render-pipelines.core/Runtime/Sampling/Common.hlsl using Guid(91796a9618276ff42930ee05801207aa) Importer(2089858483,b0f066a214c2f5e87bad3c948f4d605d) (ScriptedImporter) -> (artifact id: 'ffd45ad7851330fdc14a23dd988ad627') in 0.0046311 seconds
Number of updated asset objects reloaded before import = 0Number of asset objects unloaded after import = 1

========================================================================
Received Import Request.
  Time since last request: 0.000031 seconds.
  path: Packages/com.unity.render-pipelines.core/Editor/UXML/RenderPipelineGlobalSettings.uxml
  artifactKey: Guid(d8d5beb40e5c9f94f95d805868251329) Importer(2089858483,b0f066a214c2f5e87bad3c948f4d605d)
Start importing Packages/com.unity.render-pipelines.core/Editor/UXML/RenderPipelineGlobalSettings.uxml using Guid(d8d5beb40e5c9f94f95d805868251329) Importer(2089858483,b0f066a214c2f5e87bad3c948f4d605d) (ScriptedImporter) -> (artifact id: '7b8068708f06b2a8c11aee8bf4471b76') in 0.071784 seconds
Number of updated asset objects reloaded before import = 0Number of asset objects unloaded after import = 4

========================================================================
Received Import Request.
  Time since last request: 0.000028 seconds.
  path: Packages/com.unity.render-pipelines.core/Editor/Utilities/LocalizationHelper.cs
  artifactKey: Guid(be7a7d4a589240ca90e5fa75520baf83) Importer(2089858483,b0f066a214c2f5e87bad3c948f4d605d)
Start importing Packages/com.unity.render-pipelines.core/Editor/Utilities/LocalizationHelper.cs using Guid(be7a7d4a589240ca90e5fa75520baf83) Importer(2089858483,b0f066a214c2f5e87bad3c948f4d605d) (ScriptedImporter) -> (artifact id: 'afa61f3e09580305a9e30ccdb5d94001') in 0.0049341 seconds
Number of updated asset objects reloaded before import = 0Number of asset objects unloaded after import = 0

========================================================================
Received Import Request.
  Time since last request: 0.000028 seconds.
  path: Packages/com.unity.render-pipelines.core/Editor/UXML/DefaultVolumeProfileEditor.uxml
  artifactKey: Guid(d0b4821bb729cd24fbbe0af5feaa73ab) Importer(2089858483,b0f066a214c2f5e87bad3c948f4d605d)
Start importing Packages/com.unity.render-pipelines.core/Editor/UXML/DefaultVolumeProfileEditor.uxml using Guid(d0b4821bb729cd24fbbe0af5feaa73ab) Importer(2089858483,b0f066a214c2f5e87bad3c948f4d605d) (ScriptedImporter) -> (artifact id: '99b5547509c5c32f3902027f4a02de06') in 0.0093248 seconds
Number of updated asset objects reloaded before import = 0Number of asset objects unloaded after import = 3

========================================================================
Received Import Request.
  Time since last request: 0.000033 seconds.
  path: Packages/com.unity.render-pipelines.core/Runtime/Debugging/MousePositionDebug.cs
  artifactKey: Guid(16870bb28557a8f4182d1c8191e951a5) Importer(2089858483,b0f066a214c2f5e87bad3c948f4d605d)
Start importing Packages/com.unity.render-pipelines.core/Runtime/Debugging/MousePositionDebug.cs using Guid(16870bb28557a8f4182d1c8191e951a5) Importer(2089858483,b0f066a214c2f5e87bad3c948f4d605d) (ScriptedImporter) -> (artifact id: 'dc6cdf4b0b2fdfa4ae3bc504a5f676fa') in 0.0054407 seconds
Number of updated asset objects reloaded before import = 0Number of asset objects unloaded after import = 0

========================================================================
Received Import Request.
  Time since last request: 0.000027 seconds.
  path: Packages/com.unity.render-pipelines.core/Editor/Utilities/SerializedBitArray.deprecated.cs
  artifactKey: Guid(6ad0ab18133a3b54ebaba4af2b423f17) Importer(2089858483,b0f066a214c2f5e87bad3c948f4d605d)
Start importing Packages/com.unity.render-pipelines.core/Editor/Utilities/SerializedBitArray.deprecated.cs using Guid(6ad0ab18133a3b54ebaba4af2b423f17) Importer(2089858483,b0f066a214c2f5e87bad3c948f4d605d) (ScriptedImporter) -> (artifact id: '0258a0e59d82add9d5bcd0ec767f2860') in 0.0053138 seconds
Number of updated asset objects reloaded before import = 0Number of asset objects unloaded after import = 0

========================================================================
Received Import Request.
  Time since last request: 0.000020 seconds.
  path: Packages/com.unity.render-pipelines.core/Runtime/RenderPipeline/RenderPipelineGraphicsSettingsContainer.cs
  artifactKey: Guid(a457613483325e44f9323e681f6ea59d) Importer(2089858483,b0f066a214c2f5e87bad3c948f4d605d)
Start importing Packages/com.unity.render-pipelines.core/Runtime/RenderPipeline/RenderPipelineGraphicsSettingsContainer.cs using Guid(a457613483325e44f9323e681f6ea59d) Importer(2089858483,b0f066a214c2f5e87bad3c948f4d605d) (ScriptedImporter) -> (artifact id: '10ee46ab4b5e75956561ecbbcb24df37') in 0.0048574 seconds
Number of updated asset objects reloaded before import = 0Number of asset objects unloaded after import = 0

========================================================================
Received Import Request.
  Time since last request: 0.000022 seconds.
  path: Packages/com.unity.render-pipelines.core/Runtime/CommandBuffers/RasterCommandBuffer.cs
  artifactKey: Guid(5ff37ac5eaefe9e42bcd04b4ebba753e) Importer(2089858483,b0f066a214c2f5e87bad3c948f4d605d)
Start importing Packages/com.unity.render-pipelines.core/Runtime/CommandBuffers/RasterCommandBuffer.cs using Guid(5ff37ac5eaefe9e42bcd04b4ebba753e) Importer(2089858483,b0f066a214c2f5e87bad3c948f4d605d) (ScriptedImporter) -> (artifact id: 'd963d9969013ddd2d4214f32fdeb2f8d') in 0.005522 seconds
Number of updated asset objects reloaded before import = 0Number of asset objects unloaded after import = 0

========================================================================
Received Import Request.
  Time since last request: 0.000021 seconds.
  path: Packages/com.unity.render-pipelines.core/Editor/ScriptTemplates/BlitSRP.txt
  artifactKey: Guid(0c69256ff57964383b6408cfd6119fb3) Importer(2089858483,b0f066a214c2f5e87bad3c948f4d605d)
Start importing Packages/com.unity.render-pipelines.core/Editor/ScriptTemplates/BlitSRP.txt using Guid(0c69256ff57964383b6408cfd6119fb3) Importer(2089858483,b0f066a214c2f5e87bad3c948f4d605d) (ScriptedImporter) -> (artifact id: '3277781c997ac73d72dccbc707f7a7fd') in 0.0048644 seconds
Number of updated asset objects reloaded before import = 0Number of asset objects unloaded after import = 1

========================================================================
Received Import Request.
  Time since last request: 0.000034 seconds.
  path: Packages/com.unity.render-pipelines.core/Editor/ShaderGenerator/ShaderTypeGeneration.cs
  artifactKey: Guid(7040da56d9fb04348885577a35fc0706) Importer(2089858483,b0f066a214c2f5e87bad3c948f4d605d)
Start importing Packages/com.unity.render-pipelines.core/Editor/ShaderGenerator/ShaderTypeGeneration.cs using Guid(7040da56d9fb04348885577a35fc0706) Importer(2089858483,b0f066a214c2f5e87bad3c948f4d605d) (ScriptedImporter) -> (artifact id: 'f5f14fd56319d3f8e9d62a99f7dc1b03') in 0.0048069 seconds
Number of updated asset objects reloaded before import = 0Number of asset objects unloaded after import = 0

========================================================================
Received Import Request.
  Time since last request: 0.000027 seconds.
  path: Packages/com.unity.render-pipelines.core/Editor/Volume/VolumeEditor.cs
  artifactKey: Guid(9a033a261241d6e48af8ca011ab7c5c1) Importer(2089858483,b0f066a214c2f5e87bad3c948f4d605d)
Start importing Packages/com.unity.render-pipelines.core/Editor/Volume/VolumeEditor.cs using Guid(9a033a261241d6e48af8ca011ab7c5c1) Importer(2089858483,b0f066a214c2f5e87bad3c948f4d605d) (ScriptedImporter) -> (artifact id: 'fcda6ab0a5764c7045943c22918a8891') in 0.0051686 seconds
Number of updated asset objects reloaded before import = 0Number of asset objects unloaded after import = 0

========================================================================
Received Import Request.
  Time since last request: 0.000020 seconds.
  path: Packages/com.unity.render-pipelines.core/Runtime/RenderGraph/RenderGraphResourcePool.cs
  artifactKey: Guid(4998ae5b70f43844eb7716decb537ba5) Importer(2089858483,b0f066a214c2f5e87bad3c948f4d605d)
Start importing Packages/com.unity.render-pipelines.core/Runtime/RenderGraph/RenderGraphResourcePool.cs using Guid(4998ae5b70f43844eb7716decb537ba5) Importer(2089858483,b0f066a214c2f5e87bad3c948f4d605d) (ScriptedImporter) -> (artifact id: '45a1be95068f9712596dc85ed5c59bfe') in 0.0057881 seconds
Number of updated asset objects reloaded before import = 0Number of asset objects unloaded after import = 0

========================================================================
Received Import Request.
  Time since last request: 0.000024 seconds.
  path: Packages/com.unity.render-pipelines.core/package.json
  artifactKey: Guid(753d1ac2429a21a44ac5f937cbbb409f) Importer(2089858483,b0f066a214c2f5e87bad3c948f4d605d)
Start importing Packages/com.unity.render-pipelines.core/package.json using Guid(753d1ac2429a21a44ac5f937cbbb409f) Importer(2089858483,b0f066a214c2f5e87bad3c948f4d605d) (ScriptedImporter) -> (artifact id: '531c66e0103842329abf598e3bc707b8') in 0.0056411 seconds
Number of updated asset objects reloaded before import = 0Number of asset objects unloaded after import = 1

========================================================================
Received Import Request.
  Time since last request: 0.000023 seconds.
  path: Packages/com.unity.render-pipelines.core/Editor/LookDev/Environment.cs
  artifactKey: Guid(612aa45d38dd94a479185b83f080aa22) Importer(2089858483,b0f066a214c2f5e87bad3c948f4d605d)
Start importing Packages/com.unity.render-pipelines.core/Editor/LookDev/Environment.cs using Guid(612aa45d38dd94a479185b83f080aa22) Importer(2089858483,b0f066a214c2f5e87bad3c948f4d605d) (ScriptedImporter) -> (artifact id: '528157c41eef657614c0e9106013a248') in 0.0049061 seconds
Number of updated asset objects reloaded before import = 0Number of asset objects unloaded after import = 0

========================================================================
Received Import Request.
  Time since last request: 0.000035 seconds.
  path: Packages/com.unity.render-pipelines.core/Editor/Gizmo/HierarchicalBox.cs
  artifactKey: Guid(9c0adda657f204c4199b6870832abb80) Importer(2089858483,b0f066a214c2f5e87bad3c948f4d605d)
Start importing Packages/com.unity.render-pipelines.core/Editor/Gizmo/HierarchicalBox.cs using Guid(9c0adda657f204c4199b6870832abb80) Importer(2089858483,b0f066a214c2f5e87bad3c948f4d605d) (ScriptedImporter) -> (artifact id: 'd11adf7254b5b0158db9863e674a5173') in 0.0054507 seconds
Number of updated asset objects reloaded before import = 0Number of asset objects unloaded after import = 0

========================================================================
Received Import Request.
  Time since last request: 0.000026 seconds.
  path: Packages/com.unity.render-pipelines.core/Editor/UnifiedRayTracing/CreateUnifiedRTShaderMenuItem.cs
  artifactKey: Guid(371b660fd92134146a9c35b3e4221fab) Importer(2089858483,b0f066a214c2f5e87bad3c948f4d605d)
Start importing Packages/com.unity.render-pipelines.core/Editor/UnifiedRayTracing/CreateUnifiedRTShaderMenuItem.cs using Guid(371b660fd92134146a9c35b3e4221fab) Importer(2089858483,b0f066a214c2f5e87bad3c948f4d605d) (ScriptedImporter) -> (artifact id: 'd0e19615d449a91bea615abd38415f4e') in 0.0058588 seconds
Number of updated asset objects reloaded before import = 0Number of asset objects unloaded after import = 0

========================================================================
Received Import Request.
  Time since last request: 0.000022 seconds.
  path: Packages/com.unity.render-pipelines.core/Editor/LookDev/CubeToLatlong.shader
  artifactKey: Guid(a16365e8c873daa4c94919438490b905) Importer(2089858483,b0f066a214c2f5e87bad3c948f4d605d)
Start importing Packages/com.unity.render-pipelines.core/Editor/LookDev/CubeToLatlong.shader using Guid(a16365e8c873daa4c94919438490b905) Importer(2089858483,b0f066a214c2f5e87bad3c948f4d605d) (ScriptedImporter) -> (artifact id: '193ffd1ae7d674204b017d51e10d57b3') in 0.0100561 seconds
Number of updated asset objects reloaded before import = 0Number of asset objects unloaded after import = 1

========================================================================
Received Import Request.
  Time since last request: 0.000027 seconds.
  path: Packages/com.unity.render-pipelines.core/Runtime/GPUDriven/LODGroupDataPoolBurst.cs
  artifactKey: Guid(ad57195e4230c9344a64d902de871991) Importer(2089858483,b0f066a214c2f5e87bad3c948f4d605d)
Start importing Packages/com.unity.render-pipelines.core/Runtime/GPUDriven/LODGroupDataPoolBurst.cs using Guid(ad57195e4230c9344a64d902de871991) Importer(2089858483,b0f066a214c2f5e87bad3c948f4d605d) (ScriptedImporter) -> (artifact id: '43c780c5e2d388bd64890435625045b7') in 0.0051923 seconds
Number of updated asset objects reloaded before import = 0Number of asset objects unloaded after import = 0

========================================================================
Received Import Request.
  Time since last request: 0.000020 seconds.
  path: Packages/com.unity.render-pipelines.core/Editor/CoreRenderPipelinePreferences.cs
  artifactKey: Guid(1c13e3f9217a6854ebb4d5d716b60103) Importer(2089858483,b0f066a214c2f5e87bad3c948f4d605d)
Start importing Packages/com.unity.render-pipelines.core/Editor/CoreRenderPipelinePreferences.cs using Guid(1c13e3f9217a6854ebb4d5d716b60103) Importer(2089858483,b0f066a214c2f5e87bad3c948f4d605d) (ScriptedImporter) -> (artifact id: 'bf7f28ad3f1aab1de02a3f6660f3a9c5') in 0.0055555 seconds
Number of updated asset objects reloaded before import = 0Number of asset objects unloaded after import = 0

========================================================================
Received Import Request.
  Time since last request: 0.000032 seconds.
  path: Packages/com.unity.render-pipelines.core/ShaderLibrary/DummyShaderLibrary.cs
  artifactKey: Guid(0e625d3de4b77c14b9a31bc7b56dfde7) Importer(2089858483,b0f066a214c2f5e87bad3c948f4d605d)
Start importing Packages/com.unity.render-pipelines.core/ShaderLibrary/DummyShaderLibrary.cs using Guid(0e625d3de4b77c14b9a31bc7b56dfde7) Importer(2089858483,b0f066a214c2f5e87bad3c948f4d605d) (ScriptedImporter) -> (artifact id: '43d7360ec01caf552dbc9a6dfd36f0a7') in 0.0043057 seconds
Number of updated asset objects reloaded before import = 0Number of asset objects unloaded after import = 0

========================================================================
Received Import Request.
  Time since last request: 0.000022 seconds.
  path: Packages/com.unity.render-pipelines.core/Runtime/RenderGraph/RenderGraphObjectPool.cs
  artifactKey: Guid(dc968a854959c7d4599914d0b01469c2) Importer(2089858483,b0f066a214c2f5e87bad3c948f4d605d)
Start importing Packages/com.unity.render-pipelines.core/Runtime/RenderGraph/RenderGraphObjectPool.cs using Guid(dc968a854959c7d4599914d0b01469c2) Importer(2089858483,b0f066a214c2f5e87bad3c948f4d605d) (ScriptedImporter) -> (artifact id: 'bf4c9c0ed2fa3811636f1301df8a3e0e') in 0.0046881 seconds
Number of updated asset objects reloaded before import = 0Number of asset objects unloaded after import = 0

========================================================================
Received Import Request.
  Time since last request: 0.000022 seconds.
  path: Packages/com.unity.render-pipelines.core/Editor/StyleSheets/HelpButton.uss
  artifactKey: Guid(4b3af3115f6d00b41a5655ef26d54683) Importer(2089858483,b0f066a214c2f5e87bad3c948f4d605d)
Start importing Packages/com.unity.render-pipelines.core/Editor/StyleSheets/HelpButton.uss using Guid(4b3af3115f6d00b41a5655ef26d54683) Importer(2089858483,b0f066a214c2f5e87bad3c948f4d605d) (ScriptedImporter) -> (artifact id: 'c506757b927a80643509e8f09e2fa906') in 0.0065284 seconds
Number of updated asset objects reloaded before import = 0Number of asset objects unloaded after import = 1

========================================================================
Received Import Request.
  Time since last request: 0.000023 seconds.
  path: Packages/com.unity.render-pipelines.core/ShaderLibrary/TextureXR.hlsl
  artifactKey: Guid(33098eef498723540b0b7705cf69a338) Importer(2089858483,b0f066a214c2f5e87bad3c948f4d605d)
Start importing Packages/com.unity.render-pipelines.core/ShaderLibrary/TextureXR.hlsl using Guid(33098eef498723540b0b7705cf69a338) Importer(2089858483,b0f066a214c2f5e87bad3c948f4d605d) (ScriptedImporter) -> (artifact id: '415795897e05e38eb02e782eb1505fba') in 0.004934 seconds
Number of updated asset objects reloaded before import = 0Number of asset objects unloaded after import = 1

========================================================================
Received Import Request.
  Time since last request: 0.000023 seconds.
  path: Packages/com.unity.render-pipelines.core/Runtime/RenderGraph/RenderGraphGlobalSettings.cs
  artifactKey: Guid(fd759b62892071040858aa540b5340b4) Importer(2089858483,b0f066a214c2f5e87bad3c948f4d605d)
Start importing Packages/com.unity.render-pipelines.core/Runtime/RenderGraph/RenderGraphGlobalSettings.cs using Guid(fd759b62892071040858aa540b5340b4) Importer(2089858483,b0f066a214c2f5e87bad3c948f4d605d) (ScriptedImporter) -> (artifact id: '8ffc2e7f5d0f279bb7ff9ac1db86a164') in 0.0053735 seconds
Number of updated asset objects reloaded before import = 0Number of asset objects unloaded after import = 0

========================================================================
Received Import Request.
  Time since last request: 0.000033 seconds.
  path: Packages/com.unity.render-pipelines.core/Runtime/RenderGraph/RenderGraph.Compiler.cs
  artifactKey: Guid(250183d182df5b54997e0ec59351e6e4) Importer(2089858483,b0f066a214c2f5e87bad3c948f4d605d)
Start importing Packages/com.unity.render-pipelines.core/Runtime/RenderGraph/RenderGraph.Compiler.cs using Guid(250183d182df5b54997e0ec59351e6e4) Importer(2089858483,b0f066a214c2f5e87bad3c948f4d605d) (ScriptedImporter) -> (artifact id: 'cfdd4b99c8f1ceae10ed6f847af9233d') in 0.0111396 seconds
Number of updated asset objects reloaded before import = 0Number of asset objects unloaded after import = 0

========================================================================
Received Import Request.
  Time since last request: 0.000024 seconds.
  path: Packages/com.unity.render-pipelines.core/Runtime/Documentation.cs
  artifactKey: Guid(38b347b69c1c6df4eab3367bbdbc6ac0) Importer(2089858483,b0f066a214c2f5e87bad3c948f4d605d)
Start importing Packages/com.unity.render-pipelines.core/Runtime/Documentation.cs using Guid(38b347b69c1c6df4eab3367bbdbc6ac0) Importer(2089858483,b0f066a214c2f5e87bad3c948f4d605d) (ScriptedImporter) -> (artifact id: 'c14f890190e02a8b21b70e66b7d90fff') in 0.0050987 seconds
Number of updated asset objects reloaded before import = 0Number of asset objects unloaded after import = 0

========================================================================
Received Import Request.
  Time since last request: 0.000021 seconds.
  path: Packages/com.unity.render-pipelines.core/Editor/RenderGraph/RenderGraphViewer.cs
  artifactKey: Guid(84ea5d606d0d22a488a9047cff058078) Importer(2089858483,b0f066a214c2f5e87bad3c948f4d605d)
Start importing Packages/com.unity.render-pipelines.core/Editor/RenderGraph/RenderGraphViewer.cs using Guid(84ea5d606d0d22a488a9047cff058078) Importer(2089858483,b0f066a214c2f5e87bad3c948f4d605d) (ScriptedImporter) -> (artifact id: 'c50b488a688e6c511ecd5e4ff814749c') in 0.0048355 seconds
Number of updated asset objects reloaded before import = 0Number of asset objects unloaded after import = 0

========================================================================
Received Import Request.
  Time since last request: 0.000026 seconds.
  path: Packages/com.unity.render-pipelines.core/Runtime/RenderGraph/RenderGraphResourceRendererList.cs
  artifactKey: Guid(ec298c53cc0c53d47b753c25f59223ed) Importer(2089858483,b0f066a214c2f5e87bad3c948f4d605d)
Start importing Packages/com.unity.render-pipelines.core/Runtime/RenderGraph/RenderGraphResourceRendererList.cs using Guid(ec298c53cc0c53d47b753c25f59223ed) Importer(2089858483,b0f066a214c2f5e87bad3c948f4d605d) (ScriptedImporter) -> (artifact id: 'c15ef4b47fd82a4ce4ddc4e283cab142') in 0.0047854 seconds
Number of updated asset objects reloaded before import = 0Number of asset objects unloaded after import = 0

========================================================================
Received Import Request.
  Time since last request: 0.000024 seconds.
  path: Packages/com.unity.render-pipelines.core/Editor/BuildTargetExtensions.cs
  artifactKey: Guid(2e78621c9df5d0b4d884d48b1ded36c8) Importer(2089858483,b0f066a214c2f5e87bad3c948f4d605d)
Start importing Packages/com.unity.render-pipelines.core/Editor/BuildTargetExtensions.cs using Guid(2e78621c9df5d0b4d884d48b1ded36c8) Importer(2089858483,b0f066a214c2f5e87bad3c948f4d605d) (ScriptedImporter) -> (artifact id: '6cf033ecc02d710fd20aeb8e5fb45b92') in 0.0045501 seconds
Number of updated asset objects reloaded before import = 0Number of asset objects unloaded after import = 0

========================================================================
Received Import Request.
  Time since last request: 0.000034 seconds.
  path: Packages/com.unity.render-pipelines.core/Runtime/RenderGraph/RenderGraphDefaultResources.cs
  artifactKey: Guid(d9929b63696b16c4ca41927306959897) Importer(2089858483,b0f066a214c2f5e87bad3c948f4d605d)
Start importing Packages/com.unity.render-pipelines.core/Runtime/RenderGraph/RenderGraphDefaultResources.cs using Guid(d9929b63696b16c4ca41927306959897) Importer(2089858483,b0f066a214c2f5e87bad3c948f4d605d) (ScriptedImporter) -> (artifact id: 'f58dd2c6f00ad32ed0a017745ecca308') in 0.0049158 seconds
Number of updated asset objects reloaded before import = 0Number of asset objects unloaded after import = 0

========================================================================
Received Import Request.
  Time since last request: 0.000023 seconds.
  path: Packages/com.unity.render-pipelines.core/Runtime/RenderPipelineResources/FallbackShader.shader
  artifactKey: Guid(36e335017ad71d54fbb10842863188ae) Importer(2089858483,b0f066a214c2f5e87bad3c948f4d605d)
Start importing Packages/com.unity.render-pipelines.core/Runtime/RenderPipelineResources/FallbackShader.shader using Guid(36e335017ad71d54fbb10842863188ae) Importer(2089858483,b0f066a214c2f5e87bad3c948f4d605d) (ScriptedImporter) -> (artifact id: 'dbf6dca1226bc04b5a8282c53db1fa43') in 0.0057982 seconds
Number of updated asset objects reloaded before import = 0Number of asset objects unloaded after import = 1

========================================================================
Received Import Request.
  Time since last request: 0.000027 seconds.
  path: Packages/com.unity.render-pipelines.core/Runtime/CommandBuffers/CommandBufferHelpers.cs
  artifactKey: Guid(b918e8093989b024da657e6db0a9c378) Importer(2089858483,b0f066a214c2f5e87bad3c948f4d605d)
Start importing Packages/com.unity.render-pipelines.core/Runtime/CommandBuffers/CommandBufferHelpers.cs using Guid(b918e8093989b024da657e6db0a9c378) Importer(2089858483,b0f066a214c2f5e87bad3c948f4d605d) (ScriptedImporter) -> (artifact id: 'ddef861e23802c3161a84cabfb65e76c') in 0.005978 seconds
Number of updated asset objects reloaded before import = 0Number of asset objects unloaded after import = 0

========================================================================
Received Import Request.
  Time since last request: 0.000023 seconds.
  path: Packages/com.unity.collections/Unity.Collections/xxHash3.cs
  artifactKey: Guid(eaa30f8250a44f8f8ec688563a1a36ca) Importer(2089858483,b0f066a214c2f5e87bad3c948f4d605d)
Start importing Packages/com.unity.collections/Unity.Collections/xxHash3.cs using Guid(eaa30f8250a44f8f8ec688563a1a36ca) Importer(2089858483,b0f066a214c2f5e87bad3c948f4d605d) (ScriptedImporter) -> (artifact id: 'fa9597fb914813cccbf3cc5dc059e01a') in 0.0043473 seconds
Number of updated asset objects reloaded before import = 0Number of asset objects unloaded after import = 0

========================================================================
Received Import Request.
  Time since last request: 0.000022 seconds.
  path: Packages/com.unity.collections/Unity.Collections.Editor/Unity.Collections.Editor.asmdef
  artifactKey: Guid(c668b7a00ffe56a498ddb1fc9f96f4e6) Importer(2089858483,b0f066a214c2f5e87bad3c948f4d605d)
Start importing Packages/com.unity.collections/Unity.Collections.Editor/Unity.Collections.Editor.asmdef using Guid(c668b7a00ffe56a498ddb1fc9f96f4e6) Importer(2089858483,b0f066a214c2f5e87bad3c948f4d605d) (ScriptedImporter) -> (artifact id: '2a03692388a4355d0860ab9ce5c7e44c') in 0.0074508 seconds
Number of updated asset objects reloaded before import = 0Number of asset objects unloaded after import = 1

========================================================================
Received Import Request.
  Time since last request: 0.000034 seconds.
  path: Packages/com.unity.render-pipelines.core/Runtime/Stripping/RenderPipelineGraphicsSettingsStripperReport.cs
  artifactKey: Guid(4f03e96382963a746a762cee65652eb3) Importer(2089858483,b0f066a214c2f5e87bad3c948f4d605d)
Start importing Packages/com.unity.render-pipelines.core/Runtime/Stripping/RenderPipelineGraphicsSettingsStripperReport.cs using Guid(4f03e96382963a746a762cee65652eb3) Importer(2089858483,b0f066a214c2f5e87bad3c948f4d605d) (ScriptedImporter) -> (artifact id: '9880cf06d2c6fb73e50f6808163d9be8') in 0.00499 seconds
Number of updated asset objects reloaded before import = 0Number of asset objects unloaded after import = 0

========================================================================
Received Import Request.
  Time since last request: 0.000026 seconds.
  path: Packages/com.unity.render-pipelines.core/Tests/Editor/DynamicArrayTests.cs
  artifactKey: Guid(2c0441c3d2890d0489e50062a48fb582) Importer(2089858483,b0f066a214c2f5e87bad3c948f4d605d)
Start importing Packages/com.unity.render-pipelines.core/Tests/Editor/DynamicArrayTests.cs using Guid(2c0441c3d2890d0489e50062a48fb582) Importer(2089858483,b0f066a214c2f5e87bad3c948f4d605d) (ScriptedImporter) -> (artifact id: '7fa5d56122e79d80358e98817d8ceaf4') in 0.0050495 seconds
Number of updated asset objects reloaded before import = 0Number of asset objects unloaded after import = 0

========================================================================
Received Import Request.
  Time since last request: 0.000033 seconds.
  path: Packages/com.unity.render-pipelines.core/Tests/Runtime/CustomRenderPipelineAsset.cs
  artifactKey: Guid(b1ba908863884e868165e402aeb87de7) Importer(2089858483,b0f066a214c2f5e87bad3c948f4d605d)
Start importing Packages/com.unity.render-pipelines.core/Tests/Runtime/CustomRenderPipelineAsset.cs using Guid(b1ba908863884e868165e402aeb87de7) Importer(2089858483,b0f066a214c2f5e87bad3c948f4d605d) (ScriptedImporter) -> (artifact id: '5bb3b7abac51eb31fb7e35ae80a8d80d') in 0.0052811 seconds
Number of updated asset objects reloaded before import = 0Number of asset objects unloaded after import = 0

========================================================================
Received Import Request.
  Time since last request: 0.000029 seconds.
  path: Packages/com.unity.render-pipelines.core/Editor/Lighting/Icons/LightPlacement_Icon@256.png
  artifactKey: Guid(9d1f3c50fbb907f4fba5095da15f23dc) Importer(2089858483,b0f066a214c2f5e87bad3c948f4d605d)
Start importing Packages/com.unity.render-pipelines.core/Editor/Lighting/Icons/LightPlacement_Icon@256.png using Guid(9d1f3c50fbb907f4fba5095da15f23dc) Importer(2089858483,b0f066a214c2f5e87bad3c948f4d605d) (ScriptedImporter) -> (artifact id: 'ee366b1276bf29b27673afc23f7141eb') in 0.0113415 seconds
Number of updated asset objects reloaded before import = 0Number of asset objects unloaded after import = 1

========================================================================
Received Import Request.
  Time since last request: 0.000037 seconds.
  path: Packages/com.unity.render-pipelines.core/Editor/Icons/Processed/d_Volume Icon.asset
  artifactKey: Guid(177b2538515c71b4a86aa1cad939807a) Importer(2089858483,b0f066a214c2f5e87bad3c948f4d605d)
Start importing Packages/com.unity.render-pipelines.core/Editor/Icons/Processed/d_Volume Icon.asset using Guid(177b2538515c71b4a86aa1cad939807a) Importer(2089858483,b0f066a214c2f5e87bad3c948f4d605d) (ScriptedImporter) -> (artifact id: '644f8123693ca1997c138f028849cf84') in 0.0155551 seconds
Number of updated asset objects reloaded before import = 0Number of asset objects unloaded after import = 1

========================================================================
Received Import Request.
  Time since last request: 0.000023 seconds.
  path: Packages/com.unity.render-pipelines.core/Tests/Editor/ReflectionUtils.cs
  artifactKey: Guid(994ab27378e49eb45830d39c4c0b5799) Importer(2089858483,b0f066a214c2f5e87bad3c948f4d605d)
Start importing Packages/com.unity.render-pipelines.core/Tests/Editor/ReflectionUtils.cs using Guid(994ab27378e49eb45830d39c4c0b5799) Importer(2089858483,b0f066a214c2f5e87bad3c948f4d605d) (ScriptedImporter) -> (artifact id: 'f8cf85dc9e30956883778345a2152ad3') in 0.0050485 seconds
Number of updated asset objects reloaded before import = 0Number of asset objects unloaded after import = 0

========================================================================
Received Import Request.
  Time since last request: 0.000024 seconds.
  path: Packages/com.unity.render-pipelines.core/Editor/Icons/MipLevels/RenderPipelineResources@64.png
  artifactKey: Guid(b1c49d259b9089743b6272150f77b8fe) Importer(2089858483,b0f066a214c2f5e87bad3c948f4d605d)
Start importing Packages/com.unity.render-pipelines.core/Editor/Icons/MipLevels/RenderPipelineResources@64.png using Guid(b1c49d259b9089743b6272150f77b8fe) Importer(2089858483,b0f066a214c2f5e87bad3c948f4d605d) (ScriptedImporter) -> (artifact id: '97f5ebcbe28b6e57da63abe9d048cd0c') in 0.0100386 seconds
Number of updated asset objects reloaded before import = 0Number of asset objects unloaded after import = 1

========================================================================
Received Import Request.
  Time since last request: 0.000019 seconds.
  path: Packages/com.unity.render-pipelines.core/Runtime/Utilities/BlitColorAndDepth.hlsl
  artifactKey: Guid(cdea49463de0449b48cacd6a3925dcf7) Importer(2089858483,b0f066a214c2f5e87bad3c948f4d605d)
Start importing Packages/com.unity.render-pipelines.core/Runtime/Utilities/BlitColorAndDepth.hlsl using Guid(cdea49463de0449b48cacd6a3925dcf7) Importer(2089858483,b0f066a214c2f5e87bad3c948f4d605d) (ScriptedImporter) -> (artifact id: '63c02c6f98c7c4ef076c0d62178ab864') in 0.0050123 seconds
Number of updated asset objects reloaded before import = 0Number of asset objects unloaded after import = 1

========================================================================
Received Import Request.
  Time since last request: 0.000027 seconds.
  path: Packages/com.unity.render-pipelines.core/Runtime/UnifiedRayTracing/TraceRay.hlsl
  artifactKey: Guid(d89584fc78a387b4b89d50da624e2695) Importer(2089858483,b0f066a214c2f5e87bad3c948f4d605d)
Start importing Packages/com.unity.render-pipelines.core/Runtime/UnifiedRayTracing/TraceRay.hlsl using Guid(d89584fc78a387b4b89d50da624e2695) Importer(2089858483,b0f066a214c2f5e87bad3c948f4d605d) (ScriptedImporter) -> (artifact id: '2b22f0bb45296068d685ff5a1416117a') in 0.0052146 seconds
Number of updated asset objects reloaded before import = 0Number of asset objects unloaded after import = 1

========================================================================
Received Import Request.
  Time since last request: 0.000076 seconds.
  path: Packages/com.unity.render-pipelines.core/Runtime/Upscaling/FSR2IUpscaler.cs
  artifactKey: Guid(be41240ee7c09d949b3575ef8d2ad8c9) Importer(2089858483,b0f066a214c2f5e87bad3c948f4d605d)
Start importing Packages/com.unity.render-pipelines.core/Runtime/Upscaling/FSR2IUpscaler.cs using Guid(be41240ee7c09d949b3575ef8d2ad8c9) Importer(2089858483,b0f066a214c2f5e87bad3c948f4d605d) (ScriptedImporter) -> (artifact id: '268f0f53e5f8c3302a03fa505bad44f1') in 0.0050178 seconds
Number of updated asset objects reloaded before import = 0Number of asset objects unloaded after import = 0

========================================================================
Received Import Request.
  Time since last request: 0.000025 seconds.
  path: Packages/com.unity.render-pipelines.core/Editor/Icons/MipLevels/d_VolumeProfile@64.png
  artifactKey: Guid(2889bb1951831234789d947901bce53e) Importer(2089858483,b0f066a214c2f5e87bad3c948f4d605d)
Start importing Packages/com.unity.render-pipelines.core/Editor/Icons/MipLevels/d_VolumeProfile@64.png using Guid(2889bb1951831234789d947901bce53e) Importer(2089858483,b0f066a214c2f5e87bad3c948f4d605d) (ScriptedImporter) -> (artifact id: '07cc4a53f2eaf2fb04859110903e9006') in 0.0098026 seconds
Number of updated asset objects reloaded before import = 0Number of asset objects unloaded after import = 1

========================================================================
Received Import Request.
  Time since last request: 0.000026 seconds.
  path: Packages/com.unity.render-pipelines.core/Runtime/Utilities/ColorUtils.cs
  artifactKey: Guid(3ead45caf3764e9458334a2b99e6d421) Importer(2089858483,b0f066a214c2f5e87bad3c948f4d605d)
Start importing Packages/com.unity.render-pipelines.core/Runtime/Utilities/ColorUtils.cs using Guid(3ead45caf3764e9458334a2b99e6d421) Importer(2089858483,b0f066a214c2f5e87bad3c948f4d605d) (ScriptedImporter) -> (artifact id: '18b69ed85911c47b282aad2661dc6638') in 0.0049253 seconds
Number of updated asset objects reloaded before import = 0Number of asset objects unloaded after import = 0

========================================================================
Received Import Request.
  Time since last request: 0.000028 seconds.
  path: Packages/com.unity.render-pipelines.core/Runtime/Utilities/HDROutputUtils.cs
  artifactKey: Guid(8cd8322e74feda6438d39b753348b807) Importer(2089858483,b0f066a214c2f5e87bad3c948f4d605d)
Start importing Packages/com.unity.render-pipelines.core/Runtime/Utilities/HDROutputUtils.cs using Guid(8cd8322e74feda6438d39b753348b807) Importer(2089858483,b0f066a214c2f5e87bad3c948f4d605d) (ScriptedImporter) -> (artifact id: '69d8d1d6be1b3f36a9165a793ee9c0c0') in 0.005265 seconds
Number of updated asset objects reloaded before import = 0Number of asset objects unloaded after import = 0

========================================================================
Received Import Request.
  Time since last request: 0.000029 seconds.
  path: Packages/com.unity.render-pipelines.core/Editor/Lighting/Icons/LightPlacement_Icon@32.png
  artifactKey: Guid(396033515c05b1441a3451ea18bb8e27) Importer(2089858483,b0f066a214c2f5e87bad3c948f4d605d)
Start importing Packages/com.unity.render-pipelines.core/Editor/Lighting/Icons/LightPlacement_Icon@32.png using Guid(396033515c05b1441a3451ea18bb8e27) Importer(2089858483,b0f066a214c2f5e87bad3c948f4d605d) (ScriptedImporter) -> (artifact id: 'd95b136b12abc9dbb66983ff69f4fd08') in 0.0116404 seconds
Number of updated asset objects reloaded before import = 0Number of asset objects unloaded after import = 1

========================================================================
Received Import Request.
  Time since last request: 0.000037 seconds.
  path: Packages/com.unity.render-pipelines.core/Tests/Editor/Unity.RenderPipelines.Core.Editor.Tests.asmdef
  artifactKey: Guid(6e5480588ffa37d4f82fe96c45e8ce9c) Importer(2089858483,b0f066a214c2f5e87bad3c948f4d605d)
Start importing Packages/com.unity.render-pipelines.core/Tests/Editor/Unity.RenderPipelines.Core.Editor.Tests.asmdef using Guid(6e5480588ffa37d4f82fe96c45e8ce9c) Importer(2089858483,b0f066a214c2f5e87bad3c948f4d605d) (ScriptedImporter) -> (artifact id: '6383ce91f39fae56a40ee7474070a370') in 0.0057812 seconds
Number of updated asset objects reloaded before import = 0Number of asset objects unloaded after import = 1

========================================================================
Received Import Request.
  Time since last request: 0.000024 seconds.
  path: Packages/com.unity.render-pipelines.core/Runtime/Utilities/SceneRenderPipeline.cs
  artifactKey: Guid(06c0317e0632e6c47bb855ee99f95544) Importer(2089858483,b0f066a214c2f5e87bad3c948f4d605d)
Start importing Packages/com.unity.render-pipelines.core/Runtime/Utilities/SceneRenderPipeline.cs using Guid(06c0317e0632e6c47bb855ee99f95544) Importer(2089858483,b0f066a214c2f5e87bad3c948f4d605d) (ScriptedImporter) -> (artifact id: '5ba5d33dc95979fc0a77ac569a8335b0') in 0.0044678 seconds
Number of updated asset objects reloaded before import = 0Number of asset objects unloaded after import = 0

========================================================================
Received Import Request.
  Time since last request: 0.000022 seconds.
  path: Packages/com.unity.render-pipelines.core/Tests/Editor/RenderGraphTests.UtilityPasses.cs
  artifactKey: Guid(dcc068641e9efce448d38d2bc6f05ef0) Importer(2089858483,b0f066a214c2f5e87bad3c948f4d605d)
Start importing Packages/com.unity.render-pipelines.core/Tests/Editor/RenderGraphTests.UtilityPasses.cs using Guid(dcc068641e9efce448d38d2bc6f05ef0) Importer(2089858483,b0f066a214c2f5e87bad3c948f4d605d) (ScriptedImporter) -> (artifact id: '0fc9212af75105a858f04844c71289bd') in 0.0049263 seconds
Number of updated asset objects reloaded before import = 0Number of asset objects unloaded after import = 0

========================================================================
Received Import Request.
  Time since last request: 0.000024 seconds.
  path: Packages/com.unity.render-pipelines.core/Editor/Icons/RenderGraphViewer/d_MemorylessTexture@2x.png
  artifactKey: Guid(e813aef83a70543b79d435ef65ec86ee) Importer(2089858483,b0f066a214c2f5e87bad3c948f4d605d)
Start importing Packages/com.unity.render-pipelines.core/Editor/Icons/RenderGraphViewer/d_MemorylessTexture@2x.png using Guid(e813aef83a70543b79d435ef65ec86ee) Importer(2089858483,b0f066a214c2f5e87bad3c948f4d605d) (ScriptedImporter) -> (artifact id: 'dee63ca2c37866ad089343abec54283d') in 0.01119 seconds
Number of updated asset objects reloaded before import = 0Number of asset objects unloaded after import = 1

========================================================================
Received Import Request.
  Time since last request: 0.000021 seconds.
  path: Packages/com.unity.render-pipelines.core/ShaderLibrary/API/Vulkan.hlsl
  artifactKey: Guid(05a00b34d7740a643a8a6de19c6d9aa6) Importer(2089858483,b0f066a214c2f5e87bad3c948f4d605d)
Start importing Packages/com.unity.render-pipelines.core/ShaderLibrary/API/Vulkan.hlsl using Guid(05a00b34d7740a643a8a6de19c6d9aa6) Importer(2089858483,b0f066a214c2f5e87bad3c948f4d605d) (ScriptedImporter) -> (artifact id: 'dbefe488364dedbac9c01b6f32443ea3') in 0.0049759 seconds
Number of updated asset objects reloaded before import = 0Number of asset objects unloaded after import = 1

========================================================================
Received Import Request.
  Time since last request: 0.000039 seconds.
  path: Packages/com.unity.render-pipelines.core/Editor/Icons/MipLevels/VolumeProfile@256.png
  artifactKey: Guid(5d574cebaf0c0a34aa93a406ad65a61b) Importer(2089858483,b0f066a214c2f5e87bad3c948f4d605d)
Start importing Packages/com.unity.render-pipelines.core/Editor/Icons/MipLevels/VolumeProfile@256.png using Guid(5d574cebaf0c0a34aa93a406ad65a61b) Importer(2089858483,b0f066a214c2f5e87bad3c948f4d605d) (ScriptedImporter) -> (artifact id: '531163175f98c32ccbd0900facb97a29') in 0.0129442 seconds
Number of updated asset objects reloaded before import = 0Number of asset objects unloaded after import = 1

========================================================================
Received Import Request.
  Time since last request: 0.000027 seconds.
  path: Packages/com.unity.render-pipelines.core/Runtime/XR/XRSRPSettings.cs
  artifactKey: Guid(9b4a00e761b63254eab3f6e8fb135dee) Importer(2089858483,b0f066a214c2f5e87bad3c948f4d605d)
Start importing Packages/com.unity.render-pipelines.core/Runtime/XR/XRSRPSettings.cs using Guid(9b4a00e761b63254eab3f6e8fb135dee) Importer(2089858483,b0f066a214c2f5e87bad3c948f4d605d) (ScriptedImporter) -> (artifact id: '2a860e881917590f97533c4e6ce87305') in 0.0058314 seconds
Number of updated asset objects reloaded before import = 0Number of asset objects unloaded after import = 0

========================================================================
Received Import Request.
  Time since last request: 0.000025 seconds.
  path: Packages/com.unity.render-pipelines.core/Tests/Runtime/DebugManagerTests.cs
  artifactKey: Guid(3a191d0939f271d4b9b583b27f1ecd2d) Importer(2089858483,b0f066a214c2f5e87bad3c948f4d605d)
Start importing Packages/com.unity.render-pipelines.core/Tests/Runtime/DebugManagerTests.cs using Guid(3a191d0939f271d4b9b583b27f1ecd2d) Importer(2089858483,b0f066a214c2f5e87bad3c948f4d605d) (ScriptedImporter) -> (artifact id: '0bd3c250128f7718f495ff863163bdde') in 0.0062677 seconds
Number of updated asset objects reloaded before import = 0Number of asset objects unloaded after import = 0

========================================================================
Received Import Request.
  Time since last request: 0.000021 seconds.
  path: Packages/com.unity.render-pipelines.core/Runtime/Volume/VolumeComponent.cs
  artifactKey: Guid(556096baecf4aeb4e9f0d3efce77e08f) Importer(2089858483,b0f066a214c2f5e87bad3c948f4d605d)
Start importing Packages/com.unity.render-pipelines.core/Runtime/Volume/VolumeComponent.cs using Guid(556096baecf4aeb4e9f0d3efce77e08f) Importer(2089858483,b0f066a214c2f5e87bad3c948f4d605d) (ScriptedImporter) -> (artifact id: 'dcf426c7a4b0977b9c742c2a5532b94d') in 0.0047524 seconds
Number of updated asset objects reloaded before import = 0Number of asset objects unloaded after import = 0

========================================================================
Received Import Request.
  Time since last request: 0.000036 seconds.
  path: Packages/com.unity.render-pipelines.core/ShaderLibrary/API/D3D11.hlsl
  artifactKey: Guid(9c7140d7b956a4547bb71f8ed0dd9049) Importer(2089858483,b0f066a214c2f5e87bad3c948f4d605d)
Start importing Packages/com.unity.render-pipelines.core/ShaderLibrary/API/D3D11.hlsl using Guid(9c7140d7b956a4547bb71f8ed0dd9049) Importer(2089858483,b0f066a214c2f5e87bad3c948f4d605d) (ScriptedImporter) -> (artifact id: 'd00a1b482d3ec540eef2719d2a76cfe0') in 0.0049976 seconds
Number of updated asset objects reloaded before import = 0Number of asset objects unloaded after import = 1

========================================================================
Received Import Request.
  Time since last request: 0.000024 seconds.
  path: Packages/com.unity.render-pipelines.core/Runtime/Volume/VolumeManager.cs
  artifactKey: Guid(f709aacbf8d0b0048889f52315d67d58) Importer(2089858483,b0f066a214c2f5e87bad3c948f4d605d)
Start importing Packages/com.unity.render-pipelines.core/Runtime/Volume/VolumeManager.cs using Guid(f709aacbf8d0b0048889f52315d67d58) Importer(2089858483,b0f066a214c2f5e87bad3c948f4d605d) (ScriptedImporter) -> (artifact id: 'fcb7933e9a4c01d53c2991a2af5c2a14') in 0.0046349 seconds
Number of updated asset objects reloaded before import = 0Number of asset objects unloaded after import = 0

========================================================================
Received Import Request.
  Time since last request: 0.000024 seconds.
  path: Packages/com.unity.render-pipelines.core/Runtime/Settings/RenderingDebuggerRuntimeResources.cs
  artifactKey: Guid(c8ecfef0ec5856a4fa9b1c416f2d51e3) Importer(2089858483,b0f066a214c2f5e87bad3c948f4d605d)
Start importing Packages/com.unity.render-pipelines.core/Runtime/Settings/RenderingDebuggerRuntimeResources.cs using Guid(c8ecfef0ec5856a4fa9b1c416f2d51e3) Importer(2089858483,b0f066a214c2f5e87bad3c948f4d605d) (ScriptedImporter) -> (artifact id: '1df775273f63be327e108301ed490579') in 0.0053084 seconds
Number of updated asset objects reloaded before import = 0Number of asset objects unloaded after import = 0

========================================================================
Received Import Request.
  Time since last request: 0.000030 seconds.
  path: Packages/com.unity.render-pipelines.core/Editor/Icons/MipLevels/VolumeProfile@16.png
  artifactKey: Guid(9109dcac13c1b6a4cadf6e9e63be42f7) Importer(2089858483,b0f066a214c2f5e87bad3c948f4d605d)
Start importing Packages/com.unity.render-pipelines.core/Editor/Icons/MipLevels/VolumeProfile@16.png using Guid(9109dcac13c1b6a4cadf6e9e63be42f7) Importer(2089858483,b0f066a214c2f5e87bad3c948f4d605d) (ScriptedImporter) -> (artifact id: '5a13da9e09523994a234a259eacd7e95') in 0.0106751 seconds
Number of updated asset objects reloaded before import = 0Number of asset objects unloaded after import = 1

========================================================================
Received Prepare
Refreshing native plugins compatible for Editor in 2.20 ms, found 4 plugins.
Preloading 0 native plugins for Editor in 0.00 ms.
Unloading 16 Unused Serialized files (Serialized files now loaded: 0)
Unloading 6502 unused Assets / (4.7 MB). Loaded Objects now: 7455.
Memory consumption went from 178.9 MB to 174.2 MB.
Total: 15.522300 ms (FindLiveObjects: 1.227000 ms CreateObjectMapping: 0.754900 ms MarkObjects: 10.334100 ms  DeleteObjects: 3.205000 ms)

Prepare: number of updated asset objects reloaded= 0
========================================================================
Received Import Request.
  Time since last request: 1.049445 seconds.
  path: Packages/com.unity.mathematics/Unity.Mathematics/math.cs
  artifactKey: Guid(a54902d8339407348996f4a12702eaff) Importer(2089858483,b0f066a214c2f5e87bad3c948f4d605d)
Start importing Packages/com.unity.mathematics/Unity.Mathematics/math.cs using Guid(a54902d8339407348996f4a12702eaff) Importer(2089858483,b0f066a214c2f5e87bad3c948f4d605d) (ScriptedImporter) -> (artifact id: '962bf7ec09ec31b322c7e4f713622a68') in 0.013835 seconds
Number of updated asset objects reloaded before import = 0Number of asset objects unloaded after import = 0

========================================================================
Received Import Request.
  Time since last request: 0.000042 seconds.
  path: Packages/com.unity.render-pipelines.core/Editor/LookDev/Icons/RenderDoc@2x.png
  artifactKey: Guid(89608b060fc7279479398a62e245a409) Importer(2089858483,b0f066a214c2f5e87bad3c948f4d605d)
Start importing Packages/com.unity.render-pipelines.core/Editor/LookDev/Icons/RenderDoc@2x.png using Guid(89608b060fc7279479398a62e245a409) Importer(2089858483,b0f066a214c2f5e87bad3c948f4d605d) (ScriptedImporter) -> (artifact id: '7e34016e33c74a4e639c57db32934f67') in 0.014688 seconds
Number of updated asset objects reloaded before import = 0Number of asset objects unloaded after import = 3

========================================================================
Received Import Request.
  Time since last request: 0.000033 seconds.
  path: Packages/com.unity.render-pipelines.core/Editor/LookDev/Icons/d_CenterLight.png
  artifactKey: Guid(fca3bc21b4600e04faaddb69c5fad81e) Importer(2089858483,b0f066a214c2f5e87bad3c948f4d605d)
Start importing Packages/com.unity.render-pipelines.core/Editor/LookDev/Icons/d_CenterLight.png using Guid(fca3bc21b4600e04faaddb69c5fad81e) Importer(2089858483,b0f066a214c2f5e87bad3c948f4d605d) (ScriptedImporter) -> (artifact id: 'bcb65356c895f3602cc3eb6dd119d168') in 0.0107267 seconds
Number of updated asset objects reloaded before import = 0Number of asset objects unloaded after import = 3

========================================================================
Received Import Request.
  Time since last request: 0.000026 seconds.
  path: Packages/com.unity.render-pipelines.core/Runtime/GPUDriven/InstanceData/GPUInstanceDataUploader.cs
  artifactKey: Guid(200079115ab70b94dafaec0a48ee2455) Importer(2089858483,b0f066a214c2f5e87bad3c948f4d605d)
Start importing Packages/com.unity.render-pipelines.core/Runtime/GPUDriven/InstanceData/GPUInstanceDataUploader.cs using Guid(200079115ab70b94dafaec0a48ee2455) Importer(2089858483,b0f066a214c2f5e87bad3c948f4d605d) (ScriptedImporter) -> (artifact id: 'f29dba89813145a5f16249d1b3521603') in 0.0047465 seconds
Number of updated asset objects reloaded before import = 0Number of asset objects unloaded after import = 0

========================================================================
Received Import Request.
  Time since last request: 0.000021 seconds.
  path: Packages/com.unity.render-pipelines.core/Editor/Lighting/ProbeVolume/ProbePlacement.cs
  artifactKey: Guid(5f0be4761e2343d4eaf51e4c6821776d) Importer(2089858483,b0f066a214c2f5e87bad3c948f4d605d)
Start importing Packages/com.unity.render-pipelines.core/Editor/Lighting/ProbeVolume/ProbePlacement.cs using Guid(5f0be4761e2343d4eaf51e4c6821776d) Importer(2089858483,b0f066a214c2f5e87bad3c948f4d605d) (ScriptedImporter) -> (artifact id: '433fe95917ac64320f3fa4a49038717c') in 0.0049175 seconds
Number of updated asset objects reloaded before import = 0Number of asset objects unloaded after import = 0

========================================================================
Received Import Request.
  Time since last request: 0.000033 seconds.
  path: Packages/com.unity.render-pipelines.core/Runtime/Debugging/FrameTiming/FrameTimeSample.cs
  artifactKey: Guid(d7cc2267acce47fdae2ece838f34df48) Importer(2089858483,b0f066a214c2f5e87bad3c948f4d605d)
Start importing Packages/com.unity.render-pipelines.core/Runtime/Debugging/FrameTiming/FrameTimeSample.cs using Guid(d7cc2267acce47fdae2ece838f34df48) Importer(2089858483,b0f066a214c2f5e87bad3c948f4d605d) (ScriptedImporter) -> (artifact id: '654f97333547e7c1b88aac8cc146914e') in 0.0058457 seconds
Number of updated asset objects reloaded before import = 0Number of asset objects unloaded after import = 0

========================================================================
Received Import Request.
  Time since last request: 0.000031 seconds.
  path: Packages/com.unity.render-pipelines.core/Editor/LookDev/Icons/d_Environment@2x.png
  artifactKey: Guid(a4638c6b8e07c0b49822ed7a91a96d0a) Importer(2089858483,b0f066a214c2f5e87bad3c948f4d605d)
Start importing Packages/com.unity.render-pipelines.core/Editor/LookDev/Icons/d_Environment@2x.png using Guid(a4638c6b8e07c0b49822ed7a91a96d0a) Importer(2089858483,b0f066a214c2f5e87bad3c948f4d605d) (ScriptedImporter) -> (artifact id: '561ca31926ec9e0c5f075b407288c97e') in 0.0130138 seconds
Number of updated asset objects reloaded before import = 0Number of asset objects unloaded after import = 3

========================================================================
Received Import Request.
  Time since last request: 0.000027 seconds.
  path: Packages/com.unity.render-pipelines.core/Runtime/GPUDriven/InstanceData/InstanceData.cs
  artifactKey: Guid(3d4a5f192498160488916c4e31a73a29) Importer(2089858483,b0f066a214c2f5e87bad3c948f4d605d)
Start importing Packages/com.unity.render-pipelines.core/Runtime/GPUDriven/InstanceData/InstanceData.cs using Guid(3d4a5f192498160488916c4e31a73a29) Importer(2089858483,b0f066a214c2f5e87bad3c948f4d605d) (ScriptedImporter) -> (artifact id: 'e7833be108971f57e65342faea0a4ac4') in 0.0051424 seconds
Number of updated asset objects reloaded before import = 0Number of asset objects unloaded after import = 0

========================================================================
Received Import Request.
  Time since last request: 0.000021 seconds.
  path: Packages/com.unity.render-pipelines.core/Editor/Lighting/ProbeVolume/ProbeVolumeSubdivide.compute
  artifactKey: Guid(bb86f1f0af829fd45b2ebddda1245c22) Importer(2089858483,b0f066a214c2f5e87bad3c948f4d605d)
Start importing Packages/com.unity.render-pipelines.core/Editor/Lighting/ProbeVolume/ProbeVolumeSubdivide.compute using Guid(bb86f1f0af829fd45b2ebddda1245c22) Importer(2089858483,b0f066a214c2f5e87bad3c948f4d605d) (ScriptedImporter) -> (artifact id: '9ad5048dd39b34e0c01e447aeab0dbf8') in 0.0048178 seconds
Number of updated asset objects reloaded before import = 0Number of asset objects unloaded after import = 0

========================================================================
Received Import Request.
  Time since last request: 0.000024 seconds.
  path: Packages/com.unity.render-pipelines.core/Editor/Resources/Gizmos/ProbeVolume.png
  artifactKey: Guid(a4aff83690b661e4fab719effabef2a9) Importer(2089858483,b0f066a214c2f5e87bad3c948f4d605d)
Start importing Packages/com.unity.render-pipelines.core/Editor/Resources/Gizmos/ProbeVolume.png using Guid(a4aff83690b661e4fab719effabef2a9) Importer(2089858483,b0f066a214c2f5e87bad3c948f4d605d) (ScriptedImporter) -> (artifact id: '2b61e39f4360fae165f5c3c498bfcb05') in 0.0111897 seconds
Number of updated asset objects reloaded before import = 0Number of asset objects unloaded after import = 1

========================================================================
Received Import Request.
  Time since last request: 0.000026 seconds.
  path: Packages/com.unity.render-pipelines.core/Editor/LookDev/Icons/RightArrow@2x.png
  artifactKey: Guid(e194270977977b24da0c6e1c962a5ce9) Importer(2089858483,b0f066a214c2f5e87bad3c948f4d605d)
Start importing Packages/com.unity.render-pipelines.core/Editor/LookDev/Icons/RightArrow@2x.png using Guid(e194270977977b24da0c6e1c962a5ce9) Importer(2089858483,b0f066a214c2f5e87bad3c948f4d605d) (ScriptedImporter) -> (artifact id: 'c5b3f5251b5e9f59e2da5e8394de0a94') in 0.0112409 seconds
Number of updated asset objects reloaded before import = 0Number of asset objects unloaded after import = 3

========================================================================
Received Import Request.
  Time since last request: 0.000024 seconds.
  path: Packages/com.unity.render-pipelines.core/Editor/Lighting/Icons/UpSnatchFocused.png
  artifactKey: Guid(8a35aa5922ce5b746a734edf7de25ab4) Importer(2089858483,b0f066a214c2f5e87bad3c948f4d605d)
Start importing Packages/com.unity.render-pipelines.core/Editor/Lighting/Icons/UpSnatchFocused.png using Guid(8a35aa5922ce5b746a734edf7de25ab4) Importer(2089858483,b0f066a214c2f5e87bad3c948f4d605d) (ScriptedImporter) -> (artifact id: '33d0c874f4ca009a32701992897fb54e') in 0.0099816 seconds
Number of updated asset objects reloaded before import = 0Number of asset objects unloaded after import = 1

========================================================================
Received Import Request.
  Time since last request: 0.000028 seconds.
  path: Packages/com.unity.render-pipelines.core/Editor/Lighting/ProbeVolume/ProbeSubdivisionResult.cs
  artifactKey: Guid(32824d29ca4eb544896ba1b0ba16de44) Importer(2089858483,b0f066a214c2f5e87bad3c948f4d605d)
Start importing Packages/com.unity.render-pipelines.core/Editor/Lighting/ProbeVolume/ProbeSubdivisionResult.cs using Guid(32824d29ca4eb544896ba1b0ba16de44) Importer(2089858483,b0f066a214c2f5e87bad3c948f4d605d) (ScriptedImporter) -> (artifact id: '8dea0b1379bb02cd53b4138fe9059dd8') in 0.0045343 seconds
Number of updated asset objects reloaded before import = 0Number of asset objects unloaded after import = 0

========================================================================
Received Import Request.
  Time since last request: 0.000022 seconds.
  path: Packages/com.unity.render-pipelines.core/Editor/Lighting/Icons/PresetBounce_Left.png
  artifactKey: Guid(1c7013643e4df944492a5801199df62a) Importer(2089858483,b0f066a214c2f5e87bad3c948f4d605d)
Start importing Packages/com.unity.render-pipelines.core/Editor/Lighting/Icons/PresetBounce_Left.png using Guid(1c7013643e4df944492a5801199df62a) Importer(2089858483,b0f066a214c2f5e87bad3c948f4d605d) (ScriptedImporter) -> (artifact id: '3d33a9495773d10170acca626a289760') in 0.0095008 seconds
Number of updated asset objects reloaded before import = 0Number of asset objects unloaded after import = 1

========================================================================
Received Import Request.
  Time since last request: 0.000018 seconds.
  path: Packages/com.unity.render-pipelines.core/Editor/Lighting/Icons/UpSnatch.png
  artifactKey: Guid(a1fe8ebe91e101d47af42adec440c3e5) Importer(2089858483,b0f066a214c2f5e87bad3c948f4d605d)
Start importing Packages/com.unity.render-pipelines.core/Editor/Lighting/Icons/UpSnatch.png using Guid(a1fe8ebe91e101d47af42adec440c3e5) Importer(2089858483,b0f066a214c2f5e87bad3c948f4d605d) (ScriptedImporter) -> (artifact id: '82f9f9591286b89db9424bb9b9a32b5d') in 0.0101595 seconds
Number of updated asset objects reloaded before import = 0Number of asset objects unloaded after import = 1

========================================================================
Received Import Request.
  Time since last request: 0.000022 seconds.
  path: Packages/com.unity.render-pipelines.core/Editor/Settings/PropertyDrawers/ShaderStrippingSettingsPropertyDrawer.cs
  artifactKey: Guid(bbee3bb98e4d6504bb670b73184deb69) Importer(2089858483,b0f066a214c2f5e87bad3c948f4d605d)
Start importing Packages/com.unity.render-pipelines.core/Editor/Settings/PropertyDrawers/ShaderStrippingSettingsPropertyDrawer.cs using Guid(bbee3bb98e4d6504bb670b73184deb69) Importer(2089858483,b0f066a214c2f5e87bad3c948f4d605d) (ScriptedImporter) -> (artifact id: 'f7971e78360fb58a95419987cb278520') in 0.0050082 seconds
Number of updated asset objects reloaded before import = 0Number of asset objects unloaded after import = 0

========================================================================
Received Import Request.
  Time since last request: 0.000023 seconds.
  path: Packages/com.unity.render-pipelines.core/Editor/Tools/MaterialUpgrader/MaterialUpgrader.cs
  artifactKey: Guid(67b996d0727a74b029aff1545143be17) Importer(2089858483,b0f066a214c2f5e87bad3c948f4d605d)
Start importing Packages/com.unity.render-pipelines.core/Editor/Tools/MaterialUpgrader/MaterialUpgrader.cs using Guid(67b996d0727a74b029aff1545143be17) Importer(2089858483,b0f066a214c2f5e87bad3c948f4d605d) (ScriptedImporter) -> (artifact id: '01a279502ac8f183053a27546eade5c1') in 0.0046167 seconds
Number of updated asset objects reloaded before import = 0Number of asset objects unloaded after import = 0

========================================================================
Received Import Request.
  Time since last request: 0.000036 seconds.
  path: Packages/com.unity.render-pipelines.core/Editor/LookDev/Icons/d_Remove@2x.png
  artifactKey: Guid(cc27e95868ab32345b74b8338c01ebed) Importer(2089858483,b0f066a214c2f5e87bad3c948f4d605d)
Start importing Packages/com.unity.render-pipelines.core/Editor/LookDev/Icons/d_Remove@2x.png using Guid(cc27e95868ab32345b74b8338c01ebed) Importer(2089858483,b0f066a214c2f5e87bad3c948f4d605d) (ScriptedImporter) -> (artifact id: 'fda51f047c6e8bd512833ebd040fc428') in 0.0124756 seconds
Number of updated asset objects reloaded before import = 0Number of asset objects unloaded after import = 3

========================================================================
Received Import Request.
  Time since last request: 0.000021 seconds.
  path: Packages/com.unity.render-pipelines.core/Editor/LookDev/Icons/d_Layout2@2x.png
  artifactKey: Guid(50f7a3e9878119a4da02f38cf05d75ba) Importer(2089858483,b0f066a214c2f5e87bad3c948f4d605d)
Start importing Packages/com.unity.render-pipelines.core/Editor/LookDev/Icons/d_Layout2@2x.png using Guid(50f7a3e9878119a4da02f38cf05d75ba) Importer(2089858483,b0f066a214c2f5e87bad3c948f4d605d) (ScriptedImporter) -> (artifact id: 'bb5f1dda9759efc5530c8a1d12361351') in 0.0102172 seconds
Number of updated asset objects reloaded before import = 0Number of asset objects unloaded after import = 3

========================================================================
Received Import Request.
  Time since last request: 0.000023 seconds.
  path: Packages/com.unity.render-pipelines.core/Editor/LookDev/Icons/d_CenterLight@2x.png
  artifactKey: Guid(a14e6ee680df42f4c99bf69bc3d6b9ca) Importer(2089858483,b0f066a214c2f5e87bad3c948f4d605d)
Start importing Packages/com.unity.render-pipelines.core/Editor/LookDev/Icons/d_CenterLight@2x.png using Guid(a14e6ee680df42f4c99bf69bc3d6b9ca) Importer(2089858483,b0f066a214c2f5e87bad3c948f4d605d) (ScriptedImporter) -> (artifact id: '558401c63c8b0d13ac81396db01346b2') in 0.0107566 seconds
Number of updated asset objects reloaded before import = 0Number of asset objects unloaded after import = 3

========================================================================
Received Import Request.
  Time since last request: 0.000022 seconds.
  path: Packages/com.unity.render-pipelines.core/Runtime/Lighting/ProbeVolume/DecodeSH.hlsl
  artifactKey: Guid(6646f462aeb8278489c25fda24fd2db8) Importer(2089858483,b0f066a214c2f5e87bad3c948f4d605d)
Start importing Packages/com.unity.render-pipelines.core/Runtime/Lighting/ProbeVolume/DecodeSH.hlsl using Guid(6646f462aeb8278489c25fda24fd2db8) Importer(2089858483,b0f066a214c2f5e87bad3c948f4d605d) (ScriptedImporter) -> (artifact id: '3a3c728799da48af9d614f67248b1200') in 0.0050106 seconds
Number of updated asset objects reloaded before import = 0Number of asset objects unloaded after import = 1

========================================================================
Received Import Request.
  Time since last request: 0.000021 seconds.
  path: Packages/com.unity.render-pipelines.core/Editor/LookDev/Icons/LeftArrow@2x.png
  artifactKey: Guid(f0106cef986be534181a8582cffd29da) Importer(2089858483,b0f066a214c2f5e87bad3c948f4d605d)
Start importing Packages/com.unity.render-pipelines.core/Editor/LookDev/Icons/LeftArrow@2x.png using Guid(f0106cef986be534181a8582cffd29da) Importer(2089858483,b0f066a214c2f5e87bad3c948f4d605d) (ScriptedImporter) -> (artifact id: 'd1dd13db1603e0fcd216d3bdcfd39bdb') in 0.0112558 seconds
Number of updated asset objects reloaded before import = 0Number of asset objects unloaded after import = 3

========================================================================
Received Import Request.
  Time since last request: 0.000024 seconds.
  path: Packages/com.unity.render-pipelines.core/Editor/Lighting/ProbeVolume/VoxelizeScene.shader
  artifactKey: Guid(c8b6a681c7b4e2e4785ffab093907f9e) Importer(2089858483,b0f066a214c2f5e87bad3c948f4d605d)
Start importing Packages/com.unity.render-pipelines.core/Editor/Lighting/ProbeVolume/VoxelizeScene.shader using Guid(c8b6a681c7b4e2e4785ffab093907f9e) Importer(2089858483,b0f066a214c2f5e87bad3c948f4d605d) (ScriptedImporter) -> (artifact id: '03b3896e063032f81d0cffb5351a8a65') in 0.0056602 seconds
Number of updated asset objects reloaded before import = 0Number of asset objects unloaded after import = 0

========================================================================
Received Import Request.
  Time since last request: 0.000022 seconds.
  path: Packages/com.unity.render-pipelines.core/Runtime/GPUDriven/InstanceData/InstanceDataSystemBurst.cs
  artifactKey: Guid(302f596d55264be4ba359e52ec407766) Importer(2089858483,b0f066a214c2f5e87bad3c948f4d605d)
Start importing Packages/com.unity.render-pipelines.core/Runtime/GPUDriven/InstanceData/InstanceDataSystemBurst.cs using Guid(302f596d55264be4ba359e52ec407766) Importer(2089858483,b0f066a214c2f5e87bad3c948f4d605d) (ScriptedImporter) -> (artifact id: 'e65f1b7aacf02da573b0bda84018b3e5') in 0.0044687 seconds
Number of updated asset objects reloaded before import = 0Number of asset objects unloaded after import = 0

========================================================================
Received Import Request.
  Time since last request: 0.000025 seconds.
  path: Packages/com.unity.render-pipelines.core/Editor/LookDev/Icons/d_Add@2x.png
  artifactKey: Guid(daa49a1f06460a04b9827dd6f0bace08) Importer(2089858483,b0f066a214c2f5e87bad3c948f4d605d)
Start importing Packages/com.unity.render-pipelines.core/Editor/LookDev/Icons/d_Add@2x.png using Guid(daa49a1f06460a04b9827dd6f0bace08) Importer(2089858483,b0f066a214c2f5e87bad3c948f4d605d) (ScriptedImporter) -> (artifact id: '782f49d31c52d4c2d4ac6014d8581b48') in 0.0102262 seconds
Number of updated asset objects reloaded before import = 0Number of asset objects unloaded after import = 3

========================================================================
Received Import Request.
  Time since last request: 0.000021 seconds.
  path: Packages/com.unity.render-pipelines.core/Editor/LookDev/Icons/renderdoc.png
  artifactKey: Guid(cf13fb90f91d2a545a00591d75b43bd8) Importer(2089858483,b0f066a214c2f5e87bad3c948f4d605d)
Start importing Packages/com.unity.render-pipelines.core/Editor/LookDev/Icons/renderdoc.png using Guid(cf13fb90f91d2a545a00591d75b43bd8) Importer(2089858483,b0f066a214c2f5e87bad3c948f4d605d) (ScriptedImporter) -> (artifact id: '607b15e0a26ed776827cf17a536acab7') in 0.0115825 seconds
Number of updated asset objects reloaded before import = 0Number of asset objects unloaded after import = 3

========================================================================
Received Import Request.
  Time since last request: 0.000024 seconds.
  path: Packages/com.unity.render-pipelines.core/Editor/LookDev/Icons/Camera2.png
  artifactKey: Guid(e89a31db98e403b40af1a8f0ef9ae1ef) Importer(2089858483,b0f066a214c2f5e87bad3c948f4d605d)
Start importing Packages/com.unity.render-pipelines.core/Editor/LookDev/Icons/Camera2.png using Guid(e89a31db98e403b40af1a8f0ef9ae1ef) Importer(2089858483,b0f066a214c2f5e87bad3c948f4d605d) (ScriptedImporter) -> (artifact id: 'aefb1516eab7e711b27b1fa675aa7104') in 0.0114105 seconds
Number of updated asset objects reloaded before import = 0Number of asset objects unloaded after import = 3

========================================================================
Received Import Request.
  Time since last request: 0.000029 seconds.
  path: Packages/com.unity.nuget.mono-cecil/README.md
  artifactKey: Guid(beaa90bac8bb70d439d582bca35465cb) Importer(2089858483,b0f066a214c2f5e87bad3c948f4d605d)
Start importing Packages/com.unity.nuget.mono-cecil/README.md using Guid(beaa90bac8bb70d439d582bca35465cb) Importer(2089858483,b0f066a214c2f5e87bad3c948f4d605d) (ScriptedImporter) -> (artifact id: 'a5d1c1a1cf6a3c0a3475602f6125477c') in 0.0042833 seconds
Number of updated asset objects reloaded before import = 0Number of asset objects unloaded after import = 1

========================================================================
Received Import Request.
  Time since last request: 0.000018 seconds.
  path: Packages/com.unity.render-pipelines.core/Editor/LookDev/Icons/Camera1@2x.png
  artifactKey: Guid(52b3ad4181ffbec4cad6eb26d07127f6) Importer(2089858483,b0f066a214c2f5e87bad3c948f4d605d)
Start importing Packages/com.unity.render-pipelines.core/Editor/LookDev/Icons/Camera1@2x.png using Guid(52b3ad4181ffbec4cad6eb26d07127f6) Importer(2089858483,b0f066a214c2f5e87bad3c948f4d605d) (ScriptedImporter) -> (artifact id: 'd0357067a7decd137325713a55248c0a') in 0.0115122 seconds
Number of updated asset objects reloaded before import = 0Number of asset objects unloaded after import = 3

========================================================================
Received Import Request.
  Time since last request: 0.000020 seconds.
  path: Packages/com.unity.mathematics/Tests/Tests/Shared/TestInt3x2.gen.cs
  artifactKey: Guid(a70be02e3e9e4764494cdb824f94da34) Importer(2089858483,b0f066a214c2f5e87bad3c948f4d605d)
Start importing Packages/com.unity.mathematics/Tests/Tests/Shared/TestInt3x2.gen.cs using Guid(a70be02e3e9e4764494cdb824f94da34) Importer(2089858483,b0f066a214c2f5e87bad3c948f4d605d) (ScriptedImporter) -> (artifact id: '13f4e2a3a0fdfae2e99f6031284c69aa') in 0.0048815 seconds
Number of updated asset objects reloaded before import = 0Number of asset objects unloaded after import = 0

========================================================================
Received Import Request.
  Time since last request: 0.000021 seconds.
  path: Packages/com.unity.mathematics/Unity.Mathematics/Properties/AssemblyInfo.cs
  artifactKey: Guid(fb0d7ffc71c40bd49a849e6427f80cb5) Importer(2089858483,b0f066a214c2f5e87bad3c948f4d605d)
Start importing Packages/com.unity.mathematics/Unity.Mathematics/Properties/AssemblyInfo.cs using Guid(fb0d7ffc71c40bd49a849e6427f80cb5) Importer(2089858483,b0f066a214c2f5e87bad3c948f4d605d) (ScriptedImporter) -> (artifact id: 'fc160e60cf4f943d1a66f857b5228427') in 0.0047886 seconds
Number of updated asset objects reloaded before import = 0Number of asset objects unloaded after import = 0

========================================================================
Received Import Request.
  Time since last request: 0.000023 seconds.
  path: Packages/com.unity.render-pipelines.core/Editor/Lighting/LightUnit/TemperatureSlider.cs
  artifactKey: Guid(ebbff026076216245a6e728a10c98c66) Importer(2089858483,b0f066a214c2f5e87bad3c948f4d605d)
Start importing Packages/com.unity.render-pipelines.core/Editor/Lighting/LightUnit/TemperatureSlider.cs using Guid(ebbff026076216245a6e728a10c98c66) Importer(2089858483,b0f066a214c2f5e87bad3c948f4d605d) (ScriptedImporter) -> (artifact id: '7f8002f5ad686a69284bd5234c2c730c') in 0.0048334 seconds
Number of updated asset objects reloaded before import = 0Number of asset objects unloaded after import = 0

========================================================================
Received Import Request.
  Time since last request: 0.000043 seconds.
  path: Packages/com.unity.mathematics/Unity.Mathematics/Noise/psrdnoise2D.cs
  artifactKey: Guid(8bf609f94feab4ac5af33f75a100630c) Importer(2089858483,b0f066a214c2f5e87bad3c948f4d605d)
Start importing Packages/com.unity.mathematics/Unity.Mathematics/Noise/psrdnoise2D.cs using Guid(8bf609f94feab4ac5af33f75a100630c) Importer(2089858483,b0f066a214c2f5e87bad3c948f4d605d) (ScriptedImporter) -> (artifact id: '17c54cf6900ef0122a04d745f85e4c6e') in 0.0043926 seconds
Number of updated asset objects reloaded before import = 0Number of asset objects unloaded after import = 0

========================================================================
Received Import Request.
  Time since last request: 0.000024 seconds.
  path: Packages/com.unity.render-pipelines.core/Editor/Lighting/Icons/PresetKick_Right.png
  artifactKey: Guid(bdb354565d2d91e48a7ffe02442fe226) Importer(2089858483,b0f066a214c2f5e87bad3c948f4d605d)
Start importing Packages/com.unity.render-pipelines.core/Editor/Lighting/Icons/PresetKick_Right.png using Guid(bdb354565d2d91e48a7ffe02442fe226) Importer(2089858483,b0f066a214c2f5e87bad3c948f4d605d) (ScriptedImporter) -> (artifact id: 'e8148a2aab184d7ba126d89ee08f85ef') in 0.0085996 seconds
Number of updated asset objects reloaded before import = 0Number of asset objects unloaded after import = 1

========================================================================
Received Import Request.
  Time since last request: 0.808446 seconds.
  path: Packages/com.unity.render-pipelines.core/Editor/StringExtensions.cs
  artifactKey: Guid(2d88aa45be83f6b4abd463321da9123e) Importer(2089858483,b0f066a214c2f5e87bad3c948f4d605d)
Start importing Packages/com.unity.render-pipelines.core/Editor/StringExtensions.cs using Guid(2d88aa45be83f6b4abd463321da9123e) Importer(2089858483,b0f066a214c2f5e87bad3c948f4d605d) (ScriptedImporter) -> (artifact id: '8a689764a5badd4799d6b3c595698372') in 0.006249 seconds
Number of updated asset objects reloaded before import = 0Number of asset objects unloaded after import = 0

========================================================================
Received Import Request.
  Time since last request: 0.000023 seconds.
  path: Packages/com.unity.render-pipelines.core/Tests/Editor/GPUDriven/GPUDrivenRenderingUtils.cs
  artifactKey: Guid(f3d738621938ff843b2658c254abb241) Importer(2089858483,b0f066a214c2f5e87bad3c948f4d605d)
Start importing Packages/com.unity.render-pipelines.core/Tests/Editor/GPUDriven/GPUDrivenRenderingUtils.cs using Guid(f3d738621938ff843b2658c254abb241) Importer(2089858483,b0f066a214c2f5e87bad3c948f4d605d) (ScriptedImporter) -> (artifact id: 'faf8bfd32327b99d3b0f2f31c8987958') in 0.0048055 seconds
Number of updated asset objects reloaded before import = 0Number of asset objects unloaded after import = 0

========================================================================
Received Import Request.
  Time since last request: 0.000024 seconds.
  path: Packages/com.unity.render-pipelines.core/Runtime/Lighting/ProbeVolume/ProbeVolumeBlendStates.hlsl
  artifactKey: Guid(e478f7f7b57c7ab46a2933b408f63161) Importer(2089858483,b0f066a214c2f5e87bad3c948f4d605d)
Start importing Packages/com.unity.render-pipelines.core/Runtime/Lighting/ProbeVolume/ProbeVolumeBlendStates.hlsl using Guid(e478f7f7b57c7ab46a2933b408f63161) Importer(2089858483,b0f066a214c2f5e87bad3c948f4d605d) (ScriptedImporter) -> (artifact id: 'a15c5d48073b0ed485b70ca52cc29e62') in 0.0045785 seconds
Number of updated asset objects reloaded before import = 0Number of asset objects unloaded after import = 1

========================================================================
Received Import Request.
  Time since last request: 0.000033 seconds.
  path: Packages/com.unity.render-pipelines.core/Tests/Editor/Utilities/ObservableListTests.cs
  artifactKey: Guid(2fe1182006044321a72f6e5bd11ceb1d) Importer(2089858483,b0f066a214c2f5e87bad3c948f4d605d)
Start importing Packages/com.unity.render-pipelines.core/Tests/Editor/Utilities/ObservableListTests.cs using Guid(2fe1182006044321a72f6e5bd11ceb1d) Importer(2089858483,b0f066a214c2f5e87bad3c948f4d605d) (ScriptedImporter) -> (artifact id: '18fedb314a19bb3e7c23df9d95d2b483') in 0.0044294 seconds
Number of updated asset objects reloaded before import = 0Number of asset objects unloaded after import = 0

========================================================================
Received Import Request.
  Time since last request: 0.000025 seconds.
  path: Packages/com.unity.render-pipelines.core/Editor/Icons/MipLevels/RenderGraphViewer/Resources@32.png
  artifactKey: Guid(8c00ff63cd786b34685fe28d9d37c2b9) Importer(2089858483,b0f066a214c2f5e87bad3c948f4d605d)
Start importing Packages/com.unity.render-pipelines.core/Editor/Icons/MipLevels/RenderGraphViewer/Resources@32.png using Guid(8c00ff63cd786b34685fe28d9d37c2b9) Importer(2089858483,b0f066a214c2f5e87bad3c948f4d605d) (ScriptedImporter) -> (artifact id: '7344d83f66a8113fbdc7dd6963006857') in 0.0129838 seconds
Number of updated asset objects reloaded before import = 0Number of asset objects unloaded after import = 1

========================================================================
Received Import Request.
  Time since last request: 0.000021 seconds.
  path: Packages/com.unity.render-pipelines.core/Tests/Runtime/Threading/FunctionTests.cs
  artifactKey: Guid(59c8a12d341e781489ab4c7b1815b241) Importer(2089858483,b0f066a214c2f5e87bad3c948f4d605d)
Start importing Packages/com.unity.render-pipelines.core/Tests/Runtime/Threading/FunctionTests.cs using Guid(59c8a12d341e781489ab4c7b1815b241) Importer(2089858483,b0f066a214c2f5e87bad3c948f4d605d) (ScriptedImporter) -> (artifact id: '9c0fc78feeb8f8ab9b547df47fb388dd') in 0.0048274 seconds
Number of updated asset objects reloaded before import = 0Number of asset objects unloaded after import = 0

========================================================================
Received Import Request.
  Time since last request: 0.000022 seconds.
  path: Packages/com.unity.render-pipelines.core/Editor/Lighting/Icons/LightUnitIcons/d_InteriorLight@2x.png
  artifactKey: Guid(b1a064fab2aa93e47bd8d558a6ca655b) Importer(2089858483,b0f066a214c2f5e87bad3c948f4d605d)
Start importing Packages/com.unity.render-pipelines.core/Editor/Lighting/Icons/LightUnitIcons/d_InteriorLight@2x.png using Guid(b1a064fab2aa93e47bd8d558a6ca655b) Importer(2089858483,b0f066a214c2f5e87bad3c948f4d605d) (ScriptedImporter) -> (artifact id: '4400f776947fb15d90727e893cef84f9') in 0.0265024 seconds
Number of updated asset objects reloaded before import = 0Number of asset objects unloaded after import = 1

========================================================================
Received Import Request.
  Time since last request: 0.000021 seconds.
  path: Packages/com.unity.render-pipelines.core/Editor/Lighting/Icons/LightUnitIcons/CloudySky.png
  artifactKey: Guid(bb2cc982d8ff1aa4a9ce5ee5fdb29023) Importer(2089858483,b0f066a214c2f5e87bad3c948f4d605d)
Start importing Packages/com.unity.render-pipelines.core/Editor/Lighting/Icons/LightUnitIcons/CloudySky.png using Guid(bb2cc982d8ff1aa4a9ce5ee5fdb29023) Importer(2089858483,b0f066a214c2f5e87bad3c948f4d605d) (ScriptedImporter) -> (artifact id: '56f25fbc64502bf4a4e8ec8388497890') in 0.0107757 seconds
Number of updated asset objects reloaded before import = 0Number of asset objects unloaded after import = 1

========================================================================
Received Import Request.
  Time since last request: 0.000028 seconds.
  path: Packages/com.unity.render-pipelines.core/Editor/Lighting/Icons/LightUnitIcons/Fluorescent@2x.png
  artifactKey: Guid(81321ffad3c324c42806d47efb84d4d1) Importer(2089858483,b0f066a214c2f5e87bad3c948f4d605d)
Start importing Packages/com.unity.render-pipelines.core/Editor/Lighting/Icons/LightUnitIcons/Fluorescent@2x.png using Guid(81321ffad3c324c42806d47efb84d4d1) Importer(2089858483,b0f066a214c2f5e87bad3c948f4d605d) (ScriptedImporter) -> (artifact id: '4ec19ec9ede5c5201669aa9eb049b768') in 0.0092759 seconds
Number of updated asset objects reloaded before import = 0Number of asset objects unloaded after import = 1

========================================================================
Received Import Request.
  Time since last request: 0.000022 seconds.
  path: Packages/com.unity.render-pipelines.core/Editor/Lighting/Icons/LightUnitIcons/InteriorLight@2x.png
  artifactKey: Guid(1bb3da4ea375c37498c93327420e6a01) Importer(2089858483,b0f066a214c2f5e87bad3c948f4d605d)
Start importing Packages/com.unity.render-pipelines.core/Editor/Lighting/Icons/LightUnitIcons/InteriorLight@2x.png using Guid(1bb3da4ea375c37498c93327420e6a01) Importer(2089858483,b0f066a214c2f5e87bad3c948f4d605d) (ScriptedImporter) -> (artifact id: '23a605475e8d98ad4bcc37d70210eb6d') in 0.0090836 seconds
Number of updated asset objects reloaded before import = 0Number of asset objects unloaded after import = 1

========================================================================
Received Import Request.
  Time since last request: 0.000025 seconds.
  path: Packages/com.unity.render-pipelines.core/Runtime/Lighting/ProbeVolume/ProbeVolumeGIContributor.cs
  artifactKey: Guid(d6b61523d2d66384485b5ef359496dd9) Importer(2089858483,b0f066a214c2f5e87bad3c948f4d605d)
Start importing Packages/com.unity.render-pipelines.core/Runtime/Lighting/ProbeVolume/ProbeVolumeGIContributor.cs using Guid(d6b61523d2d66384485b5ef359496dd9) Importer(2089858483,b0f066a214c2f5e87bad3c948f4d605d) (ScriptedImporter) -> (artifact id: '4800e1227eb18ae1a3800dc1f22b3170') in 0.0047892 seconds
Number of updated asset objects reloaded before import = 0Number of asset objects unloaded after import = 0

========================================================================
Received Import Request.
  Time since last request: 0.000024 seconds.
  path: Packages/com.unity.render-pipelines.core/Runtime/RenderGraph/Compiler/ResourcesData.cs
  artifactKey: Guid(9698efb2816f96349ae46ee06003995b) Importer(2089858483,b0f066a214c2f5e87bad3c948f4d605d)
Start importing Packages/com.unity.render-pipelines.core/Runtime/RenderGraph/Compiler/ResourcesData.cs using Guid(9698efb2816f96349ae46ee06003995b) Importer(2089858483,b0f066a214c2f5e87bad3c948f4d605d) (ScriptedImporter) -> (artifact id: 'ae807500d33f3ad8e3364088afb5e8b5') in 0.004629 seconds
Number of updated asset objects reloaded before import = 0Number of asset objects unloaded after import = 0

========================================================================
Received Import Request.
  Time since last request: 0.000020 seconds.
  path: Packages/com.unity.render-pipelines.core/Editor/Lighting/Icons/LightUnitIcons/DirectSunlight@2x.png
  artifactKey: Guid(03ea000956f47584c872d8b4df47f5ee) Importer(2089858483,b0f066a214c2f5e87bad3c948f4d605d)
Start importing Packages/com.unity.render-pipelines.core/Editor/Lighting/Icons/LightUnitIcons/DirectSunlight@2x.png using Guid(03ea000956f47584c872d8b4df47f5ee) Importer(2089858483,b0f066a214c2f5e87bad3c948f4d605d) (ScriptedImporter) -> (artifact id: '66ba5bac12ef8c6269d6e24f91352813') in 0.010542 seconds
Number of updated asset objects reloaded before import = 0Number of asset objects unloaded after import = 1

========================================================================
Received Import Request.
  Time since last request: 0.000026 seconds.
  path: Packages/com.unity.render-pipelines.core/Runtime/Lighting/ProbeVolume/ProbeBrickPool.cs
  artifactKey: Guid(079fb321dd4edfd42bee1376c8c48c05) Importer(2089858483,b0f066a214c2f5e87bad3c948f4d605d)
Start importing Packages/com.unity.render-pipelines.core/Runtime/Lighting/ProbeVolume/ProbeBrickPool.cs using Guid(079fb321dd4edfd42bee1376c8c48c05) Importer(2089858483,b0f066a214c2f5e87bad3c948f4d605d) (ScriptedImporter) -> (artifact id: 'e481aaf0b55abb5948db0d924b538f26') in 0.0049575 seconds
Number of updated asset objects reloaded before import = 0Number of asset objects unloaded after import = 0

========================================================================
Received Import Request.
  Time since last request: 0.000025 seconds.
  path: Packages/com.unity.render-pipelines.core/Runtime/UnifiedRayTracing/Compute/BLASPositionsPool.cs
  artifactKey: Guid(e633faaa7fc13ca42afbbd3359354b1a) Importer(2089858483,b0f066a214c2f5e87bad3c948f4d605d)
Start importing Packages/com.unity.render-pipelines.core/Runtime/UnifiedRayTracing/Compute/BLASPositionsPool.cs using Guid(e633faaa7fc13ca42afbbd3359354b1a) Importer(2089858483,b0f066a214c2f5e87bad3c948f4d605d) (ScriptedImporter) -> (artifact id: '794eb75e83309332744e6de436e1e410') in 0.0062713 seconds
Number of updated asset objects reloaded before import = 0Number of asset objects unloaded after import = 0

========================================================================
Received Import Request.
  Time since last request: 0.000023 seconds.
  path: Packages/com.unity.render-pipelines.core/Editor/Lighting/Icons/LightUnitIcons/DirectSunlight.png
  artifactKey: Guid(863ef838c25e51b4790fd6ac881ba895) Importer(2089858483,b0f066a214c2f5e87bad3c948f4d605d)
Start importing Packages/com.unity.render-pipelines.core/Editor/Lighting/Icons/LightUnitIcons/DirectSunlight.png using Guid(863ef838c25e51b4790fd6ac881ba895) Importer(2089858483,b0f066a214c2f5e87bad3c948f4d605d) (ScriptedImporter) -> (artifact id: 'd82a8774b6218c5b111a40af85ade75e') in 0.0102978 seconds
Number of updated asset objects reloaded before import = 0Number of asset objects unloaded after import = 1

========================================================================
Received Import Request.
  Time since last request: 0.000026 seconds.
  path: Packages/com.unity.render-pipelines.core/Runtime/RenderGraph/Compiler/PassesData.cs
  artifactKey: Guid(5349618d155f8ad44a1aa7cc3ade8fcf) Importer(2089858483,b0f066a214c2f5e87bad3c948f4d605d)
Start importing Packages/com.unity.render-pipelines.core/Runtime/RenderGraph/Compiler/PassesData.cs using Guid(5349618d155f8ad44a1aa7cc3ade8fcf) Importer(2089858483,b0f066a214c2f5e87bad3c948f4d605d) (ScriptedImporter) -> (artifact id: '09a69d7a0fbe890d8bc7060869c97345') in 0.0055794 seconds
Number of updated asset objects reloaded before import = 0Number of asset objects unloaded after import = 0

========================================================================
Received Import Request.
  Time since last request: 0.000027 seconds.
  path: Packages/com.unity.render-pipelines.core/Tests/Editor/Volumes/VolumeCollectionTests.cs
  artifactKey: Guid(65f6099afeee7b1468f7acd28effa089) Importer(2089858483,b0f066a214c2f5e87bad3c948f4d605d)
Start importing Packages/com.unity.render-pipelines.core/Tests/Editor/Volumes/VolumeCollectionTests.cs using Guid(65f6099afeee7b1468f7acd28effa089) Importer(2089858483,b0f066a214c2f5e87bad3c948f4d605d) (ScriptedImporter) -> (artifact id: '1c524543be347f7dc59b19dd4519f993') in 0.0045185 seconds
Number of updated asset objects reloaded before import = 0Number of asset objects unloaded after import = 0

========================================================================
Received Import Request.
  Time since last request: 0.000025 seconds.
  path: Packages/com.unity.render-pipelines.core/Editor/Lighting/Icons/LightUnitIcons/d_DecorativeLight.png
  artifactKey: Guid(73e9cf59769215c4892d0a8008f39737) Importer(2089858483,b0f066a214c2f5e87bad3c948f4d605d)
Start importing Packages/com.unity.render-pipelines.core/Editor/Lighting/Icons/LightUnitIcons/d_DecorativeLight.png using Guid(73e9cf59769215c4892d0a8008f39737) Importer(2089858483,b0f066a214c2f5e87bad3c948f4d605d) (ScriptedImporter) -> (artifact id: '969a3eae6c5b6446e608c8d29a5eba3b') in 0.0102613 seconds
Number of updated asset objects reloaded before import = 0Number of asset objects unloaded after import = 1

========================================================================
Received Import Request.
  Time since last request: 0.000018 seconds.
  path: Packages/com.unity.render-pipelines.core/Runtime/PostProcessing/Shaders/LensFlareCommon.hlsl
  artifactKey: Guid(a279154a65cb87e46a9922aeaf9b7bc4) Importer(2089858483,b0f066a214c2f5e87bad3c948f4d605d)
Start importing Packages/com.unity.render-pipelines.core/Runtime/PostProcessing/Shaders/LensFlareCommon.hlsl using Guid(a279154a65cb87e46a9922aeaf9b7bc4) Importer(2089858483,b0f066a214c2f5e87bad3c948f4d605d) (ScriptedImporter) -> (artifact id: 'e64a42d606d31332ba77d38d7a287f4e') in 0.0046852 seconds
Number of updated asset objects reloaded before import = 0Number of asset objects unloaded after import = 1

========================================================================
Received Import Request.
  Time since last request: 0.000023 seconds.
  path: Packages/com.unity.render-pipelines.core/Runtime/Utilities/GPUSort/GPUSort.Data.cs
  artifactKey: Guid(6ae7551dd2f145dabc729526be5a6a2f) Importer(2089858483,b0f066a214c2f5e87bad3c948f4d605d)
Start importing Packages/com.unity.render-pipelines.core/Runtime/Utilities/GPUSort/GPUSort.Data.cs using Guid(6ae7551dd2f145dabc729526be5a6a2f) Importer(2089858483,b0f066a214c2f5e87bad3c948f4d605d) (ScriptedImporter) -> (artifact id: 'dde6d43f369865efe1fa73970795f970') in 0.0044912 seconds
Number of updated asset objects reloaded before import = 0Number of asset objects unloaded after import = 0

========================================================================
Received Import Request.
  Time since last request: 0.000017 seconds.
  path: Packages/com.unity.render-pipelines.core/Runtime/UnifiedRayTracing/Common/AccelStructAdapter.cs
  artifactKey: Guid(be387ad7b61cdc84c81dbdd3d936722c) Importer(2089858483,b0f066a214c2f5e87bad3c948f4d605d)
Start importing Packages/com.unity.render-pipelines.core/Runtime/UnifiedRayTracing/Common/AccelStructAdapter.cs using Guid(be387ad7b61cdc84c81dbdd3d936722c) Importer(2089858483,b0f066a214c2f5e87bad3c948f4d605d) (ScriptedImporter) -> (artifact id: '4761da1d2aa3aaffe7d1249b97881da7') in 0.0045502 seconds
Number of updated asset objects reloaded before import = 0Number of asset objects unloaded after import = 0

========================================================================
Received Import Request.
  Time since last request: 0.000027 seconds.
  path: Packages/com.unity.render-pipelines.core/Editor/Lighting/Icons/LightUnitIcons/d_SoftAreaLight.png
  artifactKey: Guid(940a20d919196f1408474a7b7057f4b9) Importer(2089858483,b0f066a214c2f5e87bad3c948f4d605d)
Start importing Packages/com.unity.render-pipelines.core/Editor/Lighting/Icons/LightUnitIcons/d_SoftAreaLight.png using Guid(940a20d919196f1408474a7b7057f4b9) Importer(2089858483,b0f066a214c2f5e87bad3c948f4d605d) (ScriptedImporter) -> (artifact id: 'c38aeeb230285c72213d02bd2e9c7b61') in 0.0097697 seconds
Number of updated asset objects reloaded before import = 0Number of asset objects unloaded after import = 1

========================================================================
Received Import Request.
  Time since last request: 0.000034 seconds.
  path: Packages/com.unity.render-pipelines.core/Editor/Lighting/Icons/LightUnitIcons/d_SunriseSunset@2x.png
  artifactKey: Guid(e737fd1dd31046c4da43e8ba94fdaf63) Importer(2089858483,b0f066a214c2f5e87bad3c948f4d605d)
Start importing Packages/com.unity.render-pipelines.core/Editor/Lighting/Icons/LightUnitIcons/d_SunriseSunset@2x.png using Guid(e737fd1dd31046c4da43e8ba94fdaf63) Importer(2089858483,b0f066a214c2f5e87bad3c948f4d605d) (ScriptedImporter) -> (artifact id: '967ad2d45098e29fc01a5e29deda8b9b') in 0.0107531 seconds
Number of updated asset objects reloaded before import = 0Number of asset objects unloaded after import = 1

========================================================================
Received Import Request.
  Time since last request: 0.000024 seconds.
  path: Packages/com.unity.render-pipelines.core/Runtime/RenderPipelineResources/GPUDriven/DebugOcclusionTest.shader
  artifactKey: Guid(d3f0849180c2d0944bc71060693df100) Importer(2089858483,b0f066a214c2f5e87bad3c948f4d605d)
Start importing Packages/com.unity.render-pipelines.core/Runtime/RenderPipelineResources/GPUDriven/DebugOcclusionTest.shader using Guid(d3f0849180c2d0944bc71060693df100) Importer(2089858483,b0f066a214c2f5e87bad3c948f4d605d) (ScriptedImporter) -> (artifact id: '64e6aa7fb8f1930d1b07a95b7081b50e') in 0.0060783 seconds
Number of updated asset objects reloaded before import = 0Number of asset objects unloaded after import = 0

========================================================================
Received Import Request.
  Time since last request: 0.000026 seconds.
  path: Packages/com.unity.render-pipelines.core/Runtime/Utilities/GPUPrefixSum/GPUPrefixSum.cs
  artifactKey: Guid(47f5c7dc134c478aafbb3d86421da54f) Importer(2089858483,b0f066a214c2f5e87bad3c948f4d605d)
Start importing Packages/com.unity.render-pipelines.core/Runtime/Utilities/GPUPrefixSum/GPUPrefixSum.cs using Guid(47f5c7dc134c478aafbb3d86421da54f) Importer(2089858483,b0f066a214c2f5e87bad3c948f4d605d) (ScriptedImporter) -> (artifact id: '8e3e14101112347c6c9e705422bedd7b') in 0.0047316 seconds
Number of updated asset objects reloaded before import = 0Number of asset objects unloaded after import = 0

========================================================================
Received Import Request.
  Time since last request: 0.000026 seconds.
  path: Packages/com.unity.render-pipelines.core/Runtime/ShaderLibrary/Sampling/Hammersley.cs
  artifactKey: Guid(7077736c6db220545a0193859607ac8b) Importer(2089858483,b0f066a214c2f5e87bad3c948f4d605d)
Start importing Packages/com.unity.render-pipelines.core/Runtime/ShaderLibrary/Sampling/Hammersley.cs using Guid(7077736c6db220545a0193859607ac8b) Importer(2089858483,b0f066a214c2f5e87bad3c948f4d605d) (ScriptedImporter) -> (artifact id: 'bbb6ba06999c927a77d4ee86e4cef8fe') in 0.0046599 seconds
Number of updated asset objects reloaded before import = 0Number of asset objects unloaded after import = 0

========================================================================
Received Import Request.
  Time since last request: 0.000025 seconds.
  path: Packages/com.unity.render-pipelines.core/Runtime/RenderPipelineResources/Mesh/SamplesFixture.fbx
  artifactKey: Guid(b28fa67a0ff82c5478f27368dc627683) Importer(2089858483,b0f066a214c2f5e87bad3c948f4d605d)
Start importing Packages/com.unity.render-pipelines.core/Runtime/RenderPipelineResources/Mesh/SamplesFixture.fbx using Guid(b28fa67a0ff82c5478f27368dc627683) Importer(2089858483,b0f066a214c2f5e87bad3c948f4d605d) (ScriptedImporter) -> (artifact id: 'fac1ff151a1d2164b5fea4a1bbfae65c') in 0.0557506 seconds
Number of updated asset objects reloaded before import = 0Number of asset objects unloaded after import = 9

========================================================================
Received Import Request.
  Time since last request: 0.000033 seconds.
  path: Packages/com.unity.render-pipelines.core/Editor/Lighting/IESImporterEditor.cs
  artifactKey: Guid(b913694f5cbdba14f8d9ba1e8c028276) Importer(2089858483,b0f066a214c2f5e87bad3c948f4d605d)
Start importing Packages/com.unity.render-pipelines.core/Editor/Lighting/IESImporterEditor.cs using Guid(b913694f5cbdba14f8d9ba1e8c028276) Importer(2089858483,b0f066a214c2f5e87bad3c948f4d605d) (ScriptedImporter) -> (artifact id: '46fd264e1b0b83e5510599c75861a5db') in 0.004589 seconds
Number of updated asset objects reloaded before import = 0Number of asset objects unloaded after import = 0

========================================================================
Received Import Request.
  Time since last request: 0.000019 seconds.
  path: Packages/com.unity.render-pipelines.core/Tests/Editor/ShaderStripping/ShaderExtensionsTests.cs
  artifactKey: Guid(d398fd9774b019e42ace1eb23b805f59) Importer(2089858483,b0f066a214c2f5e87bad3c948f4d605d)
Start importing Packages/com.unity.render-pipelines.core/Tests/Editor/ShaderStripping/ShaderExtensionsTests.cs using Guid(d398fd9774b019e42ace1eb23b805f59) Importer(2089858483,b0f066a214c2f5e87bad3c948f4d605d) (ScriptedImporter) -> (artifact id: 'ca041d205794eaa7da9fe8774bf088a8') in 0.0047824 seconds
Number of updated asset objects reloaded before import = 0Number of asset objects unloaded after import = 0

========================================================================
Received Import Request.
  Time since last request: 0.000022 seconds.
  path: Packages/com.unity.render-pipelines.core/ShaderLibrary/CommonLighting.hlsl
  artifactKey: Guid(93bbf250faa37d446990b9501e7fb7e8) Importer(2089858483,b0f066a214c2f5e87bad3c948f4d605d)
Start importing Packages/com.unity.render-pipelines.core/ShaderLibrary/CommonLighting.hlsl using Guid(93bbf250faa37d446990b9501e7fb7e8) Importer(2089858483,b0f066a214c2f5e87bad3c948f4d605d) (ScriptedImporter) -> (artifact id: 'e720486a975de3d75e5450228660c7f7') in 0.0043938 seconds
Number of updated asset objects reloaded before import = 0Number of asset objects unloaded after import = 1

========================================================================
Received Import Request.
  Time since last request: 0.000023 seconds.
  path: Packages/com.unity.render-pipelines.core/ShaderLibrary/Common.hlsl
  artifactKey: Guid(a57f9f83ea626ae45b402953fe637268) Importer(2089858483,b0f066a214c2f5e87bad3c948f4d605d)
Start importing Packages/com.unity.render-pipelines.core/ShaderLibrary/Common.hlsl using Guid(a57f9f83ea626ae45b402953fe637268) Importer(2089858483,b0f066a214c2f5e87bad3c948f4d605d) (ScriptedImporter) -> (artifact id: '0e0af0827b01ef96e7bd885b4fc161b7') in 0.0044003 seconds
Number of updated asset objects reloaded before import = 0Number of asset objects unloaded after import = 1

========================================================================
Received Import Request.
  Time since last request: 0.000025 seconds.
  path: Packages/com.unity.render-pipelines.core/Runtime/RenderPipelineResources/GPUDriven/OccluderDepthPyramidKernels.compute
  artifactKey: Guid(08b2b5fb307b0d249860612774a987da) Importer(2089858483,b0f066a214c2f5e87bad3c948f4d605d)
Start importing Packages/com.unity.render-pipelines.core/Runtime/RenderPipelineResources/GPUDriven/OccluderDepthPyramidKernels.compute using Guid(08b2b5fb307b0d249860612774a987da) Importer(2089858483,b0f066a214c2f5e87bad3c948f4d605d) (ScriptedImporter) -> (artifact id: '0768fe971b7226dd94b17f4ddaa1d3a2') in 0.0046756 seconds
Number of updated asset objects reloaded before import = 0Number of asset objects unloaded after import = 0

========================================================================
Received Import Request.
  Time since last request: 0.000033 seconds.
  path: Packages/com.unity.render-pipelines.core/Runtime/Lighting/ProbeVolume/ProbeVolumeUploadDataL2.compute
  artifactKey: Guid(6196f34ed825db14b81fb3eb0ea8d931) Importer(2089858483,b0f066a214c2f5e87bad3c948f4d605d)
Start importing Packages/com.unity.render-pipelines.core/Runtime/Lighting/ProbeVolume/ProbeVolumeUploadDataL2.compute using Guid(6196f34ed825db14b81fb3eb0ea8d931) Importer(2089858483,b0f066a214c2f5e87bad3c948f4d605d) (ScriptedImporter) -> (artifact id: '0a2ef15ce7957bf446aa5dc9448267db') in 0.0045752 seconds
Number of updated asset objects reloaded before import = 0Number of asset objects unloaded after import = 0

========================================================================
Received Import Request.
  Time since last request: 0.000022 seconds.
  path: Packages/com.unity.render-pipelines.core/Editor/Lighting/Icons/LightUnitIcons/d_IntenseAreaLight.png
  artifactKey: Guid(a20ce10a62e5d924a84f1a723e96c07e) Importer(2089858483,b0f066a214c2f5e87bad3c948f4d605d)
Start importing Packages/com.unity.render-pipelines.core/Editor/Lighting/Icons/LightUnitIcons/d_IntenseAreaLight.png using Guid(a20ce10a62e5d924a84f1a723e96c07e) Importer(2089858483,b0f066a214c2f5e87bad3c948f4d605d) (ScriptedImporter) -> (artifact id: 'a07c24786c649f92438e30d14b85a1da') in 0.0104293 seconds
Number of updated asset objects reloaded before import = 0Number of asset objects unloaded after import = 1

========================================================================
Received Import Request.
  Time since last request: 0.000024 seconds.
  path: Packages/com.unity.render-pipelines.core/Editor/Analytics/VolumePriorityUsageAnalytic.cs
  artifactKey: Guid(b29e0569eca4bc54da7a07d64b33e1b2) Importer(2089858483,b0f066a214c2f5e87bad3c948f4d605d)
Start importing Packages/com.unity.render-pipelines.core/Editor/Analytics/VolumePriorityUsageAnalytic.cs using Guid(b29e0569eca4bc54da7a07d64b33e1b2) Importer(2089858483,b0f066a214c2f5e87bad3c948f4d605d) (ScriptedImporter) -> (artifact id: 'b2d504734e31a3fe6026342d80d6e43d') in 0.0047526 seconds
Number of updated asset objects reloaded before import = 0Number of asset objects unloaded after import = 0

========================================================================
Received Import Request.
  Time since last request: 0.000021 seconds.
  path: Packages/com.unity.render-pipelines.core/Tests/Runtime/Threading/FunctionTestsWave.compute
  artifactKey: Guid(7cce01e3b2c07a34b8a6cfa8dcd99d0b) Importer(2089858483,b0f066a214c2f5e87bad3c948f4d605d)
Start importing Packages/com.unity.render-pipelines.core/Tests/Runtime/Threading/FunctionTestsWave.compute using Guid(7cce01e3b2c07a34b8a6cfa8dcd99d0b) Importer(2089858483,b0f066a214c2f5e87bad3c948f4d605d) (ScriptedImporter) -> (artifact id: 'c5e8342824e7e2b8e7bf5889249b21c2') in 0.008876 seconds
Number of updated asset objects reloaded before import = 0Number of asset objects unloaded after import = 1

========================================================================
Received Import Request.
  Time since last request: 0.000028 seconds.
  path: Packages/com.unity.render-pipelines.core/Tests/Editor/RenderPipeline/DummyRenderPipeline.cs
  artifactKey: Guid(5d25798b96a74d9696004ff136fd919e) Importer(2089858483,b0f066a214c2f5e87bad3c948f4d605d)
Start importing Packages/com.unity.render-pipelines.core/Tests/Editor/RenderPipeline/DummyRenderPipeline.cs using Guid(5d25798b96a74d9696004ff136fd919e) Importer(2089858483,b0f066a214c2f5e87bad3c948f4d605d) (ScriptedImporter) -> (artifact id: '6d615ecc19815c2f820ffe5b6c642e84') in 0.0047439 seconds
Number of updated asset objects reloaded before import = 0Number of asset objects unloaded after import = 0

========================================================================
Received Import Request.
  Time since last request: 0.564650 seconds.
  path: Packages/com.unity.ugui/PackageConversionData.json
  artifactKey: Guid(05f5bfd584002f948982a1498890f9a9) Importer(2089858483,b0f066a214c2f5e87bad3c948f4d605d)
Start importing Packages/com.unity.ugui/PackageConversionData.json using Guid(05f5bfd584002f948982a1498890f9a9) Importer(2089858483,b0f066a214c2f5e87bad3c948f4d605d) (ScriptedImporter) -> (artifact id: '2e66e48790fed0cc2c431a9362de4c73') in 0.0046782 seconds
Number of updated asset objects reloaded before import = 0Number of asset objects unloaded after import = 1

========================================================================
Received Import Request.
  Time since last request: 0.000025 seconds.
  path: Packages/com.unity.ugui/Runtime/UGUI/UI/Core/Selectable.cs
  artifactKey: Guid(7a98125502f715b4b83cfb77b434e436) Importer(2089858483,b0f066a214c2f5e87bad3c948f4d605d)
Start importing Packages/com.unity.ugui/Runtime/UGUI/UI/Core/Selectable.cs using Guid(7a98125502f715b4b83cfb77b434e436) Importer(2089858483,b0f066a214c2f5e87bad3c948f4d605d) (ScriptedImporter) -> (artifact id: '626ededb00b92bc1c4376d6bf9741cf3') in 0.0051097 seconds
Number of updated asset objects reloaded before import = 0Number of asset objects unloaded after import = 0

========================================================================
Received Import Request.
  Time since last request: 0.000039 seconds.
  path: Packages/com.unity.render-pipelines.core/Runtime/Debugging/Prefabs/Scripts/DebugUIHandlerValueTuple.cs
  artifactKey: Guid(4df5db2b89304eb1a8d26c7a547149f9) Importer(2089858483,b0f066a214c2f5e87bad3c948f4d605d)
Start importing Packages/com.unity.render-pipelines.core/Runtime/Debugging/Prefabs/Scripts/DebugUIHandlerValueTuple.cs using Guid(4df5db2b89304eb1a8d26c7a547149f9) Importer(2089858483,b0f066a214c2f5e87bad3c948f4d605d) (ScriptedImporter) -> (artifact id: 'bba65f447e801b252b58f508f044bd92') in 0.0048673 seconds
Number of updated asset objects reloaded before import = 0Number of asset objects unloaded after import = 0

========================================================================
Received Import Request.
  Time since last request: 0.000020 seconds.
  path: Packages/com.unity.render-pipelines.core/Runtime/Debugging/Prefabs/Widgets/DebugUIValueTuple.prefab
  artifactKey: Guid(a2148203dd960814ca5db0c293ceda35) Importer(2089858483,b0f066a214c2f5e87bad3c948f4d605d)
Start importing Packages/com.unity.render-pipelines.core/Runtime/Debugging/Prefabs/Widgets/DebugUIValueTuple.prefab using Guid(a2148203dd960814ca5db0c293ceda35) Importer(2089858483,b0f066a214c2f5e87bad3c948f4d605d) (ScriptedImporter) -> (artifact id: '6fe6bdce62167d02c63b2383616747a1') in 0.0166095 seconds
Number of updated asset objects reloaded before import = 0Number of asset objects unloaded after import = 15

========================================================================
Received Import Request.
  Time since last request: 0.000023 seconds.
  path: Packages/com.unity.test-framework/UnityEditor.TestRunner/TestLaunchers/PlayerLauncherTestRunSettings.cs
  artifactKey: Guid(c1cba6f3ed484514097080a3bb835958) Importer(2089858483,b0f066a214c2f5e87bad3c948f4d605d)
Start importing Packages/com.unity.test-framework/UnityEditor.TestRunner/TestLaunchers/PlayerLauncherTestRunSettings.cs using Guid(c1cba6f3ed484514097080a3bb835958) Importer(2089858483,b0f066a214c2f5e87bad3c948f4d605d) (ScriptedImporter) -> (artifact id: '9b0a700a2a3e221dcdbcef4503c6f951') in 0.0067725 seconds
Number of updated asset objects reloaded before import = 0Number of asset objects unloaded after import = 0

========================================================================
Received Import Request.
  Time since last request: 0.000026 seconds.
  path: Packages/com.unity.test-framework/UnityEditor.TestRunner/TestLaunchers/PlayerLauncherContextSettings.cs
  artifactKey: Guid(6965880f76f40194593cb53a88f74005) Importer(2089858483,b0f066a214c2f5e87bad3c948f4d605d)
Start importing Packages/com.unity.test-framework/UnityEditor.TestRunner/TestLaunchers/PlayerLauncherContextSettings.cs using Guid(6965880f76f40194593cb53a88f74005) Importer(2089858483,b0f066a214c2f5e87bad3c948f4d605d) (ScriptedImporter) -> (artifact id: '88b75682df8a370e83558583af41e917') in 0.0048232 seconds
Number of updated asset objects reloaded before import = 0Number of asset objects unloaded after import = 0

========================================================================
Received Import Request.
  Time since last request: 0.000025 seconds.
  path: Packages/com.unity.render-pipelines.core/Runtime/Debugging/Prefabs/Scripts/DebugUIHandlerField.cs
  artifactKey: Guid(a117669f07d7994419ebdfb1a79e13db) Importer(2089858483,b0f066a214c2f5e87bad3c948f4d605d)
Start importing Packages/com.unity.render-pipelines.core/Runtime/Debugging/Prefabs/Scripts/DebugUIHandlerField.cs using Guid(a117669f07d7994419ebdfb1a79e13db) Importer(2089858483,b0f066a214c2f5e87bad3c948f4d605d) (ScriptedImporter) -> (artifact id: '5fb8419a0ae026569e00a204db8d5f21') in 0.0045026 seconds
Number of updated asset objects reloaded before import = 0Number of asset objects unloaded after import = 0

========================================================================
Received Import Request.
  Time since last request: 0.000025 seconds.
  path: Packages/com.unity.render-pipelines.core/Editor/Lighting/Icons/LightUnitIcons/VeryBrightSun.png
  artifactKey: Guid(bdc9b1177bc1ad84e8532eec9f2dcc13) Importer(2089858483,b0f066a214c2f5e87bad3c948f4d605d)
Start importing Packages/com.unity.render-pipelines.core/Editor/Lighting/Icons/LightUnitIcons/VeryBrightSun.png using Guid(bdc9b1177bc1ad84e8532eec9f2dcc13) Importer(2089858483,b0f066a214c2f5e87bad3c948f4d605d) (ScriptedImporter) -> (artifact id: 'c6cf88c9c344e4d990ae6c94e1db94c8') in 0.010226 seconds
Number of updated asset objects reloaded before import = 0Number of asset objects unloaded after import = 1

========================================================================
Received Import Request.
  Time since last request: 0.000021 seconds.
  path: Packages/com.unity.test-framework/UnityEditor.TestRunner/Api/TestResultAdaptor.cs
  artifactKey: Guid(d061ada5d3169454daf54243390b5fdb) Importer(2089858483,b0f066a214c2f5e87bad3c948f4d605d)
Start importing Packages/com.unity.test-framework/UnityEditor.TestRunner/Api/TestResultAdaptor.cs using Guid(d061ada5d3169454daf54243390b5fdb) Importer(2089858483,b0f066a214c2f5e87bad3c948f4d605d) (ScriptedImporter) -> (artifact id: '91ba920430eaf0c6eb74ec3a6a36a313') in 0.0043841 seconds
Number of updated asset objects reloaded before import = 0Number of asset objects unloaded after import = 0

========================================================================
Received Import Request.
  Time since last request: 0.000020 seconds.
  path: Packages/com.unity.test-framework/UnityEditor.TestRunner/CommandLineTest/IRunData.cs
  artifactKey: Guid(d56e34a052c646e39a3317c404303e5f) Importer(2089858483,b0f066a214c2f5e87bad3c948f4d605d)
Start importing Packages/com.unity.test-framework/UnityEditor.TestRunner/CommandLineTest/IRunData.cs using Guid(d56e34a052c646e39a3317c404303e5f) Importer(2089858483,b0f066a214c2f5e87bad3c948f4d605d) (ScriptedImporter) -> (artifact id: 'b8a976bc72329356b02d736e8224e8a2') in 0.0048257 seconds
Number of updated asset objects reloaded before import = 0Number of asset objects unloaded after import = 0

========================================================================
Received Import Request.
  Time since last request: 0.000025 seconds.
  path: Packages/com.unity.test-framework/UnityEditor.TestRunner/Api/TestAdaptorFactory.cs
  artifactKey: Guid(d0663d520c26b7c48a4135599e66acf8) Importer(2089858483,b0f066a214c2f5e87bad3c948f4d605d)
Start importing Packages/com.unity.test-framework/UnityEditor.TestRunner/Api/TestAdaptorFactory.cs using Guid(d0663d520c26b7c48a4135599e66acf8) Importer(2089858483,b0f066a214c2f5e87bad3c948f4d605d) (ScriptedImporter) -> (artifact id: '16f1a7fb21b87262d482356fca078cbd') in 0.0043263 seconds
Number of updated asset objects reloaded before import = 0Number of asset objects unloaded after import = 0

========================================================================
Received Import Request.
  Time since last request: 0.000036 seconds.
  path: Packages/com.unity.render-pipelines.core/Runtime/Debugging/Prefabs/Scripts/DebugUIHandlerHBox.cs
  artifactKey: Guid(e8261e6f2e5fac44da64da2b23939e9a) Importer(2089858483,b0f066a214c2f5e87bad3c948f4d605d)
Start importing Packages/com.unity.render-pipelines.core/Runtime/Debugging/Prefabs/Scripts/DebugUIHandlerHBox.cs using Guid(e8261e6f2e5fac44da64da2b23939e9a) Importer(2089858483,b0f066a214c2f5e87bad3c948f4d605d) (ScriptedImporter) -> (artifact id: 'b6df356ea8ee452c487dda18920f4def') in 0.0049347 seconds
Number of updated asset objects reloaded before import = 0Number of asset objects unloaded after import = 0

========================================================================
Received Import Request.
  Time since last request: 0.000024 seconds.
  path: Packages/com.unity.modules.cloth/package.ModuleCompilationTrigger
  artifactKey: Guid(082fbee38a82835433261a5e9c00e267) Importer(2089858483,b0f066a214c2f5e87bad3c948f4d605d)
Start importing Packages/com.unity.modules.cloth/package.ModuleCompilationTrigger using Guid(082fbee38a82835433261a5e9c00e267) Importer(2089858483,b0f066a214c2f5e87bad3c948f4d605d) (ScriptedImporter) -> (artifact id: 'ff1284da7c48477efdaf66083506e14c') in 0.0046968 seconds
Number of updated asset objects reloaded before import = 0Number of asset objects unloaded after import = 1

========================================================================
Received Import Request.
  Time since last request: 0.000024 seconds.
  path: Packages/com.unity.test-framework/UnityEditor.TestRunner/TestLaunchers/RemotePlayerTestController.cs
  artifactKey: Guid(7d36034e63ad8254b9b2f55280fcc040) Importer(2089858483,b0f066a214c2f5e87bad3c948f4d605d)
Start importing Packages/com.unity.test-framework/UnityEditor.TestRunner/TestLaunchers/RemotePlayerTestController.cs using Guid(7d36034e63ad8254b9b2f55280fcc040) Importer(2089858483,b0f066a214c2f5e87bad3c948f4d605d) (ScriptedImporter) -> (artifact id: 'a91fa2018180680eb109a9f79870996f') in 0.0050827 seconds
Number of updated asset objects reloaded before import = 0Number of asset objects unloaded after import = 0

========================================================================
Received Import Request.
  Time since last request: 0.000025 seconds.
  path: Packages/com.unity.render-pipelines.core/Runtime/Debugging/Prefabs/Textures/UIArrowDown.png
  artifactKey: Guid(f224bfd122877a34aa49c63693fc317b) Importer(2089858483,b0f066a214c2f5e87bad3c948f4d605d)
Start importing Packages/com.unity.render-pipelines.core/Runtime/Debugging/Prefabs/Textures/UIArrowDown.png using Guid(f224bfd122877a34aa49c63693fc317b) Importer(2089858483,b0f066a214c2f5e87bad3c948f4d605d) (ScriptedImporter) -> (artifact id: 'd9c0581024a23579bce27e7b9bc9daa0') in 0.0111027 seconds
Number of updated asset objects reloaded before import = 0Number of asset objects unloaded after import = 3

========================================================================
Received Import Request.
  Time since last request: 0.000028 seconds.
  path: Packages/com.unity.render-pipelines.core/Runtime/UnifiedRayTracing/Common/GeometryPool/GeometryPool.hlsl
  artifactKey: Guid(839bff092489da0498be737d665c0665) Importer(2089858483,b0f066a214c2f5e87bad3c948f4d605d)
Start importing Packages/com.unity.render-pipelines.core/Runtime/UnifiedRayTracing/Common/GeometryPool/GeometryPool.hlsl using Guid(839bff092489da0498be737d665c0665) Importer(2089858483,b0f066a214c2f5e87bad3c948f4d605d) (ScriptedImporter) -> (artifact id: '656779cd4f3f0652e7c00ab60d1b425d') in 0.0046794 seconds
Number of updated asset objects reloaded before import = 0Number of asset objects unloaded after import = 1

========================================================================
Received Import Request.
  Time since last request: 0.000029 seconds.
  path: Packages/com.unity.render-pipelines.core/Runtime/Debugging/Prefabs/Widgets/DebugUIValuePersistent.prefab
  artifactKey: Guid(8778e6b26b51c6a4999b94d7cacd8b5d) Importer(2089858483,b0f066a214c2f5e87bad3c948f4d605d)
Start importing Packages/com.unity.render-pipelines.core/Runtime/Debugging/Prefabs/Widgets/DebugUIValuePersistent.prefab using Guid(8778e6b26b51c6a4999b94d7cacd8b5d) Importer(2089858483,b0f066a214c2f5e87bad3c948f4d605d) (ScriptedImporter) -> (artifact id: '0187bc2f678e9dd240f3440bf04bd9b8') in 0.0078373 seconds
Number of updated asset objects reloaded before import = 0Number of asset objects unloaded after import = 15

========================================================================
Received Import Request.
  Time since last request: 0.000024 seconds.
  path: Packages/com.unity.test-framework/UnityEditor.TestRunner/CommandLineTest/ISettingsBuilder.cs
  artifactKey: Guid(8a13cbeb2099aca47bb456f49845f86c) Importer(2089858483,b0f066a214c2f5e87bad3c948f4d605d)
Start importing Packages/com.unity.test-framework/UnityEditor.TestRunner/CommandLineTest/ISettingsBuilder.cs using Guid(8a13cbeb2099aca47bb456f49845f86c) Importer(2089858483,b0f066a214c2f5e87bad3c948f4d605d) (ScriptedImporter) -> (artifact id: '140abde2c1b9c70dbeb89ef0417ddcab') in 0.0046756 seconds
Number of updated asset objects reloaded before import = 0Number of asset objects unloaded after import = 0

========================================================================
Received Import Request.
  Time since last request: 0.000025 seconds.
  path: Packages/com.unity.render-pipelines.core/Runtime/Debugging/Prefabs/Widgets/DebugUIObjectList.prefab
  artifactKey: Guid(ad83bc56407925d44a77a5bd01cd6783) Importer(2089858483,b0f066a214c2f5e87bad3c948f4d605d)
Start importing Packages/com.unity.render-pipelines.core/Runtime/Debugging/Prefabs/Widgets/DebugUIObjectList.prefab using Guid(ad83bc56407925d44a77a5bd01cd6783) Importer(2089858483,b0f066a214c2f5e87bad3c948f4d605d) (ScriptedImporter) -> (artifact id: '087a567c6eb1813d629a6a905a737910') in 0.0118078 seconds
Number of updated asset objects reloaded before import = 0Number of asset objects unloaded after import = 27

========================================================================
Received Import Request.
  Time since last request: 0.000022 seconds.
  path: Packages/com.unity.test-framework/UnityEditor.TestRunner/Api/ResultsWriter.cs
  artifactKey: Guid(29d603e0a726a9043b3503112271844a) Importer(2089858483,b0f066a214c2f5e87bad3c948f4d605d)
Start importing Packages/com.unity.test-framework/UnityEditor.TestRunner/Api/ResultsWriter.cs using Guid(29d603e0a726a9043b3503112271844a) Importer(2089858483,b0f066a214c2f5e87bad3c948f4d605d) (ScriptedImporter) -> (artifact id: 'f9ef413d921d6b12b8b2f5c5fa2d32f8') in 0.0049844 seconds
Number of updated asset objects reloaded before import = 0Number of asset objects unloaded after import = 0

========================================================================
Received Import Request.
  Time since last request: 0.000025 seconds.
  path: Packages/com.unity.render-pipelines.core/Runtime/UnifiedRayTracing/Compute/RadeonRays/kernels/build_hlbvh.compute
  artifactKey: Guid(2d70cd6be91bd7843a39a54b51c15b13) Importer(2089858483,b0f066a214c2f5e87bad3c948f4d605d)
Start importing Packages/com.unity.render-pipelines.core/Runtime/UnifiedRayTracing/Compute/RadeonRays/kernels/build_hlbvh.compute using Guid(2d70cd6be91bd7843a39a54b51c15b13) Importer(2089858483,b0f066a214c2f5e87bad3c948f4d605d) (ScriptedImporter) -> (artifact id: '116279aff88ab3400b6e5014b534ac09') in 0.0049912 seconds
Number of updated asset objects reloaded before import = 0Number of asset objects unloaded after import = 0

========================================================================
Received Import Request.
  Time since last request: 0.000034 seconds.
  path: Packages/com.unity.render-pipelines.core/Runtime/Debugging/Prefabs/Scripts/DebugUIHandlerValue.cs
  artifactKey: Guid(bc78ce7c3bda3b845b1e94eade19277f) Importer(2089858483,b0f066a214c2f5e87bad3c948f4d605d)
Start importing Packages/com.unity.render-pipelines.core/Runtime/Debugging/Prefabs/Scripts/DebugUIHandlerValue.cs using Guid(bc78ce7c3bda3b845b1e94eade19277f) Importer(2089858483,b0f066a214c2f5e87bad3c948f4d605d) (ScriptedImporter) -> (artifact id: '69b4076b40674ff867f942c33522a080') in 0.0054143 seconds
Number of updated asset objects reloaded before import = 0Number of asset objects unloaded after import = 0

========================================================================
Received Import Request.
  Time since last request: 0.000023 seconds.
  path: Packages/com.unity.render-pipelines.core/Runtime/UnifiedRayTracing/Common/GeometryPool/GeometryPoolKernels.compute
  artifactKey: Guid(98e3d58cae7210c4786f67f504c9e899) Importer(2089858483,b0f066a214c2f5e87bad3c948f4d605d)
Start importing Packages/com.unity.render-pipelines.core/Runtime/UnifiedRayTracing/Common/GeometryPool/GeometryPoolKernels.compute using Guid(98e3d58cae7210c4786f67f504c9e899) Importer(2089858483,b0f066a214c2f5e87bad3c948f4d605d) (ScriptedImporter) -> (artifact id: '4b22d853870950b14811ffc23947d4d8') in 0.0056551 seconds
Number of updated asset objects reloaded before import = 0Number of asset objects unloaded after import = 0

========================================================================
Received Import Request.
  Time since last request: 0.000025 seconds.
  path: Packages/com.unity.render-pipelines.core/Runtime/Debugging/Prefabs/Scripts/DebugUIHandlerToggleHistory.cs
  artifactKey: Guid(5535c6474b864a44eb65121514d1edd2) Importer(2089858483,b0f066a214c2f5e87bad3c948f4d605d)
Start importing Packages/com.unity.render-pipelines.core/Runtime/Debugging/Prefabs/Scripts/DebugUIHandlerToggleHistory.cs using Guid(5535c6474b864a44eb65121514d1edd2) Importer(2089858483,b0f066a214c2f5e87bad3c948f4d605d) (ScriptedImporter) -> (artifact id: '5019dba7edeb6f83282091282e935fa8') in 0.0047796 seconds
Number of updated asset objects reloaded before import = 0Number of asset objects unloaded after import = 0

========================================================================
Received Import Request.
  Time since last request: 0.000024 seconds.
  path: Packages/com.unity.render-pipelines.core/Runtime/UnifiedRayTracing/Common/Utilities/Utils.cs
  artifactKey: Guid(8787039c0fe98374a9815ac59d9878ef) Importer(2089858483,b0f066a214c2f5e87bad3c948f4d605d)
Start importing Packages/com.unity.render-pipelines.core/Runtime/UnifiedRayTracing/Common/Utilities/Utils.cs using Guid(8787039c0fe98374a9815ac59d9878ef) Importer(2089858483,b0f066a214c2f5e87bad3c948f4d605d) (ScriptedImporter) -> (artifact id: 'b670c843e2420216e843273bed7a66f4') in 0.0051312 seconds
Number of updated asset objects reloaded before import = 0Number of asset objects unloaded after import = 0

========================================================================
Received Import Request.
  Time since last request: 0.000027 seconds.
  path: Packages/com.unity.render-pipelines.core/Runtime/Debugging/Prefabs/Widgets/DebugUIObject.prefab
  artifactKey: Guid(a87cfaef648f17c41b568e842e068c51) Importer(2089858483,b0f066a214c2f5e87bad3c948f4d605d)
Start importing Packages/com.unity.render-pipelines.core/Runtime/Debugging/Prefabs/Widgets/DebugUIObject.prefab using Guid(a87cfaef648f17c41b568e842e068c51) Importer(2089858483,b0f066a214c2f5e87bad3c948f4d605d) (ScriptedImporter) -> (artifact id: 'e0a6be4064f92a4074f460ce47ada2da') in 0.0100283 seconds
Number of updated asset objects reloaded before import = 0Number of asset objects unloaded after import = 15

========================================================================
Received Import Request.
  Time since last request: 0.000035 seconds.
  path: Packages/com.unity.test-framework/UnityEditor.TestRunner/GUI/TestRunnerGUI.cs
  artifactKey: Guid(5a0dfda606a24736913c00edd76e55f6) Importer(2089858483,b0f066a214c2f5e87bad3c948f4d605d)
Start importing Packages/com.unity.test-framework/UnityEditor.TestRunner/GUI/TestRunnerGUI.cs using Guid(5a0dfda606a24736913c00edd76e55f6) Importer(2089858483,b0f066a214c2f5e87bad3c948f4d605d) (ScriptedImporter) -> (artifact id: '3a80b8f1fa17c6b0487388457dd32be6') in 0.0049759 seconds
Number of updated asset objects reloaded before import = 0Number of asset objects unloaded after import = 0

========================================================================
Received Import Request.
  Time since last request: 0.000024 seconds.
  path: Packages/com.unity.render-pipelines.core/Runtime/Debugging/Prefabs/Widgets/DebugUIFoldout.prefab
  artifactKey: Guid(1c87ab2ce8b8b304d98fbe9a734b1f74) Importer(2089858483,b0f066a214c2f5e87bad3c948f4d605d)
Start importing Packages/com.unity.render-pipelines.core/Runtime/Debugging/Prefabs/Widgets/DebugUIFoldout.prefab using Guid(1c87ab2ce8b8b304d98fbe9a734b1f74) Importer(2089858483,b0f066a214c2f5e87bad3c948f4d605d) (ScriptedImporter) -> (artifact id: '70c386467b561e481abc37b8fdd6c15e') in 0.0171518 seconds
Number of updated asset objects reloaded before import = 0Number of asset objects unloaded after import = 34

========================================================================
Received Import Request.
  Time since last request: 0.000024 seconds.
  path: Packages/com.unity.render-pipelines.core/Runtime/UnifiedRayTracing/Compute/RadeonRays/kernels/block_reduce_part.compute
  artifactKey: Guid(4e034cc8ea2635c4e9f063e5ddc7ea7a) Importer(2089858483,b0f066a214c2f5e87bad3c948f4d605d)
Start importing Packages/com.unity.render-pipelines.core/Runtime/UnifiedRayTracing/Compute/RadeonRays/kernels/block_reduce_part.compute using Guid(4e034cc8ea2635c4e9f063e5ddc7ea7a) Importer(2089858483,b0f066a214c2f5e87bad3c948f4d605d) (ScriptedImporter) -> (artifact id: 'ce97b2132e8b49aac70a113a7deffbf3') in 0.0046654 seconds
Number of updated asset objects reloaded before import = 0Number of asset objects unloaded after import = 0

========================================================================
Received Import Request.
  Time since last request: 0.000025 seconds.
  path: Packages/com.unity.test-framework/UnityEditor.TestRunner/Api/ICallbacks.cs
  artifactKey: Guid(93eea84e53d0226479c9a584f19427b5) Importer(2089858483,b0f066a214c2f5e87bad3c948f4d605d)
Start importing Packages/com.unity.test-framework/UnityEditor.TestRunner/Api/ICallbacks.cs using Guid(93eea84e53d0226479c9a584f19427b5) Importer(2089858483,b0f066a214c2f5e87bad3c948f4d605d) (ScriptedImporter) -> (artifact id: '59dd4f759bbe283876c2a053463421b2') in 0.0047559 seconds
Number of updated asset objects reloaded before import = 0Number of asset objects unloaded after import = 0

========================================================================
Received Import Request.
  Time since last request: 0.000030 seconds.
  path: Packages/com.unity.test-framework/UnityEditor.TestRunner/TestLaunchers/TestLauncherBase.cs
  artifactKey: Guid(1cddf785b0d07434d8e0607c97b09135) Importer(2089858483,b0f066a214c2f5e87bad3c948f4d605d)
Start importing Packages/com.unity.test-framework/UnityEditor.TestRunner/TestLaunchers/TestLauncherBase.cs using Guid(1cddf785b0d07434d8e0607c97b09135) Importer(2089858483,b0f066a214c2f5e87bad3c948f4d605d) (ScriptedImporter) -> (artifact id: 'd77b194f86b892e90a247dde2402915b') in 0.004965 seconds
Number of updated asset objects reloaded before import = 0Number of asset objects unloaded after import = 0

========================================================================
Received Import Request.
  Time since last request: 0.000032 seconds.
  path: Packages/com.unity.render-pipelines.core/Runtime/UnifiedRayTracing/Compute/RadeonRays/kernels/bit_histogram.compute
  artifactKey: Guid(8670f7ce4b60cef43bed36148aa1b0a2) Importer(2089858483,b0f066a214c2f5e87bad3c948f4d605d)
Start importing Packages/com.unity.render-pipelines.core/Runtime/UnifiedRayTracing/Compute/RadeonRays/kernels/bit_histogram.compute using Guid(8670f7ce4b60cef43bed36148aa1b0a2) Importer(2089858483,b0f066a214c2f5e87bad3c948f4d605d) (ScriptedImporter) -> (artifact id: '5ce07e8ab14d0298130de867f475fda8') in 0.0046975 seconds
Number of updated asset objects reloaded before import = 0Number of asset objects unloaded after import = 0

========================================================================
Received Import Request.
  Time since last request: 0.000020 seconds.
  path: Packages/com.unity.test-framework/UnityEditor.TestRunner/Api/ICallbacksHolder.cs
  artifactKey: Guid(d742f2caefd9f934d9f19dad07a08e6f) Importer(2089858483,b0f066a214c2f5e87bad3c948f4d605d)
Start importing Packages/com.unity.test-framework/UnityEditor.TestRunner/Api/ICallbacksHolder.cs using Guid(d742f2caefd9f934d9f19dad07a08e6f) Importer(2089858483,b0f066a214c2f5e87bad3c948f4d605d) (ScriptedImporter) -> (artifact id: 'becd36211bd4e381f1587d5ea8bd87b0') in 0.0051172 seconds
Number of updated asset objects reloaded before import = 0Number of asset objects unloaded after import = 0

========================================================================
Received Import Request.
  Time since last request: 0.000027 seconds.
  path: Packages/com.unity.render-pipelines.core/Runtime/Debugging/Prefabs/Widgets/DebugUIMessageBox.prefab
  artifactKey: Guid(10a25524b0986f9488b430e2829bbbe8) Importer(2089858483,b0f066a214c2f5e87bad3c948f4d605d)
Start importing Packages/com.unity.render-pipelines.core/Runtime/Debugging/Prefabs/Widgets/DebugUIMessageBox.prefab using Guid(10a25524b0986f9488b430e2829bbbe8) Importer(2089858483,b0f066a214c2f5e87bad3c948f4d605d) (ScriptedImporter) -> (artifact id: '202aa1bd3b58f9020fb598b08215c2cd') in 0.0268853 seconds
Number of updated asset objects reloaded before import = 0Number of asset objects unloaded after import = 15

========================================================================
Received Import Request.
  Time since last request: 0.000026 seconds.
  path: Packages/com.unity.render-pipelines.core/Runtime/Debugging/Prefabs/Scripts/UIFoldout.cs
  artifactKey: Guid(e4786b5477cac0a42855b21fdaa2242f) Importer(2089858483,b0f066a214c2f5e87bad3c948f4d605d)
Start importing Packages/com.unity.render-pipelines.core/Runtime/Debugging/Prefabs/Scripts/UIFoldout.cs using Guid(e4786b5477cac0a42855b21fdaa2242f) Importer(2089858483,b0f066a214c2f5e87bad3c948f4d605d) (ScriptedImporter) -> (artifact id: 'b7bd1814b6757b7d3d2d4e270a905a63') in 0.0049503 seconds
Number of updated asset objects reloaded before import = 0Number of asset objects unloaded after import = 0

========================================================================
Received Import Request.
  Time since last request: 0.000027 seconds.
  path: Packages/com.unity.ugui/Runtime/UGUI/EventSystem/ExecuteEvents.cs
  artifactKey: Guid(623c79a1e113b4941afdbfc88d19e8fd) Importer(2089858483,b0f066a214c2f5e87bad3c948f4d605d)
Start importing Packages/com.unity.ugui/Runtime/UGUI/EventSystem/ExecuteEvents.cs using Guid(623c79a1e113b4941afdbfc88d19e8fd) Importer(2089858483,b0f066a214c2f5e87bad3c948f4d605d) (ScriptedImporter) -> (artifact id: '831e79ff95c8f875de32f5e2cccb0b13') in 0.0050448 seconds
Number of updated asset objects reloaded before import = 0Number of asset objects unloaded after import = 0

========================================================================
Received Import Request.
  Time since last request: 0.000034 seconds.
  path: Packages/com.unity.ugui/Editor Resources/Textures/btn_AlignLeft_Light.psd
  artifactKey: Guid(12736c98af174f91827a26b66d2b01b9) Importer(2089858483,b0f066a214c2f5e87bad3c948f4d605d)
Start importing Packages/com.unity.ugui/Editor Resources/Textures/btn_AlignLeft_Light.psd using Guid(12736c98af174f91827a26b66d2b01b9) Importer(2089858483,b0f066a214c2f5e87bad3c948f4d605d) (ScriptedImporter) -> (artifact id: 'd00cf02066bdea8e55239c9b3db607a0') in 0.0104986 seconds
Number of updated asset objects reloaded before import = 0Number of asset objects unloaded after import = 1

========================================================================
Received Import Request.
  Time since last request: 0.000024 seconds.
  path: Packages/com.unity.render-pipelines.core/Runtime/GPUDriven/OcclusionTestCommon.hlsl
  artifactKey: Guid(1024f2cfcd9723443be47989a040394e) Importer(2089858483,b0f066a214c2f5e87bad3c948f4d605d)
Start importing Packages/com.unity.render-pipelines.core/Runtime/GPUDriven/OcclusionTestCommon.hlsl using Guid(1024f2cfcd9723443be47989a040394e) Importer(2089858483,b0f066a214c2f5e87bad3c948f4d605d) (ScriptedImporter) -> (artifact id: 'd2e87953d7b28dd221f9d6bd473a8d7d') in 0.0047231 seconds
Number of updated asset objects reloaded before import = 0Number of asset objects unloaded after import = 1

========================================================================
Received Import Request.
  Time since last request: 0.000026 seconds.
  path: Packages/com.unity.ugui/Editor Resources/Textures/btn_AlignMiddle_Light.psd
  artifactKey: Guid(066619c9c9c84f89acb1b48c11a7efe2) Importer(2089858483,b0f066a214c2f5e87bad3c948f4d605d)
Start importing Packages/com.unity.ugui/Editor Resources/Textures/btn_AlignMiddle_Light.psd using Guid(066619c9c9c84f89acb1b48c11a7efe2) Importer(2089858483,b0f066a214c2f5e87bad3c948f4d605d) (ScriptedImporter) -> (artifact id: 'afbf5db9e5bb617a17a616d2eb8b2550') in 0.0109035 seconds
Number of updated asset objects reloaded before import = 0Number of asset objects unloaded after import = 1

========================================================================
Received Import Request.
  Time since last request: 0.000025 seconds.
  path: Packages/com.unity.render-pipelines.core/Editor/ScriptTemplates/ScriptTemplates.cs
  artifactKey: Guid(c870ee1bdda2f46839aa9823ce9d94ca) Importer(2089858483,b0f066a214c2f5e87bad3c948f4d605d)
Start importing Packages/com.unity.render-pipelines.core/Editor/ScriptTemplates/ScriptTemplates.cs using Guid(c870ee1bdda2f46839aa9823ce9d94ca) Importer(2089858483,b0f066a214c2f5e87bad3c948f4d605d) (ScriptedImporter) -> (artifact id: '54d67490ebe2e0cb4b10e7548c3a7e6b') in 0.0053537 seconds
Number of updated asset objects reloaded before import = 0Number of asset objects unloaded after import = 0

========================================================================
Received Import Request.
  Time since last request: 0.000024 seconds.
  path: Packages/com.unity.ugui/Editor Resources/Textures/btn_AlignFlush.psd
  artifactKey: Guid(691475c57a824010be0c6f474caeb7e1) Importer(2089858483,b0f066a214c2f5e87bad3c948f4d605d)
Start importing Packages/com.unity.ugui/Editor Resources/Textures/btn_AlignFlush.psd using Guid(691475c57a824010be0c6f474caeb7e1) Importer(2089858483,b0f066a214c2f5e87bad3c948f4d605d) (ScriptedImporter) -> (artifact id: '6dfc3b6faba4c79eef5ca3442a6858ae') in 0.0098255 seconds
Number of updated asset objects reloaded before import = 0Number of asset objects unloaded after import = 1

========================================================================
Received Import Request.
  Time since last request: 0.000032 seconds.
  path: Packages/com.unity.render-pipelines.core/Runtime/GPUDriven/GPUResidentDrawerDebug.cs
  artifactKey: Guid(0fd0ea96637f6954bad526ba9c76b16b) Importer(2089858483,b0f066a214c2f5e87bad3c948f4d605d)
Start importing Packages/com.unity.render-pipelines.core/Runtime/GPUDriven/GPUResidentDrawerDebug.cs using Guid(0fd0ea96637f6954bad526ba9c76b16b) Importer(2089858483,b0f066a214c2f5e87bad3c948f4d605d) (ScriptedImporter) -> (artifact id: '5e98aa602654dbb1075e5ef1ce0a4581') in 0.004442 seconds
Number of updated asset objects reloaded before import = 0Number of asset objects unloaded after import = 0

========================================================================
Received Import Request.
  Time since last request: 0.000026 seconds.
  path: Packages/com.unity.render-pipelines.core/Runtime/Debug/ProbeVolumeNumbersDisplayTex.png
  artifactKey: Guid(73fe53b428c5b3440b7e87ee830b608a) Importer(2089858483,b0f066a214c2f5e87bad3c948f4d605d)
Start importing Packages/com.unity.render-pipelines.core/Runtime/Debug/ProbeVolumeNumbersDisplayTex.png using Guid(73fe53b428c5b3440b7e87ee830b608a) Importer(2089858483,b0f066a214c2f5e87bad3c948f4d605d) (ScriptedImporter) -> (artifact id: '94c0fb612f3c5337f2efa5c2875060b5') in 0.0100675 seconds
Number of updated asset objects reloaded before import = 0Number of asset objects unloaded after import = 0

========================================================================
Received Import Request.
  Time since last request: 0.000022 seconds.
  path: Packages/com.unity.render-pipelines.core/Runtime/UnifiedRayTracing/Compute/RadeonRays/kernels/transform.hlsl
  artifactKey: Guid(7b4dd253adea58d49a8347c5bcc08904) Importer(2089858483,b0f066a214c2f5e87bad3c948f4d605d)
Start importing Packages/com.unity.render-pipelines.core/Runtime/UnifiedRayTracing/Compute/RadeonRays/kernels/transform.hlsl using Guid(7b4dd253adea58d49a8347c5bcc08904) Importer(2089858483,b0f066a214c2f5e87bad3c948f4d605d) (ScriptedImporter) -> (artifact id: 'fffa2eaf5f2880c0654dbb5500480221') in 0.0055568 seconds
Number of updated asset objects reloaded before import = 0Number of asset objects unloaded after import = 1

========================================================================
Received Import Request.
  Time since last request: 0.000022 seconds.
  path: Packages/com.unity.render-pipelines.core/Runtime/GPUDriven/AssemblyInfo.cs
  artifactKey: Guid(0eaef5c9e4d984cd295dfacc57398f10) Importer(2089858483,b0f066a214c2f5e87bad3c948f4d605d)
Start importing Packages/com.unity.render-pipelines.core/Runtime/GPUDriven/AssemblyInfo.cs using Guid(0eaef5c9e4d984cd295dfacc57398f10) Importer(2089858483,b0f066a214c2f5e87bad3c948f4d605d) (ScriptedImporter) -> (artifact id: 'ddcc65351594d1065d91ad42dec7eb9d') in 0.0048948 seconds
Number of updated asset objects reloaded before import = 0Number of asset objects unloaded after import = 0

========================================================================
Received Import Request.
  Time since last request: 0.000027 seconds.
  path: Packages/com.unity.ugui/Editor/TMP/TMP_SubMeshUI_Editor.cs
  artifactKey: Guid(6b01141ed8f74d198965c86f25eb7040) Importer(2089858483,b0f066a214c2f5e87bad3c948f4d605d)
Start importing Packages/com.unity.ugui/Editor/TMP/TMP_SubMeshUI_Editor.cs using Guid(6b01141ed8f74d198965c86f25eb7040) Importer(2089858483,b0f066a214c2f5e87bad3c948f4d605d) (ScriptedImporter) -> (artifact id: '770fd889ce577e66dd2ebf932b5ed144') in 0.0066359 seconds
Number of updated asset objects reloaded before import = 0Number of asset objects unloaded after import = 0

========================================================================
Received Import Request.
  Time since last request: 0.000030 seconds.
  path: Packages/com.unity.render-pipelines.core/Runtime/Debugging/Prefabs/Widgets/DebugUIGroup.prefab
  artifactKey: Guid(38a07789c9e87004dad98c2909f58369) Importer(2089858483,b0f066a214c2f5e87bad3c948f4d605d)
Start importing Packages/com.unity.render-pipelines.core/Runtime/Debugging/Prefabs/Widgets/DebugUIGroup.prefab using Guid(38a07789c9e87004dad98c2909f58369) Importer(2089858483,b0f066a214c2f5e87bad3c948f4d605d) (ScriptedImporter) -> (artifact id: '0d4eaf334870fc5886adb469f3760c81') in 0.0187412 seconds
Number of updated asset objects reloaded before import = 0Number of asset objects unloaded after import = 23

========================================================================
Received Import Request.
  Time since last request: 0.000026 seconds.
  path: Packages/com.unity.test-framework/UnityEngine.TestRunner/Utils/PostBuildCleanupAttribute.cs
  artifactKey: Guid(621fd19bcb071b64aa1d68f0271aa780) Importer(2089858483,b0f066a214c2f5e87bad3c948f4d605d)
Start importing Packages/com.unity.test-framework/UnityEngine.TestRunner/Utils/PostBuildCleanupAttribute.cs using Guid(621fd19bcb071b64aa1d68f0271aa780) Importer(2089858483,b0f066a214c2f5e87bad3c948f4d605d) (ScriptedImporter) -> (artifact id: 'd4b4fecd54de566148b5dd5891a7169b') in 0.0050534 seconds
Number of updated asset objects reloaded before import = 0Number of asset objects unloaded after import = 0

========================================================================
Received Import Request.
  Time since last request: 0.000025 seconds.
  path: Packages/com.unity.test-framework/UnityEngine.TestRunner/NUnitExtensions/Runner/WorkItemFactory.cs
  artifactKey: Guid(5c15bf0966eb95847a4260d830a30d30) Importer(2089858483,b0f066a214c2f5e87bad3c948f4d605d)
Start importing Packages/com.unity.test-framework/UnityEngine.TestRunner/NUnitExtensions/Runner/WorkItemFactory.cs using Guid(5c15bf0966eb95847a4260d830a30d30) Importer(2089858483,b0f066a214c2f5e87bad3c948f4d605d) (ScriptedImporter) -> (artifact id: '37f59738080144459112209bf7a26fc5') in 0.0052201 seconds
Number of updated asset objects reloaded before import = 0Number of asset objects unloaded after import = 0

========================================================================
Received Import Request.
  Time since last request: 0.000025 seconds.
  path: Packages/com.unity.test-framework/UnityEditor.TestRunner/TestLaunchers/Helpers/DelayedCallback.cs
  artifactKey: Guid(b9d121df8c444236a5b38ccfadfdd1a7) Importer(2089858483,b0f066a214c2f5e87bad3c948f4d605d)
Start importing Packages/com.unity.test-framework/UnityEditor.TestRunner/TestLaunchers/Helpers/DelayedCallback.cs using Guid(b9d121df8c444236a5b38ccfadfdd1a7) Importer(2089858483,b0f066a214c2f5e87bad3c948f4d605d) (ScriptedImporter) -> (artifact id: '2f6c503fc1cf0067e17305e304f61291') in 0.0050112 seconds
Number of updated asset objects reloaded before import = 0Number of asset objects unloaded after import = 0

========================================================================
Received Import Request.
  Time since last request: 0.000027 seconds.
  path: Packages/com.unity.test-framework/UnityEngine.TestRunner/Assertions/OutOfOrderExpectedLogMessageException.cs
  artifactKey: Guid(2fcdb9402e0a4427bd5bd01f71ecf6d5) Importer(2089858483,b0f066a214c2f5e87bad3c948f4d605d)
Start importing Packages/com.unity.test-framework/UnityEngine.TestRunner/Assertions/OutOfOrderExpectedLogMessageException.cs using Guid(2fcdb9402e0a4427bd5bd01f71ecf6d5) Importer(2089858483,b0f066a214c2f5e87bad3c948f4d605d) (ScriptedImporter) -> (artifact id: 'e94c92e000961f25ca11ffd1ef413981') in 0.0049793 seconds
Number of updated asset objects reloaded before import = 0Number of asset objects unloaded after import = 0

========================================================================
Received Import Request.
  Time since last request: 0.000023 seconds.
  path: Packages/com.unity.test-framework/UnityEditor.TestRunner/UnityTestProtocol/Messages/PlayerSettingsMessage.cs
  artifactKey: Guid(aa5e75ed0aae4030a1720d08f7a5322e) Importer(2089858483,b0f066a214c2f5e87bad3c948f4d605d)
Start importing Packages/com.unity.test-framework/UnityEditor.TestRunner/UnityTestProtocol/Messages/PlayerSettingsMessage.cs using Guid(aa5e75ed0aae4030a1720d08f7a5322e) Importer(2089858483,b0f066a214c2f5e87bad3c948f4d605d) (ScriptedImporter) -> (artifact id: '4c737a4c22890d92c5d456c86e8fb0d2') in 0.0058962 seconds
Number of updated asset objects reloaded before import = 0Number of asset objects unloaded after import = 0

========================================================================
Received Import Request.
  Time since last request: 0.000022 seconds.
  path: Packages/com.unity.test-framework/UnityEngine.TestRunner/Assertions/LogScope/LogScope.cs
  artifactKey: Guid(4bbc17b35884fdf468e4b52ae4222882) Importer(2089858483,b0f066a214c2f5e87bad3c948f4d605d)
Start importing Packages/com.unity.test-framework/UnityEngine.TestRunner/Assertions/LogScope/LogScope.cs using Guid(4bbc17b35884fdf468e4b52ae4222882) Importer(2089858483,b0f066a214c2f5e87bad3c948f4d605d) (ScriptedImporter) -> (artifact id: '9fa33ba3d19461ba2ab2343d283b7524') in 0.0055631 seconds
Number of updated asset objects reloaded before import = 0Number of asset objects unloaded after import = 0

========================================================================
Received Import Request.
  Time since last request: 0.000018 seconds.
  path: Packages/com.unity.test-framework/UnityEditor.TestRunner/TestLaunchers/Helpers/PostbuildCleanupAttributeFinder.cs
  artifactKey: Guid(2c2dfcbbb77359547bcaa7cdabd47ebb) Importer(2089858483,b0f066a214c2f5e87bad3c948f4d605d)
Start importing Packages/com.unity.test-framework/UnityEditor.TestRunner/TestLaunchers/Helpers/PostbuildCleanupAttributeFinder.cs using Guid(2c2dfcbbb77359547bcaa7cdabd47ebb) Importer(2089858483,b0f066a214c2f5e87bad3c948f4d605d) (ScriptedImporter) -> (artifact id: '8b03686e1b52ba5506466e9e719bff09') in 0.0047159 seconds
Number of updated asset objects reloaded before import = 0Number of asset objects unloaded after import = 0

========================================================================
Received Import Request.
  Time since last request: 0.000020 seconds.
  path: Packages/com.unity.test-framework/UnityEditor.TestRunner/NUnitExtension/Attributes/TestPlayerBuildModifierAttribute.cs
  artifactKey: Guid(dd57b1176859fc84e93586103d3b5f73) Importer(2089858483,b0f066a214c2f5e87bad3c948f4d605d)
Start importing Packages/com.unity.test-framework/UnityEditor.TestRunner/NUnitExtension/Attributes/TestPlayerBuildModifierAttribute.cs using Guid(dd57b1176859fc84e93586103d3b5f73) Importer(2089858483,b0f066a214c2f5e87bad3c948f4d605d) (ScriptedImporter) -> (artifact id: 'aa844bf978fca222c5cd8e6075dc0eb6') in 0.0050675 seconds
Number of updated asset objects reloaded before import = 0Number of asset objects unloaded after import = 0

========================================================================
Received Import Request.
  Time since last request: 0.000032 seconds.
  path: Packages/com.unity.test-framework/UnityEngine.TestRunner/NUnitExtensions/TestExtensions.cs
  artifactKey: Guid(8bc74398aa3944646ade4ee78cd57484) Importer(2089858483,b0f066a214c2f5e87bad3c948f4d605d)
Start importing Packages/com.unity.test-framework/UnityEngine.TestRunner/NUnitExtensions/TestExtensions.cs using Guid(8bc74398aa3944646ade4ee78cd57484) Importer(2089858483,b0f066a214c2f5e87bad3c948f4d605d) (ScriptedImporter) -> (artifact id: '3db01b95f3ec9863f924d1d57cae4de5') in 0.0047992 seconds
Number of updated asset objects reloaded before import = 0Number of asset objects unloaded after import = 0

========================================================================
Received Import Request.
  Time since last request: 0.000024 seconds.
  path: Packages/com.unity.test-framework/UnityEngine.TestRunner/Utils/PrebuildSetupWithTestDataAttribute.cs
  artifactKey: Guid(26d207ea119f34117a1dc1a439e285e3) Importer(2089858483,b0f066a214c2f5e87bad3c948f4d605d)
Start importing Packages/com.unity.test-framework/UnityEngine.TestRunner/Utils/PrebuildSetupWithTestDataAttribute.cs using Guid(26d207ea119f34117a1dc1a439e285e3) Importer(2089858483,b0f066a214c2f5e87bad3c948f4d605d) (ScriptedImporter) -> (artifact id: '610ca90c7b0a8f4d2b89c83b67ec94e9') in 0.0051557 seconds
Number of updated asset objects reloaded before import = 0Number of asset objects unloaded after import = 0

========================================================================
Received Import Request.
  Time since last request: 0.000022 seconds.
  path: Packages/com.unity.test-framework/UnityEngine.TestRunner/Utils/AttributeHelper.cs
  artifactKey: Guid(ae8ce3ffe04ac2c42945fd27e0291fc3) Importer(2089858483,b0f066a214c2f5e87bad3c948f4d605d)
Start importing Packages/com.unity.test-framework/UnityEngine.TestRunner/Utils/AttributeHelper.cs using Guid(ae8ce3ffe04ac2c42945fd27e0291fc3) Importer(2089858483,b0f066a214c2f5e87bad3c948f4d605d) (ScriptedImporter) -> (artifact id: 'd91a20683da10d37659042ef3a9b662a') in 0.0053131 seconds
Number of updated asset objects reloaded before import = 0Number of asset objects unloaded after import = 0

========================================================================
Received Import Request.
  Time since last request: 0.000024 seconds.
  path: Packages/com.unity.test-framework/UnityEngine.TestRunner/NUnitExtensions/Runner/UnityTestExecutionContext.cs
  artifactKey: Guid(59ff995fabb3bac45afa0f96f333e5dc) Importer(2089858483,b0f066a214c2f5e87bad3c948f4d605d)
Start importing Packages/com.unity.test-framework/UnityEngine.TestRunner/NUnitExtensions/Runner/UnityTestExecutionContext.cs using Guid(59ff995fabb3bac45afa0f96f333e5dc) Importer(2089858483,b0f066a214c2f5e87bad3c948f4d605d) (ScriptedImporter) -> (artifact id: 'fd3210fe5303d2cb03bf38e888d00d21') in 0.0054646 seconds
Number of updated asset objects reloaded before import = 0Number of asset objects unloaded after import = 0

========================================================================
Received Import Request.
  Time since last request: 0.000023 seconds.
  path: Packages/com.unity.test-framework/UnityEditor.TestRunner/UnityTestProtocol/UtpMessageBuilder.cs
  artifactKey: Guid(319fe8cda376431bb7987d94f916819b) Importer(2089858483,b0f066a214c2f5e87bad3c948f4d605d)
Start importing Packages/com.unity.test-framework/UnityEditor.TestRunner/UnityTestProtocol/UtpMessageBuilder.cs using Guid(319fe8cda376431bb7987d94f916819b) Importer(2089858483,b0f066a214c2f5e87bad3c948f4d605d) (ScriptedImporter) -> (artifact id: 'ae609a0d678813dd0b8d86c9f194fe84') in 0.0046544 seconds
Number of updated asset objects reloaded before import = 0Number of asset objects unloaded after import = 0

========================================================================
Received Import Request.
  Time since last request: 0.000032 seconds.
  path: Packages/com.unity.test-framework/UnityEngine.TestRunner/Utils/FloatEqualityComparer.cs
  artifactKey: Guid(af5042802f06c804c8abddd544b77a4a) Importer(2089858483,b0f066a214c2f5e87bad3c948f4d605d)
Start importing Packages/com.unity.test-framework/UnityEngine.TestRunner/Utils/FloatEqualityComparer.cs using Guid(af5042802f06c804c8abddd544b77a4a) Importer(2089858483,b0f066a214c2f5e87bad3c948f4d605d) (ScriptedImporter) -> (artifact id: '31ac2fc63d1aadd8e3b21e393548b3d3') in 0.003986 seconds
Number of updated asset objects reloaded before import = 0Number of asset objects unloaded after import = 0

========================================================================
Received Import Request.
  Time since last request: 0.000025 seconds.
  path: Packages/com.unity.test-framework/UnityEditor.TestRunner/TestRun/Data/TaskMode.cs
  artifactKey: Guid(06e624de88cb4a808350b63994eb39ed) Importer(2089858483,b0f066a214c2f5e87bad3c948f4d605d)
Start importing Packages/com.unity.test-framework/UnityEditor.TestRunner/TestRun/Data/TaskMode.cs using Guid(06e624de88cb4a808350b63994eb39ed) Importer(2089858483,b0f066a214c2f5e87bad3c948f4d605d) (ScriptedImporter) -> (artifact id: '1012ddf08219095cadf341e311860463') in 0.00461 seconds
Number of updated asset objects reloaded before import = 0Number of asset objects unloaded after import = 0

========================================================================
Received Import Request.
  Time since last request: 0.000028 seconds.
  path: Packages/com.unity.test-framework/UnityEditor.TestRunner/UnityTestProtocol/Data/QualitySettings.cs
  artifactKey: Guid(efce3ac61ba34d3590656de761a677e3) Importer(2089858483,b0f066a214c2f5e87bad3c948f4d605d)
Start importing Packages/com.unity.test-framework/UnityEditor.TestRunner/UnityTestProtocol/Data/QualitySettings.cs using Guid(efce3ac61ba34d3590656de761a677e3) Importer(2089858483,b0f066a214c2f5e87bad3c948f4d605d) (ScriptedImporter) -> (artifact id: '0709680da6b90e44bd5e3335ebb0b9e2') in 0.0045375 seconds
Number of updated asset objects reloaded before import = 0Number of asset objects unloaded after import = 0

========================================================================
Received Import Request.
  Time since last request: 0.000025 seconds.
  path: Packages/com.unity.test-framework/UnityEditor.TestRunner/TestRunner/EditmodeWorkItemFactory.cs
  artifactKey: Guid(3dde15f260b0dd1469e60d16eaa795dc) Importer(2089858483,b0f066a214c2f5e87bad3c948f4d605d)
Start importing Packages/com.unity.test-framework/UnityEditor.TestRunner/TestRunner/EditmodeWorkItemFactory.cs using Guid(3dde15f260b0dd1469e60d16eaa795dc) Importer(2089858483,b0f066a214c2f5e87bad3c948f4d605d) (ScriptedImporter) -> (artifact id: 'f4fc71f8d950db751e007484e4c0fc15') in 0.0043599 seconds
Number of updated asset objects reloaded before import = 0Number of asset objects unloaded after import = 0

========================================================================
Received Import Request.
  Time since last request: 0.000027 seconds.
  path: Packages/com.unity.test-framework/UnityEditor.TestRunner/UnityTestProtocol/UnityTestProtocolStarter.cs
  artifactKey: Guid(1ac58cb55fc8daf4abd3945a2bbbb0c5) Importer(2089858483,b0f066a214c2f5e87bad3c948f4d605d)
Start importing Packages/com.unity.test-framework/UnityEditor.TestRunner/UnityTestProtocol/UnityTestProtocolStarter.cs using Guid(1ac58cb55fc8daf4abd3945a2bbbb0c5) Importer(2089858483,b0f066a214c2f5e87bad3c948f4d605d) (ScriptedImporter) -> (artifact id: '7adf3e9a81e575223f2af6828a14f22d') in 0.0044791 seconds
Number of updated asset objects reloaded before import = 0Number of asset objects unloaded after import = 0

========================================================================
Received Import Request.
  Time since last request: 0.000035 seconds.
  path: Packages/com.unity.test-framework/UnityEditor.TestRunner/TestLaunchers/PlatformSetup/SwitchPlatformSetup.cs
  artifactKey: Guid(adf7bea9401c1834380d55601add6cfb) Importer(2089858483,b0f066a214c2f5e87bad3c948f4d605d)
Start importing Packages/com.unity.test-framework/UnityEditor.TestRunner/TestLaunchers/PlatformSetup/SwitchPlatformSetup.cs using Guid(adf7bea9401c1834380d55601add6cfb) Importer(2089858483,b0f066a214c2f5e87bad3c948f4d605d) (ScriptedImporter) -> (artifact id: '9fe82fded6c13e61281f418bd7ca57cf') in 0.0045922 seconds
Number of updated asset objects reloaded before import = 0Number of asset objects unloaded after import = 0

========================================================================
Received Import Request.
  Time since last request: 0.000025 seconds.
  path: Packages/com.unity.test-framework/UnityEditor.TestRunner/TestRunner/Utils/IEditorLoadedTestAssemblyProvider.cs
  artifactKey: Guid(936b6288befc460409cfdff3ac92fc95) Importer(2089858483,b0f066a214c2f5e87bad3c948f4d605d)
Start importing Packages/com.unity.test-framework/UnityEditor.TestRunner/TestRunner/Utils/IEditorLoadedTestAssemblyProvider.cs using Guid(936b6288befc460409cfdff3ac92fc95) Importer(2089858483,b0f066a214c2f5e87bad3c948f4d605d) (ScriptedImporter) -> (artifact id: 'c56629e4d2f1b9052452bd90c6449f58') in 0.0048452 seconds
Number of updated asset objects reloaded before import = 0Number of asset objects unloaded after import = 0

========================================================================
Received Import Request.
  Time since last request: 0.000026 seconds.
  path: Packages/com.unity.test-framework/UnityEngine.TestRunner/NUnitExtensions/Filters/AssemblyNameFilter.cs
  artifactKey: Guid(91319408591cec1478efd3c62f9f418a) Importer(2089858483,b0f066a214c2f5e87bad3c948f4d605d)
Start importing Packages/com.unity.test-framework/UnityEngine.TestRunner/NUnitExtensions/Filters/AssemblyNameFilter.cs using Guid(91319408591cec1478efd3c62f9f418a) Importer(2089858483,b0f066a214c2f5e87bad3c948f4d605d) (ScriptedImporter) -> (artifact id: '4b7df80c73ec6ac8a2514fdd577c7253') in 0.0049217 seconds
Number of updated asset objects reloaded before import = 0Number of asset objects unloaded after import = 0

========================================================================
Received Import Request.
  Time since last request: 0.000023 seconds.
  path: Packages/com.unity.test-framework/UnityEditor.TestRunner/TestRunner/EditModeRunner.cs
  artifactKey: Guid(c9219e99d466b7741a057132d1994f35) Importer(2089858483,b0f066a214c2f5e87bad3c948f4d605d)
Start importing Packages/com.unity.test-framework/UnityEditor.TestRunner/TestRunner/EditModeRunner.cs using Guid(c9219e99d466b7741a057132d1994f35) Importer(2089858483,b0f066a214c2f5e87bad3c948f4d605d) (ScriptedImporter) -> (artifact id: 'f7e1d17ab4a667ee1ef1f05dac28af50') in 0.0048765 seconds
Number of updated asset objects reloaded before import = 0Number of asset objects unloaded after import = 0

========================================================================
Received Import Request.
  Time since last request: 0.000026 seconds.
  path: Packages/com.unity.test-framework/UnityEngine.TestRunner/NUnitExtensions/Runner/CoroutineTestWorkItem.cs
  artifactKey: Guid(b557515fff172984e8c4400b43f1c631) Importer(2089858483,b0f066a214c2f5e87bad3c948f4d605d)
Start importing Packages/com.unity.test-framework/UnityEngine.TestRunner/NUnitExtensions/Runner/CoroutineTestWorkItem.cs using Guid(b557515fff172984e8c4400b43f1c631) Importer(2089858483,b0f066a214c2f5e87bad3c948f4d605d) (ScriptedImporter) -> (artifact id: 'd0dbac4f73349d3102e71a66fe12468c') in 0.0046761 seconds
Number of updated asset objects reloaded before import = 0Number of asset objects unloaded after import = 0

========================================================================
Received Import Request.
  Time since last request: 0.000037 seconds.
  path: Packages/com.unity.test-framework/UnityEngine.TestRunner/NUnitExtensions/ActionDelegator.cs
  artifactKey: Guid(4f939b9e23a0946439b812551e07ac81) Importer(2089858483,b0f066a214c2f5e87bad3c948f4d605d)
Start importing Packages/com.unity.test-framework/UnityEngine.TestRunner/NUnitExtensions/ActionDelegator.cs using Guid(4f939b9e23a0946439b812551e07ac81) Importer(2089858483,b0f066a214c2f5e87bad3c948f4d605d) (ScriptedImporter) -> (artifact id: '8e07760df1b325727a998af7bdf41898') in 0.0049301 seconds
Number of updated asset objects reloaded before import = 0Number of asset objects unloaded after import = 0

========================================================================
Received Import Request.
  Time since last request: 0.000023 seconds.
  path: Packages/com.unity.render-pipelines.core/Runtime/Textures/TextureXR.cs
  artifactKey: Guid(350bf58f26d861246982bc0e3ad67632) Importer(2089858483,b0f066a214c2f5e87bad3c948f4d605d)
Start importing Packages/com.unity.render-pipelines.core/Runtime/Textures/TextureXR.cs using Guid(350bf58f26d861246982bc0e3ad67632) Importer(2089858483,b0f066a214c2f5e87bad3c948f4d605d) (ScriptedImporter) -> (artifact id: '925e8a7791a9c60fce0065966db7e9f1') in 0.0048008 seconds
Number of updated asset objects reloaded before import = 0Number of asset objects unloaded after import = 0

========================================================================
Received Import Request.
  Time since last request: 0.000022 seconds.
  path: Packages/com.unity.test-framework/UnityEditor.TestRunner/UnityTestProtocol/Messages/PlayerSystemInfoMessage.cs
  artifactKey: Guid(9f33b8e923ff41deaa73bc2c1f90d9a1) Importer(2089858483,b0f066a214c2f5e87bad3c948f4d605d)
Start importing Packages/com.unity.test-framework/UnityEditor.TestRunner/UnityTestProtocol/Messages/PlayerSystemInfoMessage.cs using Guid(9f33b8e923ff41deaa73bc2c1f90d9a1) Importer(2089858483,b0f066a214c2f5e87bad3c948f4d605d) (ScriptedImporter) -> (artifact id: 'bef72c974a4e8a35d98ba80a33d3ef41') in 0.0053889 seconds
Number of updated asset objects reloaded before import = 0Number of asset objects unloaded after import = 0

========================================================================
Received Import Request.
  Time since last request: 0.000018 seconds.
  path: Packages/com.unity.test-framework/UnityEngine.TestRunner/NUnitExtensions/BaseDelegator.cs
  artifactKey: Guid(37cea569bfefafe49a1513c4d7f0e9eb) Importer(2089858483,b0f066a214c2f5e87bad3c948f4d605d)
Start importing Packages/com.unity.test-framework/UnityEngine.TestRunner/NUnitExtensions/BaseDelegator.cs using Guid(37cea569bfefafe49a1513c4d7f0e9eb) Importer(2089858483,b0f066a214c2f5e87bad3c948f4d605d) (ScriptedImporter) -> (artifact id: 'd8d13468c6c86fb7a3edbdaeb51a8678') in 0.0051552 seconds
Number of updated asset objects reloaded before import = 0Number of asset objects unloaded after import = 0

========================================================================
Received Import Request.
  Time since last request: 0.000025 seconds.
  path: Packages/com.unity.test-framework/UnityEngine.TestRunner/NUnitExtensions/Commands/OuterUnityTestActionCommand.cs
  artifactKey: Guid(0d4fc309a0784294c8ab658b53b12320) Importer(2089858483,b0f066a214c2f5e87bad3c948f4d605d)
Start importing Packages/com.unity.test-framework/UnityEngine.TestRunner/NUnitExtensions/Commands/OuterUnityTestActionCommand.cs using Guid(0d4fc309a0784294c8ab658b53b12320) Importer(2089858483,b0f066a214c2f5e87bad3c948f4d605d) (ScriptedImporter) -> (artifact id: 'c21e108e34ab0d0458a16c9d59beb13d') in 0.0044877 seconds
Number of updated asset objects reloaded before import = 0Number of asset objects unloaded after import = 0

========================================================================
Received Import Request.
  Time since last request: 0.000032 seconds.
  path: Packages/com.unity.test-framework/UnityEngine.TestRunner/TestRunner/Callbacks/PlayModeRunnerCallback.cs
  artifactKey: Guid(3cf5cb9e1ef590c48b1f919f2a7bd895) Importer(2089858483,b0f066a214c2f5e87bad3c948f4d605d)
Start importing Packages/com.unity.test-framework/UnityEngine.TestRunner/TestRunner/Callbacks/PlayModeRunnerCallback.cs using Guid(3cf5cb9e1ef590c48b1f919f2a7bd895) Importer(2089858483,b0f066a214c2f5e87bad3c948f4d605d) (ScriptedImporter) -> (artifact id: '7a24bfd75f238ab97a05f2d09b0dfa81') in 0.0053321 seconds
Number of updated asset objects reloaded before import = 0Number of asset objects unloaded after import = 0

========================================================================
Received Import Request.
  Time since last request: 0.000024 seconds.
  path: Packages/com.unity.test-framework/UnityEngine.TestRunner/Assertions/InvalidSignatureException.cs
  artifactKey: Guid(9650d910fcaefb34cb45f121c1993892) Importer(2089858483,b0f066a214c2f5e87bad3c948f4d605d)
Start importing Packages/com.unity.test-framework/UnityEngine.TestRunner/Assertions/InvalidSignatureException.cs using Guid(9650d910fcaefb34cb45f121c1993892) Importer(2089858483,b0f066a214c2f5e87bad3c948f4d605d) (ScriptedImporter) -> (artifact id: 'cd3e8de34bf0ecf8ba611ad0dab630b4') in 0.00457 seconds
Number of updated asset objects reloaded before import = 0Number of asset objects unloaded after import = 0

========================================================================
Received Import Request.
  Time since last request: 0.000026 seconds.
  path: Packages/com.unity.test-framework/UnityEngine.TestRunner/Assertions/LogScope/LogMatch.cs
  artifactKey: Guid(9945ffed4692c6044b6d3acf81efd694) Importer(2089858483,b0f066a214c2f5e87bad3c948f4d605d)
Start importing Packages/com.unity.test-framework/UnityEngine.TestRunner/Assertions/LogScope/LogMatch.cs using Guid(9945ffed4692c6044b6d3acf81efd694) Importer(2089858483,b0f066a214c2f5e87bad3c948f4d605d) (ScriptedImporter) -> (artifact id: '4ee025d041d7550d721d0065e5e962a2') in 0.0052283 seconds
Number of updated asset objects reloaded before import = 0Number of asset objects unloaded after import = 0

========================================================================
Received Import Request.
  Time since last request: 0.000021 seconds.
  path: Packages/com.unity.test-framework/UnityEditor.TestRunner/TestLaunchers/PlatformSetup/GameCorePlatformSetup.cs
  artifactKey: Guid(465c1d388f96ba143b216a9bbef88340) Importer(2089858483,b0f066a214c2f5e87bad3c948f4d605d)
Start importing Packages/com.unity.test-framework/UnityEditor.TestRunner/TestLaunchers/PlatformSetup/GameCorePlatformSetup.cs using Guid(465c1d388f96ba143b216a9bbef88340) Importer(2089858483,b0f066a214c2f5e87bad3c948f4d605d) (ScriptedImporter) -> (artifact id: 'fba8a28a7b02ea0ebaef16a53a37d764') in 0.0051177 seconds
Number of updated asset objects reloaded before import = 0Number of asset objects unloaded after import = 0

========================================================================
Received Import Request.
  Time since last request: 0.000027 seconds.
  path: Packages/com.unity.test-framework/UnityEngine.TestRunner/NUnitExtensions/Filters/EditorOnlyFilter.cs
  artifactKey: Guid(1e42d5fdba604f0786aac7fcaaa84cf7) Importer(2089858483,b0f066a214c2f5e87bad3c948f4d605d)
Start importing Packages/com.unity.test-framework/UnityEngine.TestRunner/NUnitExtensions/Filters/EditorOnlyFilter.cs using Guid(1e42d5fdba604f0786aac7fcaaa84cf7) Importer(2089858483,b0f066a214c2f5e87bad3c948f4d605d) (ScriptedImporter) -> (artifact id: '9aa0bce942b6a064e445d684db211ed9') in 0.0048834 seconds
Number of updated asset objects reloaded before import = 0Number of asset objects unloaded after import = 0

========================================================================
Received Import Request.
  Time since last request: 0.000037 seconds.
  path: Packages/com.unity.render-pipelines.core/Runtime/Upscaling/Upscaling.cs
  artifactKey: Guid(89581a153029901419c003d693ca36a6) Importer(2089858483,b0f066a214c2f5e87bad3c948f4d605d)
Start importing Packages/com.unity.render-pipelines.core/Runtime/Upscaling/Upscaling.cs using Guid(89581a153029901419c003d693ca36a6) Importer(2089858483,b0f066a214c2f5e87bad3c948f4d605d) (ScriptedImporter) -> (artifact id: '3e188d682c536d0b3487d836ca5eaf74') in 0.0048284 seconds
Number of updated asset objects reloaded before import = 0Number of asset objects unloaded after import = 0

========================================================================
Received Import Request.
  Time since last request: 0.000020 seconds.
  path: Packages/com.unity.render-pipelines.core/Tests/Runtime/SecondCustomRenderPipelineAsset.cs
  artifactKey: Guid(9e8aba00446d421694464bffe924e9b2) Importer(2089858483,b0f066a214c2f5e87bad3c948f4d605d)
Start importing Packages/com.unity.render-pipelines.core/Tests/Runtime/SecondCustomRenderPipelineAsset.cs using Guid(9e8aba00446d421694464bffe924e9b2) Importer(2089858483,b0f066a214c2f5e87bad3c948f4d605d) (ScriptedImporter) -> (artifact id: 'ec4e50ecad46dd17e1dd761f84dc2e17') in 0.0052255 seconds
Number of updated asset objects reloaded before import = 0Number of asset objects unloaded after import = 0

========================================================================
Received Import Request.
  Time since last request: 0.000026 seconds.
  path: Packages/com.unity.render-pipelines.core/ShaderLibrary/API/WebGPU.hlsl
  artifactKey: Guid(e0badbba7ccb42748817520dc250e720) Importer(2089858483,b0f066a214c2f5e87bad3c948f4d605d)
Start importing Packages/com.unity.render-pipelines.core/ShaderLibrary/API/WebGPU.hlsl using Guid(e0badbba7ccb42748817520dc250e720) Importer(2089858483,b0f066a214c2f5e87bad3c948f4d605d) (ScriptedImporter) -> (artifact id: '0e4d376d57cce1c0ebad63da9c4aca41') in 0.0053225 seconds
Number of updated asset objects reloaded before import = 0Number of asset objects unloaded after import = 1

========================================================================
Received Import Request.
  Time since last request: 0.000024 seconds.
  path: Packages/com.unity.test-framework/UnityEditor.TestRunner/GUI/TestAssets/TestScriptAssetMenuItems.cs
  artifactKey: Guid(3c702cb84a2a4576bf275a76bc17f8e8) Importer(2089858483,b0f066a214c2f5e87bad3c948f4d605d)
Start importing Packages/com.unity.test-framework/UnityEditor.TestRunner/GUI/TestAssets/TestScriptAssetMenuItems.cs using Guid(3c702cb84a2a4576bf275a76bc17f8e8) Importer(2089858483,b0f066a214c2f5e87bad3c948f4d605d) (ScriptedImporter) -> (artifact id: '01641dff05cf0863442cbf671504a021') in 0.0049051 seconds
Number of updated asset objects reloaded before import = 0Number of asset objects unloaded after import = 0

========================================================================
Received Import Request.
  Time since last request: 0.000022 seconds.
  path: Packages/com.unity.test-framework/UnityEditor.TestRunner/TestRunner/Callbacks/WindowResultUpdater.cs
  artifactKey: Guid(6d468ee3657be7a43a2ef2178ec14239) Importer(2089858483,b0f066a214c2f5e87bad3c948f4d605d)
Start importing Packages/com.unity.test-framework/UnityEditor.TestRunner/TestRunner/Callbacks/WindowResultUpdater.cs using Guid(6d468ee3657be7a43a2ef2178ec14239) Importer(2089858483,b0f066a214c2f5e87bad3c948f4d605d) (ScriptedImporter) -> (artifact id: 'ce5380960ffbd72babcbeb7a0f910ebf') in 0.0067981 seconds
Number of updated asset objects reloaded before import = 0Number of asset objects unloaded after import = 0

========================================================================
Received Import Request.
  Time since last request: 0.000027 seconds.
  path: Packages/com.unity.test-framework/UnityEngine.TestRunner/NUnitExtensions/Commands/EnumerableApplyChangesToContextCommand.cs
  artifactKey: Guid(3b4429eff9fcffb48b006e8edcc90338) Importer(2089858483,b0f066a214c2f5e87bad3c948f4d605d)
Start importing Packages/com.unity.test-framework/UnityEngine.TestRunner/NUnitExtensions/Commands/EnumerableApplyChangesToContextCommand.cs using Guid(3b4429eff9fcffb48b006e8edcc90338) Importer(2089858483,b0f066a214c2f5e87bad3c948f4d605d) (ScriptedImporter) -> (artifact id: '237139eff6e53ea917dfd1ad1d5ad7ec') in 0.0056972 seconds
Number of updated asset objects reloaded before import = 0Number of asset objects unloaded after import = 0

========================================================================
Received Import Request.
  Time since last request: 0.000023 seconds.
  path: Packages/com.unity.render-pipelines.core/Runtime/UnifiedRayTracing/IRayTracingAccelStruct.cs
  artifactKey: Guid(d7dc1089d206d5b41896750a9934e1aa) Importer(2089858483,b0f066a214c2f5e87bad3c948f4d605d)
Start importing Packages/com.unity.render-pipelines.core/Runtime/UnifiedRayTracing/IRayTracingAccelStruct.cs using Guid(d7dc1089d206d5b41896750a9934e1aa) Importer(2089858483,b0f066a214c2f5e87bad3c948f4d605d) (ScriptedImporter) -> (artifact id: '315fcff2ec981d3aed53d51380c73442') in 0.0048 seconds
Number of updated asset objects reloaded before import = 0Number of asset objects unloaded after import = 0

========================================================================
Received Import Request.
  Time since last request: 0.000026 seconds.
  path: Packages/com.unity.test-framework/UnityEngine.TestRunner/NUnitExtensions/Commands/IgnoreTest.cs
  artifactKey: Guid(9bbdc426fc0a48e1b66deaac7ea8f64c) Importer(2089858483,b0f066a214c2f5e87bad3c948f4d605d)
Start importing Packages/com.unity.test-framework/UnityEngine.TestRunner/NUnitExtensions/Commands/IgnoreTest.cs using Guid(9bbdc426fc0a48e1b66deaac7ea8f64c) Importer(2089858483,b0f066a214c2f5e87bad3c948f4d605d) (ScriptedImporter) -> (artifact id: '95da5ad32801996473341a1694a272d6') in 0.0046546 seconds
Number of updated asset objects reloaded before import = 0Number of asset objects unloaded after import = 0

========================================================================
Received Import Request.
  Time since last request: 0.000021 seconds.
  path: Packages/com.unity.test-framework/UnityEditor.TestRunner/UnityTestProtocol/Messages/EditorVersionMessage.cs
  artifactKey: Guid(02ef7627f46742ae83071af8bf22f1af) Importer(2089858483,b0f066a214c2f5e87bad3c948f4d605d)
Start importing Packages/com.unity.test-framework/UnityEditor.TestRunner/UnityTestProtocol/Messages/EditorVersionMessage.cs using Guid(02ef7627f46742ae83071af8bf22f1af) Importer(2089858483,b0f066a214c2f5e87bad3c948f4d605d) (ScriptedImporter) -> (artifact id: '936a09f3c77c8a4c00b7303f9564f228') in 0.0044137 seconds
Number of updated asset objects reloaded before import = 0Number of asset objects unloaded after import = 0

========================================================================
Received Import Request.
  Time since last request: 0.000027 seconds.
  path: Packages/com.unity.test-framework/UnityEngine.TestRunner/Utils/Utils.cs
  artifactKey: Guid(9502550ba4785e3499d6c9251fa2114b) Importer(2089858483,b0f066a214c2f5e87bad3c948f4d605d)
Start importing Packages/com.unity.test-framework/UnityEngine.TestRunner/Utils/Utils.cs using Guid(9502550ba4785e3499d6c9251fa2114b) Importer(2089858483,b0f066a214c2f5e87bad3c948f4d605d) (ScriptedImporter) -> (artifact id: 'ab48231874dbb98f607f52cc07f16968') in 0.0043348 seconds
Number of updated asset objects reloaded before import = 0Number of asset objects unloaded after import = 0

========================================================================
Received Import Request.
  Time since last request: 0.000034 seconds.
  path: Packages/com.unity.render-pipelines.core/Runtime/Volume/Volume.cs
  artifactKey: Guid(172515602e62fb746b5d573b38a5fe58) Importer(2089858483,b0f066a214c2f5e87bad3c948f4d605d)
Start importing Packages/com.unity.render-pipelines.core/Runtime/Volume/Volume.cs using Guid(172515602e62fb746b5d573b38a5fe58) Importer(2089858483,b0f066a214c2f5e87bad3c948f4d605d) (ScriptedImporter) -> (artifact id: '751601013cbfb0ad5be8a0972894e7ee') in 0.011038 seconds
Number of updated asset objects reloaded before import = 0Number of asset objects unloaded after import = 1

========================================================================
Received Import Request.
  Time since last request: 0.000023 seconds.
  path: Packages/com.unity.test-framework/UnityEditor.TestRunner/TestRun/Tasks/SetupConstructDelegatorTask.cs
  artifactKey: Guid(01aa6c4633a44c2ca43e69d35747cb80) Importer(2089858483,b0f066a214c2f5e87bad3c948f4d605d)
Start importing Packages/com.unity.test-framework/UnityEditor.TestRunner/TestRun/Tasks/SetupConstructDelegatorTask.cs using Guid(01aa6c4633a44c2ca43e69d35747cb80) Importer(2089858483,b0f066a214c2f5e87bad3c948f4d605d) (ScriptedImporter) -> (artifact id: '5ad4e072f2e09d1384109302b73f6987') in 0.0048213 seconds
Number of updated asset objects reloaded before import = 0Number of asset objects unloaded after import = 0

========================================================================
Received Import Request.
  Time since last request: 0.000018 seconds.
  path: Packages/com.unity.test-framework/UnityEditor.TestRunner/TestRunner/Utils/TestListProvider.cs
  artifactKey: Guid(f15cbb987069826429540d0ea0937442) Importer(2089858483,b0f066a214c2f5e87bad3c948f4d605d)
Start importing Packages/com.unity.test-framework/UnityEditor.TestRunner/TestRunner/Utils/TestListProvider.cs using Guid(f15cbb987069826429540d0ea0937442) Importer(2089858483,b0f066a214c2f5e87bad3c948f4d605d) (ScriptedImporter) -> (artifact id: '3d7b04e267bfa61dc9169603cc9649b7') in 0.0047475 seconds
Number of updated asset objects reloaded before import = 0Number of asset objects unloaded after import = 0

========================================================================
Received Import Request.
  Time since last request: 0.000020 seconds.
  path: Packages/com.unity.multiplayer.center/Editor/MultiplayerCenterWindow/UI/Icons/PackageManager@2x.png
  artifactKey: Guid(9431e8221045c4af189b2fa7174b9e9f) Importer(2089858483,b0f066a214c2f5e87bad3c948f4d605d)
Start importing Packages/com.unity.multiplayer.center/Editor/MultiplayerCenterWindow/UI/Icons/PackageManager@2x.png using Guid(9431e8221045c4af189b2fa7174b9e9f) Importer(2089858483,b0f066a214c2f5e87bad3c948f4d605d) (ScriptedImporter) -> (artifact id: '0e6cde231d982c156e9130f11a2bf099') in 0.0102994 seconds
Number of updated asset objects reloaded before import = 0Number of asset objects unloaded after import = 1

========================================================================
Received Import Request.
  Time since last request: 0.000024 seconds.
  path: Packages/com.unity.multiplayer.center/Editor/Analytics/AnalyticsUtils.cs
  artifactKey: Guid(54407f5deee4439eb1885bee01956e9c) Importer(2089858483,b0f066a214c2f5e87bad3c948f4d605d)
Start importing Packages/com.unity.multiplayer.center/Editor/Analytics/AnalyticsUtils.cs using Guid(54407f5deee4439eb1885bee01956e9c) Importer(2089858483,b0f066a214c2f5e87bad3c948f4d605d) (ScriptedImporter) -> (artifact id: 'c6cf5c8e3ae0d55147f7677ccaf19667') in 0.0051646 seconds
Number of updated asset objects reloaded before import = 0Number of asset objects unloaded after import = 0

========================================================================
Received Import Request.
  Time since last request: 0.000044 seconds.
  path: Packages/com.unity.inputsystem/InputSystem/Editor/InputSystemEditorInitializer.cs
  artifactKey: Guid(8e2f4b3c9d7a4e64f85a1c2b3d4e5f6a) Importer(2089858483,b0f066a214c2f5e87bad3c948f4d605d)
Start importing Packages/com.unity.inputsystem/InputSystem/Editor/InputSystemEditorInitializer.cs using Guid(8e2f4b3c9d7a4e64f85a1c2b3d4e5f6a) Importer(2089858483,b0f066a214c2f5e87bad3c948f4d605d) (ScriptedImporter) -> (artifact id: '3624981e8861c7d9da5c086994aa1866') in 0.0056189 seconds
Number of updated asset objects reloaded before import = 0Number of asset objects unloaded after import = 0

========================================================================
Received Import Request.
  Time since last request: 0.000021 seconds.
  path: Packages/com.unity.test-framework/UnityEngine.TestRunner/Utils/AssemblyProvider/ScriptingRuntimeProxy.cs
  artifactKey: Guid(f3a361a6ad1aff14ba8f48976e94ad76) Importer(2089858483,b0f066a214c2f5e87bad3c948f4d605d)
Start importing Packages/com.unity.test-framework/UnityEngine.TestRunner/Utils/AssemblyProvider/ScriptingRuntimeProxy.cs using Guid(f3a361a6ad1aff14ba8f48976e94ad76) Importer(2089858483,b0f066a214c2f5e87bad3c948f4d605d) (ScriptedImporter) -> (artifact id: '78c054e3367a6d6fd832482dedcf98af') in 0.0052691 seconds
Number of updated asset objects reloaded before import = 0Number of asset objects unloaded after import = 0

========================================================================
Received Import Request.
  Time since last request: 0.000042 seconds.
  path: Packages/com.unity.multiplayer.center/Editor/Questionnaire/PresetData.cs
  artifactKey: Guid(3595bcaa1af84e6d92e07f0258a4256c) Importer(2089858483,b0f066a214c2f5e87bad3c948f4d605d)
Start importing Packages/com.unity.multiplayer.center/Editor/Questionnaire/PresetData.cs using Guid(3595bcaa1af84e6d92e07f0258a4256c) Importer(2089858483,b0f066a214c2f5e87bad3c948f4d605d) (ScriptedImporter) -> (artifact id: 'd432c36cb976a2c206eb39caf0666a00') in 0.0050846 seconds
Number of updated asset objects reloaded before import = 0Number of asset objects unloaded after import = 0

========================================================================
Received Import Request.
  Time since last request: 0.000023 seconds.
  path: Packages/com.unity.multiplayer.center/Editor/MultiplayerCenterWindow/UI/Icons/PackageManager.png
  artifactKey: Guid(679f9999c6f8f497e806a2d5d0511879) Importer(2089858483,b0f066a214c2f5e87bad3c948f4d605d)
Start importing Packages/com.unity.multiplayer.center/Editor/MultiplayerCenterWindow/UI/Icons/PackageManager.png using Guid(679f9999c6f8f497e806a2d5d0511879) Importer(2089858483,b0f066a214c2f5e87bad3c948f4d605d) (ScriptedImporter) -> (artifact id: 'cbb64384d3070e6828d80d64476f918c') in 0.0102463 seconds
Number of updated asset objects reloaded before import = 0Number of asset objects unloaded after import = 1

========================================================================
Received Import Request.
  Time since last request: 0.000024 seconds.
  path: Packages/com.unity.multiplayer.center/Common/StyleConstants.cs
  artifactKey: Guid(50d5ff9fe4ab4477b7ea648da183e9d1) Importer(2089858483,b0f066a214c2f5e87bad3c948f4d605d)
Start importing Packages/com.unity.multiplayer.center/Common/StyleConstants.cs using Guid(50d5ff9fe4ab4477b7ea648da183e9d1) Importer(2089858483,b0f066a214c2f5e87bad3c948f4d605d) (ScriptedImporter) -> (artifact id: 'aa9d3f24670de03074bd30ee0b369c96') in 0.0045719 seconds
Number of updated asset objects reloaded before import = 0Number of asset objects unloaded after import = 0

========================================================================
Received Import Request.
  Time since last request: 0.000033 seconds.
  path: Packages/com.unity.multiplayer.center/Editor/MultiplayerCenterWindow/UI/Icons/CloudCode.png
  artifactKey: Guid(ad1d29f4654194951a3c8bf507914d05) Importer(2089858483,b0f066a214c2f5e87bad3c948f4d605d)
Start importing Packages/com.unity.multiplayer.center/Editor/MultiplayerCenterWindow/UI/Icons/CloudCode.png using Guid(ad1d29f4654194951a3c8bf507914d05) Importer(2089858483,b0f066a214c2f5e87bad3c948f4d605d) (ScriptedImporter) -> (artifact id: '942b6876f2f0c5fd211859d321ea64be') in 0.0103537 seconds
Number of updated asset objects reloaded before import = 0Number of asset objects unloaded after import = 1

========================================================================
Received Import Request.
  Time since last request: 0.000024 seconds.
  path: Packages/com.unity.modules.hierarchycore/package.json
  artifactKey: Guid(9b1a5759726ef9d39a0ab82047b615f1) Importer(2089858483,b0f066a214c2f5e87bad3c948f4d605d)
Start importing Packages/com.unity.modules.hierarchycore/package.json using Guid(9b1a5759726ef9d39a0ab82047b615f1) Importer(2089858483,b0f066a214c2f5e87bad3c948f4d605d) (ScriptedImporter) -> (artifact id: 'ba965eceeb21cb21c96d7dffe5d8de6a') in 0.0049117 seconds
Number of updated asset objects reloaded before import = 0Number of asset objects unloaded after import = 1

========================================================================
Received Import Request.
  Time since last request: 0.000024 seconds.
  path: Packages/com.unity.test-framework/UnityEditor.TestRunner/TestRun/Tasks/Scene/CreateNewSceneTask.cs
  artifactKey: Guid(6dff66623000ef448ab68db41d803d95) Importer(2089858483,b0f066a214c2f5e87bad3c948f4d605d)
Start importing Packages/com.unity.test-framework/UnityEditor.TestRunner/TestRun/Tasks/Scene/CreateNewSceneTask.cs using Guid(6dff66623000ef448ab68db41d803d95) Importer(2089858483,b0f066a214c2f5e87bad3c948f4d605d) (ScriptedImporter) -> (artifact id: '70968f26b6cb37ebaa13fd99cd90536a') in 0.004958 seconds
Number of updated asset objects reloaded before import = 0Number of asset objects unloaded after import = 0

========================================================================
Received Import Request.
  Time since last request: 0.000026 seconds.
  path: Packages/com.unity.inputsystem/InputSystem/Editor/ControlPicker/InputControlPathEditor.cs
  artifactKey: Guid(924d7617bcdc84f8ea1c0d0ce6466a30) Importer(2089858483,b0f066a214c2f5e87bad3c948f4d605d)
Start importing Packages/com.unity.inputsystem/InputSystem/Editor/ControlPicker/InputControlPathEditor.cs using Guid(924d7617bcdc84f8ea1c0d0ce6466a30) Importer(2089858483,b0f066a214c2f5e87bad3c948f4d605d) (ScriptedImporter) -> (artifact id: '04ea762d9199828eb3eb82bbe01cf020') in 0.0048773 seconds
Number of updated asset objects reloaded before import = 0Number of asset objects unloaded after import = 0

========================================================================
Received Import Request.
  Time since last request: 0.000028 seconds.
  path: Packages/com.unity.inputsystem/InputSystem/Editor/Debugger/SampleFrequencyCalculator.cs
  artifactKey: Guid(fdd7c783de844fefa8df8acfd36b9dc9) Importer(2089858483,b0f066a214c2f5e87bad3c948f4d605d)
Start importing Packages/com.unity.inputsystem/InputSystem/Editor/Debugger/SampleFrequencyCalculator.cs using Guid(fdd7c783de844fefa8df8acfd36b9dc9) Importer(2089858483,b0f066a214c2f5e87bad3c948f4d605d) (ScriptedImporter) -> (artifact id: 'b2b75180363e2f9c75fc03ee2aa6c387') in 0.0047743 seconds
Number of updated asset objects reloaded before import = 0Number of asset objects unloaded after import = 0

========================================================================
Received Import Request.
  Time since last request: 0.000034 seconds.
  path: Packages/com.unity.multiplayer.center/Tests/Editor/Unity.Multiplayer.Center.Editor.Tests.asmdef
  artifactKey: Guid(787ec048daec145b580d1134da5dd278) Importer(2089858483,b0f066a214c2f5e87bad3c948f4d605d)
Start importing Packages/com.unity.multiplayer.center/Tests/Editor/Unity.Multiplayer.Center.Editor.Tests.asmdef using Guid(787ec048daec145b580d1134da5dd278) Importer(2089858483,b0f066a214c2f5e87bad3c948f4d605d) (ScriptedImporter) -> (artifact id: '2aac699800d1be4a224c013c592f5d51') in 0.0056533 seconds
Number of updated asset objects reloaded before import = 0Number of asset objects unloaded after import = 1

========================================================================
Received Import Request.
  Time since last request: 0.000018 seconds.
  path: Packages/com.unity.inputsystem/DocCodeSamples.Tests/DocCodeSamples.asmdef
  artifactKey: Guid(41b01d3964f844d8b43923c18b3a9a6f) Importer(2089858483,b0f066a214c2f5e87bad3c948f4d605d)
Start importing Packages/com.unity.inputsystem/DocCodeSamples.Tests/DocCodeSamples.asmdef using Guid(41b01d3964f844d8b43923c18b3a9a6f) Importer(2089858483,b0f066a214c2f5e87bad3c948f4d605d) (ScriptedImporter) -> (artifact id: '3da25ec7abfc439ab17dd6c62acb893b') in 0.0046562 seconds
Number of updated asset objects reloaded before import = 0Number of asset objects unloaded after import = 1

========================================================================
Received Import Request.
  Time since last request: 0.000023 seconds.
  path: Packages/com.unity.inputsystem/InputSystem/Runtime/InputSystem.cs
  artifactKey: Guid(e1523c5607084617abb64b2ad9cb1f66) Importer(2089858483,b0f066a214c2f5e87bad3c948f4d605d)
Start importing Packages/com.unity.inputsystem/InputSystem/Runtime/InputSystem.cs using Guid(e1523c5607084617abb64b2ad9cb1f66) Importer(2089858483,b0f066a214c2f5e87bad3c948f4d605d) (ScriptedImporter) -> (artifact id: 'c5a3801972643ae292788d25ce9bb9df') in 0.0046412 seconds
Number of updated asset objects reloaded before import = 0Number of asset objects unloaded after import = 0

========================================================================
Received Import Request.
  Time since last request: 0.000019 seconds.
  path: Packages/com.unity.multiplayer.center/Editor/MultiplayerCenterWindow/UI/Icons/Loading.png
  artifactKey: Guid(424a8de5def3b46dcb08edd00ad1c7bd) Importer(2089858483,b0f066a214c2f5e87bad3c948f4d605d)
Start importing Packages/com.unity.multiplayer.center/Editor/MultiplayerCenterWindow/UI/Icons/Loading.png using Guid(424a8de5def3b46dcb08edd00ad1c7bd) Importer(2089858483,b0f066a214c2f5e87bad3c948f4d605d) (ScriptedImporter) -> (artifact id: 'dd868bc5dcdecdb32c1ec0b4dddd6d2a') in 0.0108423 seconds
Number of updated asset objects reloaded before import = 0Number of asset objects unloaded after import = 1

========================================================================
Received Import Request.
  Time since last request: 0.000024 seconds.
  path: Packages/com.unity.inputsystem/InputSystem/Editor/InputSystemObject.cs
  artifactKey: Guid(5cdce2bffd1e49bda08b3db54a031207) Importer(2089858483,b0f066a214c2f5e87bad3c948f4d605d)
Start importing Packages/com.unity.inputsystem/InputSystem/Editor/InputSystemObject.cs using Guid(5cdce2bffd1e49bda08b3db54a031207) Importer(2089858483,b0f066a214c2f5e87bad3c948f4d605d) (ScriptedImporter) -> (artifact id: 'a4f661516cd1749c8d0ff1fd404d0099') in 0.0047417 seconds
Number of updated asset objects reloaded before import = 0Number of asset objects unloaded after import = 0

========================================================================
Received Import Request.
  Time since last request: 0.000033 seconds.
  path: Packages/com.unity.inputsystem/InputSystem/Editor/BuildPipeline/LinkFileGenerator.cs
  artifactKey: Guid(cec9e0ea8cd94017b8667cd540d61948) Importer(2089858483,b0f066a214c2f5e87bad3c948f4d605d)
Start importing Packages/com.unity.inputsystem/InputSystem/Editor/BuildPipeline/LinkFileGenerator.cs using Guid(cec9e0ea8cd94017b8667cd540d61948) Importer(2089858483,b0f066a214c2f5e87bad3c948f4d605d) (ScriptedImporter) -> (artifact id: 'd83a0145d5b2e96ec9422e392d37f7c9') in 0.0060596 seconds
Number of updated asset objects reloaded before import = 0Number of asset objects unloaded after import = 0

========================================================================
Received Import Request.
  Time since last request: 0.000022 seconds.
  path: Packages/com.unity.inputsystem/InputSystem/Editor/InputLayoutCodeGenerator.cs
  artifactKey: Guid(f2e097e509554eb3ac5f90f972220e3d) Importer(2089858483,b0f066a214c2f5e87bad3c948f4d605d)
Start importing Packages/com.unity.inputsystem/InputSystem/Editor/InputLayoutCodeGenerator.cs using Guid(f2e097e509554eb3ac5f90f972220e3d) Importer(2089858483,b0f066a214c2f5e87bad3c948f4d605d) (ScriptedImporter) -> (artifact id: 'e273f8ef116669f1fcaea5f4223455dc') in 0.0048525 seconds
Number of updated asset objects reloaded before import = 0Number of asset objects unloaded after import = 0

========================================================================
Received Import Request.
  Time since last request: 0.000021 seconds.
  path: Packages/com.unity.inputsystem/InputSystem/Runtime/IInputDiagnostics.cs
  artifactKey: Guid(ba025c1c816ba7c42a1d28f1cefb9c66) Importer(2089858483,b0f066a214c2f5e87bad3c948f4d605d)
Start importing Packages/com.unity.inputsystem/InputSystem/Runtime/IInputDiagnostics.cs using Guid(ba025c1c816ba7c42a1d28f1cefb9c66) Importer(2089858483,b0f066a214c2f5e87bad3c948f4d605d) (ScriptedImporter) -> (artifact id: '9773376d9ced2f4e73bd3b614c551ff0') in 0.005083 seconds
Number of updated asset objects reloaded before import = 0Number of asset objects unloaded after import = 0

========================================================================
Received Import Request.
  Time since last request: 0.000025 seconds.
  path: Packages/com.unity.multiplayer.center/Editor/MultiplayerCenterWindow/UI/Icons/Questionnaire.png
  artifactKey: Guid(dd70cd654275d47db807e918055e004f) Importer(2089858483,b0f066a214c2f5e87bad3c948f4d605d)
Start importing Packages/com.unity.multiplayer.center/Editor/MultiplayerCenterWindow/UI/Icons/Questionnaire.png using Guid(dd70cd654275d47db807e918055e004f) Importer(2089858483,b0f066a214c2f5e87bad3c948f4d605d) (ScriptedImporter) -> (artifact id: 'f7ae59c6b69f615962b60b02e7a75bfa') in 0.0106714 seconds
Number of updated asset objects reloaded before import = 0Number of asset objects unloaded after import = 1

========================================================================
Received Import Request.
  Time since last request: 0.000024 seconds.
  path: Packages/com.unity.inputsystem/InputSystem/Actions/InputActionStateMonitorIndex.cs
  artifactKey: Guid(f70e12521b7643ea89b31ca4387b019f) Importer(2089858483,b0f066a214c2f5e87bad3c948f4d605d)
Start importing Packages/com.unity.inputsystem/InputSystem/Actions/InputActionStateMonitorIndex.cs using Guid(f70e12521b7643ea89b31ca4387b019f) Importer(2089858483,b0f066a214c2f5e87bad3c948f4d605d) (ScriptedImporter) -> (artifact id: '3cb968a8393f652917f7c1722287916e') in 0.0045275 seconds
Number of updated asset objects reloaded before import = 0Number of asset objects unloaded after import = 0

========================================================================
Received Import Request.
  Time since last request: 0.000031 seconds.
  path: Packages/com.unity.inputsystem/InputSystem/Editor/InputDiagnostics.cs
  artifactKey: Guid(e5a64639c3eeaf5429cee8a5cb3c38d2) Importer(2089858483,b0f066a214c2f5e87bad3c948f4d605d)
Start importing Packages/com.unity.inputsystem/InputSystem/Editor/InputDiagnostics.cs using Guid(e5a64639c3eeaf5429cee8a5cb3c38d2) Importer(2089858483,b0f066a214c2f5e87bad3c948f4d605d) (ScriptedImporter) -> (artifact id: '80e2abec0e795347f1aca34a7f678927') in 0.0047054 seconds
Number of updated asset objects reloaded before import = 0Number of asset objects unloaded after import = 0

========================================================================
Received Import Request.
  Time since last request: 0.000023 seconds.
  path: Packages/com.unity.multiplayer.center/Editor/OnBoarding/GettingStartedTabView.cs
  artifactKey: Guid(d2c2caab1f2642afa6c07dec054fd34f) Importer(2089858483,b0f066a214c2f5e87bad3c948f4d605d)
Start importing Packages/com.unity.multiplayer.center/Editor/OnBoarding/GettingStartedTabView.cs using Guid(d2c2caab1f2642afa6c07dec054fd34f) Importer(2089858483,b0f066a214c2f5e87bad3c948f4d605d) (ScriptedImporter) -> (artifact id: 'fd733dfd3260c48324fd0d093e1e3ea2') in 0.0044089 seconds
Number of updated asset objects reloaded before import = 0Number of asset objects unloaded after import = 0

========================================================================
Received Import Request.
  Time since last request: 0.000022 seconds.
  path: Packages/com.unity.multiplayer.center/Editor/MultiplayerCenterWindow/UI/Icons/DistributedAuthority.png
  artifactKey: Guid(d63245ece6d8f476c8c7ca24da9937f6) Importer(2089858483,b0f066a214c2f5e87bad3c948f4d605d)
Start importing Packages/com.unity.multiplayer.center/Editor/MultiplayerCenterWindow/UI/Icons/DistributedAuthority.png using Guid(d63245ece6d8f476c8c7ca24da9937f6) Importer(2089858483,b0f066a214c2f5e87bad3c948f4d605d) (ScriptedImporter) -> (artifact id: '804df632a40f6af951a3fc2f15c9f452') in 0.0104555 seconds
Number of updated asset objects reloaded before import = 0Number of asset objects unloaded after import = 1

========================================================================
Received Import Request.
  Time since last request: 0.000024 seconds.
  path: Packages/com.unity.test-framework/UnityEngine.TestRunner/Utils/AssemblyProvider/AssemblyWrapper.cs
  artifactKey: Guid(2e3b9bbf2c1a3cd4f88883ca32882ec6) Importer(2089858483,b0f066a214c2f5e87bad3c948f4d605d)
Start importing Packages/com.unity.test-framework/UnityEngine.TestRunner/Utils/AssemblyProvider/AssemblyWrapper.cs using Guid(2e3b9bbf2c1a3cd4f88883ca32882ec6) Importer(2089858483,b0f066a214c2f5e87bad3c948f4d605d) (ScriptedImporter) -> (artifact id: '4f817f5247b4d151d3368860e8a7416c') in 0.0047096 seconds
Number of updated asset objects reloaded before import = 0Number of asset objects unloaded after import = 0

========================================================================
Received Import Request.
  Time since last request: 0.000021 seconds.
  path: Packages/com.unity.inputsystem/InputSystem/Editor/Icons/Add Binding.png
  artifactKey: Guid(958a10dec4f3a4764bb345b0aa03510b) Importer(2089858483,b0f066a214c2f5e87bad3c948f4d605d)
Start importing Packages/com.unity.inputsystem/InputSystem/Editor/Icons/Add Binding.png using Guid(958a10dec4f3a4764bb345b0aa03510b) Importer(2089858483,b0f066a214c2f5e87bad3c948f4d605d) (ScriptedImporter) -> (artifact id: '6e16078b5096a9f0176be46f2e8810ef') in 0.0103544 seconds
Number of updated asset objects reloaded before import = 0Number of asset objects unloaded after import = 1

========================================================================
Received Import Request.
  Time since last request: 0.000030 seconds.
  path: Packages/com.unity.inputsystem/InputSystem/Editor/ControlPicker/InputControlPicker.cs
  artifactKey: Guid(e35c175d4f60c4820a36054488cb5524) Importer(2089858483,b0f066a214c2f5e87bad3c948f4d605d)
Start importing Packages/com.unity.inputsystem/InputSystem/Editor/ControlPicker/InputControlPicker.cs using Guid(e35c175d4f60c4820a36054488cb5524) Importer(2089858483,b0f066a214c2f5e87bad3c948f4d605d) (ScriptedImporter) -> (artifact id: 'a8946d7c02eec8cdb1dcc0a238d45a52') in 0.0044747 seconds
Number of updated asset objects reloaded before import = 0Number of asset objects unloaded after import = 0

========================================================================
Received Import Request.
  Time since last request: 0.000023 seconds.
  path: Packages/com.unity.multiplayer.center/Tests/Editor/UtilsForGettingStartedTabTests.cs
  artifactKey: Guid(c37c4c45cacc46edb43b8c32617b3e34) Importer(2089858483,b0f066a214c2f5e87bad3c948f4d605d)
Start importing Packages/com.unity.multiplayer.center/Tests/Editor/UtilsForGettingStartedTabTests.cs using Guid(c37c4c45cacc46edb43b8c32617b3e34) Importer(2089858483,b0f066a214c2f5e87bad3c948f4d605d) (ScriptedImporter) -> (artifact id: 'd66d4e9347a01a87bc1976340bd3eefb') in 0.0049174 seconds
Number of updated asset objects reloaded before import = 0Number of asset objects unloaded after import = 0

========================================================================
Received Import Request.
  Time since last request: 0.000023 seconds.
  path: Packages/com.unity.test-framework/UnityEngine.TestRunner/Utils/MonoBehaviourTest/MonoBehaviourTest.cs
  artifactKey: Guid(164c9b1458eaab743a4b45c37a4d720d) Importer(2089858483,b0f066a214c2f5e87bad3c948f4d605d)
Start importing Packages/com.unity.test-framework/UnityEngine.TestRunner/Utils/MonoBehaviourTest/MonoBehaviourTest.cs using Guid(164c9b1458eaab743a4b45c37a4d720d) Importer(2089858483,b0f066a214c2f5e87bad3c948f4d605d) (ScriptedImporter) -> (artifact id: '44da83589f950c71f0c194cb79e821dc') in 0.0043588 seconds
Number of updated asset objects reloaded before import = 0Number of asset objects unloaded after import = 0

========================================================================
Received Import Request.
  Time since last request: 0.000023 seconds.
  path: Packages/com.unity.multiplayer.center/Editor/Analytics/MultiplayerCenterAnalytics.cs
  artifactKey: Guid(185e678d90804a8a85ab38276eca86fb) Importer(2089858483,b0f066a214c2f5e87bad3c948f4d605d)
Start importing Packages/com.unity.multiplayer.center/Editor/Analytics/MultiplayerCenterAnalytics.cs using Guid(185e678d90804a8a85ab38276eca86fb) Importer(2089858483,b0f066a214c2f5e87bad3c948f4d605d) (ScriptedImporter) -> (artifact id: '5221fd23a98d4a2bd6d4c7783e67a5c9') in 0.0045833 seconds
Number of updated asset objects reloaded before import = 0Number of asset objects unloaded after import = 0

========================================================================
Received Import Request.
  Time since last request: 0.000021 seconds.
  path: Packages/com.unity.inputsystem/InputSystem/Editor/AssetImporter/IInputActionAssetEditor.cs
  artifactKey: Guid(2603947746e342918fcad117e9ce6db6) Importer(2089858483,b0f066a214c2f5e87bad3c948f4d605d)
Start importing Packages/com.unity.inputsystem/InputSystem/Editor/AssetImporter/IInputActionAssetEditor.cs using Guid(2603947746e342918fcad117e9ce6db6) Importer(2089858483,b0f066a214c2f5e87bad3c948f4d605d) (ScriptedImporter) -> (artifact id: '4a25d4f508323944353557e784b4f64a') in 0.0047438 seconds
Number of updated asset objects reloaded before import = 0Number of asset objects unloaded after import = 0

========================================================================
Received Import Request.
  Time since last request: 0.000031 seconds.
  path: Packages/com.unity.multiplayer.center/Tests/Editor/AssemblyInfo.cs
  artifactKey: Guid(89ffa359141b49fea9bfa6a1db3b18be) Importer(2089858483,b0f066a214c2f5e87bad3c948f4d605d)
Start importing Packages/com.unity.multiplayer.center/Tests/Editor/AssemblyInfo.cs using Guid(89ffa359141b49fea9bfa6a1db3b18be) Importer(2089858483,b0f066a214c2f5e87bad3c948f4d605d) (ScriptedImporter) -> (artifact id: '35dcd4277c9f794a8ec94d9941543f4e') in 0.0045408 seconds
Number of updated asset objects reloaded before import = 0Number of asset objects unloaded after import = 0

========================================================================
Received Import Request.
  Time since last request: 0.000021 seconds.
  path: Packages/com.unity.inputsystem/InputSystem/Editor/Icons/Dpad@3x.png
  artifactKey: Guid(6c1147159d9dc42948601b29dfc9a40c) Importer(2089858483,b0f066a214c2f5e87bad3c948f4d605d)
Start importing Packages/com.unity.inputsystem/InputSystem/Editor/Icons/Dpad@3x.png using Guid(6c1147159d9dc42948601b29dfc9a40c) Importer(2089858483,b0f066a214c2f5e87bad3c948f4d605d) (ScriptedImporter) -> (artifact id: 'f43fc9433b62156f25cc458d1991909e') in 0.0113335 seconds
Number of updated asset objects reloaded before import = 0Number of asset objects unloaded after import = 1

========================================================================
Received Import Request.
  Time since last request: 0.000023 seconds.
  path: Packages/com.unity.inputsystem/InputSystem/Editor/Analytics/OnScreenStickEditorAnalytic.cs
  artifactKey: Guid(2167295510884d5eb4722df2ba677996) Importer(2089858483,b0f066a214c2f5e87bad3c948f4d605d)
Start importing Packages/com.unity.inputsystem/InputSystem/Editor/Analytics/OnScreenStickEditorAnalytic.cs using Guid(2167295510884d5eb4722df2ba677996) Importer(2089858483,b0f066a214c2f5e87bad3c948f4d605d) (ScriptedImporter) -> (artifact id: '00f5ed2f4b14b05df14f60f914580558') in 0.0057547 seconds
Number of updated asset objects reloaded before import = 0Number of asset objects unloaded after import = 0

========================================================================
Received Import Request.
  Time since last request: 0.000022 seconds.
  path: Packages/com.unity.modules.umbra/package.json
  artifactKey: Guid(d85e5eeaf8f135aeaaebdc8aa3cff6c3) Importer(2089858483,b0f066a214c2f5e87bad3c948f4d605d)
Start importing Packages/com.unity.modules.umbra/package.json using Guid(d85e5eeaf8f135aeaaebdc8aa3cff6c3) Importer(2089858483,b0f066a214c2f5e87bad3c948f4d605d) (ScriptedImporter) -> (artifact id: '6b1f4ba5197bb57865404086d88abdb0') in 0.0055001 seconds
Number of updated asset objects reloaded before import = 0Number of asset objects unloaded after import = 1

========================================================================
Received Import Request.
  Time since last request: 0.000027 seconds.
  path: Packages/com.unity.multiplayer.center/Common/SelectedSolutionsData.cs
  artifactKey: Guid(ec737041edec4a5b93f7953a6ffe9f06) Importer(2089858483,b0f066a214c2f5e87bad3c948f4d605d)
Start importing Packages/com.unity.multiplayer.center/Common/SelectedSolutionsData.cs using Guid(ec737041edec4a5b93f7953a6ffe9f06) Importer(2089858483,b0f066a214c2f5e87bad3c948f4d605d) (ScriptedImporter) -> (artifact id: 'aa6eb51a0f225a9d3791133dae0827e4') in 0.0047886 seconds
Number of updated asset objects reloaded before import = 0Number of asset objects unloaded after import = 0

========================================================================
Received Import Request.
  Time since last request: 0.000034 seconds.
  path: Packages/com.unity.multiplayer.center/Editor/Analytics/OnboardingSectionAnalyticsProvider.cs
  artifactKey: Guid(e9faa4a7023c43c5805642250c703f48) Importer(2089858483,b0f066a214c2f5e87bad3c948f4d605d)
Start importing Packages/com.unity.multiplayer.center/Editor/Analytics/OnboardingSectionAnalyticsProvider.cs using Guid(e9faa4a7023c43c5805642250c703f48) Importer(2089858483,b0f066a214c2f5e87bad3c948f4d605d) (ScriptedImporter) -> (artifact id: 'db89e166da06193a20fa5b3336b1f074') in 0.0049473 seconds
Number of updated asset objects reloaded before import = 0Number of asset objects unloaded after import = 0

========================================================================
Received Import Request.
  Time since last request: 0.000024 seconds.
  path: Packages/com.unity.multiplayer.center/Editor/MultiplayerCenterWindow/UI/RecommendationView/RecommendationItemView.cs
  artifactKey: Guid(281e16dfc02f4a86bf924188eb96b176) Importer(2089858483,b0f066a214c2f5e87bad3c948f4d605d)
Start importing Packages/com.unity.multiplayer.center/Editor/MultiplayerCenterWindow/UI/RecommendationView/RecommendationItemView.cs using Guid(281e16dfc02f4a86bf924188eb96b176) Importer(2089858483,b0f066a214c2f5e87bad3c948f4d605d) (ScriptedImporter) -> (artifact id: '3d1f47e270792ff19bb85d61473ecb23') in 0.0048229 seconds
Number of updated asset objects reloaded before import = 0Number of asset objects unloaded after import = 0

========================================================================
Received Import Request.
  Time since last request: 0.000025 seconds.
  path: Packages/com.unity.render-pipelines.core/Runtime/UnifiedRayTracing/AssemblyInfo.cs
  artifactKey: Guid(54376717d159ce7499650ad0749a238f) Importer(2089858483,b0f066a214c2f5e87bad3c948f4d605d)
Start importing Packages/com.unity.render-pipelines.core/Runtime/UnifiedRayTracing/AssemblyInfo.cs using Guid(54376717d159ce7499650ad0749a238f) Importer(2089858483,b0f066a214c2f5e87bad3c948f4d605d) (ScriptedImporter) -> (artifact id: '93a2ee5850d4f99709427a5320512eb1') in 0.004581 seconds
Number of updated asset objects reloaded before import = 0Number of asset objects unloaded after import = 0

========================================================================
Received Import Request.
  Time since last request: 0.000020 seconds.
  path: Packages/com.unity.render-pipelines.core/Editor/Lighting/Icons/d_LightPlacement_Icon@64.png
  artifactKey: Guid(e20f6d92d0ae13040bfcbe8ef57da036) Importer(2089858483,b0f066a214c2f5e87bad3c948f4d605d)
Start importing Packages/com.unity.render-pipelines.core/Editor/Lighting/Icons/d_LightPlacement_Icon@64.png using Guid(e20f6d92d0ae13040bfcbe8ef57da036) Importer(2089858483,b0f066a214c2f5e87bad3c948f4d605d) (ScriptedImporter) -> (artifact id: '27844b340b4bae553f74c96a65b9426c') in 0.0103746 seconds
Number of updated asset objects reloaded before import = 0Number of asset objects unloaded after import = 1

========================================================================
Received Import Request.
  Time since last request: 0.000025 seconds.
  path: Packages/com.unity.modules.audio/package.ModuleCompilationTrigger
  artifactKey: Guid(042dc296246916648e55a43d0eeb2036) Importer(2089858483,b0f066a214c2f5e87bad3c948f4d605d)
Start importing Packages/com.unity.modules.audio/package.ModuleCompilationTrigger using Guid(042dc296246916648e55a43d0eeb2036) Importer(2089858483,b0f066a214c2f5e87bad3c948f4d605d) (ScriptedImporter) -> (artifact id: '20b97553b812dc2003ba16e0f8f7cc80') in 0.0040359 seconds
Number of updated asset objects reloaded before import = 0Number of asset objects unloaded after import = 1

========================================================================
Received Import Request.
  Time since last request: 0.000031 seconds.
  path: Packages/com.unity.test-framework/UnityEngine.TestRunner/NUnitExtensions/Runner/IEnumerableTestMethodCommand.cs
  artifactKey: Guid(dbd43d8a3b8122d4e89b055f53382b11) Importer(2089858483,b0f066a214c2f5e87bad3c948f4d605d)
Start importing Packages/com.unity.test-framework/UnityEngine.TestRunner/NUnitExtensions/Runner/IEnumerableTestMethodCommand.cs using Guid(dbd43d8a3b8122d4e89b055f53382b11) Importer(2089858483,b0f066a214c2f5e87bad3c948f4d605d) (ScriptedImporter) -> (artifact id: 'f5a901d96a184a381dd34c468a0be978') in 0.0049104 seconds
Number of updated asset objects reloaded before import = 0Number of asset objects unloaded after import = 0

========================================================================
Received Import Request.
  Time since last request: 0.000022 seconds.
  path: Packages/com.unity.test-framework/UnityEditor.TestRunner/GUI/TestAssets/FolderPathTestCompilationContextProvider.cs
  artifactKey: Guid(3d92c578e28043ef95d4b703e008be64) Importer(2089858483,b0f066a214c2f5e87bad3c948f4d605d)
Start importing Packages/com.unity.test-framework/UnityEditor.TestRunner/GUI/TestAssets/FolderPathTestCompilationContextProvider.cs using Guid(3d92c578e28043ef95d4b703e008be64) Importer(2089858483,b0f066a214c2f5e87bad3c948f4d605d) (ScriptedImporter) -> (artifact id: 'd4f5fd70001dc9759f680b20ee160d4c') in 0.0043956 seconds
Number of updated asset objects reloaded before import = 0Number of asset objects unloaded after import = 0

========================================================================
Received Import Request.
  Time since last request: 0.000023 seconds.
  path: Packages/com.unity.multiplayer.center/Editor/Recommendations/RecommenderSystemDataObject.cs
  artifactKey: Guid(b6a02e450cd04bb781e7728f2056251c) Importer(2089858483,b0f066a214c2f5e87bad3c948f4d605d)
Start importing Packages/com.unity.multiplayer.center/Editor/Recommendations/RecommenderSystemDataObject.cs using Guid(b6a02e450cd04bb781e7728f2056251c) Importer(2089858483,b0f066a214c2f5e87bad3c948f4d605d) (ScriptedImporter) -> (artifact id: 'aa7481fb3c6ae7d2f10c5edf31f793aa') in 0.0043261 seconds
Number of updated asset objects reloaded before import = 0Number of asset objects unloaded after import = 0

========================================================================
Received Import Request.
  Time since last request: 0.000023 seconds.
  path: Packages/com.unity.inputsystem/InputSystem/Editor/InputSystemPackageControl.cs
  artifactKey: Guid(40a0b3d771450454796d773d18ae0c31) Importer(2089858483,b0f066a214c2f5e87bad3c948f4d605d)
Start importing Packages/com.unity.inputsystem/InputSystem/Editor/InputSystemPackageControl.cs using Guid(40a0b3d771450454796d773d18ae0c31) Importer(2089858483,b0f066a214c2f5e87bad3c948f4d605d) (ScriptedImporter) -> (artifact id: 'fe39c25c8999921cd46b6c319ce2912a') in 0.0043921 seconds
Number of updated asset objects reloaded before import = 0Number of asset objects unloaded after import = 0

========================================================================
Received Import Request.
  Time since last request: 0.000025 seconds.
  path: Packages/com.unity.inputsystem/InputSystem/Editor/Icons/Mouse@2x.png
  artifactKey: Guid(9721efa02e520488d96c36460fe7e4a6) Importer(2089858483,b0f066a214c2f5e87bad3c948f4d605d)
Start importing Packages/com.unity.inputsystem/InputSystem/Editor/Icons/Mouse@2x.png using Guid(9721efa02e520488d96c36460fe7e4a6) Importer(2089858483,b0f066a214c2f5e87bad3c948f4d605d) (ScriptedImporter) -> (artifact id: '2e84b9a034c11d934be4a17ee0b5d6df') in 0.0099738 seconds
Number of updated asset objects reloaded before import = 0Number of asset objects unloaded after import = 1

========================================================================
Received Import Request.
  Time since last request: 0.000032 seconds.
  path: Packages/com.unity.inputsystem/InputSystem/Runtime/Utilities/TypeTable.cs
  artifactKey: Guid(3ec5135f9c8612d42a83f87500580afa) Importer(2089858483,b0f066a214c2f5e87bad3c948f4d605d)
Start importing Packages/com.unity.inputsystem/InputSystem/Runtime/Utilities/TypeTable.cs using Guid(3ec5135f9c8612d42a83f87500580afa) Importer(2089858483,b0f066a214c2f5e87bad3c948f4d605d) (ScriptedImporter) -> (artifact id: 'e28c314246bbb4c4b0987dc0e1be4f3f') in 0.004727 seconds
Number of updated asset objects reloaded before import = 0Number of asset objects unloaded after import = 0

========================================================================
Received Import Request.
  Time since last request: 0.000027 seconds.
  path: Packages/com.unity.inputsystem/InputSystem/Runtime/Utilities/InternedString.cs
  artifactKey: Guid(640e1e705a694e56835bacff3d7f7b4b) Importer(2089858483,b0f066a214c2f5e87bad3c948f4d605d)
Start importing Packages/com.unity.inputsystem/InputSystem/Runtime/Utilities/InternedString.cs using Guid(640e1e705a694e56835bacff3d7f7b4b) Importer(2089858483,b0f066a214c2f5e87bad3c948f4d605d) (ScriptedImporter) -> (artifact id: 'f0e42cde8d9c6e5986e6268159b9d9b9') in 0.00474 seconds
Number of updated asset objects reloaded before import = 0Number of asset objects unloaded after import = 0

========================================================================
Received Import Request.
  Time since last request: 0.000022 seconds.
  path: Packages/com.unity.inputsystem/InputSystem/Runtime/Actions/InputActionParameters.cs
  artifactKey: Guid(050df780a05f4754b28e85d32a88da95) Importer(2089858483,b0f066a214c2f5e87bad3c948f4d605d)
Start importing Packages/com.unity.inputsystem/InputSystem/Runtime/Actions/InputActionParameters.cs using Guid(050df780a05f4754b28e85d32a88da95) Importer(2089858483,b0f066a214c2f5e87bad3c948f4d605d) (ScriptedImporter) -> (artifact id: '8b1c3a78588fa468b3f451994c580472') in 0.0052226 seconds
Number of updated asset objects reloaded before import = 0Number of asset objects unloaded after import = 0

========================================================================
Received Import Request.
  Time since last request: 0.000026 seconds.
  path: Packages/com.unity.inputsystem/InputSystem/Editor/Internal/GUIHelpers.cs
  artifactKey: Guid(54ee1a1058dfd4e089fe94a8e880938e) Importer(2089858483,b0f066a214c2f5e87bad3c948f4d605d)
Start importing Packages/com.unity.inputsystem/InputSystem/Editor/Internal/GUIHelpers.cs using Guid(54ee1a1058dfd4e089fe94a8e880938e) Importer(2089858483,b0f066a214c2f5e87bad3c948f4d605d) (ScriptedImporter) -> (artifact id: '97ab1685362141577dfcedd1c91934c4') in 0.0052115 seconds
Number of updated asset objects reloaded before import = 0Number of asset objects unloaded after import = 0

========================================================================
Received Import Request.
  Time since last request: 0.000026 seconds.
  path: Packages/com.unity.inputsystem/InputSystem/Runtime/Events/InputEventHandledPolicy.cs
  artifactKey: Guid(7c9443eaca924751a528ee833d503cb0) Importer(2089858483,b0f066a214c2f5e87bad3c948f4d605d)
Start importing Packages/com.unity.inputsystem/InputSystem/Runtime/Events/InputEventHandledPolicy.cs using Guid(7c9443eaca924751a528ee833d503cb0) Importer(2089858483,b0f066a214c2f5e87bad3c948f4d605d) (ScriptedImporter) -> (artifact id: '7815fbcec711ebdd5e6ec8a70cdae9a7') in 0.0049207 seconds
Number of updated asset objects reloaded before import = 0Number of asset objects unloaded after import = 0

========================================================================
Received Import Request.
  Time since last request: 0.000028 seconds.
  path: Packages/com.unity.inputsystem/InputSystem/Editor/Internal/InputActionSerializationHelpers.cs
  artifactKey: Guid(7c93968c9be74a1fa43a3dad5eed4cbd) Importer(2089858483,b0f066a214c2f5e87bad3c948f4d605d)
Start importing Packages/com.unity.inputsystem/InputSystem/Editor/Internal/InputActionSerializationHelpers.cs using Guid(7c93968c9be74a1fa43a3dad5eed4cbd) Importer(2089858483,b0f066a214c2f5e87bad3c948f4d605d) (ScriptedImporter) -> (artifact id: '80a241d2b9db1cf359eb06ef82839945') in 0.0048941 seconds
Number of updated asset objects reloaded before import = 0Number of asset objects unloaded after import = 0

========================================================================
Received Import Request.
  Time since last request: 0.000020 seconds.
  path: Packages/com.unity.inputsystem/InputSystem/Editor/Icons/Keyboard@2x.png
  artifactKey: Guid(87ae93efe5d3b4262995b0acdc987d88) Importer(2089858483,b0f066a214c2f5e87bad3c948f4d605d)
Start importing Packages/com.unity.inputsystem/InputSystem/Editor/Icons/Keyboard@2x.png using Guid(87ae93efe5d3b4262995b0acdc987d88) Importer(2089858483,b0f066a214c2f5e87bad3c948f4d605d) (ScriptedImporter) -> (artifact id: '38e46301d5ebbcc7274b1673f52e91a3') in 0.0131135 seconds
Number of updated asset objects reloaded before import = 0Number of asset objects unloaded after import = 1

========================================================================
Received Import Request.
  Time since last request: 0.000024 seconds.
  path: Packages/com.unity.inputsystem/InputSystem/Runtime/Controls/InputControlExtensions.cs
  artifactKey: Guid(a8cfbe75f80984c1d9700ef41f6e2aeb) Importer(2089858483,b0f066a214c2f5e87bad3c948f4d605d)
Start importing Packages/com.unity.inputsystem/InputSystem/Runtime/Controls/InputControlExtensions.cs using Guid(a8cfbe75f80984c1d9700ef41f6e2aeb) Importer(2089858483,b0f066a214c2f5e87bad3c948f4d605d) (ScriptedImporter) -> (artifact id: 'b2c582cc26b7e585fb31ede8363e48fc') in 0.004535 seconds
Number of updated asset objects reloaded before import = 0Number of asset objects unloaded after import = 0

========================================================================
Received Import Request.
  Time since last request: 0.000026 seconds.
  path: Packages/com.unity.inputsystem/InputSystem/Editor/UITKAssetEditor/InputActionsEditorSettingsProvider.cs
  artifactKey: Guid(18d3e83390dcd6349b3086b9f70391b9) Importer(2089858483,b0f066a214c2f5e87bad3c948f4d605d)
Start importing Packages/com.unity.inputsystem/InputSystem/Editor/UITKAssetEditor/InputActionsEditorSettingsProvider.cs using Guid(18d3e83390dcd6349b3086b9f70391b9) Importer(2089858483,b0f066a214c2f5e87bad3c948f4d605d) (ScriptedImporter) -> (artifact id: '7973fbb92b86c97f0b7b4f48f461c0a3') in 0.0045725 seconds
Number of updated asset objects reloaded before import = 0Number of asset objects unloaded after import = 0

========================================================================
Received Import Request.
  Time since last request: 0.000024 seconds.
  path: Packages/com.unity.inputsystem/InputSystem/Runtime/Events/IMECompositionEvent.cs
  artifactKey: Guid(bb39cf984021140a3adc2419327534a7) Importer(2089858483,b0f066a214c2f5e87bad3c948f4d605d)
Start importing Packages/com.unity.inputsystem/InputSystem/Runtime/Events/IMECompositionEvent.cs using Guid(bb39cf984021140a3adc2419327534a7) Importer(2089858483,b0f066a214c2f5e87bad3c948f4d605d) (ScriptedImporter) -> (artifact id: 'bf7ef93ddbf430e78f854d94f0ed6cd0') in 0.004782 seconds
Number of updated asset objects reloaded before import = 0Number of asset objects unloaded after import = 0

========================================================================
Received Import Request.
  Time since last request: 0.000031 seconds.
  path: Packages/com.unity.inputsystem/InputSystem/Editor/Internal/TreeViewHelpers.cs
  artifactKey: Guid(60f36b88774fb4ed685661de123d7449) Importer(2089858483,b0f066a214c2f5e87bad3c948f4d605d)
Start importing Packages/com.unity.inputsystem/InputSystem/Editor/Internal/TreeViewHelpers.cs using Guid(60f36b88774fb4ed685661de123d7449) Importer(2089858483,b0f066a214c2f5e87bad3c948f4d605d) (ScriptedImporter) -> (artifact id: '5acb58292774d7d8cdedf675feeaca95') in 0.0052408 seconds
Number of updated asset objects reloaded before import = 0Number of asset objects unloaded after import = 0

========================================================================
Received Import Request.
  Time since last request: 0.000029 seconds.
  path: Packages/com.unity.inputsystem/InputSystem/Runtime/Utilities/InlinedArray.cs
  artifactKey: Guid(98a0df93c82e4369b500b62affa160db) Importer(2089858483,b0f066a214c2f5e87bad3c948f4d605d)
Start importing Packages/com.unity.inputsystem/InputSystem/Runtime/Utilities/InlinedArray.cs using Guid(98a0df93c82e4369b500b62affa160db) Importer(2089858483,b0f066a214c2f5e87bad3c948f4d605d) (ScriptedImporter) -> (artifact id: 'd5c83e7447c0a2133e4a8fcbed8d76de') in 0.004829 seconds
Number of updated asset objects reloaded before import = 0Number of asset objects unloaded after import = 0

========================================================================
Received Import Request.
  Time since last request: 0.000028 seconds.
  path: Packages/com.unity.inputsystem/InputSystem/Editor/UITKAssetEditor/InputActionsEditorState.cs
  artifactKey: Guid(7a8e0b5c429811847b8c97a058e5884f) Importer(2089858483,b0f066a214c2f5e87bad3c948f4d605d)
Start importing Packages/com.unity.inputsystem/InputSystem/Editor/UITKAssetEditor/InputActionsEditorState.cs using Guid(7a8e0b5c429811847b8c97a058e5884f) Importer(2089858483,b0f066a214c2f5e87bad3c948f4d605d) (ScriptedImporter) -> (artifact id: '95b586bf5203b20adaff3cd4dfb113fd') in 0.0062081 seconds
Number of updated asset objects reloaded before import = 0Number of asset objects unloaded after import = 0

========================================================================
Received Import Request.
  Time since last request: 0.000060 seconds.
  path: Packages/com.unity.inputsystem/InputSystem/Runtime/Devices/ITextInputReceiver.cs
  artifactKey: Guid(8b5bc678fe5c44624a0f00e148fc2670) Importer(2089858483,b0f066a214c2f5e87bad3c948f4d605d)
Start importing Packages/com.unity.inputsystem/InputSystem/Runtime/Devices/ITextInputReceiver.cs using Guid(8b5bc678fe5c44624a0f00e148fc2670) Importer(2089858483,b0f066a214c2f5e87bad3c948f4d605d) (ScriptedImporter) -> (artifact id: 'aca26940e6207e7dcd2ddd44ca6dacc3') in 0.0071104 seconds
Number of updated asset objects reloaded before import = 0Number of asset objects unloaded after import = 0

========================================================================
Received Import Request.
  Time since last request: 0.000026 seconds.
  path: Packages/com.unity.inputsystem/InputSystem/Editor/Icons/InputActionAsset.png
  artifactKey: Guid(b025a2a0f9e554d1e88a93b5649dfc3f) Importer(2089858483,b0f066a214c2f5e87bad3c948f4d605d)
Start importing Packages/com.unity.inputsystem/InputSystem/Editor/Icons/InputActionAsset.png using Guid(b025a2a0f9e554d1e88a93b5649dfc3f) Importer(2089858483,b0f066a214c2f5e87bad3c948f4d605d) (ScriptedImporter) -> (artifact id: '6a91d065a7d07adfe2cefd4ddb096853') in 0.0140878 seconds
Number of updated asset objects reloaded before import = 0Number of asset objects unloaded after import = 1

========================================================================
Received Import Request.
  Time since last request: 0.000034 seconds.
  path: Packages/com.unity.inputsystem/InputSystem/Editor/UITKAssetEditor/SerializedInputBinding.cs
  artifactKey: Guid(2084fa9039e3711438d53087a63525f7) Importer(2089858483,b0f066a214c2f5e87bad3c948f4d605d)
Start importing Packages/com.unity.inputsystem/InputSystem/Editor/UITKAssetEditor/SerializedInputBinding.cs using Guid(2084fa9039e3711438d53087a63525f7) Importer(2089858483,b0f066a214c2f5e87bad3c948f4d605d) (ScriptedImporter) -> (artifact id: '34cc54d87f574cbf0cb59f6a7eb3c4b1') in 0.0054773 seconds
Number of updated asset objects reloaded before import = 0Number of asset objects unloaded after import = 0

========================================================================
Received Import Request.
  Time since last request: 0.000025 seconds.
  path: Packages/com.unity.inputsystem/InputSystem/Editor/Icons/d_Orientation@4x.png
  artifactKey: Guid(de98baf415a2c4d7dbe0de74cb6e171c) Importer(2089858483,b0f066a214c2f5e87bad3c948f4d605d)
Start importing Packages/com.unity.inputsystem/InputSystem/Editor/Icons/d_Orientation@4x.png using Guid(de98baf415a2c4d7dbe0de74cb6e171c) Importer(2089858483,b0f066a214c2f5e87bad3c948f4d605d) (ScriptedImporter) -> (artifact id: 'ebf6bb14e9c0c2790faa5383c48faa19') in 0.0100684 seconds
Number of updated asset objects reloaded before import = 0Number of asset objects unloaded after import = 1

========================================================================
Received Import Request.
  Time since last request: 0.000024 seconds.
  path: Packages/com.unity.inputsystem/InputSystem/Editor/Utilities/DirtyAssetTracker.cs
  artifactKey: Guid(fa1cedc2b36c5fc49a203b0e02a22d64) Importer(2089858483,b0f066a214c2f5e87bad3c948f4d605d)
Start importing Packages/com.unity.inputsystem/InputSystem/Editor/Utilities/DirtyAssetTracker.cs using Guid(fa1cedc2b36c5fc49a203b0e02a22d64) Importer(2089858483,b0f066a214c2f5e87bad3c948f4d605d) (ScriptedImporter) -> (artifact id: '968d430b5756cd5a6469a3b95961a776') in 0.0047144 seconds
Number of updated asset objects reloaded before import = 0Number of asset objects unloaded after import = 0

========================================================================
Received Import Request.
  Time since last request: 0.000027 seconds.
  path: Packages/com.unity.inputsystem/InputSystem/Editor/Icons/d_Mouse@4x.png
  artifactKey: Guid(1918e7bff8ff44878a0003977ca03971) Importer(2089858483,b0f066a214c2f5e87bad3c948f4d605d)
Start importing Packages/com.unity.inputsystem/InputSystem/Editor/Icons/d_Mouse@4x.png using Guid(1918e7bff8ff44878a0003977ca03971) Importer(2089858483,b0f066a214c2f5e87bad3c948f4d605d) (ScriptedImporter) -> (artifact id: 'ffc6db4fdc425b0e618da25b500abd8c') in 0.0100058 seconds
Number of updated asset objects reloaded before import = 0Number of asset objects unloaded after import = 1

========================================================================
Received Import Request.
  Time since last request: 0.000030 seconds.
  path: Packages/com.unity.inputsystem/InputSystem/Editor/Icons/MultiplayerEventSystem@64.png
  artifactKey: Guid(6a237171e2346e3458db37eb0f90d42b) Importer(2089858483,b0f066a214c2f5e87bad3c948f4d605d)
Start importing Packages/com.unity.inputsystem/InputSystem/Editor/Icons/MultiplayerEventSystem@64.png using Guid(6a237171e2346e3458db37eb0f90d42b) Importer(2089858483,b0f066a214c2f5e87bad3c948f4d605d) (ScriptedImporter) -> (artifact id: '69a6d946c7b0caa8e4937a76a5d1370a') in 0.010271 seconds
Number of updated asset objects reloaded before import = 0Number of asset objects unloaded after import = 1

========================================================================
Received Import Request.
  Time since last request: 0.000034 seconds.
  path: Packages/com.unity.inputsystem/InputSystem/Editor/ProjectWideActions/ProjectWideActionsTemplate.json
  artifactKey: Guid(8a190d472354bb845973412ac9c5c477) Importer(2089858483,b0f066a214c2f5e87bad3c948f4d605d)
Start importing Packages/com.unity.inputsystem/InputSystem/Editor/ProjectWideActions/ProjectWideActionsTemplate.json using Guid(8a190d472354bb845973412ac9c5c477) Importer(2089858483,b0f066a214c2f5e87bad3c948f4d605d) (ScriptedImporter) -> (artifact id: '94f3a5985d3872137c518c082ec0b55b') in 0.0047329 seconds
Number of updated asset objects reloaded before import = 0Number of asset objects unloaded after import = 1

========================================================================
Received Import Request.
  Time since last request: 0.000025 seconds.
  path: Packages/com.unity.inputsystem/InputSystem/Editor/Icons/Orientation@4x.png
  artifactKey: Guid(1c751eb104ad5407992e614361d5f81e) Importer(2089858483,b0f066a214c2f5e87bad3c948f4d605d)
Start importing Packages/com.unity.inputsystem/InputSystem/Editor/Icons/Orientation@4x.png using Guid(1c751eb104ad5407992e614361d5f81e) Importer(2089858483,b0f066a214c2f5e87bad3c948f4d605d) (ScriptedImporter) -> (artifact id: '07e8773a933bb75da223be4129ae55f4') in 0.0103469 seconds
Number of updated asset objects reloaded before import = 0Number of asset objects unloaded after import = 1

========================================================================
Received Import Request.
  Time since last request: 0.000021 seconds.
  path: Packages/com.unity.inputsystem/InputSystem/Runtime/Utilities/ExceptionHelpers.cs
  artifactKey: Guid(d717b0e790ee146dd93d1be641984b6a) Importer(2089858483,b0f066a214c2f5e87bad3c948f4d605d)
Start importing Packages/com.unity.inputsystem/InputSystem/Runtime/Utilities/ExceptionHelpers.cs using Guid(d717b0e790ee146dd93d1be641984b6a) Importer(2089858483,b0f066a214c2f5e87bad3c948f4d605d) (ScriptedImporter) -> (artifact id: '0ae2baa8aca27e6c43fa296833d7efb6') in 0.0049761 seconds
Number of updated asset objects reloaded before import = 0Number of asset objects unloaded after import = 0

========================================================================
Received Import Request.
  Time since last request: 0.000023 seconds.
  path: Packages/com.unity.inputsystem/InputSystem/Editor/Icons/d_Dpad@3x.png
  artifactKey: Guid(a1b7d9ffed68a47128c5622c13ba4752) Importer(2089858483,b0f066a214c2f5e87bad3c948f4d605d)
Start importing Packages/com.unity.inputsystem/InputSystem/Editor/Icons/d_Dpad@3x.png using Guid(a1b7d9ffed68a47128c5622c13ba4752) Importer(2089858483,b0f066a214c2f5e87bad3c948f4d605d) (ScriptedImporter) -> (artifact id: 'd00322561e0674c00cffb1ea08a4546c') in 0.0121247 seconds
Number of updated asset objects reloaded before import = 0Number of asset objects unloaded after import = 1

========================================================================
Received Import Request.
  Time since last request: 0.000027 seconds.
  path: Packages/com.unity.inputsystem/InputSystem/Runtime/Events/TextEvent.cs
  artifactKey: Guid(dda83392ceab4fddbb9f3c7dd5edde62) Importer(2089858483,b0f066a214c2f5e87bad3c948f4d605d)
Start importing Packages/com.unity.inputsystem/InputSystem/Runtime/Events/TextEvent.cs using Guid(dda83392ceab4fddbb9f3c7dd5edde62) Importer(2089858483,b0f066a214c2f5e87bad3c948f4d605d) (ScriptedImporter) -> (artifact id: 'a80cd9211403bb74553cdd9ddedd53e7') in 0.0049331 seconds
Number of updated asset objects reloaded before import = 0Number of asset objects unloaded after import = 0

========================================================================
Received Import Request.
  Time since last request: 0.000027 seconds.
  path: Packages/com.unity.inputsystem/InputSystem/Editor/Icons/d_Mouse.png
  artifactKey: Guid(264ffc05d7d2841d5a6065854b6282ca) Importer(2089858483,b0f066a214c2f5e87bad3c948f4d605d)
Start importing Packages/com.unity.inputsystem/InputSystem/Editor/Icons/d_Mouse.png using Guid(264ffc05d7d2841d5a6065854b6282ca) Importer(2089858483,b0f066a214c2f5e87bad3c948f4d605d) (ScriptedImporter) -> (artifact id: 'ba0cc9d45ca006904f0a6c293646d81a') in 0.0105138 seconds
Number of updated asset objects reloaded before import = 0Number of asset objects unloaded after import = 1

========================================================================
Received Import Request.
  Time since last request: 0.000024 seconds.
  path: Packages/com.unity.inputsystem/InputSystem/Runtime/State/IInputStateChangeMonitor.cs
  artifactKey: Guid(ab2c7c4773181604f9b207518e96ca1b) Importer(2089858483,b0f066a214c2f5e87bad3c948f4d605d)
Start importing Packages/com.unity.inputsystem/InputSystem/Runtime/State/IInputStateChangeMonitor.cs using Guid(ab2c7c4773181604f9b207518e96ca1b) Importer(2089858483,b0f066a214c2f5e87bad3c948f4d605d) (ScriptedImporter) -> (artifact id: '861fa257550d18241a00801d0ceea50e') in 0.0047897 seconds
Number of updated asset objects reloaded before import = 0Number of asset objects unloaded after import = 0

========================================================================
Received Import Request.
  Time since last request: 0.000025 seconds.
  path: Packages/com.unity.inputsystem/InputSystem/Editor/Icons/Pen@2x.png
  artifactKey: Guid(13fb345befe624412ac0bd0138d7bcf2) Importer(2089858483,b0f066a214c2f5e87bad3c948f4d605d)
Start importing Packages/com.unity.inputsystem/InputSystem/Editor/Icons/Pen@2x.png using Guid(13fb345befe624412ac0bd0138d7bcf2) Importer(2089858483,b0f066a214c2f5e87bad3c948f4d605d) (ScriptedImporter) -> (artifact id: '3dd1b0ea8c0619da54794b8b8896b09f') in 0.0097992 seconds
Number of updated asset objects reloaded before import = 0Number of asset objects unloaded after import = 1

========================================================================
Received Import Request.
  Time since last request: 0.000025 seconds.
  path: Packages/com.unity.inputsystem/InputSystem/Editor/Icons/d_ChevronDown@3x.png
  artifactKey: Guid(5d96795fd770f47d69d997b053532730) Importer(2089858483,b0f066a214c2f5e87bad3c948f4d605d)
Start importing Packages/com.unity.inputsystem/InputSystem/Editor/Icons/d_ChevronDown@3x.png using Guid(5d96795fd770f47d69d997b053532730) Importer(2089858483,b0f066a214c2f5e87bad3c948f4d605d) (ScriptedImporter) -> (artifact id: '3929258973d45f3f622412b2142956b6') in 0.0104388 seconds
Number of updated asset objects reloaded before import = 0Number of asset objects unloaded after import = 1

========================================================================
Received Import Request.
  Time since last request: 0.000028 seconds.
  path: Packages/com.unity.inputsystem/InputSystem/Editor/Icons/Keyboard.png
  artifactKey: Guid(5a5b9538c3aaa4587856e68a93a92a51) Importer(2089858483,b0f066a214c2f5e87bad3c948f4d605d)
Start importing Packages/com.unity.inputsystem/InputSystem/Editor/Icons/Keyboard.png using Guid(5a5b9538c3aaa4587856e68a93a92a51) Importer(2089858483,b0f066a214c2f5e87bad3c948f4d605d) (ScriptedImporter) -> (artifact id: 'c1498145493c1011eb2d9fc710b594b1') in 0.0093211 seconds
Number of updated asset objects reloaded before import = 0Number of asset objects unloaded after import = 1

========================================================================
Received Import Request.
  Time since last request: 0.000035 seconds.
  path: Packages/com.unity.inputsystem/InputSystem/Editor/PropertyDrawers/InputActionMapDrawer.cs
  artifactKey: Guid(e1ad7c41319cc470d8ae996688c56e79) Importer(2089858483,b0f066a214c2f5e87bad3c948f4d605d)
Start importing Packages/com.unity.inputsystem/InputSystem/Editor/PropertyDrawers/InputActionMapDrawer.cs using Guid(e1ad7c41319cc470d8ae996688c56e79) Importer(2089858483,b0f066a214c2f5e87bad3c948f4d605d) (ScriptedImporter) -> (artifact id: '4ad87f74f6e26ebf0082918cfb9ec674') in 0.0048574 seconds
Number of updated asset objects reloaded before import = 0Number of asset objects unloaded after import = 0

========================================================================
Received Import Request.
  Time since last request: 0.000024 seconds.
  path: Packages/com.unity.inputsystem/InputSystem/Editor/Icons/d_Interactive Binding@3x.png
  artifactKey: Guid(542599ad529004327a7b18f7b2a4aeb8) Importer(2089858483,b0f066a214c2f5e87bad3c948f4d605d)
Start importing Packages/com.unity.inputsystem/InputSystem/Editor/Icons/d_Interactive Binding@3x.png using Guid(542599ad529004327a7b18f7b2a4aeb8) Importer(2089858483,b0f066a214c2f5e87bad3c948f4d605d) (ScriptedImporter) -> (artifact id: '592ffcd6fd9fa40461ca73c04c31f118') in 0.0119261 seconds
Number of updated asset objects reloaded before import = 0Number of asset objects unloaded after import = 1

========================================================================
Received Import Request.
  Time since last request: 0.000024 seconds.
  path: Packages/com.unity.inputsystem/InputSystem/Editor/Icons/InputControl@2x.png
  artifactKey: Guid(62ce957ca99fe4fcba573a5b141eb113) Importer(2089858483,b0f066a214c2f5e87bad3c948f4d605d)
Start importing Packages/com.unity.inputsystem/InputSystem/Editor/Icons/InputControl@2x.png using Guid(62ce957ca99fe4fcba573a5b141eb113) Importer(2089858483,b0f066a214c2f5e87bad3c948f4d605d) (ScriptedImporter) -> (artifact id: 'bba53efa204822248e20878c58bb5e7f') in 0.0091425 seconds
Number of updated asset objects reloaded before import = 0Number of asset objects unloaded after import = 1

========================================================================
Received Import Request.
  Time since last request: 0.000027 seconds.
  path: Packages/com.unity.inputsystem/InputSystem/Runtime/Actions/InputActionMap.cs
  artifactKey: Guid(87354c477cc09c441b957b3aae10d813) Importer(2089858483,b0f066a214c2f5e87bad3c948f4d605d)
Start importing Packages/com.unity.inputsystem/InputSystem/Runtime/Actions/InputActionMap.cs using Guid(87354c477cc09c441b957b3aae10d813) Importer(2089858483,b0f066a214c2f5e87bad3c948f4d605d) (ScriptedImporter) -> (artifact id: 'bc82f2747e12fcdff30720c936ed54e3') in 0.0042756 seconds
Number of updated asset objects reloaded before import = 0Number of asset objects unloaded after import = 0

========================================================================
Received Import Request.
  Time since last request: 0.000034 seconds.
  path: Packages/com.unity.inputsystem/InputSystem/Runtime/Utilities/CallbackArray.cs
  artifactKey: Guid(2349376ef4c6487db94a6e15873ee6a8) Importer(2089858483,b0f066a214c2f5e87bad3c948f4d605d)
Start importing Packages/com.unity.inputsystem/InputSystem/Runtime/Utilities/CallbackArray.cs using Guid(2349376ef4c6487db94a6e15873ee6a8) Importer(2089858483,b0f066a214c2f5e87bad3c948f4d605d) (ScriptedImporter) -> (artifact id: '0df0cd42f55b5122bf65b7d94c6b301f') in 0.0044248 seconds
Number of updated asset objects reloaded before import = 0Number of asset objects unloaded after import = 0

========================================================================
Received Import Request.
  Time since last request: 0.000024 seconds.
  path: Packages/com.unity.inputsystem/InputSystem/Runtime/Controls/Vector3Control.cs
  artifactKey: Guid(914fdb42cb964faf92803ee51a7279fd) Importer(2089858483,b0f066a214c2f5e87bad3c948f4d605d)
Start importing Packages/com.unity.inputsystem/InputSystem/Runtime/Controls/Vector3Control.cs using Guid(914fdb42cb964faf92803ee51a7279fd) Importer(2089858483,b0f066a214c2f5e87bad3c948f4d605d) (ScriptedImporter) -> (artifact id: '29a497bbd19ecd59c40223119ae8b891') in 0.0047889 seconds
Number of updated asset objects reloaded before import = 0Number of asset objects unloaded after import = 0

========================================================================
Received Import Request.
  Time since last request: 0.000023 seconds.
  path: Packages/com.unity.inputsystem/InputSystem/Editor/Icons/d_Mouse@2x.png
  artifactKey: Guid(daa9ba527d8a34b218224b8287ce11d3) Importer(2089858483,b0f066a214c2f5e87bad3c948f4d605d)
Start importing Packages/com.unity.inputsystem/InputSystem/Editor/Icons/d_Mouse@2x.png using Guid(daa9ba527d8a34b218224b8287ce11d3) Importer(2089858483,b0f066a214c2f5e87bad3c948f4d605d) (ScriptedImporter) -> (artifact id: 'cba62d5eb83039b385fc0854a4cf578c') in 0.0094298 seconds
Number of updated asset objects reloaded before import = 0Number of asset objects unloaded after import = 1

========================================================================
Received Import Request.
  Time since last request: 0.000023 seconds.
  path: Packages/com.unity.inputsystem/InputSystem/Editor/Icons/InputSystemUIInputModule@64.png
  artifactKey: Guid(3028dc075ba8c584d9bc7d1e0255e038) Importer(2089858483,b0f066a214c2f5e87bad3c948f4d605d)
Start importing Packages/com.unity.inputsystem/InputSystem/Editor/Icons/InputSystemUIInputModule@64.png using Guid(3028dc075ba8c584d9bc7d1e0255e038) Importer(2089858483,b0f066a214c2f5e87bad3c948f4d605d) (ScriptedImporter) -> (artifact id: '989a84d5c888e8999ef6faed6f00f872') in 0.009191 seconds
Number of updated asset objects reloaded before import = 0Number of asset objects unloaded after import = 1

========================================================================
Received Import Request.
  Time since last request: 0.000026 seconds.
  path: Packages/com.unity.inputsystem/InputSystem/Editor/Icons/Stick.png
  artifactKey: Guid(6234dae5cf6f04acb9a51e04d448e444) Importer(2089858483,b0f066a214c2f5e87bad3c948f4d605d)
Start importing Packages/com.unity.inputsystem/InputSystem/Editor/Icons/Stick.png using Guid(6234dae5cf6f04acb9a51e04d448e444) Importer(2089858483,b0f066a214c2f5e87bad3c948f4d605d) (ScriptedImporter) -> (artifact id: 'afcb951b8209b40d885b9118bffd2666') in 0.0093265 seconds
Number of updated asset objects reloaded before import = 0Number of asset objects unloaded after import = 1

========================================================================
Received Import Request.
  Time since last request: 0.000029 seconds.
  path: Packages/com.unity.inputsystem/InputSystem/Runtime/Events/InputEventBuffer.cs
  artifactKey: Guid(fa7997ba71d7b476799fab3d063b7e6c) Importer(2089858483,b0f066a214c2f5e87bad3c948f4d605d)
Start importing Packages/com.unity.inputsystem/InputSystem/Runtime/Events/InputEventBuffer.cs using Guid(fa7997ba71d7b476799fab3d063b7e6c) Importer(2089858483,b0f066a214c2f5e87bad3c948f4d605d) (ScriptedImporter) -> (artifact id: '46ed66ee6e99b559f1673016cb157a9c') in 0.0044045 seconds
Number of updated asset objects reloaded before import = 0Number of asset objects unloaded after import = 0

========================================================================
Received Import Request.
  Time since last request: 0.000023 seconds.
  path: Packages/com.unity.render-pipelines.core/Runtime/Utilities/HableCurve.cs
  artifactKey: Guid(4d3b530d53faf114e9c17ced1f0bbbf1) Importer(2089858483,b0f066a214c2f5e87bad3c948f4d605d)
Start importing Packages/com.unity.render-pipelines.core/Runtime/Utilities/HableCurve.cs using Guid(4d3b530d53faf114e9c17ced1f0bbbf1) Importer(2089858483,b0f066a214c2f5e87bad3c948f4d605d) (ScriptedImporter) -> (artifact id: '66089e2e0532c9ece54f8664c03f6c7f') in 0.004646 seconds
Number of updated asset objects reloaded before import = 0Number of asset objects unloaded after import = 0

========================================================================
Received Import Request.
  Time since last request: 0.000021 seconds.
  path: Packages/com.unity.ext.nunit/Third Party Notices.md
  artifactKey: Guid(bfcb3ba499f7d452b92d9a9cc3378788) Importer(2089858483,b0f066a214c2f5e87bad3c948f4d605d)
Start importing Packages/com.unity.ext.nunit/Third Party Notices.md using Guid(bfcb3ba499f7d452b92d9a9cc3378788) Importer(2089858483,b0f066a214c2f5e87bad3c948f4d605d) (ScriptedImporter) -> (artifact id: '5ebc53f26f250d26b9a123ad8e2736f8') in 0.0042565 seconds
Number of updated asset objects reloaded before import = 0Number of asset objects unloaded after import = 1

========================================================================
Received Import Request.
  Time since last request: 0.000020 seconds.
  path: Packages/com.unity.test-framework/UnityEditor.TestRunner/GUI/Controls/FlagEnumUtility.cs
  artifactKey: Guid(ea6cc55375344f10834cf6fa65197525) Importer(2089858483,b0f066a214c2f5e87bad3c948f4d605d)
Start importing Packages/com.unity.test-framework/UnityEditor.TestRunner/GUI/Controls/FlagEnumUtility.cs using Guid(ea6cc55375344f10834cf6fa65197525) Importer(2089858483,b0f066a214c2f5e87bad3c948f4d605d) (ScriptedImporter) -> (artifact id: '9466e60bf8e426616da3eb51d286a34f') in 0.0047748 seconds
Number of updated asset objects reloaded before import = 0Number of asset objects unloaded after import = 0

========================================================================
Received Import Request.
  Time since last request: 0.000028 seconds.
  path: Packages/com.unity.collections/Unity.Collections/Unity.Collections.asmdef
  artifactKey: Guid(e0cd26848372d4e5c891c569017e11f1) Importer(2089858483,b0f066a214c2f5e87bad3c948f4d605d)
Start importing Packages/com.unity.collections/Unity.Collections/Unity.Collections.asmdef using Guid(e0cd26848372d4e5c891c569017e11f1) Importer(2089858483,b0f066a214c2f5e87bad3c948f4d605d) (ScriptedImporter) -> (artifact id: 'dc7a4f8efa8d55af78215258c2bf9ca9') in 0.0045492 seconds
Number of updated asset objects reloaded before import = 0Number of asset objects unloaded after import = 1

========================================================================
Received Import Request.
  Time since last request: 0.000039 seconds.
  path: Packages/com.unity.inputsystem/InputSystem/Editor/Plugins/PlayerInput/PlayerInputManagerEditor.cs
  artifactKey: Guid(6247927155f224aa5a61c15611fcd34a) Importer(2089858483,b0f066a214c2f5e87bad3c948f4d605d)
Start importing Packages/com.unity.inputsystem/InputSystem/Editor/Plugins/PlayerInput/PlayerInputManagerEditor.cs using Guid(6247927155f224aa5a61c15611fcd34a) Importer(2089858483,b0f066a214c2f5e87bad3c948f4d605d) (ScriptedImporter) -> (artifact id: 'a78e9a91c83e2553c6040fd654337a17') in 0.0064375 seconds
Number of updated asset objects reloaded before import = 0Number of asset objects unloaded after import = 0

========================================================================
Received Import Request.
  Time since last request: 0.000025 seconds.
  path: Packages/com.unity.inputsystem/InputSystem/Editor/UITKAssetEditor/Views/BindingPropertiesView.cs
  artifactKey: Guid(9c9510ff4a99bf84c9277bf2182a67d5) Importer(2089858483,b0f066a214c2f5e87bad3c948f4d605d)
Start importing Packages/com.unity.inputsystem/InputSystem/Editor/UITKAssetEditor/Views/BindingPropertiesView.cs using Guid(9c9510ff4a99bf84c9277bf2182a67d5) Importer(2089858483,b0f066a214c2f5e87bad3c948f4d605d) (ScriptedImporter) -> (artifact id: '4ba8b37430246f0cd986d39312df49f3') in 0.0050395 seconds
Number of updated asset objects reloaded before import = 0Number of asset objects unloaded after import = 0

========================================================================
Received Import Request.
  Time since last request: 0.000027 seconds.
  path: Packages/com.unity.inputsystem/InputSystem/Runtime/Plugins/XR/Haptics/GetHapticCapabilitiesCommand.cs
  artifactKey: Guid(2ade21199e79d394ab34f4e6887f1c09) Importer(2089858483,b0f066a214c2f5e87bad3c948f4d605d)
Start importing Packages/com.unity.inputsystem/InputSystem/Runtime/Plugins/XR/Haptics/GetHapticCapabilitiesCommand.cs using Guid(2ade21199e79d394ab34f4e6887f1c09) Importer(2089858483,b0f066a214c2f5e87bad3c948f4d605d) (ScriptedImporter) -> (artifact id: '0edb58278bb1c26ad14fd868d9b790d4') in 0.0060219 seconds
Number of updated asset objects reloaded before import = 0Number of asset objects unloaded after import = 0

========================================================================
Received Import Request.
  Time since last request: 0.000025 seconds.
  path: Packages/com.unity.inputsystem/InputSystem/Runtime/Devices/Commands/SetIMECursorPositionCommand.cs
  artifactKey: Guid(6873ac51fc9d6dc4dbb6d9dc77a5eb49) Importer(2089858483,b0f066a214c2f5e87bad3c948f4d605d)
Start importing Packages/com.unity.inputsystem/InputSystem/Runtime/Devices/Commands/SetIMECursorPositionCommand.cs using Guid(6873ac51fc9d6dc4dbb6d9dc77a5eb49) Importer(2089858483,b0f066a214c2f5e87bad3c948f4d605d) (ScriptedImporter) -> (artifact id: '80fd15f6747c045b145416ec5d9ab7cb') in 0.0047317 seconds
Number of updated asset objects reloaded before import = 0Number of asset objects unloaded after import = 0

========================================================================
Received Import Request.
  Time since last request: 0.000029 seconds.
  path: Packages/com.unity.inputsystem/InputSystem/Editor/UITKAssetEditor/Views/Selectors.cs
  artifactKey: Guid(b98fcf53d54c1fe4abdd9327cf57a371) Importer(2089858483,b0f066a214c2f5e87bad3c948f4d605d)
Start importing Packages/com.unity.inputsystem/InputSystem/Editor/UITKAssetEditor/Views/Selectors.cs using Guid(b98fcf53d54c1fe4abdd9327cf57a371) Importer(2089858483,b0f066a214c2f5e87bad3c948f4d605d) (ScriptedImporter) -> (artifact id: '5966513c2eee0219a9ec1261c6187e65') in 0.0048472 seconds
Number of updated asset objects reloaded before import = 0Number of asset objects unloaded after import = 0

========================================================================
Received Import Request.
  Time since last request: 0.000036 seconds.
  path: Packages/com.unity.inputsystem/InputSystem/Runtime/Plugins/Android/AndroidGameController.cs
  artifactKey: Guid(a7c6472eb810ba445be34c69325e4fea) Importer(2089858483,b0f066a214c2f5e87bad3c948f4d605d)
Start importing Packages/com.unity.inputsystem/InputSystem/Runtime/Plugins/Android/AndroidGameController.cs using Guid(a7c6472eb810ba445be34c69325e4fea) Importer(2089858483,b0f066a214c2f5e87bad3c948f4d605d) (ScriptedImporter) -> (artifact id: '0ce525816885d404a7ec3101a269e4b3') in 0.0046976 seconds
Number of updated asset objects reloaded before import = 0Number of asset objects unloaded after import = 0

========================================================================
Received Import Request.
  Time since last request: 0.000023 seconds.
  path: Packages/com.unity.inputsystem/InputSystem/Runtime/Plugins/UI/INavigationEventData.cs
  artifactKey: Guid(4ee65784bb8ce434a947aea199821419) Importer(2089858483,b0f066a214c2f5e87bad3c948f4d605d)
Start importing Packages/com.unity.inputsystem/InputSystem/Runtime/Plugins/UI/INavigationEventData.cs using Guid(4ee65784bb8ce434a947aea199821419) Importer(2089858483,b0f066a214c2f5e87bad3c948f4d605d) (ScriptedImporter) -> (artifact id: '22cdd390ca226d17a73fa47263bcf573') in 0.0044662 seconds
Number of updated asset objects reloaded before import = 0Number of asset objects unloaded after import = 0

========================================================================
Received Import Request.
  Time since last request: 0.000024 seconds.
  path: Packages/com.unity.inputsystem/InputSystem/Runtime/Controls/Processors/InvertProcessor.cs
  artifactKey: Guid(84e410cdded84dd3971c9dbe94605503) Importer(2089858483,b0f066a214c2f5e87bad3c948f4d605d)
Start importing Packages/com.unity.inputsystem/InputSystem/Runtime/Controls/Processors/InvertProcessor.cs using Guid(84e410cdded84dd3971c9dbe94605503) Importer(2089858483,b0f066a214c2f5e87bad3c948f4d605d) (ScriptedImporter) -> (artifact id: '94dbe57f222a84c1de3d6a92e3487e5d') in 0.004518 seconds
Number of updated asset objects reloaded before import = 0Number of asset objects unloaded after import = 0

========================================================================
Received Import Request.
  Time since last request: 0.000024 seconds.
  path: Packages/com.unity.inputsystem/InputSystem/Editor/Plugins/UI/InputSystemUIInputModuleEditor.cs
  artifactKey: Guid(f0800c72aa1894e478bb749990855f9e) Importer(2089858483,b0f066a214c2f5e87bad3c948f4d605d)
Start importing Packages/com.unity.inputsystem/InputSystem/Editor/Plugins/UI/InputSystemUIInputModuleEditor.cs using Guid(f0800c72aa1894e478bb749990855f9e) Importer(2089858483,b0f066a214c2f5e87bad3c948f4d605d) (ScriptedImporter) -> (artifact id: '383fa9796c019e6910158884a7e0bd60') in 0.0048198 seconds
Number of updated asset objects reloaded before import = 0Number of asset objects unloaded after import = 0

========================================================================
Received Import Request.
  Time since last request: 0.000030 seconds.
  path: Packages/com.unity.inputsystem/InputSystem/Editor/UITKAssetEditor/PackageResources/CompositePartBindingPropertiesEditor.uxml
  artifactKey: Guid(acfae125fa5d7904987a696b3993d432) Importer(2089858483,b0f066a214c2f5e87bad3c948f4d605d)
Start importing Packages/com.unity.inputsystem/InputSystem/Editor/UITKAssetEditor/PackageResources/CompositePartBindingPropertiesEditor.uxml using Guid(acfae125fa5d7904987a696b3993d432) Importer(2089858483,b0f066a214c2f5e87bad3c948f4d605d) (ScriptedImporter) -> (artifact id: '9cbf9207efe60699a172e60d0ed2d8c1') in 0.0090443 seconds
Number of updated asset objects reloaded before import = 0Number of asset objects unloaded after import = 2

========================================================================
Received Import Request.
  Time since last request: 0.000033 seconds.
  path: Packages/com.unity.inputsystem/InputSystem/Editor/UITKAssetEditor/PackageResources/ControlSchemeEditor.uxml
  artifactKey: Guid(303ef5b13740f9a4db252c50122d2c62) Importer(2089858483,b0f066a214c2f5e87bad3c948f4d605d)
Start importing Packages/com.unity.inputsystem/InputSystem/Editor/UITKAssetEditor/PackageResources/ControlSchemeEditor.uxml using Guid(303ef5b13740f9a4db252c50122d2c62) Importer(2089858483,b0f066a214c2f5e87bad3c948f4d605d) (ScriptedImporter) -> (artifact id: 'ae68cc9e644e16d886c6a8289d386bb9') in 0.0115748 seconds
Number of updated asset objects reloaded before import = 0Number of asset objects unloaded after import = 2

========================================================================
Received Import Request.
  Time since last request: 0.000021 seconds.
  path: Packages/com.unity.visualscripting/Graphics/EnumItem_16x.ai
  artifactKey: Guid(e99e627aecef48147afe455970fc03f6) Importer(2089858483,b0f066a214c2f5e87bad3c948f4d605d)
Start importing Packages/com.unity.visualscripting/Graphics/EnumItem_16x.ai using Guid(e99e627aecef48147afe455970fc03f6) Importer(2089858483,b0f066a214c2f5e87bad3c948f4d605d) (ScriptedImporter) -> (artifact id: '347e30f1f25472bd4c0973633aa28048') in 0.0046159 seconds
Number of updated asset objects reloaded before import = 0Number of asset objects unloaded after import = 1

========================================================================
Received Import Request.
  Time since last request: 0.000021 seconds.
  path: Packages/com.unity.inputsystem/InputSystem/Editor/Controls/Processors/AxisDeadzoneProcessorEditor.cs
  artifactKey: Guid(9744e96a967da4f29909add206a6b27f) Importer(2089858483,b0f066a214c2f5e87bad3c948f4d605d)
Start importing Packages/com.unity.inputsystem/InputSystem/Editor/Controls/Processors/AxisDeadzoneProcessorEditor.cs using Guid(9744e96a967da4f29909add206a6b27f) Importer(2089858483,b0f066a214c2f5e87bad3c948f4d605d) (ScriptedImporter) -> (artifact id: '5ee5b5bea75afd57a73df079418c4bfb') in 0.0050433 seconds
Number of updated asset objects reloaded before import = 0Number of asset objects unloaded after import = 0

========================================================================
Received Import Request.
  Time since last request: 0.000020 seconds.
  path: Packages/com.unity.inputsystem/InputSystem/Runtime/Plugins/XR/Devices/GoogleVR.cs
  artifactKey: Guid(44353112a58c73347adde914844b7642) Importer(2089858483,b0f066a214c2f5e87bad3c948f4d605d)
Start importing Packages/com.unity.inputsystem/InputSystem/Runtime/Plugins/XR/Devices/GoogleVR.cs using Guid(44353112a58c73347adde914844b7642) Importer(2089858483,b0f066a214c2f5e87bad3c948f4d605d) (ScriptedImporter) -> (artifact id: 'c08396c20f2a380dd73de99454c10079') in 0.0052669 seconds
Number of updated asset objects reloaded before import = 0Number of asset objects unloaded after import = 0

========================================================================
Received Import Request.
  Time since last request: 0.000024 seconds.
  path: Packages/com.unity.inputsystem/InputSystem/Runtime/Plugins/Steam/SteamController.cs
  artifactKey: Guid(ab9baa68d9998419ba6b1bd76b11b630) Importer(2089858483,b0f066a214c2f5e87bad3c948f4d605d)
Start importing Packages/com.unity.inputsystem/InputSystem/Runtime/Plugins/Steam/SteamController.cs using Guid(ab9baa68d9998419ba6b1bd76b11b630) Importer(2089858483,b0f066a214c2f5e87bad3c948f4d605d) (ScriptedImporter) -> (artifact id: '0bb2403e3b0565a164cac67e9f9d5c38') in 0.0049084 seconds
Number of updated asset objects reloaded before import = 0Number of asset objects unloaded after import = 0

========================================================================
Received Import Request.
  Time since last request: 0.000033 seconds.
  path: Packages/com.unity.inputsystem/InputSystem/Runtime/Plugins/OnScreen/OnScreenSupport.cs
  artifactKey: Guid(74405005f3013c2498103a79211ba93b) Importer(2089858483,b0f066a214c2f5e87bad3c948f4d605d)
Start importing Packages/com.unity.inputsystem/InputSystem/Runtime/Plugins/OnScreen/OnScreenSupport.cs using Guid(74405005f3013c2498103a79211ba93b) Importer(2089858483,b0f066a214c2f5e87bad3c948f4d605d) (ScriptedImporter) -> (artifact id: '021987f3b44b37fce86956dd00fc78ca') in 0.0054623 seconds
Number of updated asset objects reloaded before import = 0Number of asset objects unloaded after import = 0

========================================================================
Received Import Request.
  Time since last request: 0.000021 seconds.
  path: Packages/com.unity.inputsystem/InputSystem/Editor/Controls/Processors/StickDeadzoneProcessorEditor.cs
  artifactKey: Guid(58a253233c6804f58adf86cfee510a72) Importer(2089858483,b0f066a214c2f5e87bad3c948f4d605d)
Start importing Packages/com.unity.inputsystem/InputSystem/Editor/Controls/Processors/StickDeadzoneProcessorEditor.cs using Guid(58a253233c6804f58adf86cfee510a72) Importer(2089858483,b0f066a214c2f5e87bad3c948f4d605d) (ScriptedImporter) -> (artifact id: 'c9b1ef8e46b77913357f30add1c9fcd2') in 0.0053163 seconds
Number of updated asset objects reloaded before import = 0Number of asset objects unloaded after import = 0

========================================================================
Received Import Request.
  Time since last request: 0.000026 seconds.
  path: Packages/com.unity.inputsystem/InputSystem/Runtime/Devices/Commands/InitiateUserAccountPairingCommand.cs
  artifactKey: Guid(b200cbcb815aa44418fe8ada8cb78696) Importer(2089858483,b0f066a214c2f5e87bad3c948f4d605d)
Start importing Packages/com.unity.inputsystem/InputSystem/Runtime/Devices/Commands/InitiateUserAccountPairingCommand.cs using Guid(b200cbcb815aa44418fe8ada8cb78696) Importer(2089858483,b0f066a214c2f5e87bad3c948f4d605d) (ScriptedImporter) -> (artifact id: '11208e578e14142e2b5525aec33d6e03') in 0.0054819 seconds
Number of updated asset objects reloaded before import = 0Number of asset objects unloaded after import = 0

========================================================================
Received Import Request.
  Time since last request: 0.000022 seconds.
  path: Packages/com.unity.inputsystem/InputSystem/Editor/Plugins/OnScreen/OnScreenButtonEditor.cs
  artifactKey: Guid(62acf18b6b5d144bea1cbe618187f44d) Importer(2089858483,b0f066a214c2f5e87bad3c948f4d605d)
Start importing Packages/com.unity.inputsystem/InputSystem/Editor/Plugins/OnScreen/OnScreenButtonEditor.cs using Guid(62acf18b6b5d144bea1cbe618187f44d) Importer(2089858483,b0f066a214c2f5e87bad3c948f4d605d) (ScriptedImporter) -> (artifact id: 'd8bb9176cc683f6ec3e0973b82395551') in 0.0045929 seconds
Number of updated asset objects reloaded before import = 0Number of asset objects unloaded after import = 0

========================================================================
Received Import Request.
  Time since last request: 0.000028 seconds.
  path: Packages/com.unity.inputsystem/InputSystem/Runtime/Plugins/Users/InputUserSettings.cs
  artifactKey: Guid(f720cfe5a69dc41b28e4c0a6ac2054c5) Importer(2089858483,b0f066a214c2f5e87bad3c948f4d605d)
Start importing Packages/com.unity.inputsystem/InputSystem/Runtime/Plugins/Users/InputUserSettings.cs using Guid(f720cfe5a69dc41b28e4c0a6ac2054c5) Importer(2089858483,b0f066a214c2f5e87bad3c948f4d605d) (ScriptedImporter) -> (artifact id: '6eda6301f18357bbe180b99686136456') in 0.0048481 seconds
Number of updated asset objects reloaded before import = 0Number of asset objects unloaded after import = 0

========================================================================
Received Import Request.
  Time since last request: 0.000036 seconds.
  path: Packages/com.unity.inputsystem/InputSystem/Runtime/Plugins/PlayerInput/DefaultInputActions.cs
  artifactKey: Guid(cc69a9a42102dea4dafad4147e3ed98e) Importer(2089858483,b0f066a214c2f5e87bad3c948f4d605d)
Start importing Packages/com.unity.inputsystem/InputSystem/Runtime/Plugins/PlayerInput/DefaultInputActions.cs using Guid(cc69a9a42102dea4dafad4147e3ed98e) Importer(2089858483,b0f066a214c2f5e87bad3c948f4d605d) (ScriptedImporter) -> (artifact id: 'f1efb7af489f0ae61daf82ea06f2f361') in 0.0046541 seconds
Number of updated asset objects reloaded before import = 0Number of asset objects unloaded after import = 0

========================================================================
Received Import Request.
  Time since last request: 0.000025 seconds.
  path: Packages/com.unity.inputsystem/InputSystem/Editor/Plugins/HID/HIDSupportEditorInitializer.cs
  artifactKey: Guid(efc4aca331ba242fab026845289179ff) Importer(2089858483,b0f066a214c2f5e87bad3c948f4d605d)
Start importing Packages/com.unity.inputsystem/InputSystem/Editor/Plugins/HID/HIDSupportEditorInitializer.cs using Guid(efc4aca331ba242fab026845289179ff) Importer(2089858483,b0f066a214c2f5e87bad3c948f4d605d) (ScriptedImporter) -> (artifact id: 'a903a9ff576d663164e496f2d0691f8b') in 0.0045634 seconds
Number of updated asset objects reloaded before import = 0Number of asset objects unloaded after import = 0

========================================================================
Received Import Request.
  Time since last request: 0.000026 seconds.
  path: Packages/com.unity.inputsystem/InputSystem/Runtime/Plugins/Users/InputUserPairingOptions.cs
  artifactKey: Guid(33c4f889206d84e84b124cc6f7367963) Importer(2089858483,b0f066a214c2f5e87bad3c948f4d605d)
Start importing Packages/com.unity.inputsystem/InputSystem/Runtime/Plugins/Users/InputUserPairingOptions.cs using Guid(33c4f889206d84e84b124cc6f7367963) Importer(2089858483,b0f066a214c2f5e87bad3c948f4d605d) (ScriptedImporter) -> (artifact id: 'c0ceafdcb360d926c3e592181a94190f') in 0.0050502 seconds
Number of updated asset objects reloaded before import = 0Number of asset objects unloaded after import = 0

========================================================================
Received Import Request.
  Time since last request: 0.000024 seconds.
  path: Packages/com.unity.inputsystem/InputSystem/Editor/Internal/AdvancedDropdown/AdvancedDropdownGUI.cs
  artifactKey: Guid(6109a857ac56b4017b44b06a9de0f827) Importer(2089858483,b0f066a214c2f5e87bad3c948f4d605d)
Start importing Packages/com.unity.inputsystem/InputSystem/Editor/Internal/AdvancedDropdown/AdvancedDropdownGUI.cs using Guid(6109a857ac56b4017b44b06a9de0f827) Importer(2089858483,b0f066a214c2f5e87bad3c948f4d605d) (ScriptedImporter) -> (artifact id: '34f05ade8612d8fb33b4b1a65668f88d') in 0.0047093 seconds
Number of updated asset objects reloaded before import = 0Number of asset objects unloaded after import = 0

========================================================================
Received Import Request.
  Time since last request: 0.000028 seconds.
  path: Packages/com.unity.inputsystem/InputSystem/Editor/UITKAssetEditor/Commands/Commands.cs
  artifactKey: Guid(60e5ec46fb7a7ff41856f37c60efb70f) Importer(2089858483,b0f066a214c2f5e87bad3c948f4d605d)
Start importing Packages/com.unity.inputsystem/InputSystem/Editor/UITKAssetEditor/Commands/Commands.cs using Guid(60e5ec46fb7a7ff41856f37c60efb70f) Importer(2089858483,b0f066a214c2f5e87bad3c948f4d605d) (ScriptedImporter) -> (artifact id: 'a35562564ae55d9194dce22bc7e42645') in 0.0051693 seconds
Number of updated asset objects reloaded before import = 0Number of asset objects unloaded after import = 0

========================================================================
Received Import Request.
  Time since last request: 0.000036 seconds.
  path: Packages/com.unity.inputsystem/InputSystem/Runtime/Devices/Commands/QuerySamplingFrequencyCommand.cs
  artifactKey: Guid(1659bf437d849824999b2b9ae9e1518b) Importer(2089858483,b0f066a214c2f5e87bad3c948f4d605d)
Start importing Packages/com.unity.inputsystem/InputSystem/Runtime/Devices/Commands/QuerySamplingFrequencyCommand.cs using Guid(1659bf437d849824999b2b9ae9e1518b) Importer(2089858483,b0f066a214c2f5e87bad3c948f4d605d) (ScriptedImporter) -> (artifact id: 'f44fbf3ea591d4c1285e8ab24c2dc890') in 0.0056437 seconds
Number of updated asset objects reloaded before import = 0Number of asset objects unloaded after import = 0

========================================================================
Received Import Request.
  Time since last request: 0.000022 seconds.
  path: Packages/com.unity.inputsystem/InputSystem/Runtime/Plugins/DualShock/DualShockGamepadHID.cs
  artifactKey: Guid(c7225419e3d446c5982afd5ba9cce319) Importer(2089858483,b0f066a214c2f5e87bad3c948f4d605d)
Start importing Packages/com.unity.inputsystem/InputSystem/Runtime/Plugins/DualShock/DualShockGamepadHID.cs using Guid(c7225419e3d446c5982afd5ba9cce319) Importer(2089858483,b0f066a214c2f5e87bad3c948f4d605d) (ScriptedImporter) -> (artifact id: '5765da3f1b3ec25b04812e4af16d7062') in 0.0049381 seconds
Number of updated asset objects reloaded before import = 0Number of asset objects unloaded after import = 0

========================================================================
Received Import Request.
  Time since last request: 0.000026 seconds.
  path: Packages/com.unity.inputsystem/InputSystem/Runtime/Actions/Composites/Vector2Composite.cs
  artifactKey: Guid(4e9c0b68df9234a0bad68ad7e0391330) Importer(2089858483,b0f066a214c2f5e87bad3c948f4d605d)
Start importing Packages/com.unity.inputsystem/InputSystem/Runtime/Actions/Composites/Vector2Composite.cs using Guid(4e9c0b68df9234a0bad68ad7e0391330) Importer(2089858483,b0f066a214c2f5e87bad3c948f4d605d) (ScriptedImporter) -> (artifact id: '595a9a837b7862a27ff3e7c12dbe38f6') in 0.0047353 seconds
Number of updated asset objects reloaded before import = 0Number of asset objects unloaded after import = 0

========================================================================
Received Import Request.
  Time since last request: 0.000027 seconds.
  path: Packages/com.unity.inputsystem/InputSystem/Runtime/Controls/Processors/NormalizeVector2Processor.cs
  artifactKey: Guid(6ae082cf4f6634e9d8cdd8526dd816a3) Importer(2089858483,b0f066a214c2f5e87bad3c948f4d605d)
Start importing Packages/com.unity.inputsystem/InputSystem/Runtime/Controls/Processors/NormalizeVector2Processor.cs using Guid(6ae082cf4f6634e9d8cdd8526dd816a3) Importer(2089858483,b0f066a214c2f5e87bad3c948f4d605d) (ScriptedImporter) -> (artifact id: '6c5068171ce518b478079bbe5b9cb896') in 0.0051369 seconds
Number of updated asset objects reloaded before import = 0Number of asset objects unloaded after import = 0

========================================================================
Received Import Request.
  Time since last request: 0.000027 seconds.
  path: Packages/com.unity.visualscripting/Graphics/Namespace_16x.ai
  artifactKey: Guid(609c3f6a050cd044abf73af2fbab64bf) Importer(2089858483,b0f066a214c2f5e87bad3c948f4d605d)
Start importing Packages/com.unity.visualscripting/Graphics/Namespace_16x.ai using Guid(609c3f6a050cd044abf73af2fbab64bf) Importer(2089858483,b0f066a214c2f5e87bad3c948f4d605d) (ScriptedImporter) -> (artifact id: 'fac92aab1909ae1c8ff245fcb8d73a0c') in 0.0048609 seconds
Number of updated asset objects reloaded before import = 0Number of asset objects unloaded after import = 1

========================================================================
Received Import Request.
  Time since last request: 0.000035 seconds.
  path: Packages/com.unity.inputsystem/InputSystem/Runtime/Plugins/UI/ExtendedAxisEventData.cs
  artifactKey: Guid(408bd3b4ce254207beaa4e0779763fd6) Importer(2089858483,b0f066a214c2f5e87bad3c948f4d605d)
Start importing Packages/com.unity.inputsystem/InputSystem/Runtime/Plugins/UI/ExtendedAxisEventData.cs using Guid(408bd3b4ce254207beaa4e0779763fd6) Importer(2089858483,b0f066a214c2f5e87bad3c948f4d605d) (ScriptedImporter) -> (artifact id: 'd713c8804e35aded38a1045b2595790e') in 0.0058714 seconds
Number of updated asset objects reloaded before import = 0Number of asset objects unloaded after import = 0

========================================================================
Received Import Request.
  Time since last request: 0.000026 seconds.
  path: Packages/com.unity.inputsystem/InputSystem/Editor/Plugins/InputForUI/InputSystemForUI.Editor.asmdef
  artifactKey: Guid(319e0e95bdd5841b7b1808ef2f0ffd7f) Importer(2089858483,b0f066a214c2f5e87bad3c948f4d605d)
Start importing Packages/com.unity.inputsystem/InputSystem/Editor/Plugins/InputForUI/InputSystemForUI.Editor.asmdef using Guid(319e0e95bdd5841b7b1808ef2f0ffd7f) Importer(2089858483,b0f066a214c2f5e87bad3c948f4d605d) (ScriptedImporter) -> (artifact id: '810047b99633fcf1014ba5aa61d5bdae') in 0.0049541 seconds
Number of updated asset objects reloaded before import = 0Number of asset objects unloaded after import = 1

========================================================================
Received Import Request.
  Time since last request: 0.000019 seconds.
  path: Packages/com.unity.inputsystem/InputSystem/Editor/UITKAssetEditor/PackageResources/InputActionsProjectSettings.uxml
  artifactKey: Guid(75a33987e21d5ac449deecea3dcd864f) Importer(2089858483,b0f066a214c2f5e87bad3c948f4d605d)
Start importing Packages/com.unity.inputsystem/InputSystem/Editor/UITKAssetEditor/PackageResources/InputActionsProjectSettings.uxml using Guid(75a33987e21d5ac449deecea3dcd864f) Importer(2089858483,b0f066a214c2f5e87bad3c948f4d605d) (ScriptedImporter) -> (artifact id: 'a8cc7dee21135b50c4a0e1168205cc2f') in 0.0123655 seconds
Number of updated asset objects reloaded before import = 0Number of asset objects unloaded after import = 3

========================================================================
Received Import Request.
  Time since last request: 0.000018 seconds.
  path: Packages/com.unity.inputsystem/InputSystem/Editor/UITKAssetEditor/Views/ContextMenu.cs
  artifactKey: Guid(989e6ef705a83455c81a5d0a22910406) Importer(2089858483,b0f066a214c2f5e87bad3c948f4d605d)
Start importing Packages/com.unity.inputsystem/InputSystem/Editor/UITKAssetEditor/Views/ContextMenu.cs using Guid(989e6ef705a83455c81a5d0a22910406) Importer(2089858483,b0f066a214c2f5e87bad3c948f4d605d) (ScriptedImporter) -> (artifact id: '7d41273fd88908cd06742503bde16ddb') in 0.0048787 seconds
Number of updated asset objects reloaded before import = 0Number of asset objects unloaded after import = 0

========================================================================
Received Import Request.
  Time since last request: 0.000026 seconds.
  path: Packages/com.unity.visualscripting/Graphics/FlowPorts_12x.afphoto
  artifactKey: Guid(d29ceac7c5137ce448ed2c50bd46467c) Importer(2089858483,b0f066a214c2f5e87bad3c948f4d605d)
Start importing Packages/com.unity.visualscripting/Graphics/FlowPorts_12x.afphoto using Guid(d29ceac7c5137ce448ed2c50bd46467c) Importer(2089858483,b0f066a214c2f5e87bad3c948f4d605d) (ScriptedImporter) -> (artifact id: '3aaed82ab1e124cbb6bcc3b93e9c339d') in 0.0043826 seconds
Number of updated asset objects reloaded before import = 0Number of asset objects unloaded after import = 1

========================================================================
Received Import Request.
  Time since last request: 0.000034 seconds.
  path: Packages/com.unity.inputsystem/InputSystem/Editor/UITKAssetEditor/Views/VisualElementExtensions.cs
  artifactKey: Guid(09dbcfc6e83454e45ace8503dacc86ad) Importer(2089858483,b0f066a214c2f5e87bad3c948f4d605d)
Start importing Packages/com.unity.inputsystem/InputSystem/Editor/UITKAssetEditor/Views/VisualElementExtensions.cs using Guid(09dbcfc6e83454e45ace8503dacc86ad) Importer(2089858483,b0f066a214c2f5e87bad3c948f4d605d) (ScriptedImporter) -> (artifact id: 'a521654982b8fe26602bd3436c327311') in 0.0053904 seconds
Number of updated asset objects reloaded before import = 0Number of asset objects unloaded after import = 0

========================================================================
Received Import Request.
  Time since last request: 0.000027 seconds.
  path: Packages/com.unity.inputsystem/InputSystem/Editor/Plugins/UI/StandaloneInputModuleEditor.cs
  artifactKey: Guid(bd2cb6115f94b4c129408ea68717f9c3) Importer(2089858483,b0f066a214c2f5e87bad3c948f4d605d)
Start importing Packages/com.unity.inputsystem/InputSystem/Editor/Plugins/UI/StandaloneInputModuleEditor.cs using Guid(bd2cb6115f94b4c129408ea68717f9c3) Importer(2089858483,b0f066a214c2f5e87bad3c948f4d605d) (ScriptedImporter) -> (artifact id: 'ae5c99401a9151e102494bdcad07f08b') in 0.0051551 seconds
Number of updated asset objects reloaded before import = 0Number of asset objects unloaded after import = 0

========================================================================
Received Prepare
Refreshing native plugins compatible for Editor in 2.59 ms, found 4 plugins.
Preloading 0 native plugins for Editor in 0.00 ms.
Unloading 16 Unused Serialized files (Serialized files now loaded: 0)
Unloading 6512 unused Assets / (3.8 MB). Loaded Objects now: 7455.
Memory consumption went from 179.6 MB to 175.8 MB.
Total: 15.844000 ms (FindLiveObjects: 1.131600 ms CreateObjectMapping: 0.958700 ms MarkObjects: 10.611700 ms  DeleteObjects: 3.140800 ms)

Prepare: number of updated asset objects reloaded= 0
========================================================================
Received Import Request.
  Time since last request: 0.564472 seconds.
  path: Packages/com.unity.ugui/Tests/Runtime/UGUI/Graphic/GraphicTests.cs
  artifactKey: Guid(e88a766c2b8b47841936c136f4afbba9) Importer(2089858483,b0f066a214c2f5e87bad3c948f4d605d)
Start importing Packages/com.unity.ugui/Tests/Runtime/UGUI/Graphic/GraphicTests.cs using Guid(e88a766c2b8b47841936c136f4afbba9) Importer(2089858483,b0f066a214c2f5e87bad3c948f4d605d) (ScriptedImporter) -> (artifact id: '40d1b6d7494237c3c6f83d25db228f2c') in 0.0058846 seconds
Number of updated asset objects reloaded before import = 0Number of asset objects unloaded after import = 0

========================================================================
Received Import Request.
  Time since last request: 0.000023 seconds.
  path: Packages/com.unity.render-pipelines.core/Runtime/Volume/VolumeCollection.cs
  artifactKey: Guid(993a8382d5f766441859ffb0146774d1) Importer(2089858483,b0f066a214c2f5e87bad3c948f4d605d)
Start importing Packages/com.unity.render-pipelines.core/Runtime/Volume/VolumeCollection.cs using Guid(993a8382d5f766441859ffb0146774d1) Importer(2089858483,b0f066a214c2f5e87bad3c948f4d605d) (ScriptedImporter) -> (artifact id: '84226656b6958a17e0e89b619f962ebd') in 0.004809 seconds
Number of updated asset objects reloaded before import = 0Number of asset objects unloaded after import = 0

========================================================================
Received Import Request.
  Time since last request: 0.000031 seconds.
  path: Packages/com.unity.visualscripting/Editor/VisualScripting.Core/Context/GraphContextAttribute.cs
  artifactKey: Guid(159639efa590a4849a09879979cbba8b) Importer(2089858483,b0f066a214c2f5e87bad3c948f4d605d)
Start importing Packages/com.unity.visualscripting/Editor/VisualScripting.Core/Context/GraphContextAttribute.cs using Guid(159639efa590a4849a09879979cbba8b) Importer(2089858483,b0f066a214c2f5e87bad3c948f4d605d) (ScriptedImporter) -> (artifact id: 'eefeaa70e1fffff229464eb2553c9c55') in 0.0046247 seconds
Number of updated asset objects reloaded before import = 0Number of asset objects unloaded after import = 0

========================================================================
Received Import Request.
  Time since last request: 0.000022 seconds.
  path: Packages/com.unity.visualscripting/Editor/VisualScripting.Core/Documentation/XmlDocumentation.cs
  artifactKey: Guid(6657799d139ed48c9b6c800cc291a739) Importer(2089858483,b0f066a214c2f5e87bad3c948f4d605d)
Start importing Packages/com.unity.visualscripting/Editor/VisualScripting.Core/Documentation/XmlDocumentation.cs using Guid(6657799d139ed48c9b6c800cc291a739) Importer(2089858483,b0f066a214c2f5e87bad3c948f4d605d) (ScriptedImporter) -> (artifact id: '9bbf6524dda657b78e6315a74be59c41') in 0.0049405 seconds
Number of updated asset objects reloaded before import = 0Number of asset objects unloaded after import = 0

========================================================================
Received Import Request.
  Time since last request: 0.000021 seconds.
  path: Packages/com.unity.visualscripting/Editor/VisualScripting.Flow/FlowGraphContext.cs
  artifactKey: Guid(b73918c69dc7a46a7889cf2a9e4232a8) Importer(2089858483,b0f066a214c2f5e87bad3c948f4d605d)
Start importing Packages/com.unity.visualscripting/Editor/VisualScripting.Flow/FlowGraphContext.cs using Guid(b73918c69dc7a46a7889cf2a9e4232a8) Importer(2089858483,b0f066a214c2f5e87bad3c948f4d605d) (ScriptedImporter) -> (artifact id: 'b28c3019dcf422ba594c509247f31af7') in 0.0050057 seconds
Number of updated asset objects reloaded before import = 0Number of asset objects unloaded after import = 0

========================================================================
Received Import Request.
  Time since last request: 0.000018 seconds.
  path: Packages/com.unity.visualscripting/Runtime/VisualScripting.State/StateGraphAsset.cs
  artifactKey: Guid(530e556d4407947dcae7102ff497587d) Importer(2089858483,b0f066a214c2f5e87bad3c948f4d605d)
Start importing Packages/com.unity.visualscripting/Runtime/VisualScripting.State/StateGraphAsset.cs using Guid(530e556d4407947dcae7102ff497587d) Importer(2089858483,b0f066a214c2f5e87bad3c948f4d605d) (ScriptedImporter) -> (artifact id: '47cf081cbcb80cbd4fcd85e604246770') in 0.0125856 seconds
Number of updated asset objects reloaded before import = 0Number of asset objects unloaded after import = 1

========================================================================
Received Import Request.
  Time since last request: 0.000025 seconds.
  path: Packages/com.unity.visualscripting/Editor/VisualScripting.Core/Plugin/BoltCoreResources.cs
  artifactKey: Guid(4c163c23ca80b4d36841762cba3efe3e) Importer(2089858483,b0f066a214c2f5e87bad3c948f4d605d)
Start importing Packages/com.unity.visualscripting/Editor/VisualScripting.Core/Plugin/BoltCoreResources.cs using Guid(4c163c23ca80b4d36841762cba3efe3e) Importer(2089858483,b0f066a214c2f5e87bad3c948f4d605d) (ScriptedImporter) -> (artifact id: '5724c90407014150e377b6c129bc49ee') in 0.0051606 seconds
Number of updated asset objects reloaded before import = 0Number of asset objects unloaded after import = 0

========================================================================
Received Import Request.
  Time since last request: 0.000033 seconds.
  path: Packages/com.unity.visualscripting/Editor/VisualScripting.Core/Inspection/EventMachineEditor.cs
  artifactKey: Guid(0b79aeb16531149669087509de46a7e3) Importer(2089858483,b0f066a214c2f5e87bad3c948f4d605d)
Start importing Packages/com.unity.visualscripting/Editor/VisualScripting.Core/Inspection/EventMachineEditor.cs using Guid(0b79aeb16531149669087509de46a7e3) Importer(2089858483,b0f066a214c2f5e87bad3c948f4d605d) (ScriptedImporter) -> (artifact id: '311eb0f3f6282b6beddb2ff2c9d22f3c') in 0.0051751 seconds
Number of updated asset objects reloaded before import = 0Number of asset objects unloaded after import = 0

========================================================================
Received Import Request.
  Time since last request: 0.000025 seconds.
  path: Packages/com.unity.visualscripting/Editor/VisualScripting.Flow/BoltFlowNameUtility.cs
  artifactKey: Guid(566f4983416e04cfda0b4592b86f1848) Importer(2089858483,b0f066a214c2f5e87bad3c948f4d605d)
Start importing Packages/com.unity.visualscripting/Editor/VisualScripting.Flow/BoltFlowNameUtility.cs using Guid(566f4983416e04cfda0b4592b86f1848) Importer(2089858483,b0f066a214c2f5e87bad3c948f4d605d) (ScriptedImporter) -> (artifact id: '64690fbaef17e4d3bc2e379f91e8462a') in 0.0053866 seconds
Number of updated asset objects reloaded before import = 0Number of asset objects unloaded after import = 0

========================================================================
Received Import Request.
  Time since last request: 0.000024 seconds.
  path: Packages/com.unity.visualscripting/Editor/VisualScripting.Core/Meta/ProjectSettingMetadata.cs
  artifactKey: Guid(c586cc0129d0743acb577bff3b15c450) Importer(2089858483,b0f066a214c2f5e87bad3c948f4d605d)
Start importing Packages/com.unity.visualscripting/Editor/VisualScripting.Core/Meta/ProjectSettingMetadata.cs using Guid(c586cc0129d0743acb577bff3b15c450) Importer(2089858483,b0f066a214c2f5e87bad3c948f4d605d) (ScriptedImporter) -> (artifact id: 'c0864e4f40bec030287daf2e316cce25') in 0.0054748 seconds
Number of updated asset objects reloaded before import = 0Number of asset objects unloaded after import = 0

========================================================================
Received Import Request.
  Time since last request: 0.000027 seconds.
  path: Packages/com.unity.visualscripting/Editor/VisualScripting.Core/Inspection/MacroEditor.cs
  artifactKey: Guid(27dc281077fec4945b70b86ac32105d1) Importer(2089858483,b0f066a214c2f5e87bad3c948f4d605d)
Start importing Packages/com.unity.visualscripting/Editor/VisualScripting.Core/Inspection/MacroEditor.cs using Guid(27dc281077fec4945b70b86ac32105d1) Importer(2089858483,b0f066a214c2f5e87bad3c948f4d605d) (ScriptedImporter) -> (artifact id: '3c032216f6663cf9313278aeac9c8a87') in 0.0056517 seconds
Number of updated asset objects reloaded before import = 0Number of asset objects unloaded after import = 0

========================================================================
Received Import Request.
  Time since last request: 0.000018 seconds.
  path: Packages/com.unity.visualscripting/Editor/VisualScripting.Core/Inspection/GraphInspector.cs
  artifactKey: Guid(d5890f7bbacaf4878963d43b5f02c9fc) Importer(2089858483,b0f066a214c2f5e87bad3c948f4d605d)
Start importing Packages/com.unity.visualscripting/Editor/VisualScripting.Core/Inspection/GraphInspector.cs using Guid(d5890f7bbacaf4878963d43b5f02c9fc) Importer(2089858483,b0f066a214c2f5e87bad3c948f4d605d) (ScriptedImporter) -> (artifact id: 'bd139a361ae14182bb82a0b47c7cc676') in 0.0047017 seconds
Number of updated asset objects reloaded before import = 0Number of asset objects unloaded after import = 0

========================================================================
Received Import Request.
  Time since last request: 0.000027 seconds.
  path: Packages/com.unity.visualscripting/Editor/VisualScripting.Core/Assignment/AssignsAttribute.cs
  artifactKey: Guid(d195fcaa7976240d09b19fccb42c2068) Importer(2089858483,b0f066a214c2f5e87bad3c948f4d605d)
Start importing Packages/com.unity.visualscripting/Editor/VisualScripting.Core/Assignment/AssignsAttribute.cs using Guid(d195fcaa7976240d09b19fccb42c2068) Importer(2089858483,b0f066a214c2f5e87bad3c948f4d605d) (ScriptedImporter) -> (artifact id: 'a48d412a260ba449315d8d0fe5d810cb') in 0.004839 seconds
Number of updated asset objects reloaded before import = 0Number of asset objects unloaded after import = 0

========================================================================
Received Import Request.
  Time since last request: 0.000021 seconds.
  path: Packages/com.unity.visualscripting/Editor/VisualScripting.Core/Platforms/ConstructorInfoStubWriter.cs
  artifactKey: Guid(cd05bbc1b0f3c4be3b907b43c7b4f5c3) Importer(2089858483,b0f066a214c2f5e87bad3c948f4d605d)
Start importing Packages/com.unity.visualscripting/Editor/VisualScripting.Core/Platforms/ConstructorInfoStubWriter.cs using Guid(cd05bbc1b0f3c4be3b907b43c7b4f5c3) Importer(2089858483,b0f066a214c2f5e87bad3c948f4d605d) (ScriptedImporter) -> (artifact id: 'd235937e86c647341a1a1e6a5a29b33b') in 0.0045798 seconds
Number of updated asset objects reloaded before import = 0Number of asset objects unloaded after import = 0

========================================================================
Received Import Request.
  Time since last request: 0.000022 seconds.
  path: Packages/com.unity.visualscripting/Editor/VisualScripting.Flow/Unity.VisualScripting.Flow.Editor.asmdef
  artifactKey: Guid(23f3c6063e13e4fd9addce3606ff4e42) Importer(2089858483,b0f066a214c2f5e87bad3c948f4d605d)
Start importing Packages/com.unity.visualscripting/Editor/VisualScripting.Flow/Unity.VisualScripting.Flow.Editor.asmdef using Guid(23f3c6063e13e4fd9addce3606ff4e42) Importer(2089858483,b0f066a214c2f5e87bad3c948f4d605d) (ScriptedImporter) -> (artifact id: '3b851c83e6bc8f2382ee6aff48a279c5') in 0.0045952 seconds
Number of updated asset objects reloaded before import = 0Number of asset objects unloaded after import = 1

========================================================================
Received Import Request.
  Time since last request: 0.000017 seconds.
  path: Packages/com.unity.visualscripting/Editor/VisualScripting.Core/Canvases/IGraphContextExtension.cs
  artifactKey: Guid(3fc8c30ce61444945ab84043028247dc) Importer(2089858483,b0f066a214c2f5e87bad3c948f4d605d)
Start importing Packages/com.unity.visualscripting/Editor/VisualScripting.Core/Canvases/IGraphContextExtension.cs using Guid(3fc8c30ce61444945ab84043028247dc) Importer(2089858483,b0f066a214c2f5e87bad3c948f4d605d) (ScriptedImporter) -> (artifact id: '0211d952b94433e0a825757e0d58c9a0') in 0.0050154 seconds
Number of updated asset objects reloaded before import = 0Number of asset objects unloaded after import = 0

========================================================================
Received Import Request.
  Time since last request: 0.000026 seconds.
  path: Packages/com.unity.visualscripting/Editor/VisualScripting.Core/Description/MachineDescriptor.cs
  artifactKey: Guid(04c5dfd27e4e94db7bcad5ebb579f54d) Importer(2089858483,b0f066a214c2f5e87bad3c948f4d605d)
Start importing Packages/com.unity.visualscripting/Editor/VisualScripting.Core/Description/MachineDescriptor.cs using Guid(04c5dfd27e4e94db7bcad5ebb579f54d) Importer(2089858483,b0f066a214c2f5e87bad3c948f4d605d) (ScriptedImporter) -> (artifact id: 'd76dc5a05911e9fea0e59b8e156af330') in 0.0047059 seconds
Number of updated asset objects reloaded before import = 0Number of asset objects unloaded after import = 0

========================================================================
Received Import Request.
  Time since last request: 0.000032 seconds.
  path: Packages/com.unity.visualscripting/Editor/VisualScripting.Flow/FlowGraphUnitUISample.cs
  artifactKey: Guid(b1b39c71b073f4269acc255452659ff3) Importer(2089858483,b0f066a214c2f5e87bad3c948f4d605d)
Start importing Packages/com.unity.visualscripting/Editor/VisualScripting.Flow/FlowGraphUnitUISample.cs using Guid(b1b39c71b073f4269acc255452659ff3) Importer(2089858483,b0f066a214c2f5e87bad3c948f4d605d) (ScriptedImporter) -> (artifact id: '558299ac040cb8394e479cbbe10ccc0a') in 0.0048282 seconds
Number of updated asset objects reloaded before import = 0Number of asset objects unloaded after import = 0

========================================================================
Received Import Request.
  Time since last request: 0.000023 seconds.
  path: Packages/com.unity.visualscripting/Editor/VisualScripting.Core/Analysis/Analyser.cs
  artifactKey: Guid(7cf3624e65e804bfb9dd35ee9884f519) Importer(2089858483,b0f066a214c2f5e87bad3c948f4d605d)
Start importing Packages/com.unity.visualscripting/Editor/VisualScripting.Core/Analysis/Analyser.cs using Guid(7cf3624e65e804bfb9dd35ee9884f519) Importer(2089858483,b0f066a214c2f5e87bad3c948f4d605d) (ScriptedImporter) -> (artifact id: '7a632545e5e0d2e6f6ea94ad21b740e4') in 0.0044859 seconds
Number of updated asset objects reloaded before import = 0Number of asset objects unloaded after import = 0

========================================================================
Received Import Request.
  Time since last request: 0.000021 seconds.
  path: Packages/com.unity.visualscripting/Editor/VisualScripting.Flow/XFlowGraph.cs
  artifactKey: Guid(44645be24e12a48a9ba727b163f3b637) Importer(2089858483,b0f066a214c2f5e87bad3c948f4d605d)
Start importing Packages/com.unity.visualscripting/Editor/VisualScripting.Flow/XFlowGraph.cs using Guid(44645be24e12a48a9ba727b163f3b637) Importer(2089858483,b0f066a214c2f5e87bad3c948f4d605d) (ScriptedImporter) -> (artifact id: '5e49cc9eae5802a2bae61e95d2fcfa91') in 0.0049024 seconds
Number of updated asset objects reloaded before import = 0Number of asset objects unloaded after import = 0

========================================================================
Received Import Request.
  Time since last request: 0.000023 seconds.
  path: Packages/com.unity.visualscripting/Runtime/VisualScripting.State/IStateTransition.cs
  artifactKey: Guid(c62d7cadff98b452b84915368d99ef5d) Importer(2089858483,b0f066a214c2f5e87bad3c948f4d605d)
Start importing Packages/com.unity.visualscripting/Runtime/VisualScripting.State/IStateTransition.cs using Guid(c62d7cadff98b452b84915368d99ef5d) Importer(2089858483,b0f066a214c2f5e87bad3c948f4d605d) (ScriptedImporter) -> (artifact id: '8204ec4af9081bfaee032901ef50e346') in 0.00536 seconds
Number of updated asset objects reloaded before import = 0Number of asset objects unloaded after import = 0

========================================================================
Received Import Request.
  Time since last request: 0.000025 seconds.
  path: Packages/com.unity.visualscripting/Editor/VisualScripting.Core/Canvases/VisualScriptingCanvas.cs
  artifactKey: Guid(d1483dfd529fe4aeeaba721add9fceb5) Importer(2089858483,b0f066a214c2f5e87bad3c948f4d605d)
Start importing Packages/com.unity.visualscripting/Editor/VisualScripting.Core/Canvases/VisualScriptingCanvas.cs using Guid(d1483dfd529fe4aeeaba721add9fceb5) Importer(2089858483,b0f066a214c2f5e87bad3c948f4d605d) (ScriptedImporter) -> (artifact id: '43815aa267166243bee29804affeffea') in 0.0044574 seconds
Number of updated asset objects reloaded before import = 0Number of asset objects unloaded after import = 0

========================================================================
Received Import Request.
  Time since last request: 0.000028 seconds.
  path: Packages/com.unity.visualscripting/Editor/VisualScripting.Core/Analysis/AnalyserAttribute.cs
  artifactKey: Guid(b7663ba3a43454ba48fd2c7c17a0ae75) Importer(2089858483,b0f066a214c2f5e87bad3c948f4d605d)
Start importing Packages/com.unity.visualscripting/Editor/VisualScripting.Core/Analysis/AnalyserAttribute.cs using Guid(b7663ba3a43454ba48fd2c7c17a0ae75) Importer(2089858483,b0f066a214c2f5e87bad3c948f4d605d) (ScriptedImporter) -> (artifact id: '0da15a76b39d3b254381a36c2dedd0bf') in 0.0048504 seconds
Number of updated asset objects reloaded before import = 0Number of asset objects unloaded after import = 0

========================================================================
Received Import Request.
  Time since last request: 0.000020 seconds.
  path: Packages/com.unity.visualscripting/Runtime/VisualScripting.Flow/UnitCategory.cs
  artifactKey: Guid(add84b05d27f246339255e43a260d9d9) Importer(2089858483,b0f066a214c2f5e87bad3c948f4d605d)
Start importing Packages/com.unity.visualscripting/Runtime/VisualScripting.Flow/UnitCategory.cs using Guid(add84b05d27f246339255e43a260d9d9) Importer(2089858483,b0f066a214c2f5e87bad3c948f4d605d) (ScriptedImporter) -> (artifact id: '7fdfbf2302512fda8de48e2b9c28216e') in 0.0047269 seconds
Number of updated asset objects reloaded before import = 0Number of asset objects unloaded after import = 0

========================================================================
Received Import Request.
  Time since last request: 0.000022 seconds.
  path: Packages/com.unity.visualscripting/Editor/VisualScripting.Core/Context/GraphContextProvider.cs
  artifactKey: Guid(da3da30b6a9874cf29f6c915e750a225) Importer(2089858483,b0f066a214c2f5e87bad3c948f4d605d)
Start importing Packages/com.unity.visualscripting/Editor/VisualScripting.Core/Context/GraphContextProvider.cs using Guid(da3da30b6a9874cf29f6c915e750a225) Importer(2089858483,b0f066a214c2f5e87bad3c948f4d605d) (ScriptedImporter) -> (artifact id: '32604647aeb7cf419fd449e8fe93992c') in 0.0051502 seconds
Number of updated asset objects reloaded before import = 0Number of asset objects unloaded after import = 0

========================================================================
Received Import Request.
  Time since last request: 0.000017 seconds.
  path: Packages/com.unity.visualscripting/Editor/VisualScripting.Core/Description/IMachineDescription.cs
  artifactKey: Guid(347a36b1cc2494cbd8b62b106fc50eb9) Importer(2089858483,b0f066a214c2f5e87bad3c948f4d605d)
Start importing Packages/com.unity.visualscripting/Editor/VisualScripting.Core/Description/IMachineDescription.cs using Guid(347a36b1cc2494cbd8b62b106fc50eb9) Importer(2089858483,b0f066a214c2f5e87bad3c948f4d605d) (ScriptedImporter) -> (artifact id: 'aab77a34a794466645db8a1211793e30') in 0.0048779 seconds
Number of updated asset objects reloaded before import = 0Number of asset objects unloaded after import = 0

========================================================================
Received Import Request.
  Time since last request: 0.000023 seconds.
  path: Packages/com.unity.visualscripting/Editor/VisualScripting.Core/Inspection/InspectorUtility.cs
  artifactKey: Guid(9e5ce325dcb2c4810849056f8c08a819) Importer(2089858483,b0f066a214c2f5e87bad3c948f4d605d)
Start importing Packages/com.unity.visualscripting/Editor/VisualScripting.Core/Inspection/InspectorUtility.cs using Guid(9e5ce325dcb2c4810849056f8c08a819) Importer(2089858483,b0f066a214c2f5e87bad3c948f4d605d) (ScriptedImporter) -> (artifact id: '4dc410014a11fa451539e7a93b2b7aa2') in 0.0048436 seconds
Number of updated asset objects reloaded before import = 0Number of asset objects unloaded after import = 0

========================================================================
Received Import Request.
  Time since last request: 0.000035 seconds.
  path: Packages/com.unity.visualscripting/Editor/VisualScripting.Core/Descriptors/DescriptorProvider.cs
  artifactKey: Guid(2cf920acd4b5244af97b9ac347e05fae) Importer(2089858483,b0f066a214c2f5e87bad3c948f4d605d)
Start importing Packages/com.unity.visualscripting/Editor/VisualScripting.Core/Descriptors/DescriptorProvider.cs using Guid(2cf920acd4b5244af97b9ac347e05fae) Importer(2089858483,b0f066a214c2f5e87bad3c948f4d605d) (ScriptedImporter) -> (artifact id: '6309ae1a5ad6b2d086c15b4ec681a873') in 0.0047925 seconds
Number of updated asset objects reloaded before import = 0Number of asset objects unloaded after import = 0

========================================================================
Received Import Request.
  Time since last request: 0.000022 seconds.
  path: Packages/com.unity.visualscripting/Editor/VisualScripting.Core/Inspection/DraggedListItem.cs
  artifactKey: Guid(e8dce54633fe84992b36f025b21e9ef3) Importer(2089858483,b0f066a214c2f5e87bad3c948f4d605d)
Start importing Packages/com.unity.visualscripting/Editor/VisualScripting.Core/Inspection/DraggedListItem.cs using Guid(e8dce54633fe84992b36f025b21e9ef3) Importer(2089858483,b0f066a214c2f5e87bad3c948f4d605d) (ScriptedImporter) -> (artifact id: '4c210d82fee8f1021574dc5825dc7bdc') in 0.0051109 seconds
Number of updated asset objects reloaded before import = 0Number of asset objects unloaded after import = 0

========================================================================
Received Import Request.
  Time since last request: 0.000018 seconds.
  path: Packages/com.unity.visualscripting/Editor/SettingsProvider/ProjectSettings/CoreProviderSettings.cs
  artifactKey: Guid(f1505e7010ba447f9087b4398e0e3473) Importer(2089858483,b0f066a214c2f5e87bad3c948f4d605d)
Start importing Packages/com.unity.visualscripting/Editor/SettingsProvider/ProjectSettings/CoreProviderSettings.cs using Guid(f1505e7010ba447f9087b4398e0e3473) Importer(2089858483,b0f066a214c2f5e87bad3c948f4d605d) (ScriptedImporter) -> (artifact id: 'd9ad10b7a2fe27622854cd5fa3ed40dc') in 0.0046799 seconds
Number of updated asset objects reloaded before import = 0Number of asset objects unloaded after import = 0

========================================================================
Received Import Request.
  Time since last request: 0.000022 seconds.
  path: Packages/com.unity.visualscripting/Editor/VisualScripting.Core/IconMap/FlowMachine@32x.png
  artifactKey: Guid(f723b77167d184d4a8ab528db8b55744) Importer(2089858483,b0f066a214c2f5e87bad3c948f4d605d)
Start importing Packages/com.unity.visualscripting/Editor/VisualScripting.Core/IconMap/FlowMachine@32x.png using Guid(f723b77167d184d4a8ab528db8b55744) Importer(2089858483,b0f066a214c2f5e87bad3c948f4d605d) (ScriptedImporter) -> (artifact id: 'acec0ed8fb971b7a1c9b58e34bde14d1') in 0.0112072 seconds
Number of updated asset objects reloaded before import = 0Number of asset objects unloaded after import = 1

========================================================================
Received Import Request.
  Time since last request: 0.000025 seconds.
  path: Packages/com.unity.visualscripting/Editor/VisualScripting.Core/Inspection/GraphElementEditor.cs
  artifactKey: Guid(7bbf6ab5dccde4ade9426b70c913a419) Importer(2089858483,b0f066a214c2f5e87bad3c948f4d605d)
Start importing Packages/com.unity.visualscripting/Editor/VisualScripting.Core/Inspection/GraphElementEditor.cs using Guid(7bbf6ab5dccde4ade9426b70c913a419) Importer(2089858483,b0f066a214c2f5e87bad3c948f4d605d) (ScriptedImporter) -> (artifact id: '42d64479542fea0a7bfd5acaf777ff5c') in 0.0047622 seconds
Number of updated asset objects reloaded before import = 0Number of asset objects unloaded after import = 0

========================================================================
Received Import Request.
  Time since last request: 0.000028 seconds.
  path: Packages/com.unity.visualscripting/Runtime/VisualScripting.Core/Unity.VisualScripting.Core.asmdef
  artifactKey: Guid(21b0c8d1703a94250bfac916590cea4f) Importer(2089858483,b0f066a214c2f5e87bad3c948f4d605d)
Start importing Packages/com.unity.visualscripting/Runtime/VisualScripting.Core/Unity.VisualScripting.Core.asmdef using Guid(21b0c8d1703a94250bfac916590cea4f) Importer(2089858483,b0f066a214c2f5e87bad3c948f4d605d) (ScriptedImporter) -> (artifact id: 'e8fce878ff354a319a60dc7163acd963') in 0.0127811 seconds
Number of updated asset objects reloaded before import = 0Number of asset objects unloaded after import = 1

========================================================================
Received Import Request.
  Time since last request: 0.000024 seconds.
  path: Packages/com.unity.visualscripting/Runtime/VisualScripting.Flow/IDefaultValue.cs
  artifactKey: Guid(c885f6b1d6214c8ea9f1970d774bdfc8) Importer(2089858483,b0f066a214c2f5e87bad3c948f4d605d)
Start importing Packages/com.unity.visualscripting/Runtime/VisualScripting.Flow/IDefaultValue.cs using Guid(c885f6b1d6214c8ea9f1970d774bdfc8) Importer(2089858483,b0f066a214c2f5e87bad3c948f4d605d) (ScriptedImporter) -> (artifact id: '55ed17e8356562f8209171d80e164917') in 0.0045025 seconds
Number of updated asset objects reloaded before import = 0Number of asset objects unloaded after import = 0

========================================================================
Received Import Request.
  Time since last request: 0.000021 seconds.
  path: Packages/com.unity.visualscripting/Runtime/VisualScripting.State/TriggerStateTransition.cs
  artifactKey: Guid(94752097317984586845b054debf8837) Importer(2089858483,b0f066a214c2f5e87bad3c948f4d605d)
Start importing Packages/com.unity.visualscripting/Runtime/VisualScripting.State/TriggerStateTransition.cs using Guid(94752097317984586845b054debf8837) Importer(2089858483,b0f066a214c2f5e87bad3c948f4d605d) (ScriptedImporter) -> (artifact id: '0bd456550092191362830d35c6180736') in 0.0052549 seconds
Number of updated asset objects reloaded before import = 0Number of asset objects unloaded after import = 0

========================================================================
Received Import Request.
  Time since last request: 0.000023 seconds.
  path: Packages/com.unity.test-framework/UnityEditor.TestRunner/GUI/Controls/ISelectableItem.cs
  artifactKey: Guid(7b076e8f3150431baf926fe9ee030b1e) Importer(2089858483,b0f066a214c2f5e87bad3c948f4d605d)
Start importing Packages/com.unity.test-framework/UnityEditor.TestRunner/GUI/Controls/ISelectableItem.cs using Guid(7b076e8f3150431baf926fe9ee030b1e) Importer(2089858483,b0f066a214c2f5e87bad3c948f4d605d) (ScriptedImporter) -> (artifact id: '10bf9b725725d4e6e4ccabb97ad7fd78') in 0.0044872 seconds
Number of updated asset objects reloaded before import = 0Number of asset objects unloaded after import = 0

========================================================================
Received Import Request.
  Time since last request: 0.000028 seconds.
  path: Packages/com.unity.visualscripting/Runtime/VisualScripting.Flow/INesterUnit.cs
  artifactKey: Guid(b5ee3c473bbc24eaaaea9bccbee0684b) Importer(2089858483,b0f066a214c2f5e87bad3c948f4d605d)
Start importing Packages/com.unity.visualscripting/Runtime/VisualScripting.Flow/INesterUnit.cs using Guid(b5ee3c473bbc24eaaaea9bccbee0684b) Importer(2089858483,b0f066a214c2f5e87bad3c948f4d605d) (ScriptedImporter) -> (artifact id: '44850b8caa540137066ae68277592112') in 0.0048968 seconds
Number of updated asset objects reloaded before import = 0Number of asset objects unloaded after import = 0

========================================================================
Received Import Request.
  Time since last request: 0.000036 seconds.
  path: Packages/com.unity.visualscripting/Editor/VisualScripting.Core/IconMap/StateMachine@32x.png
  artifactKey: Guid(f144232ea2c6046438f6cda6c1bad1af) Importer(2089858483,b0f066a214c2f5e87bad3c948f4d605d)
Start importing Packages/com.unity.visualscripting/Editor/VisualScripting.Core/IconMap/StateMachine@32x.png using Guid(f144232ea2c6046438f6cda6c1bad1af) Importer(2089858483,b0f066a214c2f5e87bad3c948f4d605d) (ScriptedImporter) -> (artifact id: '98f7afc0497cee292357100fae947990') in 0.0096428 seconds
Number of updated asset objects reloaded before import = 0Number of asset objects unloaded after import = 1

========================================================================
Received Import Request.
  Time since last request: 0.000021 seconds.
  path: Packages/com.unity.test-framework/UnityEditor.TestRunner/TestRun/Tasks/DeleteBootstrapSceneTask.cs
  artifactKey: Guid(6465fa5b49fc4c739059189aca21f391) Importer(2089858483,b0f066a214c2f5e87bad3c948f4d605d)
Start importing Packages/com.unity.test-framework/UnityEditor.TestRunner/TestRun/Tasks/DeleteBootstrapSceneTask.cs using Guid(6465fa5b49fc4c739059189aca21f391) Importer(2089858483,b0f066a214c2f5e87bad3c948f4d605d) (ScriptedImporter) -> (artifact id: '1c9890630e0651e2900ab0b6775f6dd4') in 0.0040748 seconds
Number of updated asset objects reloaded before import = 0Number of asset objects unloaded after import = 0

========================================================================
Received Import Request.
  Time since last request: 0.000023 seconds.
  path: Packages/com.unity.collections/Unity.Collections.Tests/Jobs/JobTests.cs
  artifactKey: Guid(8693443c8d9368d4b8b9f2beea09d699) Importer(2089858483,b0f066a214c2f5e87bad3c948f4d605d)
Start importing Packages/com.unity.collections/Unity.Collections.Tests/Jobs/JobTests.cs using Guid(8693443c8d9368d4b8b9f2beea09d699) Importer(2089858483,b0f066a214c2f5e87bad3c948f4d605d) (ScriptedImporter) -> (artifact id: '9e953e50dd83a2437f856553c77b5f48') in 0.0044796 seconds
Number of updated asset objects reloaded before import = 0Number of asset objects unloaded after import = 0

========================================================================
Received Import Request.
  Time since last request: 0.000023 seconds.
  path: Packages/com.unity.ugui/Runtime/UGUI/UI/Core/VertexModifiers/BaseMeshEffect.cs
  artifactKey: Guid(718966f960cb50643986195e5fe953ca) Importer(2089858483,b0f066a214c2f5e87bad3c948f4d605d)
Start importing Packages/com.unity.ugui/Runtime/UGUI/UI/Core/VertexModifiers/BaseMeshEffect.cs using Guid(718966f960cb50643986195e5fe953ca) Importer(2089858483,b0f066a214c2f5e87bad3c948f4d605d) (ScriptedImporter) -> (artifact id: 'ad1633ab3e3992ea7008b4412ee97d3d') in 0.0047506 seconds
Number of updated asset objects reloaded before import = 0Number of asset objects unloaded after import = 0

========================================================================
Received Import Request.
  Time since last request: 0.000026 seconds.
  path: Packages/com.unity.collections/Unity.Collections.Tests/NativeSortTests.gen.cs
  artifactKey: Guid(ff0ba7aa14bc81c4cb4b1c28cd3460ed) Importer(2089858483,b0f066a214c2f5e87bad3c948f4d605d)
Start importing Packages/com.unity.collections/Unity.Collections.Tests/NativeSortTests.gen.cs using Guid(ff0ba7aa14bc81c4cb4b1c28cd3460ed) Importer(2089858483,b0f066a214c2f5e87bad3c948f4d605d) (ScriptedImporter) -> (artifact id: '05cea79d8736e60b9283c44eb2b12f61') in 0.0048327 seconds
Number of updated asset objects reloaded before import = 0Number of asset objects unloaded after import = 0

========================================================================
Received Import Request.
  Time since last request: 0.000030 seconds.
  path: Packages/com.unity.test-framework/UnityEditor.TestRunner/TestRunner/EnumeratorStepHelper.cs
  artifactKey: Guid(901b761c5c1e22d4e8a3ba7d95bc1f5d) Importer(2089858483,b0f066a214c2f5e87bad3c948f4d605d)
Start importing Packages/com.unity.test-framework/UnityEditor.TestRunner/TestRunner/EnumeratorStepHelper.cs using Guid(901b761c5c1e22d4e8a3ba7d95bc1f5d) Importer(2089858483,b0f066a214c2f5e87bad3c948f4d605d) (ScriptedImporter) -> (artifact id: '3313b9794305c920212017fe26fa5f9e') in 0.0047233 seconds
Number of updated asset objects reloaded before import = 0Number of asset objects unloaded after import = 0

========================================================================
Received Import Request.
  Time since last request: 0.000025 seconds.
  path: Packages/com.unity.visualscripting/Editor/VisualScripting.Core/Context/IGraphContext.cs
  artifactKey: Guid(69bdd2cb2fe1e4971b4013934b9098d6) Importer(2089858483,b0f066a214c2f5e87bad3c948f4d605d)
Start importing Packages/com.unity.visualscripting/Editor/VisualScripting.Core/Context/IGraphContext.cs using Guid(69bdd2cb2fe1e4971b4013934b9098d6) Importer(2089858483,b0f066a214c2f5e87bad3c948f4d605d) (ScriptedImporter) -> (artifact id: 'a85730331e98f872b9b15108848b3f96') in 0.0047491 seconds
Number of updated asset objects reloaded before import = 0Number of asset objects unloaded after import = 0

========================================================================
Received Import Request.
  Time since last request: 0.000024 seconds.
  path: Packages/com.unity.test-framework/UnityEngine.TestRunner/Utils/QuaternionEqualityComparer.cs
  artifactKey: Guid(3b28913f21577de429da928d6d05219f) Importer(2089858483,b0f066a214c2f5e87bad3c948f4d605d)
Start importing Packages/com.unity.test-framework/UnityEngine.TestRunner/Utils/QuaternionEqualityComparer.cs using Guid(3b28913f21577de429da928d6d05219f) Importer(2089858483,b0f066a214c2f5e87bad3c948f4d605d) (ScriptedImporter) -> (artifact id: '4ec328a8efbeed0d0b14d880a64a2a96') in 0.0049809 seconds
Number of updated asset objects reloaded before import = 0Number of asset objects unloaded after import = 0

========================================================================
Received Import Request.
  Time since last request: 0.000024 seconds.
  path: Packages/com.unity.modules.unityanalytics/package.ModuleCompilationTrigger
  artifactKey: Guid(71136fc5cf34f2cc10be0e33c0b08019) Importer(2089858483,b0f066a214c2f5e87bad3c948f4d605d)
Start importing Packages/com.unity.modules.unityanalytics/package.ModuleCompilationTrigger using Guid(71136fc5cf34f2cc10be0e33c0b08019) Importer(2089858483,b0f066a214c2f5e87bad3c948f4d605d) (ScriptedImporter) -> (artifact id: '35e7344472bac510df8b7cffd7b99408') in 0.0043601 seconds
Number of updated asset objects reloaded before import = 0Number of asset objects unloaded after import = 1

========================================================================
Received Import Request.
  Time since last request: 0.000024 seconds.
  path: Packages/com.unity.visualscripting/Editor/VisualScripting.Core/Meta/IndexerMetadata.cs
  artifactKey: Guid(9c106221dfdf249e8b6f3bb95e1969cd) Importer(2089858483,b0f066a214c2f5e87bad3c948f4d605d)
Start importing Packages/com.unity.visualscripting/Editor/VisualScripting.Core/Meta/IndexerMetadata.cs using Guid(9c106221dfdf249e8b6f3bb95e1969cd) Importer(2089858483,b0f066a214c2f5e87bad3c948f4d605d) (ScriptedImporter) -> (artifact id: '352f578a4e331557111e3571f1ff5f8f') in 0.0045301 seconds
Number of updated asset objects reloaded before import = 0Number of asset objects unloaded after import = 0

========================================================================
Received Import Request.
  Time since last request: 0.000036 seconds.
  path: Packages/com.unity.ugui/Tests/Runtime/UGUI/InputField/FakeInputModule.cs
  artifactKey: Guid(16c6414b77a90ff4098767dce485c495) Importer(2089858483,b0f066a214c2f5e87bad3c948f4d605d)
Start importing Packages/com.unity.ugui/Tests/Runtime/UGUI/InputField/FakeInputModule.cs using Guid(16c6414b77a90ff4098767dce485c495) Importer(2089858483,b0f066a214c2f5e87bad3c948f4d605d) (ScriptedImporter) -> (artifact id: '12cbbb63c7a3d4212f1582a2301ef071') in 0.0048183 seconds
Number of updated asset objects reloaded before import = 0Number of asset objects unloaded after import = 0

========================================================================
Received Import Request.
  Time since last request: 0.000024 seconds.
  path: Packages/com.unity.test-framework/UnityEditor.TestRunner/TestRun/Tasks/PlayModeRunTask.cs
  artifactKey: Guid(4769fe1e7475c8843b092338acbcad25) Importer(2089858483,b0f066a214c2f5e87bad3c948f4d605d)
Start importing Packages/com.unity.test-framework/UnityEditor.TestRunner/TestRun/Tasks/PlayModeRunTask.cs using Guid(4769fe1e7475c8843b092338acbcad25) Importer(2089858483,b0f066a214c2f5e87bad3c948f4d605d) (ScriptedImporter) -> (artifact id: 'b3fc65cf02c9316ef7cf728d339fc902') in 0.0055029 seconds
Number of updated asset objects reloaded before import = 0Number of asset objects unloaded after import = 0

========================================================================
Received Import Request.
  Time since last request: 0.000022 seconds.
  path: Packages/com.unity.render-pipelines.core/Tests/Runtime/RuntimeProfilerTests.cs
  artifactKey: Guid(40a73c4a33c05924f813df35844d8c71) Importer(2089858483,b0f066a214c2f5e87bad3c948f4d605d)
Start importing Packages/com.unity.render-pipelines.core/Tests/Runtime/RuntimeProfilerTests.cs using Guid(40a73c4a33c05924f813df35844d8c71) Importer(2089858483,b0f066a214c2f5e87bad3c948f4d605d) (ScriptedImporter) -> (artifact id: '4d277c93e04008b375c3cd1afaf594a8') in 0.0052971 seconds
Number of updated asset objects reloaded before import = 0Number of asset objects unloaded after import = 0

========================================================================
Received Import Request.
  Time since last request: 0.000023 seconds.
  path: Packages/com.unity.collections/Unity.Collections/DataStreamExtensions.cs
  artifactKey: Guid(dde1b485b0c74a789255539c2152dd1b) Importer(2089858483,b0f066a214c2f5e87bad3c948f4d605d)
Start importing Packages/com.unity.collections/Unity.Collections/DataStreamExtensions.cs using Guid(dde1b485b0c74a789255539c2152dd1b) Importer(2089858483,b0f066a214c2f5e87bad3c948f4d605d) (ScriptedImporter) -> (artifact id: 'aa72f3447073e595cd36c101171b9135') in 0.0053786 seconds
Number of updated asset objects reloaded before import = 0Number of asset objects unloaded after import = 0

========================================================================
Received Import Request.
  Time since last request: 0.000025 seconds.
  path: Packages/com.unity.visualscripting/Editor/VisualScripting.Core/Properties/AssemblyInfo.cs
  artifactKey: Guid(7c34f20586bda4f8db3555113c6bd074) Importer(2089858483,b0f066a214c2f5e87bad3c948f4d605d)
Start importing Packages/com.unity.visualscripting/Editor/VisualScripting.Core/Properties/AssemblyInfo.cs using Guid(7c34f20586bda4f8db3555113c6bd074) Importer(2089858483,b0f066a214c2f5e87bad3c948f4d605d) (ScriptedImporter) -> (artifact id: 'c8e559868692cf0e2dd3abc7eff8942d') in 0.0046548 seconds
Number of updated asset objects reloaded before import = 0Number of asset objects unloaded after import = 0

========================================================================
Received Import Request.
  Time since last request: 0.000033 seconds.
  path: Packages/com.unity.visualscripting/Editor/VisualScripting.State/States/AnyStateWidget.cs
  artifactKey: Guid(e7f4def392c07401096915e803a01ebf) Importer(2089858483,b0f066a214c2f5e87bad3c948f4d605d)
Start importing Packages/com.unity.visualscripting/Editor/VisualScripting.State/States/AnyStateWidget.cs using Guid(e7f4def392c07401096915e803a01ebf) Importer(2089858483,b0f066a214c2f5e87bad3c948f4d605d) (ScriptedImporter) -> (artifact id: '3ae879aad264c1bdecfb29932d107c6f') in 0.0043404 seconds
Number of updated asset objects reloaded before import = 0Number of asset objects unloaded after import = 0

========================================================================
Received Import Request.
  Time since last request: 0.000022 seconds.
  path: Packages/com.unity.visualscripting/Editor/VisualScripting.Core/Threading/BackgroundWorker.cs
  artifactKey: Guid(3f7d1c7200f234e23acfdb4c5813b7d1) Importer(2089858483,b0f066a214c2f5e87bad3c948f4d605d)
Start importing Packages/com.unity.visualscripting/Editor/VisualScripting.Core/Threading/BackgroundWorker.cs using Guid(3f7d1c7200f234e23acfdb4c5813b7d1) Importer(2089858483,b0f066a214c2f5e87bad3c948f4d605d) (ScriptedImporter) -> (artifact id: 'ee88f68dacf0d554faf8b43051251b08') in 0.005273 seconds
Number of updated asset objects reloaded before import = 0Number of asset objects unloaded after import = 0

========================================================================
Received Import Request.
  Time since last request: 0.000021 seconds.
  path: Packages/com.unity.visualscripting/Runtime/VisualScripting.Core/Ensure/EnsureThat.Comparables.cs
  artifactKey: Guid(d7ac3e0fd71474c3bafe0e8003358660) Importer(2089858483,b0f066a214c2f5e87bad3c948f4d605d)
Start importing Packages/com.unity.visualscripting/Runtime/VisualScripting.Core/Ensure/EnsureThat.Comparables.cs using Guid(d7ac3e0fd71474c3bafe0e8003358660) Importer(2089858483,b0f066a214c2f5e87bad3c948f4d605d) (ScriptedImporter) -> (artifact id: '096cc1cae0f0a313693e570d3c946ac8') in 0.0052944 seconds
Number of updated asset objects reloaded before import = 0Number of asset objects unloaded after import = 0

========================================================================
Received Import Request.
  Time since last request: 0.000022 seconds.
  path: Packages/com.unity.visualscripting/Runtime/VisualScripting.Core/Ensure/EnsureThat.Strings.cs
  artifactKey: Guid(4fae8bb7c6499466c8e4b78650b40808) Importer(2089858483,b0f066a214c2f5e87bad3c948f4d605d)
Start importing Packages/com.unity.visualscripting/Runtime/VisualScripting.Core/Ensure/EnsureThat.Strings.cs using Guid(4fae8bb7c6499466c8e4b78650b40808) Importer(2089858483,b0f066a214c2f5e87bad3c948f4d605d) (ScriptedImporter) -> (artifact id: '352f3baa89a7efb9697e882c65d74a0f') in 0.0140916 seconds
Number of updated asset objects reloaded before import = 0Number of asset objects unloaded after import = 0

========================================================================
Received Import Request.
  Time since last request: 0.000023 seconds.
  path: Packages/com.unity.visualscripting/Runtime/VisualScripting.Core/Cloning/ICloner.cs
  artifactKey: Guid(b9b7b894041594292acd8c04daf20f83) Importer(2089858483,b0f066a214c2f5e87bad3c948f4d605d)
Start importing Packages/com.unity.visualscripting/Runtime/VisualScripting.Core/Cloning/ICloner.cs using Guid(b9b7b894041594292acd8c04daf20f83) Importer(2089858483,b0f066a214c2f5e87bad3c948f4d605d) (ScriptedImporter) -> (artifact id: 'e89819c0c7c7c64bbc7ee15314a23426') in 0.0046065 seconds
Number of updated asset objects reloaded before import = 0Number of asset objects unloaded after import = 0

========================================================================
Received Import Request.
  Time since last request: 0.000029 seconds.
  path: Packages/com.unity.visualscripting/Editor/VisualScripting.Core/SerializedProperties/SerializedPropertyUtility.cs
  artifactKey: Guid(3f0082eee52d14623a54c1437122b8c4) Importer(2089858483,b0f066a214c2f5e87bad3c948f4d605d)
Start importing Packages/com.unity.visualscripting/Editor/VisualScripting.Core/SerializedProperties/SerializedPropertyUtility.cs using Guid(3f0082eee52d14623a54c1437122b8c4) Importer(2089858483,b0f066a214c2f5e87bad3c948f4d605d) (ScriptedImporter) -> (artifact id: 'eefa111d8c33da08b880fce505697dd0') in 0.0047329 seconds
Number of updated asset objects reloaded before import = 0Number of asset objects unloaded after import = 0

========================================================================
Received Import Request.
  Time since last request: 0.000023 seconds.
  path: Packages/com.unity.visualscripting/Editor/VisualScripting.Core/Windows/SinglePageWindow.cs
  artifactKey: Guid(75f3b14e6f35c4be89d2e7962610d309) Importer(2089858483,b0f066a214c2f5e87bad3c948f4d605d)
Start importing Packages/com.unity.visualscripting/Editor/VisualScripting.Core/Windows/SinglePageWindow.cs using Guid(75f3b14e6f35c4be89d2e7962610d309) Importer(2089858483,b0f066a214c2f5e87bad3c948f4d605d) (ScriptedImporter) -> (artifact id: '0766da244d7692e0b2caf0a209d9859d') in 0.0047275 seconds
Number of updated asset objects reloaded before import = 0Number of asset objects unloaded after import = 0

========================================================================
Received Import Request.
  Time since last request: 0.000023 seconds.
  path: Packages/com.unity.visualscripting/Editor/VisualScripting.Core/Utilities/EditorTypeUtility.cs
  artifactKey: Guid(7260e2f9cc0314caca0fccd6ed8bec18) Importer(2089858483,b0f066a214c2f5e87bad3c948f4d605d)
Start importing Packages/com.unity.visualscripting/Editor/VisualScripting.Core/Utilities/EditorTypeUtility.cs using Guid(7260e2f9cc0314caca0fccd6ed8bec18) Importer(2089858483,b0f066a214c2f5e87bad3c948f4d605d) (ScriptedImporter) -> (artifact id: '873e02de8e86998bf4548bc0dab45920') in 0.0049982 seconds
Number of updated asset objects reloaded before import = 0Number of asset objects unloaded after import = 0

========================================================================
Received Import Request.
  Time since last request: 0.000022 seconds.
  path: Packages/com.unity.visualscripting/Editor/VisualScripting.State/States/FlowStateEditor.cs
  artifactKey: Guid(5290affe00001419e8971554534f83f5) Importer(2089858483,b0f066a214c2f5e87bad3c948f4d605d)
Start importing Packages/com.unity.visualscripting/Editor/VisualScripting.State/States/FlowStateEditor.cs using Guid(5290affe00001419e8971554534f83f5) Importer(2089858483,b0f066a214c2f5e87bad3c948f4d605d) (ScriptedImporter) -> (artifact id: '3831d55b71b31cbe75c6d46b4018e1f7') in 0.0065008 seconds
Number of updated asset objects reloaded before import = 0Number of asset objects unloaded after import = 0

========================================================================
Received Import Request.
  Time since last request: 0.000020 seconds.
  path: Packages/com.unity.visualscripting/Editor/VisualScripting.Core/Windows/WindowClose.cs
  artifactKey: Guid(904096dd6e1a34e8f998b4aff2c7bbf1) Importer(2089858483,b0f066a214c2f5e87bad3c948f4d605d)
Start importing Packages/com.unity.visualscripting/Editor/VisualScripting.Core/Windows/WindowClose.cs using Guid(904096dd6e1a34e8f998b4aff2c7bbf1) Importer(2089858483,b0f066a214c2f5e87bad3c948f4d605d) (ScriptedImporter) -> (artifact id: 'ecde96a9a88f54739724890228792068') in 0.0052502 seconds
Number of updated asset objects reloaded before import = 0Number of asset objects unloaded after import = 0

========================================================================
Received Import Request.
  Time since last request: 0.000033 seconds.
  path: Packages/com.unity.visualscripting/Editor/VisualScripting.Flow/Invocations/InvocationInspector.cs
  artifactKey: Guid(99c3d3d722538449ea1c09230a82c731) Importer(2089858483,b0f066a214c2f5e87bad3c948f4d605d)
Start importing Packages/com.unity.visualscripting/Editor/VisualScripting.Flow/Invocations/InvocationInspector.cs using Guid(99c3d3d722538449ea1c09230a82c731) Importer(2089858483,b0f066a214c2f5e87bad3c948f4d605d) (ScriptedImporter) -> (artifact id: 'b3bd170cfc0148bd1a4240a31f727942') in 0.0048347 seconds
Number of updated asset objects reloaded before import = 0Number of asset objects unloaded after import = 0

========================================================================
Received Import Request.
  Time since last request: 0.000024 seconds.
  path: Packages/com.unity.visualscripting/Editor/VisualScripting.Flow/Units/UnitInspector.cs
  artifactKey: Guid(2e3a4e8e44db34ad48e5221d4f5db61a) Importer(2089858483,b0f066a214c2f5e87bad3c948f4d605d)
Start importing Packages/com.unity.visualscripting/Editor/VisualScripting.Flow/Units/UnitInspector.cs using Guid(2e3a4e8e44db34ad48e5221d4f5db61a) Importer(2089858483,b0f066a214c2f5e87bad3c948f4d605d) (ScriptedImporter) -> (artifact id: '4defd8f380a6ac12075c5922ed522024') in 0.0046714 seconds
Number of updated asset objects reloaded before import = 0Number of asset objects unloaded after import = 0

========================================================================
Received Import Request.
  Time since last request: 0.000023 seconds.
  path: Packages/com.unity.visualscripting/Runtime/VisualScripting.Core/EditorBinding/EditorBindingUtility.cs
  artifactKey: Guid(d9f7c6fac8fe34baeba269379950a7b3) Importer(2089858483,b0f066a214c2f5e87bad3c948f4d605d)
Start importing Packages/com.unity.visualscripting/Runtime/VisualScripting.Core/EditorBinding/EditorBindingUtility.cs using Guid(d9f7c6fac8fe34baeba269379950a7b3) Importer(2089858483,b0f066a214c2f5e87bad3c948f4d605d) (ScriptedImporter) -> (artifact id: '0379103d886a9ba91bbfbdb3c54e671f') in 0.0056901 seconds
Number of updated asset objects reloaded before import = 0Number of asset objects unloaded after import = 0

========================================================================
Received Import Request.
  Time since last request: 0.000020 seconds.
  path: Packages/com.unity.visualscripting/Runtime/VisualScripting.Core/Collections/NonNullableHashSet.cs
  artifactKey: Guid(d87db61d4949f45af99577f40b0ea695) Importer(2089858483,b0f066a214c2f5e87bad3c948f4d605d)
Start importing Packages/com.unity.visualscripting/Runtime/VisualScripting.Core/Collections/NonNullableHashSet.cs using Guid(d87db61d4949f45af99577f40b0ea695) Importer(2089858483,b0f066a214c2f5e87bad3c948f4d605d) (ScriptedImporter) -> (artifact id: '054ae27d73b77c7134ea1d783757290e') in 0.006285 seconds
Number of updated asset objects reloaded before import = 0Number of asset objects unloaded after import = 0

========================================================================
Received Import Request.
  Time since last request: 0.000027 seconds.
  path: Packages/com.unity.visualscripting/Editor/VisualScripting.Core/Widgets/WidgetAttribute.cs
  artifactKey: Guid(3ef28471ff1b84e16b6b44952d7d45bd) Importer(2089858483,b0f066a214c2f5e87bad3c948f4d605d)
Start importing Packages/com.unity.visualscripting/Editor/VisualScripting.Core/Widgets/WidgetAttribute.cs using Guid(3ef28471ff1b84e16b6b44952d7d45bd) Importer(2089858483,b0f066a214c2f5e87bad3c948f4d605d) (ScriptedImporter) -> (artifact id: '78d743e96def934a95702e319b7939f5') in 0.0050865 seconds
Number of updated asset objects reloaded before import = 0Number of asset objects unloaded after import = 0

========================================================================
Received Import Request.
  Time since last request: 0.000031 seconds.
  path: Packages/com.unity.visualscripting/Runtime/VisualScripting.Core/EditorBinding/TypeSetAttribute.cs
  artifactKey: Guid(3c8c78717c5fe478a967a844a5cd671c) Importer(2089858483,b0f066a214c2f5e87bad3c948f4d605d)
Start importing Packages/com.unity.visualscripting/Runtime/VisualScripting.Core/EditorBinding/TypeSetAttribute.cs using Guid(3c8c78717c5fe478a967a844a5cd671c) Importer(2089858483,b0f066a214c2f5e87bad3c948f4d605d) (ScriptedImporter) -> (artifact id: 'c6fcbf87c82bd54c858abd97e72815a9') in 0.00596 seconds
Number of updated asset objects reloaded before import = 0Number of asset objects unloaded after import = 0

========================================================================
Received Import Request.
  Time since last request: 0.000017 seconds.
  path: Packages/com.unity.visualscripting/Editor/VisualScripting.Flow/Ports/ValueOutputWidget.cs
  artifactKey: Guid(6392d6c3118b84772bac990889aaa190) Importer(2089858483,b0f066a214c2f5e87bad3c948f4d605d)
Start importing Packages/com.unity.visualscripting/Editor/VisualScripting.Flow/Ports/ValueOutputWidget.cs using Guid(6392d6c3118b84772bac990889aaa190) Importer(2089858483,b0f066a214c2f5e87bad3c948f4d605d) (ScriptedImporter) -> (artifact id: '119543b96c79da05619dbf848934197e') in 0.004265 seconds
Number of updated asset objects reloaded before import = 0Number of asset objects unloaded after import = 0

========================================================================
Received Import Request.
  Time since last request: 0.000022 seconds.
  path: Packages/com.unity.visualscripting/Runtime/VisualScripting.Core/Collections/IKeyedCollection.cs
  artifactKey: Guid(838e8a6e5d50f44d6988900179976bf1) Importer(2089858483,b0f066a214c2f5e87bad3c948f4d605d)
Start importing Packages/com.unity.visualscripting/Runtime/VisualScripting.Core/Collections/IKeyedCollection.cs using Guid(838e8a6e5d50f44d6988900179976bf1) Importer(2089858483,b0f066a214c2f5e87bad3c948f4d605d) (ScriptedImporter) -> (artifact id: 'e8103093f4a0f2d0c1d5b1f866de9f39') in 0.004013 seconds
Number of updated asset objects reloaded before import = 0Number of asset objects unloaded after import = 0

========================================================================
Received Import Request.
  Time since last request: 0.000017 seconds.
  path: Packages/com.unity.visualscripting/Editor/VisualScripting.State/Transitions/IStateTransitionWidget.cs
  artifactKey: Guid(1b9a6728ed0414076b5bd0a744bb8b21) Importer(2089858483,b0f066a214c2f5e87bad3c948f4d605d)
Start importing Packages/com.unity.visualscripting/Editor/VisualScripting.State/Transitions/IStateTransitionWidget.cs using Guid(1b9a6728ed0414076b5bd0a744bb8b21) Importer(2089858483,b0f066a214c2f5e87bad3c948f4d605d) (ScriptedImporter) -> (artifact id: 'c49ef84f3a0a29750f730e054ca0ffbc') in 0.005021 seconds
Number of updated asset objects reloaded before import = 0Number of asset objects unloaded after import = 0

========================================================================
Received Import Request.
  Time since last request: 0.000021 seconds.
  path: Packages/com.unity.visualscripting/Editor/VisualScripting.Core/Products/ProductContainer.cs
  artifactKey: Guid(4ac6c49828f594127a174e9ebb132050) Importer(2089858483,b0f066a214c2f5e87bad3c948f4d605d)
Start importing Packages/com.unity.visualscripting/Editor/VisualScripting.Core/Products/ProductContainer.cs using Guid(4ac6c49828f594127a174e9ebb132050) Importer(2089858483,b0f066a214c2f5e87bad3c948f4d605d) (ScriptedImporter) -> (artifact id: 'eb34fc8b3aaa89ab7d5f08be27aaac9a') in 0.0047665 seconds
Number of updated asset objects reloaded before import = 0Number of asset objects unloaded after import = 0

========================================================================
Received Import Request.
  Time since last request: 0.000033 seconds.
  path: Packages/com.unity.visualscripting/Runtime/VisualScripting.Core/Collections/VariantCollection.cs
  artifactKey: Guid(151f0a13a53cb44ae83db5361508f233) Importer(2089858483,b0f066a214c2f5e87bad3c948f4d605d)
Start importing Packages/com.unity.visualscripting/Runtime/VisualScripting.Core/Collections/VariantCollection.cs using Guid(151f0a13a53cb44ae83db5361508f233) Importer(2089858483,b0f066a214c2f5e87bad3c948f4d605d) (ScriptedImporter) -> (artifact id: 'edbc245908f652e100e1dddfa0800f77') in 0.0049131 seconds
Number of updated asset objects reloaded before import = 0Number of asset objects unloaded after import = 0

========================================================================
Received Import Request.
  Time since last request: 0.000022 seconds.
  path: Packages/com.unity.visualscripting/Editor/VisualScripting.Core/Plugins/ProjectSettingAttribute.cs
  artifactKey: Guid(1e02b1481079d4cb19c4662c04961330) Importer(2089858483,b0f066a214c2f5e87bad3c948f4d605d)
Start importing Packages/com.unity.visualscripting/Editor/VisualScripting.Core/Plugins/ProjectSettingAttribute.cs using Guid(1e02b1481079d4cb19c4662c04961330) Importer(2089858483,b0f066a214c2f5e87bad3c948f4d605d) (ScriptedImporter) -> (artifact id: '38eb9cc7365918e132113063cb4a7346') in 0.0055249 seconds
Number of updated asset objects reloaded before import = 0Number of asset objects unloaded after import = 0

========================================================================
Received Import Request.
  Time since last request: 0.000021 seconds.
  path: Packages/com.unity.visualscripting/Editor/VisualScripting.State/Flow/StateUnitDescriptor.cs
  artifactKey: Guid(19529b57382684562940e410a8b7e385) Importer(2089858483,b0f066a214c2f5e87bad3c948f4d605d)
Start importing Packages/com.unity.visualscripting/Editor/VisualScripting.State/Flow/StateUnitDescriptor.cs using Guid(19529b57382684562940e410a8b7e385) Importer(2089858483,b0f066a214c2f5e87bad3c948f4d605d) (ScriptedImporter) -> (artifact id: 'd64d7cce8216a271c74c03d53441ccfd') in 0.0054703 seconds
Number of updated asset objects reloaded before import = 0Number of asset objects unloaded after import = 0

========================================================================
Received Import Request.
  Time since last request: 0.000018 seconds.
  path: Packages/com.unity.visualscripting/Editor/VisualScripting.Core/Utilities/PluginPaths.cs
  artifactKey: Guid(07e4cb113112e4eafae0c4744db6bf58) Importer(2089858483,b0f066a214c2f5e87bad3c948f4d605d)
Start importing Packages/com.unity.visualscripting/Editor/VisualScripting.Core/Utilities/PluginPaths.cs using Guid(07e4cb113112e4eafae0c4744db6bf58) Importer(2089858483,b0f066a214c2f5e87bad3c948f4d605d) (ScriptedImporter) -> (artifact id: 'ca8189380af1e396436afd261fe0ba1e') in 0.0065045 seconds
Number of updated asset objects reloaded before import = 0Number of asset objects unloaded after import = 0

========================================================================
Received Import Request.
  Time since last request: 0.000024 seconds.
  path: Packages/com.unity.visualscripting/Editor/VisualScripting.Flow/Ports/ValueInputWidget.cs
  artifactKey: Guid(6de90288101284c5891d285c63d67c40) Importer(2089858483,b0f066a214c2f5e87bad3c948f4d605d)
Start importing Packages/com.unity.visualscripting/Editor/VisualScripting.Flow/Ports/ValueInputWidget.cs using Guid(6de90288101284c5891d285c63d67c40) Importer(2089858483,b0f066a214c2f5e87bad3c948f4d605d) (ScriptedImporter) -> (artifact id: 'b715976ee00677aaaf2767ef8565dbab') in 0.0056849 seconds
Number of updated asset objects reloaded before import = 0Number of asset objects unloaded after import = 0

========================================================================
Received Import Request.
  Time since last request: 0.000027 seconds.
  path: Packages/com.unity.visualscripting/Editor/VisualScripting.Core/Utilities/IconExportUtility.cs
  artifactKey: Guid(d9aea907f0f6947988c544634a03161c) Importer(2089858483,b0f066a214c2f5e87bad3c948f4d605d)
Start importing Packages/com.unity.visualscripting/Editor/VisualScripting.Core/Utilities/IconExportUtility.cs using Guid(d9aea907f0f6947988c544634a03161c) Importer(2089858483,b0f066a214c2f5e87bad3c948f4d605d) (ScriptedImporter) -> (artifact id: '76dce710d0f8d692a2f7089e91477994') in 0.0055743 seconds
Number of updated asset objects reloaded before import = 0Number of asset objects unloaded after import = 0

========================================================================
Received Import Request.
  Time since last request: 0.000023 seconds.
  path: Packages/com.unity.visualscripting/Runtime/VisualScripting.Core/Connections/InvalidConnectionException.cs
  artifactKey: Guid(8dc2791b3a1a24557addbdc57a45b5bd) Importer(2089858483,b0f066a214c2f5e87bad3c948f4d605d)
Start importing Packages/com.unity.visualscripting/Runtime/VisualScripting.Core/Connections/InvalidConnectionException.cs using Guid(8dc2791b3a1a24557addbdc57a45b5bd) Importer(2089858483,b0f066a214c2f5e87bad3c948f4d605d) (ScriptedImporter) -> (artifact id: '7cd749d9824dc294cf1e2cec26bf8e9b') in 0.0058136 seconds
Number of updated asset objects reloaded before import = 0Number of asset objects unloaded after import = 0

========================================================================
Received Import Request.
  Time since last request: 0.000022 seconds.
  path: Packages/com.unity.visualscripting/Editor/VisualScripting.State/States/NesterStateAnalyser.cs
  artifactKey: Guid(2bca8b8e70d8942bc9e0bed5eddf855d) Importer(2089858483,b0f066a214c2f5e87bad3c948f4d605d)
Start importing Packages/com.unity.visualscripting/Editor/VisualScripting.State/States/NesterStateAnalyser.cs using Guid(2bca8b8e70d8942bc9e0bed5eddf855d) Importer(2089858483,b0f066a214c2f5e87bad3c948f4d605d) (ScriptedImporter) -> (artifact id: '21defa2440f13e47d0a10e9a450b84da') in 0.0061324 seconds
Number of updated asset objects reloaded before import = 0Number of asset objects unloaded after import = 0

========================================================================
Received Import Request.
  Time since last request: 0.000021 seconds.
  path: Packages/com.unity.visualscripting/Runtime/VisualScripting.Core/Collections/AotList.cs
  artifactKey: Guid(a8adccab0e6b44bfa9204ceaad999770) Importer(2089858483,b0f066a214c2f5e87bad3c948f4d605d)
Start importing Packages/com.unity.visualscripting/Runtime/VisualScripting.Core/Collections/AotList.cs using Guid(a8adccab0e6b44bfa9204ceaad999770) Importer(2089858483,b0f066a214c2f5e87bad3c948f4d605d) (ScriptedImporter) -> (artifact id: 'c01b20287fcd7c5dcfdd7e5dc4eaa59f') in 0.0050481 seconds
Number of updated asset objects reloaded before import = 0Number of asset objects unloaded after import = 0

========================================================================
Received Import Request.
  Time since last request: 0.000023 seconds.
  path: Packages/com.unity.visualscripting/Editor/VisualScripting.State/Transitions/StateTransitionAnalyser.cs
  artifactKey: Guid(4666c372b28594071897c42f3fd2f47e) Importer(2089858483,b0f066a214c2f5e87bad3c948f4d605d)
Start importing Packages/com.unity.visualscripting/Editor/VisualScripting.State/Transitions/StateTransitionAnalyser.cs using Guid(4666c372b28594071897c42f3fd2f47e) Importer(2089858483,b0f066a214c2f5e87bad3c948f4d605d) (ScriptedImporter) -> (artifact id: '3c7db2d76a9530c693baac6f44459e75') in 0.0054397 seconds
Number of updated asset objects reloaded before import = 0Number of asset objects unloaded after import = 0

========================================================================
Received Import Request.
  Time since last request: 0.000031 seconds.
  path: Packages/com.unity.visualscripting/Editor/VisualScripting.Core/Plugins/PluginConfiguration.cs
  artifactKey: Guid(e8986ffc2691f4d7f8b872af4eb0cf9b) Importer(2089858483,b0f066a214c2f5e87bad3c948f4d605d)
Start importing Packages/com.unity.visualscripting/Editor/VisualScripting.Core/Plugins/PluginConfiguration.cs using Guid(e8986ffc2691f4d7f8b872af4eb0cf9b) Importer(2089858483,b0f066a214c2f5e87bad3c948f4d605d) (ScriptedImporter) -> (artifact id: '755839dfe772848f56c315fb48848d09') in 0.0051537 seconds
Number of updated asset objects reloaded before import = 0Number of asset objects unloaded after import = 0

========================================================================
Received Import Request.
  Time since last request: 0.000022 seconds.
  path: Packages/com.unity.visualscripting/Runtime/VisualScripting.Core/Ensure/EnsureThat.Objects.cs
  artifactKey: Guid(70acbb54bf0a6479783112a15ebb1e24) Importer(2089858483,b0f066a214c2f5e87bad3c948f4d605d)
Start importing Packages/com.unity.visualscripting/Runtime/VisualScripting.Core/Ensure/EnsureThat.Objects.cs using Guid(70acbb54bf0a6479783112a15ebb1e24) Importer(2089858483,b0f066a214c2f5e87bad3c948f4d605d) (ScriptedImporter) -> (artifact id: 'cc885c8281c67deb309623ade90934e8') in 0.0051479 seconds
Number of updated asset objects reloaded before import = 0Number of asset objects unloaded after import = 0

========================================================================
Received Import Request.
  Time since last request: 0.000018 seconds.
  path: Packages/com.unity.visualscripting/Runtime/VisualScripting.Core/Collections/VariantKeyedCollection.cs
  artifactKey: Guid(9e147a4fe5cb14a9cb1eae8b8c321dc0) Importer(2089858483,b0f066a214c2f5e87bad3c948f4d605d)
Start importing Packages/com.unity.visualscripting/Runtime/VisualScripting.Core/Collections/VariantKeyedCollection.cs using Guid(9e147a4fe5cb14a9cb1eae8b8c321dc0) Importer(2089858483,b0f066a214c2f5e87bad3c948f4d605d) (ScriptedImporter) -> (artifact id: 'd6f6308c7f6c0c26f41053983154a3c1') in 0.0047357 seconds
Number of updated asset objects reloaded before import = 0Number of asset objects unloaded after import = 0

========================================================================
Received Import Request.
  Time since last request: 0.000025 seconds.
  path: Packages/com.unity.visualscripting/Editor/VisualScripting.Core/Serialization/MovedFromAttributeExtensions.cs
  artifactKey: Guid(2990b49fcb084b638368e29921da7dd7) Importer(2089858483,b0f066a214c2f5e87bad3c948f4d605d)
Start importing Packages/com.unity.visualscripting/Editor/VisualScripting.Core/Serialization/MovedFromAttributeExtensions.cs using Guid(2990b49fcb084b638368e29921da7dd7) Importer(2089858483,b0f066a214c2f5e87bad3c948f4d605d) (ScriptedImporter) -> (artifact id: '09081bbac47fc1e141cf2864167f0a2d') in 0.006174 seconds
Number of updated asset objects reloaded before import = 0Number of asset objects unloaded after import = 0

========================================================================
Received Import Request.
  Time since last request: 0.000026 seconds.
  path: Packages/com.unity.visualscripting/Runtime/VisualScripting.Core/Collections/DebugDictionary.cs
  artifactKey: Guid(41ca2a75f36964ef7a3a443f34ba6874) Importer(2089858483,b0f066a214c2f5e87bad3c948f4d605d)
Start importing Packages/com.unity.visualscripting/Runtime/VisualScripting.Core/Collections/DebugDictionary.cs using Guid(41ca2a75f36964ef7a3a443f34ba6874) Importer(2089858483,b0f066a214c2f5e87bad3c948f4d605d) (ScriptedImporter) -> (artifact id: '212967f26dacb007a1a0c1bc78d6d01f') in 0.0054434 seconds
Number of updated asset objects reloaded before import = 0Number of asset objects unloaded after import = 0

========================================================================
Received Import Request.
  Time since last request: 0.000031 seconds.
  path: Packages/com.unity.visualscripting/Editor/VisualScripting.State/Transitions/StateTransitionEditor.cs
  artifactKey: Guid(9d4e73ed999c34cb3ae93178fcb08712) Importer(2089858483,b0f066a214c2f5e87bad3c948f4d605d)
Start importing Packages/com.unity.visualscripting/Editor/VisualScripting.State/Transitions/StateTransitionEditor.cs using Guid(9d4e73ed999c34cb3ae93178fcb08712) Importer(2089858483,b0f066a214c2f5e87bad3c948f4d605d) (ScriptedImporter) -> (artifact id: 'f6aa335c492c2b62dfcccaac01444df9') in 0.0046049 seconds
Number of updated asset objects reloaded before import = 0Number of asset objects unloaded after import = 0

========================================================================
Received Import Request.
  Time since last request: 0.000021 seconds.
  path: Packages/com.unity.visualscripting/Editor/VisualScripting.Core/Utilities/Clipboard.cs
  artifactKey: Guid(a726a3ba28c3d49db99c54463ccdf7f9) Importer(2089858483,b0f066a214c2f5e87bad3c948f4d605d)
Start importing Packages/com.unity.visualscripting/Editor/VisualScripting.Core/Utilities/Clipboard.cs using Guid(a726a3ba28c3d49db99c54463ccdf7f9) Importer(2089858483,b0f066a214c2f5e87bad3c948f4d605d) (ScriptedImporter) -> (artifact id: '7861afe0172cee11295f219113477d42') in 0.0050121 seconds
Number of updated asset objects reloaded before import = 0Number of asset objects unloaded after import = 0

========================================================================
Received Import Request.
  Time since last request: 0.000017 seconds.
  path: Packages/com.unity.visualscripting/Editor/VisualScripting.Core/Products/Product.cs
  artifactKey: Guid(b3f8be1d5379c4d059d88a709145ec48) Importer(2089858483,b0f066a214c2f5e87bad3c948f4d605d)
Start importing Packages/com.unity.visualscripting/Editor/VisualScripting.Core/Products/Product.cs using Guid(b3f8be1d5379c4d059d88a709145ec48) Importer(2089858483,b0f066a214c2f5e87bad3c948f4d605d) (ScriptedImporter) -> (artifact id: 'f191b3900c3c59f50609ae6713cef7e7') in 0.0045907 seconds
Number of updated asset objects reloaded before import = 0Number of asset objects unloaded after import = 0

========================================================================
Received Import Request.
  Time since last request: 0.000019 seconds.
  path: Packages/com.unity.visualscripting/Editor/VisualScripting.Core/Plugins/PluginMigration.cs
  artifactKey: Guid(cab31d2af46be49abbe487999616bb68) Importer(2089858483,b0f066a214c2f5e87bad3c948f4d605d)
Start importing Packages/com.unity.visualscripting/Editor/VisualScripting.Core/Plugins/PluginMigration.cs using Guid(cab31d2af46be49abbe487999616bb68) Importer(2089858483,b0f066a214c2f5e87bad3c948f4d605d) (ScriptedImporter) -> (artifact id: '8cf8f3b54551e5a9d00b39652daa1511') in 0.0044822 seconds
Number of updated asset objects reloaded before import = 0Number of asset objects unloaded after import = 0

========================================================================
Received Import Request.
  Time since last request: 0.000024 seconds.
  path: Packages/com.unity.visualscripting/Editor/VisualScripting.State/Transitions/NesterStateTransitionEditor.cs
  artifactKey: Guid(55db6890417fe448f800580347902eea) Importer(2089858483,b0f066a214c2f5e87bad3c948f4d605d)
Start importing Packages/com.unity.visualscripting/Editor/VisualScripting.State/Transitions/NesterStateTransitionEditor.cs using Guid(55db6890417fe448f800580347902eea) Importer(2089858483,b0f066a214c2f5e87bad3c948f4d605d) (ScriptedImporter) -> (artifact id: '5ee42fd7624284e96a73b4f386fdf0e9') in 0.0046959 seconds
Number of updated asset objects reloaded before import = 0Number of asset objects unloaded after import = 0

========================================================================
Received Import Request.
  Time since last request: 0.000036 seconds.
  path: Packages/com.unity.visualscripting/Runtime/VisualScripting.Core/EditorBinding/Typeset.cs
  artifactKey: Guid(247e67bb172ec4f9ca3abe6ad0f6057c) Importer(2089858483,b0f066a214c2f5e87bad3c948f4d605d)
Start importing Packages/com.unity.visualscripting/Runtime/VisualScripting.Core/EditorBinding/Typeset.cs using Guid(247e67bb172ec4f9ca3abe6ad0f6057c) Importer(2089858483,b0f066a214c2f5e87bad3c948f4d605d) (ScriptedImporter) -> (artifact id: '11ef1f96605386cb9cd8adfe70edf4aa') in 0.0044845 seconds
Number of updated asset objects reloaded before import = 0Number of asset objects unloaded after import = 0

========================================================================
Received Import Request.
  Time since last request: 0.000024 seconds.
  path: Packages/com.unity.visualscripting/Runtime/VisualScripting.Core/Collections/FlexibleDictionary.cs
  artifactKey: Guid(0f23d5c6cf81d46a99f18c2f734bdccc) Importer(2089858483,b0f066a214c2f5e87bad3c948f4d605d)
Start importing Packages/com.unity.visualscripting/Runtime/VisualScripting.Core/Collections/FlexibleDictionary.cs using Guid(0f23d5c6cf81d46a99f18c2f734bdccc) Importer(2089858483,b0f066a214c2f5e87bad3c948f4d605d) (ScriptedImporter) -> (artifact id: 'c670dd3c95e4bce679fe5de6f05b49d0') in 0.0045095 seconds
Number of updated asset objects reloaded before import = 0Number of asset objects unloaded after import = 0

========================================================================
Received Import Request.
  Time since last request: 0.000023 seconds.
  path: Packages/com.unity.visualscripting/Editor/VisualScripting.Core/Variables/InspectorVariableFieldAttributeInspector.cs
  artifactKey: Guid(43746e2a6e81344ba86a06279af5647c) Importer(2089858483,b0f066a214c2f5e87bad3c948f4d605d)
Start importing Packages/com.unity.visualscripting/Editor/VisualScripting.Core/Variables/InspectorVariableFieldAttributeInspector.cs using Guid(43746e2a6e81344ba86a06279af5647c) Importer(2089858483,b0f066a214c2f5e87bad3c948f4d605d) (ScriptedImporter) -> (artifact id: 'e79af1900d3a59fbfad84c320e0dda36') in 0.0048952 seconds
Number of updated asset objects reloaded before import = 0Number of asset objects unloaded after import = 0

========================================================================
Received Import Request.
  Time since last request: 0.000019 seconds.
  path: Packages/com.unity.visualscripting/Editor/VisualScripting.State/States/SuperStateEditor.cs
  artifactKey: Guid(14623fc883ca546f2af2de01ae7a8590) Importer(2089858483,b0f066a214c2f5e87bad3c948f4d605d)
Start importing Packages/com.unity.visualscripting/Editor/VisualScripting.State/States/SuperStateEditor.cs using Guid(14623fc883ca546f2af2de01ae7a8590) Importer(2089858483,b0f066a214c2f5e87bad3c948f4d605d) (ScriptedImporter) -> (artifact id: 'b5385c1a6119ed4f7f05df04599d8b49') in 0.0050439 seconds
Number of updated asset objects reloaded before import = 0Number of asset objects unloaded after import = 0

========================================================================
Received Import Request.
  Time since last request: 0.000027 seconds.
  path: Packages/com.unity.inputsystem/InputSystem/Editor/Icons/Button.png
  artifactKey: Guid(2a5d0a7febdc741039abf135883517e5) Importer(2089858483,b0f066a214c2f5e87bad3c948f4d605d)
Start importing Packages/com.unity.inputsystem/InputSystem/Editor/Icons/Button.png using Guid(2a5d0a7febdc741039abf135883517e5) Importer(2089858483,b0f066a214c2f5e87bad3c948f4d605d) (ScriptedImporter) -> (artifact id: 'cabcc34764b952c100b16c52ddfad0d9') in 0.0115977 seconds
Number of updated asset objects reloaded before import = 0Number of asset objects unloaded after import = 1

========================================================================
Received Import Request.
  Time since last request: 0.000026 seconds.
  path: Packages/com.unity.multiplayer.center/Editor/Questionnaire/UserChoicesObject.cs
  artifactKey: Guid(18cde282a8d045bf9d245fdcfaa7271b) Importer(2089858483,b0f066a214c2f5e87bad3c948f4d605d)
Start importing Packages/com.unity.multiplayer.center/Editor/Questionnaire/UserChoicesObject.cs using Guid(18cde282a8d045bf9d245fdcfaa7271b) Importer(2089858483,b0f066a214c2f5e87bad3c948f4d605d) (ScriptedImporter) -> (artifact id: 'f18d8c3b0d448c7a3017ef2e8abb2e58') in 0.0043143 seconds
Number of updated asset objects reloaded before import = 0Number of asset objects unloaded after import = 0

========================================================================
Received Import Request.
  Time since last request: 0.000024 seconds.
  path: Packages/com.unity.visualscripting/Runtime/VisualScripting.Core/EditorBinding/TypeIconAttribute.cs
  artifactKey: Guid(29396242eef914c45b687518b316a792) Importer(2089858483,b0f066a214c2f5e87bad3c948f4d605d)
Start importing Packages/com.unity.visualscripting/Runtime/VisualScripting.Core/EditorBinding/TypeIconAttribute.cs using Guid(29396242eef914c45b687518b316a792) Importer(2089858483,b0f066a214c2f5e87bad3c948f4d605d) (ScriptedImporter) -> (artifact id: '876e1e031df0f88ee1c93891a94b72ba') in 0.0050941 seconds
Number of updated asset objects reloaded before import = 0Number of asset objects unloaded after import = 0

========================================================================
Received Import Request.
  Time since last request: 0.000023 seconds.
  path: Packages/com.unity.visualscripting/Editor/VisualScripting.State/Flow/FlowGraphContextStateExtension.cs
  artifactKey: Guid(7befbeb005f98497e828793e65d518c1) Importer(2089858483,b0f066a214c2f5e87bad3c948f4d605d)
Start importing Packages/com.unity.visualscripting/Editor/VisualScripting.State/Flow/FlowGraphContextStateExtension.cs using Guid(7befbeb005f98497e828793e65d518c1) Importer(2089858483,b0f066a214c2f5e87bad3c948f4d605d) (ScriptedImporter) -> (artifact id: '4b94ba190728e3ce684fa100b62c4293') in 0.005184 seconds
Number of updated asset objects reloaded before import = 0Number of asset objects unloaded after import = 0

========================================================================
Received Import Request.
  Time since last request: 0.000023 seconds.
  path: Packages/com.unity.visualscripting/Runtime/VisualScripting.Core/Events/EmptyEventArgs.cs
  artifactKey: Guid(6410b5472beb34ccca83003c8599382c) Importer(2089858483,b0f066a214c2f5e87bad3c948f4d605d)
Start importing Packages/com.unity.visualscripting/Runtime/VisualScripting.Core/Events/EmptyEventArgs.cs using Guid(6410b5472beb34ccca83003c8599382c) Importer(2089858483,b0f066a214c2f5e87bad3c948f4d605d) (ScriptedImporter) -> (artifact id: '0c07667da13f37b63c22d8a9819e57f4') in 0.0051861 seconds
Number of updated asset objects reloaded before import = 0Number of asset objects unloaded after import = 0

========================================================================
Received Import Request.
  Time since last request: 0.000019 seconds.
  path: Packages/com.unity.visualscripting/Editor/VisualScripting.Core/Inspection/Special/KeyValuePairInspector.cs
  artifactKey: Guid(2ca4b2a4ba6574f53918c97ff1b4c1bb) Importer(2089858483,b0f066a214c2f5e87bad3c948f4d605d)
Start importing Packages/com.unity.visualscripting/Editor/VisualScripting.Core/Inspection/Special/KeyValuePairInspector.cs using Guid(2ca4b2a4ba6574f53918c97ff1b4c1bb) Importer(2089858483,b0f066a214c2f5e87bad3c948f4d605d) (ScriptedImporter) -> (artifact id: '3a471f5937216d6e5124e4105ba2a540') in 0.0042311 seconds
Number of updated asset objects reloaded before import = 0Number of asset objects unloaded after import = 0

========================================================================
Received Import Request.
  Time since last request: 0.000026 seconds.
  path: Packages/com.unity.visualscripting/Editor/VisualScripting.Core/Inspection/Reflection/TypeInspector.cs
  artifactKey: Guid(e72cc3d4a262642778c0f3923db0245a) Importer(2089858483,b0f066a214c2f5e87bad3c948f4d605d)
Start importing Packages/com.unity.visualscripting/Editor/VisualScripting.Core/Inspection/Reflection/TypeInspector.cs using Guid(e72cc3d4a262642778c0f3923db0245a) Importer(2089858483,b0f066a214c2f5e87bad3c948f4d605d) (ScriptedImporter) -> (artifact id: '7c341d7396c645efc63738c0204c002d') in 0.0044855 seconds
Number of updated asset objects reloaded before import = 0Number of asset objects unloaded after import = 0

========================================================================
Received Import Request.
  Time since last request: 0.000018 seconds.
  path: Packages/com.unity.visualscripting/Runtime/VisualScripting.State/Units/SetStateGraph.cs
  artifactKey: Guid(6eabac67c01b547bf94947cd8b6b20cf) Importer(2089858483,b0f066a214c2f5e87bad3c948f4d605d)
Start importing Packages/com.unity.visualscripting/Runtime/VisualScripting.State/Units/SetStateGraph.cs using Guid(6eabac67c01b547bf94947cd8b6b20cf) Importer(2089858483,b0f066a214c2f5e87bad3c948f4d605d) (ScriptedImporter) -> (artifact id: '859b7cbd69ee2121d03a8dc270f6a289') in 0.0037082 seconds
Number of updated asset objects reloaded before import = 0Number of asset objects unloaded after import = 0

========================================================================
Received Prepare
Begin MonoManager ReloadAssembly
[Licensing::Client] Successfully resolved entitlement details
- Loaded All Assemblies, in  0.796 seconds
Refreshing native plugins compatible for Editor in 1.91 ms, found 4 plugins.
Native extension for iOS target not found
Native extension for WindowsStandalone target not found
Native extension for WebGL target not found
[Package Manager] Failed to launch server process. Reason: Unity was launched with the -noUpm command-line argument
[Package Manager] Unable to send message (not connected to server process).
[Package Manager] Cannot connect to Unity Package Manager local server
[Package Manager] Failed to launch server process. Reason: Unity was launched with the -noUpm command-line argument
[Package Manager] Unable to send message (not connected to server process).
[Package Manager] Cannot connect to Unity Package Manager local server
ScheduleIndexationOnStartup MainProcess:False IndexOnStartup:True
Mono: successfully reloaded assembly
- Finished resetting the current domain, in  0.668 seconds
Domain Reload Profiling: 1461ms
	BeginReloadAssembly (236ms)
		ExecutionOrderSort (0ms)
		DisableScriptedObjects (24ms)
		BackupInstance (0ms)
		ReleaseScriptingObjects (0ms)
		CreateAndSetChildDomain (65ms)
	RebuildCommonClasses (32ms)
	RebuildNativeTypeToScriptingClass (11ms)
	initialDomainReloadingComplete (33ms)
	LoadAllAssembliesAndSetupDomain (480ms)
		LoadAssemblies (375ms)
		RebuildTransferFunctionScriptingTraits (0ms)
		AnalyzeDomain (192ms)
			TypeCache.Refresh (8ms)
				TypeCache.ScanAssembly (0ms)
			BuildScriptInfoCaches (173ms)
			ResolveRequiredComponents (7ms)
	FinalizeReload (668ms)
		ReleaseScriptCaches (0ms)
		RebuildScriptCaches (0ms)
		SetupLoadedEditorAssemblies (496ms)
			LogAssemblyErrors (0ms)
			InitializePlatformSupportModulesInManaged (11ms)
			SetLoadedEditorAssemblies (5ms)
			BeforeProcessingInitializeOnLoad (135ms)
			ProcessInitializeOnLoadAttributes (279ms)
			ProcessInitializeOnLoadMethodAttributes (59ms)
			AfterProcessingInitializeOnLoad (7ms)
			EditorAssembliesLoaded (0ms)
		ExecutionOrderSort2 (0ms)
		AwakeInstancesAfterBackupRestoration (15ms)
Refreshing native plugins compatible for Editor in 1.85 ms, found 4 plugins.
Preloading 0 native plugins for Editor in 0.00 ms.
Unloading 16 Unused Serialized files (Serialized files now loaded: 0)
Unloading 6512 unused Assets / (4.5 MB). Loaded Objects now: 7378.
Memory consumption went from 180.3 MB to 175.8 MB.
Total: 9.361000 ms (FindLiveObjects: 0.811000 ms CreateObjectMapping: 0.895000 ms MarkObjects: 5.183900 ms  DeleteObjects: 2.470200 ms)

Prepare: number of updated asset objects reloaded= 0
========================================================================
Received Prepare
Begin MonoManager ReloadAssembly
- Loaded All Assemblies, in  0.798 seconds
Refreshing native plugins compatible for Editor in 1.91 ms, found 4 plugins.
Native extension for iOS target not found
Native extension for WindowsStandalone target not found
Native extension for WebGL target not found
[Package Manager] Failed to launch server process. Reason: Unity was launched with the -noUpm command-line argument
[Package Manager] Unable to send message (not connected to server process).
[Package Manager] Cannot connect to Unity Package Manager local server
[Package Manager] Failed to launch server process. Reason: Unity was launched with the -noUpm command-line argument
[Package Manager] Unable to send message (not connected to server process).
[Package Manager] Cannot connect to Unity Package Manager local server
ScheduleIndexationOnStartup MainProcess:False IndexOnStartup:True
Mono: successfully reloaded assembly
- Finished resetting the current domain, in  0.664 seconds
Domain Reload Profiling: 1456ms
	BeginReloadAssembly (195ms)
		ExecutionOrderSort (0ms)
		DisableScriptedObjects (5ms)
		BackupInstance (0ms)
		ReleaseScriptingObjects (0ms)
		CreateAndSetChildDomain (41ms)
	RebuildCommonClasses (33ms)
	RebuildNativeTypeToScriptingClass (11ms)
	initialDomainReloadingComplete (33ms)
	LoadAllAssembliesAndSetupDomain (520ms)
		LoadAssemblies (412ms)
		RebuildTransferFunctionScriptingTraits (0ms)
		AnalyzeDomain (202ms)
			TypeCache.Refresh (12ms)
				TypeCache.ScanAssembly (0ms)
			BuildScriptInfoCaches (178ms)
			ResolveRequiredComponents (6ms)
	FinalizeReload (665ms)
		ReleaseScriptCaches (0ms)
		RebuildScriptCaches (0ms)
		SetupLoadedEditorAssemblies (517ms)
			LogAssemblyErrors (0ms)
			InitializePlatformSupportModulesInManaged (9ms)
			SetLoadedEditorAssemblies (5ms)
			BeforeProcessingInitializeOnLoad (143ms)
			ProcessInitializeOnLoadAttributes (285ms)
			ProcessInitializeOnLoadMethodAttributes (67ms)
			AfterProcessingInitializeOnLoad (7ms)
			EditorAssembliesLoaded (0ms)
		ExecutionOrderSort2 (0ms)
		AwakeInstancesAfterBackupRestoration (16ms)
Refreshing native plugins compatible for Editor in 1.69 ms, found 4 plugins.
Preloading 0 native plugins for Editor in 0.00 ms.
Unloading 16 Unused Serialized files (Serialized files now loaded: 0)
Unloading 6512 unused Assets / (4.1 MB). Loaded Objects now: 7381.
Memory consumption went from 182.6 MB to 178.5 MB.
Total: 10.162600 ms (FindLiveObjects: 0.753600 ms CreateObjectMapping: 0.884900 ms MarkObjects: 5.925200 ms  DeleteObjects: 2.598000 ms)

Prepare: number of updated asset objects reloaded= 0
Editor requested this worker to shutdown with reason: Scaling down because of idle timeout
AssetImportWorker is now disconnected from the server
Process exiting
Exiting without the bug reporter. Application will terminate with return code 0