[Licensing::Module] Trying to connect to existing licensing client channel...
Built from '6000.3/staging' branch; Version is '6000.3.22f1 (1c726e1fb402) revision 1864302'; Using compiler version '194234433'; Build Type 'Release'
OS: 'Windows 11  (10.0.26200) Professional' Language: 'en' Physical Memory: 65447 MB
[Licensing::IpcConnector] Successfully connected to: "LicenseClient-finge" at "2026-09-04T03:53:23.003964Z"
BatchMode: 1, IsHumanControllingUs: 0, StartBugReporterOnCrash: 0, Is64bit: 1
System  architecture: x64
Process architecture: x64
Date: 2026-09-04T03:53:23Z

COMMAND LINE ARGUMENTS:
C:\Program Files\Unity\Hub\Editor\6000.3.22f1\Editor\Unity.exe
-adb2
-batchMode
-noUpm
-name
AssetImportWorker6
-projectPath
C:/Users/finge/OneDrive/Documents/Unity/The-Adventures-of-Organic-Green-Non-GMO-Quadrilateral-main
-logFile
Logs/AssetImportWorker6.log
-srvPort
17226
-parentPid
25220
-analyticsCloudUserId
20067347476411
-analyticsCloudProjectId
3be8e2df-b871-44b7-b6e6-52f57caf8acf
-analyticsLocalProjectId
1eb061af8fd5f7849937f7d6628a000d
-editorAnalyticsEnabled
1
-cbmEditorLicense
b52a59ac02f18f577f1932697603f49108bdb3e5
-cbmMachineId
b3DWQg0hQQ76W2b8Gj6u97/T1wU=
-licensingIpc
LicenseClient-finge
-job-worker-count
11
-background-job-worker-count
8
-gc-helper-count
1
-name
AssetImport
Successfully changed project path to: C:/Users/finge/OneDrive/Documents/Unity/The-Adventures-of-Organic-Green-Non-GMO-Quadrilateral-main
C:/Users/finge/OneDrive/Documents/Unity/The-Adventures-of-Organic-Green-Non-GMO-Quadrilateral-main
[UnityMemory] Configuration Parameters - Can be set up in boot.config
    "memorysetup-temp-allocator-size-nav-mesh-worker=65536"
    "memorysetup-temp-allocator-size-audio-worker=65536"
    "memorysetup-temp-allocator-size-gfx=262144"
    "memorysetup-allocator-temp-initial-block-size-main=262144"
    "memorysetup-allocator-temp-initial-block-size-worker=262144"
    "memorysetup-temp-allocator-size-background-worker=32768"
    "memorysetup-temp-allocator-size-job-worker=262144"
    "memorysetup-temp-allocator-size-preload-manager=33554432"
    "memorysetup-temp-allocator-size-gi-baking-worker=262144"
    "memorysetup-temp-allocator-size-gi-baking-worker=262144"
    "memorysetup-temp-allocator-size-gi-baking-worker=262144"
    "memorysetup-temp-allocator-size-gi-baking-worker=262144"
    "memorysetup-temp-allocator-size-gi-baking-worker=262144"
    "memorysetup-bucket-allocator-granularity=16"
    "memorysetup-bucket-allocator-bucket-count=8"
    "memorysetup-bucket-allocator-block-size=33554432"
    "memorysetup-bucket-allocator-block-count=8"
    "memorysetup-main-allocator-block-size=16777216"
    "memorysetup-thread-allocator-block-size=16777216"
    "memorysetup-gfx-main-allocator-block-size=16777216"
    "memorysetup-gfx-thread-allocator-block-size=16777216"
    "memorysetup-cache-allocator-block-size=4194304"
    "memorysetup-typetree-allocator-block-size=2097152"
    "memorysetup-profiler-bucket-allocator-granularity=16"
    "memorysetup-profiler-bucket-allocator-bucket-count=8"
    "memorysetup-profiler-bucket-allocator-block-size=33554432"
    "memorysetup-profiler-bucket-allocator-block-count=8"
    "memorysetup-profiler-allocator-block-size=16777216"
    "memorysetup-profiler-editor-allocator-block-size=1048576"
    "memorysetup-temp-allocator-size-main=16777216"
    "memorysetup-job-temp-allocator-block-size=2097152"
    "memorysetup-job-temp-allocator-block-size-background=1048576"
    "memorysetup-job-temp-allocator-reduction-small-platforms=262144"
    "memorysetup-temp-allocator-size-cloud-worker=32768"
Player connection [17412]  Target information:

Player connection [17412]  * "[IP] 172.20.10.10 [Port] 0 [Flags] 2 [Guid] 1042281484 [EditorId] 1042281484 [Version] 1048832 [Id] WindowsEditor(7,Zacharys-PC) [Debug] 1 [PackageName] WindowsEditor [ProjectName] Editor" 

Player connection [17412] Host joined multi-casting on [225.0.0.222:54997]...
Player connection [17412] Host joined alternative multi-casting on [225.0.0.222:34997]...
JobSystem: Creating JobQueue using job-worker-count value 11
Input System module state changed to: Initialized.
[Physics::Module] Initialized fallback backend.
[Physics::Module] Id: 0xdecafbad
Library Redirect Path: Library/
[Physics::Module] Selected backend.
[Physics::Module] Name: PhysX
[Physics::Module] Id: 0xf2b8ea05
[Physics::Module] SDK Version: 4.1.2
[Physics::Module] Integration Version: 1.0.0
[Physics::Module] Threading Mode: Multi-Threaded
Refreshing native plugins compatible for Editor in 4.50 ms, found 4 plugins.
Preloading 0 native plugins for Editor in 0.00 ms.
Initialize engine version: 6000.3.22f1 (1c726e1fb402)
[Subsystems] Discovering subsystems at path C:/Program Files/Unity/Hub/Editor/6000.3.22f1/Editor/Data/Resources/UnitySubsystems
[Subsystems] Discovering subsystems at path C:/Users/finge/OneDrive/Documents/Unity/The-Adventures-of-Organic-Green-Non-GMO-Quadrilateral-main/Assets
GfxDevice: creating device client; kGfxThreadingModeNonThreaded
d3d12: failed to query info queue interface (0x80004002).
Direct3D:
    Version:         Direct3D 12 [level 12.2]
    Renderer:        AMD Radeon RX 9060 XT (ID=0x7590)
    Vendor:          ATI
    VRAM:            16304 MB
    App VRAM Budget: 15459 MB
    Driver:          32.0.22042.14002
Initialize mono
Mono path[0] = 'C:/Program Files/Unity/Hub/Editor/6000.3.22f1/Editor/Data/Managed'
Mono path[1] = 'C:/Program Files/Unity/Hub/Editor/6000.3.22f1/Editor/Data/MonoBleedingEdge/lib/mono/unityjit-win32'
Mono config path = 'C:/Program Files/Unity/Hub/Editor/6000.3.22f1/Editor/Data/MonoBleedingEdge/etc'
Using monoOptions --debugger-agent=transport=dt_socket,embedding=1,server=y,suspend=n,address=127.0.0.1:56460
Begin MonoManager ReloadAssembly
Registering precompiled unity dll's ...
Register platform support module: C:/Program Files/Unity/Hub/Editor/6000.3.22f1/Editor/Data/PlaybackEngines/WebGLSupport/UnityEditor.WebGL.Extensions.dll
Register platform support module: C:/Program Files/Unity/Hub/Editor/6000.3.22f1/Editor/Data/PlaybackEngines/WindowsStandaloneSupport/UnityEditor.WindowsStandalone.Extensions.dll
[Licensing::Module] Licensing is not yet initialized.
[Licensing::Client] Error: HandshakeResponse reported an error:
	ResponseCode: 505
	ResponseStatus: Unsupported protocol version '1.18.1'.
[Licensing::Module] Error: Failed to handshake to channel: "LicenseClient-finge"
[Licensing::IpcConnector] LicenseClient-finge channel disconnected successfully.
[Licensing::IpcConnector] Successfully connected to: "LicenseClient-finge-6000.3.22" at "2026-09-04T03:53:25.0581754Z"
[Licensing::Client] Code 10 while verifying Licensing Client signature (process Id: 25584, path: "C:/Program Files/Unity/Hub/Editor/6000.3.22f1/Editor/Data/Resources/Licensing/Client/Unity.Licensing.Client.exe")
[Licensing::Module] LicensingClient has failed validation; ignoring
[Licensing::Client] Handshaking with LicensingClient:
  Version:                 1.18.1+9fbee8e
  Session Id:              05adde1d6f4849b489d7c6e803305b7a
  Correlation Id:          e792f06d7035df6ec57ba10a1486fc4f
  External correlation Id: 5802909887032824845
  Machine Id:              b3DWQg0hQQ76W2b8Gj6u97/T1wU=
[Licensing::Module] Successfully connected to LicensingClient on channel: "LicenseClient-finge-6000.3.22" (connect: 0.00s, validation: 0.00s, handshake: 0.01s)
[Licensing::IpcConnector] Successfully connected to: "LicenseClient-finge-6000.3.22-notifications" at "2026-09-04T03:53:25.067435Z"
[Licensing::Module] Licensing Background thread has ended after 2.06s
[Licensing::Module] Licensing is initialized (took 1.11s).
[Licensing::Client] Successfully resolved entitlement details
[Licensing::Module] License group:
  Id: 20067347476411-UnityPersXXXX
  Product: Unity Personal
  Type: Assigned
  Expiration: Unlimited
Register platform support module: C:/Program Files/Unity/Hub/Editor/6000.3.22f1/Editor/Data/PlaybackEngines/iOSSupport/UnityEditor.iOS.Extensions.dll
Registered in 1.113363 seconds.
- Loaded All Assemblies, in  1.533 seconds
[usbmuxd] Start listen thread
[usbmuxd] Listen thread started
[usbmuxd] Send listen message
Native extension for iOS target not found
Native extension for WindowsStandalone target not found
Native extension for WebGL target not found
Package Manager log level set to [2]
[Package Manager] Failed to launch server process. Reason: Unity was launched with the -noUpm command-line argument
[Package Manager] Unable to send message (not connected to server process).
[Package Manager] Cannot connect to Unity Package Manager local server
ScheduleIndexationOnStartup MainProcess:False IndexOnStartup:True
Mono: successfully reloaded assembly
- Finished resetting the current domain, in  0.386 seconds
Domain Reload Profiling: 1915ms
	BeginReloadAssembly (146ms)
		ExecutionOrderSort (0ms)
		DisableScriptedObjects (0ms)
		BackupInstance (0ms)
		ReleaseScriptingObjects (0ms)
		CreateAndSetChildDomain (1ms)
	RebuildCommonClasses (43ms)
	RebuildNativeTypeToScriptingClass (13ms)
	initialDomainReloadingComplete (1161ms)
	LoadAllAssembliesAndSetupDomain (165ms)
		LoadAssemblies (140ms)
		RebuildTransferFunctionScriptingTraits (0ms)
		AnalyzeDomain (161ms)
			TypeCache.Refresh (160ms)
				TypeCache.ScanAssembly (147ms)
			BuildScriptInfoCaches (0ms)
			ResolveRequiredComponents (1ms)
	FinalizeReload (386ms)
		ReleaseScriptCaches (0ms)
		RebuildScriptCaches (0ms)
		SetupLoadedEditorAssemblies (341ms)
			LogAssemblyErrors (0ms)
			InitializePlatformSupportModulesInManaged (61ms)
			SetLoadedEditorAssemblies (4ms)
			BeforeProcessingInitializeOnLoad (82ms)
			ProcessInitializeOnLoadAttributes (124ms)
			ProcessInitializeOnLoadMethodAttributes (70ms)
			AfterProcessingInitializeOnLoad (0ms)
			EditorAssembliesLoaded (0ms)
		ExecutionOrderSort2 (0ms)
		AwakeInstancesAfterBackupRestoration (0ms)
[Licensing::Client] Successfully resolved entitlement details
========================================================================
Worker process is ready to serve import requests
Import Worker Mode flag is 0x00
Begin MonoManager ReloadAssembly
- Loaded All Assemblies, in  0.919 seconds
Refreshing native plugins compatible for Editor in 1.82 ms, found 4 plugins.
Native extension for iOS target not found
Native extension for WindowsStandalone target not found
Native extension for WebGL target not found
[Package Manager] Failed to launch server process. Reason: Unity was launched with the -noUpm command-line argument
[Package Manager] Unable to send message (not connected to server process).
[Package Manager] Cannot connect to Unity Package Manager local server
Refreshing native plugins compatible for Editor in 1.78 ms, found 4 plugins.
[Package Manager] Failed to launch server process. Reason: Unity was launched with the -noUpm command-line argument
[Package Manager] Unable to send message (not connected to server process).
[Package Manager] Cannot connect to Unity Package Manager local server
ScheduleIndexationOnStartup MainProcess:False IndexOnStartup:True
Mono: successfully reloaded assembly
- Finished resetting the current domain, in  0.758 seconds
Domain Reload Profiling: 1667ms
	BeginReloadAssembly (181ms)
		ExecutionOrderSort (0ms)
		DisableScriptedObjects (6ms)
		BackupInstance (0ms)
		ReleaseScriptingObjects (0ms)
		CreateAndSetChildDomain (33ms)
	RebuildCommonClasses (39ms)
	RebuildNativeTypeToScriptingClass (12ms)
	initialDomainReloadingComplete (52ms)
	LoadAllAssembliesAndSetupDomain (623ms)
		LoadAssemblies (417ms)
		RebuildTransferFunctionScriptingTraits (0ms)
		AnalyzeDomain (306ms)
			TypeCache.Refresh (207ms)
				TypeCache.ScanAssembly (189ms)
			BuildScriptInfoCaches (88ms)
			ResolveRequiredComponents (7ms)
	FinalizeReload (759ms)
		ReleaseScriptCaches (0ms)
		RebuildScriptCaches (0ms)
		SetupLoadedEditorAssemblies (563ms)
			LogAssemblyErrors (0ms)
			InitializePlatformSupportModulesInManaged (8ms)
			SetLoadedEditorAssemblies (4ms)
			BeforeProcessingInitializeOnLoad (152ms)
			ProcessInitializeOnLoadAttributes (332ms)
			ProcessInitializeOnLoadMethodAttributes (59ms)
			AfterProcessingInitializeOnLoad (8ms)
			EditorAssembliesLoaded (0ms)
		ExecutionOrderSort2 (0ms)
		AwakeInstancesAfterBackupRestoration (7ms)
Launched and connected shader compiler UnityShaderCompiler.exe after 0.01 seconds
Refreshing native plugins compatible for Editor in 2.13 ms, found 4 plugins.
Preloading 0 native plugins for Editor in 0.00 ms.
Unloading 16 Unused Serialized files (Serialized files now loaded: 0)
Unloading 6516 unused Assets / (4.2 MB). Loaded Objects now: 7297.
Memory consumption went from 160.4 MB to 156.3 MB.
Total: 8.972900 ms (FindLiveObjects: 1.204400 ms CreateObjectMapping: 0.522500 ms MarkObjects: 5.120400 ms  DeleteObjects: 2.124600 ms)

========================================================================
Received Import Request.
  Time since last request: 12531.305977 seconds.
  path: Packages/com.unity.visualscripting/Editor/VisualScripting.Core/Widgets/IWidget.cs
  artifactKey: Guid(72db0f694a910471fb1e5559331bcc01) Importer(2089858483,b0f066a214c2f5e87bad3c948f4d605d)
Curl error 3: URL rejected: Malformed input to a URL function
Start importing Packages/com.unity.visualscripting/Editor/VisualScripting.Core/Widgets/IWidget.cs using Guid(72db0f694a910471fb1e5559331bcc01) Importer(2089858483,b0f066a214c2f5e87bad3c948f4d605d) (ScriptedImporter) -> (artifact id: '4d286b3ad700bf7b89cb226445bfd0f2') in 0.0716455 seconds
Number of updated asset objects reloaded before import = 0Number of asset objects unloaded after import = 0

========================================================================
Received Import Request.
  Time since last request: 0.000016 seconds.
  path: Packages/com.unity.inputsystem/InputSystem/Runtime/Plugins/Steam/SteamControllerType.cs
  artifactKey: Guid(7ffe30fd9a2d64031a59c21418fb2067) Importer(2089858483,b0f066a214c2f5e87bad3c948f4d605d)
Start importing Packages/com.unity.inputsystem/InputSystem/Runtime/Plugins/Steam/SteamControllerType.cs using Guid(7ffe30fd9a2d64031a59c21418fb2067) Importer(2089858483,b0f066a214c2f5e87bad3c948f4d605d) (ScriptedImporter) -> (artifact id: '314782e84690a5590f7704debb343da6') in 0.0037858 seconds
Number of updated asset objects reloaded before import = 0Number of asset objects unloaded after import = 0

========================================================================
Received Import Request.
  Time since last request: 0.000014 seconds.
  path: Packages/com.unity.visualscripting/Runtime/VisualScripting.Core/Exceptions/InvalidImplementationException.cs
  artifactKey: Guid(0a69171d7129543bf9453c8c22067cfe) Importer(2089858483,b0f066a214c2f5e87bad3c948f4d605d)
Start importing Packages/com.unity.visualscripting/Runtime/VisualScripting.Core/Exceptions/InvalidImplementationException.cs using Guid(0a69171d7129543bf9453c8c22067cfe) Importer(2089858483,b0f066a214c2f5e87bad3c948f4d605d) (ScriptedImporter) -> (artifact id: '976f84d5ce97e85bd062503cd285588c') in 0.0037475 seconds
Number of updated asset objects reloaded before import = 0Number of asset objects unloaded after import = 0

========================================================================
Received Import Request.
  Time since last request: 0.000017 seconds.
  path: Packages/com.unity.inputsystem/InputSystem/Editor/Icons/d_Button@2x.png
  artifactKey: Guid(0962795d1cafc460b9027de55b1c0a80) Importer(2089858483,b0f066a214c2f5e87bad3c948f4d605d)
Start importing Packages/com.unity.inputsystem/InputSystem/Editor/Icons/d_Button@2x.png using Guid(0962795d1cafc460b9027de55b1c0a80) Importer(2089858483,b0f066a214c2f5e87bad3c948f4d605d) (ScriptedImporter) -> (artifact id: '2c7ea41840d0b6ba8e76b84c3c984125') in 0.0420555 seconds
Number of updated asset objects reloaded before import = 0Number of asset objects unloaded after import = 1

========================================================================
Received Import Request.
  Time since last request: 0.000023 seconds.
  path: Packages/com.unity.visualscripting/Editor/VisualScripting.Flow/Units/IUnitWidget.cs
  artifactKey: Guid(a4f254763f3b04a1093c56f87e4ddd8b) Importer(2089858483,b0f066a214c2f5e87bad3c948f4d605d)
Start importing Packages/com.unity.visualscripting/Editor/VisualScripting.Flow/Units/IUnitWidget.cs using Guid(a4f254763f3b04a1093c56f87e4ddd8b) Importer(2089858483,b0f066a214c2f5e87bad3c948f4d605d) (ScriptedImporter) -> (artifact id: '51b14b77ca434254651a63a92a9e26bc') in 0.0038115 seconds
Number of updated asset objects reloaded before import = 0Number of asset objects unloaded after import = 0

========================================================================
Received Import Request.
  Time since last request: 0.000013 seconds.
  path: Packages/com.unity.visualscripting/Runtime/VisualScripting.Core/Collections/INotifiedCollectionItem.cs
  artifactKey: Guid(ca4bb37a65b7748358d2789431d7aa49) Importer(2089858483,b0f066a214c2f5e87bad3c948f4d605d)
Start importing Packages/com.unity.visualscripting/Runtime/VisualScripting.Core/Collections/INotifiedCollectionItem.cs using Guid(ca4bb37a65b7748358d2789431d7aa49) Importer(2089858483,b0f066a214c2f5e87bad3c948f4d605d) (ScriptedImporter) -> (artifact id: 'f5595de5f4aa8168092dd6a617cd7ae1') in 0.003702 seconds
Number of updated asset objects reloaded before import = 0Number of asset objects unloaded after import = 0

========================================================================
Received Import Request.
  Time since last request: 0.414826 seconds.
  path: Packages/com.unity.visualscripting/Runtime/VisualScripting.Core/Graphs/IGraphDebugData.cs
  artifactKey: Guid(dee62c9ee6b8b4c4fb371dd99b538497) Importer(2089858483,b0f066a214c2f5e87bad3c948f4d605d)
Start importing Packages/com.unity.visualscripting/Runtime/VisualScripting.Core/Graphs/IGraphDebugData.cs using Guid(dee62c9ee6b8b4c4fb371dd99b538497) Importer(2089858483,b0f066a214c2f5e87bad3c948f4d605d) (ScriptedImporter) -> (artifact id: '95f1019051e22939dab2b6004e234f77') in 0.0043897 seconds
Number of updated asset objects reloaded before import = 0Number of asset objects unloaded after import = 0

========================================================================
Received Import Request.
  Time since last request: 0.000015 seconds.
  path: Packages/com.unity.visualscripting/Editor/VisualScripting.Core/Inspection/Primitives/GuidInspector.cs
  artifactKey: Guid(0f4da94ec927b44be8e638afd6e368e0) Importer(2089858483,b0f066a214c2f5e87bad3c948f4d605d)
Start importing Packages/com.unity.visualscripting/Editor/VisualScripting.Core/Inspection/Primitives/GuidInspector.cs using Guid(0f4da94ec927b44be8e638afd6e368e0) Importer(2089858483,b0f066a214c2f5e87bad3c948f4d605d) (ScriptedImporter) -> (artifact id: '5a9df97179858cf9cb5529455f57c382') in 0.0037774 seconds
Number of updated asset objects reloaded before import = 0Number of asset objects unloaded after import = 0

========================================================================
Received Import Request.
  Time since last request: 0.000017 seconds.
  path: Packages/com.unity.visualscripting/Runtime/VisualScripting.Core/Reflection/TypeQualifier.cs
  artifactKey: Guid(dbd2d7f4ee9254367bd1b9f18f807872) Importer(2089858483,b0f066a214c2f5e87bad3c948f4d605d)
Start importing Packages/com.unity.visualscripting/Runtime/VisualScripting.Core/Reflection/TypeQualifier.cs using Guid(dbd2d7f4ee9254367bd1b9f18f807872) Importer(2089858483,b0f066a214c2f5e87bad3c948f4d605d) (ScriptedImporter) -> (artifact id: '9c2362cf567d00b530783bea75e0970d') in 0.0034047 seconds
Number of updated asset objects reloaded before import = 0Number of asset objects unloaded after import = 0

========================================================================
Received Import Request.
  Time since last request: 0.000019 seconds.
  path: Packages/com.unity.visualscripting/Runtime/VisualScripting.Core/Utilities/ExceptionUtility.cs
  artifactKey: Guid(7f804b6c44a294916b0052bae34a42b7) Importer(2089858483,b0f066a214c2f5e87bad3c948f4d605d)
Start importing Packages/com.unity.visualscripting/Runtime/VisualScripting.Core/Utilities/ExceptionUtility.cs using Guid(7f804b6c44a294916b0052bae34a42b7) Importer(2089858483,b0f066a214c2f5e87bad3c948f4d605d) (ScriptedImporter) -> (artifact id: '86b9a37f7259fa5116c29cbbc6df3369') in 0.0035799 seconds
Number of updated asset objects reloaded before import = 0Number of asset objects unloaded after import = 0

========================================================================
Received Import Request.
  Time since last request: 0.000029 seconds.
  path: Packages/com.unity.visualscripting/Runtime/VisualScripting.Core/Utilities/ReferenceCollector.cs
  artifactKey: Guid(6641aaf2964f14d2ca96abe794c52929) Importer(2089858483,b0f066a214c2f5e87bad3c948f4d605d)
Start importing Packages/com.unity.visualscripting/Runtime/VisualScripting.Core/Utilities/ReferenceCollector.cs using Guid(6641aaf2964f14d2ca96abe794c52929) Importer(2089858483,b0f066a214c2f5e87bad3c948f4d605d) (ScriptedImporter) -> (artifact id: '7e423809f1b4e4486a2f9cb98c79efd3') in 0.0036439 seconds
Number of updated asset objects reloaded before import = 0Number of asset objects unloaded after import = 0

========================================================================
Received Import Request.
  Time since last request: 0.000016 seconds.
  path: Packages/com.unity.visualscripting/Editor/VisualScripting.Core/Dependencies/ReorderableList/GenericListAdaptor.cs
  artifactKey: Guid(583f8d62eb8224fe1a46dcf200162006) Importer(2089858483,b0f066a214c2f5e87bad3c948f4d605d)
Start importing Packages/com.unity.visualscripting/Editor/VisualScripting.Core/Dependencies/ReorderableList/GenericListAdaptor.cs using Guid(583f8d62eb8224fe1a46dcf200162006) Importer(2089858483,b0f066a214c2f5e87bad3c948f4d605d) (ScriptedImporter) -> (artifact id: 'eb6e6abebddd8d6148d895600f60b85c') in 0.004643 seconds
Number of updated asset objects reloaded before import = 0Number of asset objects unloaded after import = 0

========================================================================
Received Import Request.
  Time since last request: 0.000013 seconds.
  path: Packages/com.unity.visualscripting/Runtime/VisualScripting.Flow/EditorBinding/SpecialUnitAttribute.cs
  artifactKey: Guid(b2a4736f47f7048e0babf1936b9f5ced) Importer(2089858483,b0f066a214c2f5e87bad3c948f4d605d)
Start importing Packages/com.unity.visualscripting/Runtime/VisualScripting.Flow/EditorBinding/SpecialUnitAttribute.cs using Guid(b2a4736f47f7048e0babf1936b9f5ced) Importer(2089858483,b0f066a214c2f5e87bad3c948f4d605d) (ScriptedImporter) -> (artifact id: '984257d2379838c134f1e1c019efc4c3') in 0.0037995 seconds
Number of updated asset objects reloaded before import = 0Number of asset objects unloaded after import = 0

========================================================================
Received Import Request.
  Time since last request: 0.000015 seconds.
  path: Packages/com.unity.visualscripting/Runtime/VisualScripting.Core/Serialization/DoNotSerializeAttribute.cs
  artifactKey: Guid(db30954ac2e284a7390463bc6ea7da20) Importer(2089858483,b0f066a214c2f5e87bad3c948f4d605d)
Start importing Packages/com.unity.visualscripting/Runtime/VisualScripting.Core/Serialization/DoNotSerializeAttribute.cs using Guid(db30954ac2e284a7390463bc6ea7da20) Importer(2089858483,b0f066a214c2f5e87bad3c948f4d605d) (ScriptedImporter) -> (artifact id: '5791df0dfc7d9d6249b98810a10d0f65') in 0.0038372 seconds
Number of updated asset objects reloaded before import = 0Number of asset objects unloaded after import = 0

========================================================================
Received Import Request.
  Time since last request: 0.000013 seconds.
  path: Packages/com.unity.visualscripting/Runtime/VisualScripting.Core/Unity/SceneSingleton.cs
  artifactKey: Guid(c2ec8389736ca49ecb53889bb7635509) Importer(2089858483,b0f066a214c2f5e87bad3c948f4d605d)
Start importing Packages/com.unity.visualscripting/Runtime/VisualScripting.Core/Unity/SceneSingleton.cs using Guid(c2ec8389736ca49ecb53889bb7635509) Importer(2089858483,b0f066a214c2f5e87bad3c948f4d605d) (ScriptedImporter) -> (artifact id: 'cbf5184adc26dedcd042641abf413d2d') in 0.0035969 seconds
Number of updated asset objects reloaded before import = 0Number of asset objects unloaded after import = 0

========================================================================
Received Import Request.
  Time since last request: 0.000018 seconds.
  path: Packages/com.unity.visualscripting/Runtime/VisualScripting.Core/Reflection/RenamedNamespaceAttribute.cs
  artifactKey: Guid(cff59857533d5d24aa05c01eaec1fa32) Importer(2089858483,b0f066a214c2f5e87bad3c948f4d605d)
Start importing Packages/com.unity.visualscripting/Runtime/VisualScripting.Core/Reflection/RenamedNamespaceAttribute.cs using Guid(cff59857533d5d24aa05c01eaec1fa32) Importer(2089858483,b0f066a214c2f5e87bad3c948f4d605d) (ScriptedImporter) -> (artifact id: '6f0fdbe539321805c21bf2c859382352') in 0.0033635 seconds
Number of updated asset objects reloaded before import = 0Number of asset objects unloaded after import = 0

========================================================================
Received Import Request.
  Time since last request: 0.000023 seconds.
  path: Packages/com.unity.visualscripting/Runtime/VisualScripting.State/Properties/AssemblyInfo.cs
  artifactKey: Guid(d1dd41397b69847bba137dfd15980ece) Importer(2089858483,b0f066a214c2f5e87bad3c948f4d605d)
Start importing Packages/com.unity.visualscripting/Runtime/VisualScripting.State/Properties/AssemblyInfo.cs using Guid(d1dd41397b69847bba137dfd15980ece) Importer(2089858483,b0f066a214c2f5e87bad3c948f4d605d) (ScriptedImporter) -> (artifact id: '296b4f738d0160b152b257389fc29165') in 0.0034603 seconds
Number of updated asset objects reloaded before import = 0Number of asset objects unloaded after import = 0

========================================================================
Received Import Request.
  Time since last request: 0.000014 seconds.
  path: Packages/com.unity.visualscripting/Runtime/VisualScripting.Core/Groups/GraphGroup.cs
  artifactKey: Guid(87438d372474e4790b98890ce73891c0) Importer(2089858483,b0f066a214c2f5e87bad3c948f4d605d)
Start importing Packages/com.unity.visualscripting/Runtime/VisualScripting.Core/Groups/GraphGroup.cs using Guid(87438d372474e4790b98890ce73891c0) Importer(2089858483,b0f066a214c2f5e87bad3c948f4d605d) (ScriptedImporter) -> (artifact id: '6e061cc151b0a9ed27931fc596568fc3') in 0.0037075 seconds
Number of updated asset objects reloaded before import = 0Number of asset objects unloaded after import = 0

========================================================================
Received Import Request.
  Time since last request: 0.000015 seconds.
  path: Packages/com.unity.visualscripting/Runtime/VisualScripting.State/Units/GetStateGraph.cs
  artifactKey: Guid(02340750a7dc34f77b5c1050bbc54f64) Importer(2089858483,b0f066a214c2f5e87bad3c948f4d605d)
Start importing Packages/com.unity.visualscripting/Runtime/VisualScripting.State/Units/GetStateGraph.cs using Guid(02340750a7dc34f77b5c1050bbc54f64) Importer(2089858483,b0f066a214c2f5e87bad3c948f4d605d) (ScriptedImporter) -> (artifact id: 'b2ab38b8b4b0909ad0f3077b4c1aad6b') in 0.0037944 seconds
Number of updated asset objects reloaded before import = 0Number of asset objects unloaded after import = 0

========================================================================
Received Import Request.
  Time since last request: 0.000015 seconds.
  path: Packages/com.unity.visualscripting/Runtime/VisualScripting.Core/Serialization/SerializationOperation.cs
  artifactKey: Guid(c3ff50e5514fb40fa967a7e53e3ca8ab) Importer(2089858483,b0f066a214c2f5e87bad3c948f4d605d)
Start importing Packages/com.unity.visualscripting/Runtime/VisualScripting.Core/Serialization/SerializationOperation.cs using Guid(c3ff50e5514fb40fa967a7e53e3ca8ab) Importer(2089858483,b0f066a214c2f5e87bad3c948f4d605d) (ScriptedImporter) -> (artifact id: '3c2134f78ee57373c4a2e04d25bf0a9c') in 0.0036947 seconds
Number of updated asset objects reloaded before import = 0Number of asset objects unloaded after import = 0

========================================================================
Received Import Request.
  Time since last request: 0.000015 seconds.
  path: Packages/com.unity.visualscripting/Runtime/VisualScripting.Core/Utilities/IInitializable.cs
  artifactKey: Guid(9d1ec6799af714a1aad300d02d85d3a1) Importer(2089858483,b0f066a214c2f5e87bad3c948f4d605d)
Start importing Packages/com.unity.visualscripting/Runtime/VisualScripting.Core/Utilities/IInitializable.cs using Guid(9d1ec6799af714a1aad300d02d85d3a1) Importer(2089858483,b0f066a214c2f5e87bad3c948f4d605d) (ScriptedImporter) -> (artifact id: '1853ce638e5c80f298f9eb1c1bca38e1') in 0.0035626 seconds
Number of updated asset objects reloaded before import = 0Number of asset objects unloaded after import = 0

========================================================================
Received Import Request.
  Time since last request: 0.000020 seconds.
  path: Packages/com.unity.visualscripting/Runtime/VisualScripting.Core/Listeners/AnimatorMessageListener.cs
  artifactKey: Guid(44142419377a54a888bc02a1d67e01f2) Importer(2089858483,b0f066a214c2f5e87bad3c948f4d605d)
Start importing Packages/com.unity.visualscripting/Runtime/VisualScripting.Core/Listeners/AnimatorMessageListener.cs using Guid(44142419377a54a888bc02a1d67e01f2) Importer(2089858483,b0f066a214c2f5e87bad3c948f4d605d) (ScriptedImporter) -> (artifact id: '0ee248c43aec0a7ad418c4de7d5a988b') in 0.0052305 seconds
Number of updated asset objects reloaded before import = 0Number of asset objects unloaded after import = 1

========================================================================
Received Import Request.
  Time since last request: 0.000024 seconds.
  path: Packages/com.unity.visualscripting/Editor/VisualScripting.Core/Dependencies/ReorderableList/IReorderableListDropTarget.cs
  artifactKey: Guid(23da87a1c9c7548268d5277908e99367) Importer(2089858483,b0f066a214c2f5e87bad3c948f4d605d)
Start importing Packages/com.unity.visualscripting/Editor/VisualScripting.Core/Dependencies/ReorderableList/IReorderableListDropTarget.cs using Guid(23da87a1c9c7548268d5277908e99367) Importer(2089858483,b0f066a214c2f5e87bad3c948f4d605d) (ScriptedImporter) -> (artifact id: '381fe13a251969c26fd12148e95dd793') in 0.0034927 seconds
Number of updated asset objects reloaded before import = 0Number of asset objects unloaded after import = 0

========================================================================
Received Import Request.
  Time since last request: 0.000014 seconds.
  path: Packages/com.unity.visualscripting/Runtime/VisualScripting.Flow/Ports/IUnitControlPort.cs
  artifactKey: Guid(9e785d5d13e7445c59a02007dd2d9880) Importer(2089858483,b0f066a214c2f5e87bad3c948f4d605d)
Start importing Packages/com.unity.visualscripting/Runtime/VisualScripting.Flow/Ports/IUnitControlPort.cs using Guid(9e785d5d13e7445c59a02007dd2d9880) Importer(2089858483,b0f066a214c2f5e87bad3c948f4d605d) (ScriptedImporter) -> (artifact id: '5a461b32bdf63c2dbe527e569be8ebe4') in 0.0039684 seconds
Number of updated asset objects reloaded before import = 0Number of asset objects unloaded after import = 0

========================================================================
Received Import Request.
  Time since last request: 0.000014 seconds.
  path: Packages/com.unity.visualscripting/Runtime/VisualScripting.Flow/Ports/ValueInput.cs
  artifactKey: Guid(007cbc9def94c40749ee3cfe2a0f9595) Importer(2089858483,b0f066a214c2f5e87bad3c948f4d605d)
Start importing Packages/com.unity.visualscripting/Runtime/VisualScripting.Flow/Ports/ValueInput.cs using Guid(007cbc9def94c40749ee3cfe2a0f9595) Importer(2089858483,b0f066a214c2f5e87bad3c948f4d605d) (ScriptedImporter) -> (artifact id: '3f73e967bf9f68cd95898a631a221cfa') in 0.0033466 seconds
Number of updated asset objects reloaded before import = 0Number of asset objects unloaded after import = 0

========================================================================
Received Import Request.
  Time since last request: 0.000015 seconds.
  path: Packages/com.unity.visualscripting/Runtime/VisualScripting.Core/Reflection/MemberInfoComparer.cs
  artifactKey: Guid(6096ca814afb241ae99e9042d996fd27) Importer(2089858483,b0f066a214c2f5e87bad3c948f4d605d)
Start importing Packages/com.unity.visualscripting/Runtime/VisualScripting.Core/Reflection/MemberInfoComparer.cs using Guid(6096ca814afb241ae99e9042d996fd27) Importer(2089858483,b0f066a214c2f5e87bad3c948f4d605d) (ScriptedImporter) -> (artifact id: '50498c45bc73be8d3d37b07bdde9bde2') in 0.0036253 seconds
Number of updated asset objects reloaded before import = 0Number of asset objects unloaded after import = 0

========================================================================
Received Import Request.
  Time since last request: 0.000015 seconds.
  path: Packages/com.unity.visualscripting/Runtime/VisualScripting.Core/Utilities/IIdentifiable.cs
  artifactKey: Guid(b0efdfbd6ee674288a50819c81f48320) Importer(2089858483,b0f066a214c2f5e87bad3c948f4d605d)
Start importing Packages/com.unity.visualscripting/Runtime/VisualScripting.Core/Utilities/IIdentifiable.cs using Guid(b0efdfbd6ee674288a50819c81f48320) Importer(2089858483,b0f066a214c2f5e87bad3c948f4d605d) (ScriptedImporter) -> (artifact id: 'e9e09fb319e48d7de792d87e8c44a911') in 0.0037188 seconds
Number of updated asset objects reloaded before import = 0Number of asset objects unloaded after import = 0

========================================================================
Received Import Request.
  Time since last request: 0.000017 seconds.
  path: Packages/com.unity.visualscripting/Editor/VisualScripting.Core/Inspection/Primitives/ByteInspector.cs
  artifactKey: Guid(4cd54a79dd8cb415290e0d02fc958989) Importer(2089858483,b0f066a214c2f5e87bad3c948f4d605d)
Start importing Packages/com.unity.visualscripting/Editor/VisualScripting.Core/Inspection/Primitives/ByteInspector.cs using Guid(4cd54a79dd8cb415290e0d02fc958989) Importer(2089858483,b0f066a214c2f5e87bad3c948f4d605d) (ScriptedImporter) -> (artifact id: '7e3b4b36067b12c1e78796c6089c8cc3') in 0.0035884 seconds
Number of updated asset objects reloaded before import = 0Number of asset objects unloaded after import = 0

========================================================================
Received Import Request.
  Time since last request: 0.000025 seconds.
  path: Packages/com.unity.visualscripting/Runtime/VisualScripting.Core/Unity/RequiresUnityAPIAttribute.cs
  artifactKey: Guid(0f2fa9a6dc08148cbad51c4e368c6a2f) Importer(2089858483,b0f066a214c2f5e87bad3c948f4d605d)
Start importing Packages/com.unity.visualscripting/Runtime/VisualScripting.Core/Unity/RequiresUnityAPIAttribute.cs using Guid(0f2fa9a6dc08148cbad51c4e368c6a2f) Importer(2089858483,b0f066a214c2f5e87bad3c948f4d605d) (ScriptedImporter) -> (artifact id: '00e5337d20117675d44052ede9bd72fc') in 0.0036085 seconds
Number of updated asset objects reloaded before import = 0Number of asset objects unloaded after import = 0

========================================================================
Received Import Request.
  Time since last request: 0.000013 seconds.
  path: Packages/com.unity.visualscripting/Editor/VisualScripting.Core/Dependencies/ReorderableList/ReorderableListGUI.cs
  artifactKey: Guid(7d3e2a18b9bb54141a07f1c5bb0bf698) Importer(2089858483,b0f066a214c2f5e87bad3c948f4d605d)
Start importing Packages/com.unity.visualscripting/Editor/VisualScripting.Core/Dependencies/ReorderableList/ReorderableListGUI.cs using Guid(7d3e2a18b9bb54141a07f1c5bb0bf698) Importer(2089858483,b0f066a214c2f5e87bad3c948f4d605d) (ScriptedImporter) -> (artifact id: '0dbf4cc3695892e0a1955c36635ca547') in 0.0042672 seconds
Number of updated asset objects reloaded before import = 0Number of asset objects unloaded after import = 0

========================================================================
Received Import Request.
  Time since last request: 0.000013 seconds.
  path: Packages/com.unity.visualscripting/Runtime/VisualScripting.Core/Reflection/Namespace.cs
  artifactKey: Guid(6e8a02b6685f943eebed45a65b807ab8) Importer(2089858483,b0f066a214c2f5e87bad3c948f4d605d)
Start importing Packages/com.unity.visualscripting/Runtime/VisualScripting.Core/Reflection/Namespace.cs using Guid(6e8a02b6685f943eebed45a65b807ab8) Importer(2089858483,b0f066a214c2f5e87bad3c948f4d605d) (ScriptedImporter) -> (artifact id: '01a1292aaa166a9a454eecabcac91645') in 0.0040062 seconds
Number of updated asset objects reloaded before import = 0Number of asset objects unloaded after import = 0

========================================================================
Received Import Request.
  Time since last request: 0.000013 seconds.
  path: Packages/com.unity.visualscripting/Runtime/VisualScripting.Core/Unity/Singleton.cs
  artifactKey: Guid(f45eb13c750f34cc497852f2312d5937) Importer(2089858483,b0f066a214c2f5e87bad3c948f4d605d)
Start importing Packages/com.unity.visualscripting/Runtime/VisualScripting.Core/Unity/Singleton.cs using Guid(f45eb13c750f34cc497852f2312d5937) Importer(2089858483,b0f066a214c2f5e87bad3c948f4d605d) (ScriptedImporter) -> (artifact id: '4dcccb974a0f3ad261205329b264d052') in 0.0040297 seconds
Number of updated asset objects reloaded before import = 0Number of asset objects unloaded after import = 0

========================================================================
Received Import Request.
  Time since last request: 0.000017 seconds.
  path: Packages/com.unity.visualscripting/Editor/VisualScripting.Core/Dependencies/ReorderableList/ReorderableListFlags.cs
  artifactKey: Guid(a42c30a36c1b94fb5a195f8db82a8f39) Importer(2089858483,b0f066a214c2f5e87bad3c948f4d605d)
Start importing Packages/com.unity.visualscripting/Editor/VisualScripting.Core/Dependencies/ReorderableList/ReorderableListFlags.cs using Guid(a42c30a36c1b94fb5a195f8db82a8f39) Importer(2089858483,b0f066a214c2f5e87bad3c948f4d605d) (ScriptedImporter) -> (artifact id: 'a9e86ebf6e0312efad9ca3b3ab8ed62c') in 0.0037338 seconds
Number of updated asset objects reloaded before import = 0Number of asset objects unloaded after import = 0

========================================================================
Received Import Request.
  Time since last request: 0.000019 seconds.
  path: Packages/com.unity.visualscripting/Runtime/VisualScripting.Core/Variables/InspectorVariableNameAttribute.cs
  artifactKey: Guid(b7ea96f808d5944a5994aab176a2809b) Importer(2089858483,b0f066a214c2f5e87bad3c948f4d605d)
Start importing Packages/com.unity.visualscripting/Runtime/VisualScripting.Core/Variables/InspectorVariableNameAttribute.cs using Guid(b7ea96f808d5944a5994aab176a2809b) Importer(2089858483,b0f066a214c2f5e87bad3c948f4d605d) (ScriptedImporter) -> (artifact id: '654d74cfc4f1128aaebd0e6fb7029adb') in 0.003671 seconds
Number of updated asset objects reloaded before import = 0Number of asset objects unloaded after import = 0

========================================================================
Received Import Request.
  Time since last request: 0.000024 seconds.
  path: Packages/com.unity.visualscripting/Runtime/VisualScripting.Core/Pooling/GenericPool.cs
  artifactKey: Guid(56ea34a1497c84735913b875ba6c54cf) Importer(2089858483,b0f066a214c2f5e87bad3c948f4d605d)
Start importing Packages/com.unity.visualscripting/Runtime/VisualScripting.Core/Pooling/GenericPool.cs using Guid(56ea34a1497c84735913b875ba6c54cf) Importer(2089858483,b0f066a214c2f5e87bad3c948f4d605d) (ScriptedImporter) -> (artifact id: '3ddb5ea70b90542f81758dba46429cc7') in 0.0032752 seconds
Number of updated asset objects reloaded before import = 0Number of asset objects unloaded after import = 0

========================================================================
Received Import Request.
  Time since last request: 0.000015 seconds.
  path: Packages/com.unity.visualscripting/Runtime/VisualScripting.Core/Serialization/SerializeAsAttribute.cs
  artifactKey: Guid(feefb3a9e4a2544e292f1f9a9c259bcb) Importer(2089858483,b0f066a214c2f5e87bad3c948f4d605d)
Start importing Packages/com.unity.visualscripting/Runtime/VisualScripting.Core/Serialization/SerializeAsAttribute.cs using Guid(feefb3a9e4a2544e292f1f9a9c259bcb) Importer(2089858483,b0f066a214c2f5e87bad3c948f4d605d) (ScriptedImporter) -> (artifact id: '3fb73c4d663c9d83cd2a53a2633b2441') in 0.0034627 seconds
Number of updated asset objects reloaded before import = 0Number of asset objects unloaded after import = 0

========================================================================
Received Import Request.
  Time since last request: 0.000016 seconds.
  path: Packages/com.unity.visualscripting/Runtime/VisualScripting.Core/Utilities/XColor.cs
  artifactKey: Guid(cc7b71435e995493f8881e16f854d1cf) Importer(2089858483,b0f066a214c2f5e87bad3c948f4d605d)
Start importing Packages/com.unity.visualscripting/Runtime/VisualScripting.Core/Utilities/XColor.cs using Guid(cc7b71435e995493f8881e16f854d1cf) Importer(2089858483,b0f066a214c2f5e87bad3c948f4d605d) (ScriptedImporter) -> (artifact id: '2d1fd14f5a85b0b7394d1ff8c28066c2') in 0.0036813 seconds
Number of updated asset objects reloaded before import = 0Number of asset objects unloaded after import = 0

========================================================================
Received Import Request.
  Time since last request: 0.000015 seconds.
  path: Packages/com.unity.visualscripting/Editor/VisualScripting.Core/Inspection/Primitives/FloatInspector.cs
  artifactKey: Guid(ba0f9ae46aac5470e8f6183ca6f2a4c0) Importer(2089858483,b0f066a214c2f5e87bad3c948f4d605d)
Start importing Packages/com.unity.visualscripting/Editor/VisualScripting.Core/Inspection/Primitives/FloatInspector.cs using Guid(ba0f9ae46aac5470e8f6183ca6f2a4c0) Importer(2089858483,b0f066a214c2f5e87bad3c948f4d605d) (ScriptedImporter) -> (artifact id: '4ed844c71ff9ab035ecc5d1d5350ce16') in 0.0055477 seconds
Number of updated asset objects reloaded before import = 0Number of asset objects unloaded after import = 0

========================================================================
Received Import Request.
  Time since last request: 0.000013 seconds.
  path: Packages/com.unity.visualscripting/Runtime/VisualScripting.Core/Reflection/TypeUtility.cs
  artifactKey: Guid(201917f07bb3e466db9940011e75d45d) Importer(2089858483,b0f066a214c2f5e87bad3c948f4d605d)
Start importing Packages/com.unity.visualscripting/Runtime/VisualScripting.Core/Reflection/TypeUtility.cs using Guid(201917f07bb3e466db9940011e75d45d) Importer(2089858483,b0f066a214c2f5e87bad3c948f4d605d) (ScriptedImporter) -> (artifact id: 'ec61b32292cfcc5cdd006ee15838231a') in 0.0033631 seconds
Number of updated asset objects reloaded before import = 0Number of asset objects unloaded after import = 0

========================================================================
Received Import Request.
  Time since last request: 1.400679 seconds.
  path: Packages/com.unity.visualscripting/Editor/VisualScripting.Core/Inspection/Primitives/ShortInspector.cs
  artifactKey: Guid(278da65f1d00a4bed9595c43b2dbd4c2) Importer(2089858483,b0f066a214c2f5e87bad3c948f4d605d)
Start importing Packages/com.unity.visualscripting/Editor/VisualScripting.Core/Inspection/Primitives/ShortInspector.cs using Guid(278da65f1d00a4bed9595c43b2dbd4c2) Importer(2089858483,b0f066a214c2f5e87bad3c948f4d605d) (ScriptedImporter) -> (artifact id: '9cc7cba624dc92f1ab140c5dcbbfe4fc') in 0.0041715 seconds
Number of updated asset objects reloaded before import = 0Number of asset objects unloaded after import = 0

========================================================================
Received Import Request.
  Time since last request: 0.000016 seconds.
  path: Packages/com.unity.visualscripting/Editor/VisualScripting.Flow/Plugin/Changelogs/Changelog_1_0_2.cs
  artifactKey: Guid(8c3e369ab33c043c0acbf12447f544dd) Importer(2089858483,b0f066a214c2f5e87bad3c948f4d605d)
Start importing Packages/com.unity.visualscripting/Editor/VisualScripting.Flow/Plugin/Changelogs/Changelog_1_0_2.cs using Guid(8c3e369ab33c043c0acbf12447f544dd) Importer(2089858483,b0f066a214c2f5e87bad3c948f4d605d) (ScriptedImporter) -> (artifact id: 'd2da9ca1ab887d438261d93c6d544e3a') in 0.0049989 seconds
Number of updated asset objects reloaded before import = 0Number of asset objects unloaded after import = 0

========================================================================
Received Import Request.
  Time since last request: 0.000018 seconds.
  path: Packages/com.unity.visualscripting/Editor/VisualScripting.Core/Windows/Sidebars/Sidebar.cs
  artifactKey: Guid(ed576ea9f3fa0475db169ddcb78de9be) Importer(2089858483,b0f066a214c2f5e87bad3c948f4d605d)
Start importing Packages/com.unity.visualscripting/Editor/VisualScripting.Core/Windows/Sidebars/Sidebar.cs using Guid(ed576ea9f3fa0475db169ddcb78de9be) Importer(2089858483,b0f066a214c2f5e87bad3c948f4d605d) (ScriptedImporter) -> (artifact id: '61133425fd95b0f19ae667308b1ddc06') in 0.0035769 seconds
Number of updated asset objects reloaded before import = 0Number of asset objects unloaded after import = 0

========================================================================
Received Import Request.
  Time since last request: 0.000013 seconds.
  path: Packages/com.unity.visualscripting/Editor/VisualScripting.Flow/Framework/Control/SwitchUnitDescriptor.cs
  artifactKey: Guid(7eb7fa2c8eaf44bdfa80d6353200c200) Importer(2089858483,b0f066a214c2f5e87bad3c948f4d605d)
Start importing Packages/com.unity.visualscripting/Editor/VisualScripting.Flow/Framework/Control/SwitchUnitDescriptor.cs using Guid(7eb7fa2c8eaf44bdfa80d6353200c200) Importer(2089858483,b0f066a214c2f5e87bad3c948f4d605d) (ScriptedImporter) -> (artifact id: '91713294451629b0f0374ba2c7e1f3c1') in 0.003781 seconds
Number of updated asset objects reloaded before import = 0Number of asset objects unloaded after import = 0

========================================================================
Received Import Request.
  Time since last request: 0.000014 seconds.
  path: Packages/com.unity.visualscripting/Editor/VisualScripting.Core/Plugin/Migrations/Migration_1_5_1_to_1_5_2.cs
  artifactKey: Guid(fb75f9128c3a4b74a80c5214f102ae4e) Importer(2089858483,b0f066a214c2f5e87bad3c948f4d605d)
Start importing Packages/com.unity.visualscripting/Editor/VisualScripting.Core/Plugin/Migrations/Migration_1_5_1_to_1_5_2.cs using Guid(fb75f9128c3a4b74a80c5214f102ae4e) Importer(2089858483,b0f066a214c2f5e87bad3c948f4d605d) (ScriptedImporter) -> (artifact id: '034b9e0dcb506851754e7852a963f7e4') in 0.0039546 seconds
Number of updated asset objects reloaded before import = 0Number of asset objects unloaded after import = 0

========================================================================
Received Import Request.
  Time since last request: 0.000013 seconds.
  path: Packages/com.unity.visualscripting/Editor/VisualScripting.Flow/Framework/Codebase/GetMemberDescriptor.cs
  artifactKey: Guid(c029e370a4c824cee82a576fb7ea9ce3) Importer(2089858483,b0f066a214c2f5e87bad3c948f4d605d)
Start importing Packages/com.unity.visualscripting/Editor/VisualScripting.Flow/Framework/Codebase/GetMemberDescriptor.cs using Guid(c029e370a4c824cee82a576fb7ea9ce3) Importer(2089858483,b0f066a214c2f5e87bad3c948f4d605d) (ScriptedImporter) -> (artifact id: '258cfdd4789e3970329a71ac2955f0d7') in 0.003973 seconds
Number of updated asset objects reloaded before import = 0Number of asset objects unloaded after import = 0

========================================================================
Received Import Request.
  Time since last request: 0.000013 seconds.
  path: Packages/com.unity.visualscripting/Editor/VisualScripting.Core/Plugin/Acknowledgements/Acknowledgement_DeepCopy.cs
  artifactKey: Guid(cb68dc0d8187e4dac9ae1d3b600b8c4c) Importer(2089858483,b0f066a214c2f5e87bad3c948f4d605d)
Start importing Packages/com.unity.visualscripting/Editor/VisualScripting.Core/Plugin/Acknowledgements/Acknowledgement_DeepCopy.cs using Guid(cb68dc0d8187e4dac9ae1d3b600b8c4c) Importer(2089858483,b0f066a214c2f5e87bad3c948f4d605d) (ScriptedImporter) -> (artifact id: '6358a5836d040e15a34d66d50a99c12f') in 0.0040349 seconds
Number of updated asset objects reloaded before import = 0Number of asset objects unloaded after import = 0

========================================================================
Received Import Request.
  Time since last request: 0.000016 seconds.
  path: Packages/com.unity.visualscripting/Editor/VisualScripting.Core/Inspection/Special/UnknownEditor.cs
  artifactKey: Guid(fcebcba8da742498884eebeee1413c17) Importer(2089858483,b0f066a214c2f5e87bad3c948f4d605d)
Start importing Packages/com.unity.visualscripting/Editor/VisualScripting.Core/Inspection/Special/UnknownEditor.cs using Guid(fcebcba8da742498884eebeee1413c17) Importer(2089858483,b0f066a214c2f5e87bad3c948f4d605d) (ScriptedImporter) -> (artifact id: 'a8cabcba6e05dcfa01c20ffcaf116c1b') in 0.0049405 seconds
Number of updated asset objects reloaded before import = 0Number of asset objects unloaded after import = 0

========================================================================
Received Import Request.
  Time since last request: 0.000020 seconds.
  path: Packages/com.unity.visualscripting/Editor/VisualScripting.Core/Interface/Icons/IconSize.cs
  artifactKey: Guid(c4e04ee1b2a064abfbdb4ab9e4b744ce) Importer(2089858483,b0f066a214c2f5e87bad3c948f4d605d)
Start importing Packages/com.unity.visualscripting/Editor/VisualScripting.Core/Interface/Icons/IconSize.cs using Guid(c4e04ee1b2a064abfbdb4ab9e4b744ce) Importer(2089858483,b0f066a214c2f5e87bad3c948f4d605d) (ScriptedImporter) -> (artifact id: '7a4d3d7e50bc3419410d240f50960bf4') in 0.0045833 seconds
Number of updated asset objects reloaded before import = 0Number of asset objects unloaded after import = 0

========================================================================
Received Import Request.
  Time since last request: 0.000016 seconds.
  path: Packages/com.unity.visualscripting/Editor/VisualScripting.Core/Interface/DragAndDrop/IDragAndDropHandler.cs
  artifactKey: Guid(fac855c584e6543fd9c9e5b09d9012a3) Importer(2089858483,b0f066a214c2f5e87bad3c948f4d605d)
Start importing Packages/com.unity.visualscripting/Editor/VisualScripting.Core/Interface/DragAndDrop/IDragAndDropHandler.cs using Guid(fac855c584e6543fd9c9e5b09d9012a3) Importer(2089858483,b0f066a214c2f5e87bad3c948f4d605d) (ScriptedImporter) -> (artifact id: '5ef0229d64bbe8b00e1889ede0ef5656') in 0.0040096 seconds
Number of updated asset objects reloaded before import = 0Number of asset objects unloaded after import = 0

========================================================================
Received Import Request.
  Time since last request: 0.000014 seconds.
  path: Packages/com.unity.visualscripting/Editor/VisualScripting.Core/Inspection/Unity/LayerMaskInspector.cs
  artifactKey: Guid(a28519bc652a74f2aa1b46beb5ceea14) Importer(2089858483,b0f066a214c2f5e87bad3c948f4d605d)
Start importing Packages/com.unity.visualscripting/Editor/VisualScripting.Core/Inspection/Unity/LayerMaskInspector.cs using Guid(a28519bc652a74f2aa1b46beb5ceea14) Importer(2089858483,b0f066a214c2f5e87bad3c948f4d605d) (ScriptedImporter) -> (artifact id: '329f5e192dc7c25a7c88b1696cf7e108') in 0.0038111 seconds
Number of updated asset objects reloaded before import = 0Number of asset objects unloaded after import = 0

========================================================================
Received Import Request.
  Time since last request: 0.000013 seconds.
  path: Packages/com.unity.visualscripting/Editor/VisualScripting.Flow/Framework/Nesting/NesterUnitOption.cs
  artifactKey: Guid(03ffbe4749f4844648417d734d61d520) Importer(2089858483,b0f066a214c2f5e87bad3c948f4d605d)
Start importing Packages/com.unity.visualscripting/Editor/VisualScripting.Flow/Framework/Nesting/NesterUnitOption.cs using Guid(03ffbe4749f4844648417d734d61d520) Importer(2089858483,b0f066a214c2f5e87bad3c948f4d605d) (ScriptedImporter) -> (artifact id: 'c857bd7e0b15f1106d03be09229b4159') in 0.0042639 seconds
Number of updated asset objects reloaded before import = 0Number of asset objects unloaded after import = 0

========================================================================
Received Import Request.
  Time since last request: 0.000013 seconds.
  path: Packages/com.unity.visualscripting/Editor/VisualScripting.Flow/Framework/Variables/UnifiedVariableUnitWidget.cs
  artifactKey: Guid(b586d76e38d834ff69f0f2ebb64cb0d0) Importer(2089858483,b0f066a214c2f5e87bad3c948f4d605d)
Start importing Packages/com.unity.visualscripting/Editor/VisualScripting.Flow/Framework/Variables/UnifiedVariableUnitWidget.cs using Guid(b586d76e38d834ff69f0f2ebb64cb0d0) Importer(2089858483,b0f066a214c2f5e87bad3c948f4d605d) (ScriptedImporter) -> (artifact id: '95b104b48d1befc536f2db6716ad604e') in 0.0037967 seconds
Number of updated asset objects reloaded before import = 0Number of asset objects unloaded after import = 0

========================================================================
Received Import Request.
  Time since last request: 0.000015 seconds.
  path: Packages/com.unity.visualscripting/Editor/VisualScripting.Core/Interface/Colors/SkinnedColor.cs
  artifactKey: Guid(2a1637d16991642fcb1c4671998648c0) Importer(2089858483,b0f066a214c2f5e87bad3c948f4d605d)
Start importing Packages/com.unity.visualscripting/Editor/VisualScripting.Core/Interface/Colors/SkinnedColor.cs using Guid(2a1637d16991642fcb1c4671998648c0) Importer(2089858483,b0f066a214c2f5e87bad3c948f4d605d) (ScriptedImporter) -> (artifact id: '7cbc4ab9a61e2f61f72003b118432e26') in 0.0039313 seconds
Number of updated asset objects reloaded before import = 0Number of asset objects unloaded after import = 0

========================================================================
Received Import Request.
  Time since last request: 0.000020 seconds.
  path: Packages/com.unity.visualscripting/Editor/VisualScripting.Core/Inspection/Special/TypeHandleInspector.cs
  artifactKey: Guid(1827561248e74afe92bbcc68ec2c5615) Importer(2089858483,b0f066a214c2f5e87bad3c948f4d605d)
Start importing Packages/com.unity.visualscripting/Editor/VisualScripting.Core/Inspection/Special/TypeHandleInspector.cs using Guid(1827561248e74afe92bbcc68ec2c5615) Importer(2089858483,b0f066a214c2f5e87bad3c948f4d605d) (ScriptedImporter) -> (artifact id: '4f6f8231e6a5c4511ff91e901a7fac55') in 0.004014 seconds
Number of updated asset objects reloaded before import = 0Number of asset objects unloaded after import = 0

========================================================================
Received Import Request.
  Time since last request: 0.000013 seconds.
  path: Packages/com.unity.visualscripting/Editor/VisualScripting.Core/Plugin/Migrations/Migration_Asset_to_Package.cs
  artifactKey: Guid(413fd83b3801f0544a144089f595fb44) Importer(2089858483,b0f066a214c2f5e87bad3c948f4d605d)
Start importing Packages/com.unity.visualscripting/Editor/VisualScripting.Core/Plugin/Migrations/Migration_Asset_to_Package.cs using Guid(413fd83b3801f0544a144089f595fb44) Importer(2089858483,b0f066a214c2f5e87bad3c948f4d605d) (ScriptedImporter) -> (artifact id: '9e2e02d817febbcb6c530a4817753d65') in 0.0047446 seconds
Number of updated asset objects reloaded before import = 0Number of asset objects unloaded after import = 0

========================================================================
Received Import Request.
  Time since last request: 0.000014 seconds.
  path: Packages/com.unity.visualscripting/Editor/VisualScripting.Core/Plugin/Migrations/Migration_1_4_0_f5_to_1_4_0_f6.cs
  artifactKey: Guid(bb972bdab79214531b8b1aa2e5cf2780) Importer(2089858483,b0f066a214c2f5e87bad3c948f4d605d)
Start importing Packages/com.unity.visualscripting/Editor/VisualScripting.Core/Plugin/Migrations/Migration_1_4_0_f5_to_1_4_0_f6.cs using Guid(bb972bdab79214531b8b1aa2e5cf2780) Importer(2089858483,b0f066a214c2f5e87bad3c948f4d605d) (ScriptedImporter) -> (artifact id: '98c77f3d9c783e7b8511be38debf07f3') in 0.0041244 seconds
Number of updated asset objects reloaded before import = 0Number of asset objects unloaded after import = 0

========================================================================
Received Import Request.
  Time since last request: 0.000014 seconds.
  path: Packages/com.unity.visualscripting/Editor/VisualScripting.Core/Inspection/Unity/RectInspector.cs
  artifactKey: Guid(bd0ff5dee24964acaa3b0a7f63a98511) Importer(2089858483,b0f066a214c2f5e87bad3c948f4d605d)
Start importing Packages/com.unity.visualscripting/Editor/VisualScripting.Core/Inspection/Unity/RectInspector.cs using Guid(bd0ff5dee24964acaa3b0a7f63a98511) Importer(2089858483,b0f066a214c2f5e87bad3c948f4d605d) (ScriptedImporter) -> (artifact id: '8805e837cb3482046c20a4a41b913a71') in 0.004463 seconds
Number of updated asset objects reloaded before import = 0Number of asset objects unloaded after import = 0

========================================================================
Received Import Request.
  Time since last request: 0.000013 seconds.
  path: Packages/com.unity.visualscripting/Editor/VisualScripting.Flow/Framework/Nesting/GraphOutputWidget.cs
  artifactKey: Guid(7e3b945fe4958447ea2acee2fc137913) Importer(2089858483,b0f066a214c2f5e87bad3c948f4d605d)
Start importing Packages/com.unity.visualscripting/Editor/VisualScripting.Flow/Framework/Nesting/GraphOutputWidget.cs using Guid(7e3b945fe4958447ea2acee2fc137913) Importer(2089858483,b0f066a214c2f5e87bad3c948f4d605d) (ScriptedImporter) -> (artifact id: 'fcfd6702ad29761f102d5f0eaf86ccde') in 0.0038846 seconds
Number of updated asset objects reloaded before import = 0Number of asset objects unloaded after import = 0

========================================================================
Received Import Request.
  Time since last request: 0.000016 seconds.
  path: Packages/com.unity.visualscripting/Editor/VisualScripting.Flow/Framework/Nesting/NesterUnitEditor.cs
  artifactKey: Guid(cd9648444f40f4191982915f5289e6cc) Importer(2089858483,b0f066a214c2f5e87bad3c948f4d605d)
Start importing Packages/com.unity.visualscripting/Editor/VisualScripting.Flow/Framework/Nesting/NesterUnitEditor.cs using Guid(cd9648444f40f4191982915f5289e6cc) Importer(2089858483,b0f066a214c2f5e87bad3c948f4d605d) (ScriptedImporter) -> (artifact id: '93d7082cdcd0be90cc89f74993e0a07f') in 0.0042297 seconds
Number of updated asset objects reloaded before import = 0Number of asset objects unloaded after import = 0

========================================================================
Received Import Request.
  Time since last request: 0.000020 seconds.
  path: Packages/com.unity.visualscripting/Editor/VisualScripting.Core/Plugin/Acknowledgements/Acknowledgement_DotNetZip.cs
  artifactKey: Guid(5b3e9ef4d6fa745eb9786ad61f89e0a0) Importer(2089858483,b0f066a214c2f5e87bad3c948f4d605d)
Start importing Packages/com.unity.visualscripting/Editor/VisualScripting.Core/Plugin/Acknowledgements/Acknowledgement_DotNetZip.cs using Guid(5b3e9ef4d6fa745eb9786ad61f89e0a0) Importer(2089858483,b0f066a214c2f5e87bad3c948f4d605d) (ScriptedImporter) -> (artifact id: '59a55b376bc6336a2e9c2b5ffed6e73d') in 0.0039345 seconds
Number of updated asset objects reloaded before import = 0Number of asset objects unloaded after import = 0

========================================================================
Received Import Request.
  Time since last request: 0.000014 seconds.
  path: Packages/com.unity.visualscripting/Editor/VisualScripting.Core/Inspection/Special/SystemObjectInspector.cs
  artifactKey: Guid(13e9378f4ed8b4dca89012148c86e76d) Importer(2089858483,b0f066a214c2f5e87bad3c948f4d605d)
Start importing Packages/com.unity.visualscripting/Editor/VisualScripting.Core/Inspection/Special/SystemObjectInspector.cs using Guid(13e9378f4ed8b4dca89012148c86e76d) Importer(2089858483,b0f066a214c2f5e87bad3c948f4d605d) (ScriptedImporter) -> (artifact id: '56ac069463b021818256099fea2426f1') in 0.0034547 seconds
Number of updated asset objects reloaded before import = 0Number of asset objects unloaded after import = 0

========================================================================
Received Import Request.
  Time since last request: 0.000015 seconds.
  path: Packages/com.unity.visualscripting/Editor/VisualScripting.Core/Windows/GenerateDocumentationWindow/GenerateDocumentationPage.cs
  artifactKey: Guid(92a061ed8410442b497f0eaaa5c7005a) Importer(2089858483,b0f066a214c2f5e87bad3c948f4d605d)
Start importing Packages/com.unity.visualscripting/Editor/VisualScripting.Core/Windows/GenerateDocumentationWindow/GenerateDocumentationPage.cs using Guid(92a061ed8410442b497f0eaaa5c7005a) Importer(2089858483,b0f066a214c2f5e87bad3c948f4d605d) (ScriptedImporter) -> (artifact id: 'ba6ddcc3eb9b3f0de0d5eee8867d00e1') in 0.0034404 seconds
Number of updated asset objects reloaded before import = 0Number of asset objects unloaded after import = 0

========================================================================
Received Import Request.
  Time since last request: 0.000013 seconds.
  path: Packages/com.unity.visualscripting/Editor/VisualScripting.Core/Windows/GeneratePropertyProvidersWindow/GeneratePropertyProvidersPage.cs
  artifactKey: Guid(03bfe51d3602e4dc4aa951a3cc72b566) Importer(2089858483,b0f066a214c2f5e87bad3c948f4d605d)
Start importing Packages/com.unity.visualscripting/Editor/VisualScripting.Core/Windows/GeneratePropertyProvidersWindow/GeneratePropertyProvidersPage.cs using Guid(03bfe51d3602e4dc4aa951a3cc72b566) Importer(2089858483,b0f066a214c2f5e87bad3c948f4d605d) (ScriptedImporter) -> (artifact id: '158e54606aa88d4a2a77fe00a5605e77') in 0.0036188 seconds
Number of updated asset objects reloaded before import = 0Number of asset objects unloaded after import = 0

========================================================================
Received Import Request.
  Time since last request: 0.000017 seconds.
  path: Packages/com.unity.visualscripting/Editor/VisualScripting.Core/Inspection/Unity/Ray2DInspector.cs
  artifactKey: Guid(bd6195d27d44d4155bb466f907b2c5f2) Importer(2089858483,b0f066a214c2f5e87bad3c948f4d605d)
Start importing Packages/com.unity.visualscripting/Editor/VisualScripting.Core/Inspection/Unity/Ray2DInspector.cs using Guid(bd6195d27d44d4155bb466f907b2c5f2) Importer(2089858483,b0f066a214c2f5e87bad3c948f4d605d) (ScriptedImporter) -> (artifact id: '5d0112e129132b884df21dd03a602fd8') in 0.0042527 seconds
Number of updated asset objects reloaded before import = 0Number of asset objects unloaded after import = 0

========================================================================
Received Import Request.
  Time since last request: 0.000014 seconds.
  path: Packages/com.unity.visualscripting/Editor/VisualScripting.Core/Inspection/Unity/ColorInspector.cs
  artifactKey: Guid(a93fdea771c2b4e58acad494e75d0213) Importer(2089858483,b0f066a214c2f5e87bad3c948f4d605d)
Start importing Packages/com.unity.visualscripting/Editor/VisualScripting.Core/Inspection/Unity/ColorInspector.cs using Guid(a93fdea771c2b4e58acad494e75d0213) Importer(2089858483,b0f066a214c2f5e87bad3c948f4d605d) (ScriptedImporter) -> (artifact id: 'fd5cf122ecd92066ff85e70821bb74cb') in 0.0035271 seconds
Number of updated asset objects reloaded before import = 0Number of asset objects unloaded after import = 0

========================================================================
Received Import Request.
  Time since last request: 0.000026 seconds.
  path: Packages/com.unity.visualscripting/Editor/VisualScripting.Core/Inspection/Unity/UnityObjectInspector.cs
  artifactKey: Guid(002681f59f17b48eebd9e1db7ec9c1ad) Importer(2089858483,b0f066a214c2f5e87bad3c948f4d605d)
Start importing Packages/com.unity.visualscripting/Editor/VisualScripting.Core/Inspection/Unity/UnityObjectInspector.cs using Guid(002681f59f17b48eebd9e1db7ec9c1ad) Importer(2089858483,b0f066a214c2f5e87bad3c948f4d605d) (ScriptedImporter) -> (artifact id: '39b4ab594290b5fe4bf4710661d15d18') in 0.0035061 seconds
Number of updated asset objects reloaded before import = 0Number of asset objects unloaded after import = 0

========================================================================
Received Import Request.
  Time since last request: 0.000015 seconds.
  path: Packages/com.unity.visualscripting/Editor/VisualScripting.Core/Widgets/StickyNote/StickyNoteEditor.cs
  artifactKey: Guid(fad68bfdd1f5488fa82dfaa64ef04a4f) Importer(2089858483,b0f066a214c2f5e87bad3c948f4d605d)
Start importing Packages/com.unity.visualscripting/Editor/VisualScripting.Core/Widgets/StickyNote/StickyNoteEditor.cs using Guid(fad68bfdd1f5488fa82dfaa64ef04a4f) Importer(2089858483,b0f066a214c2f5e87bad3c948f4d605d) (ScriptedImporter) -> (artifact id: '835797696da0c12aefeab19baec62576') in 0.003629 seconds
Number of updated asset objects reloaded before import = 0Number of asset objects unloaded after import = 0

========================================================================
Received Import Request.
  Time since last request: 0.000016 seconds.
  path: Packages/com.unity.visualscripting/Editor/VisualScripting.Core/Interface/Fonts/FontWeight.cs
  artifactKey: Guid(64d2974c17d834cb3a946fbddb61a200) Importer(2089858483,b0f066a214c2f5e87bad3c948f4d605d)
Start importing Packages/com.unity.visualscripting/Editor/VisualScripting.Core/Interface/Fonts/FontWeight.cs using Guid(64d2974c17d834cb3a946fbddb61a200) Importer(2089858483,b0f066a214c2f5e87bad3c948f4d605d) (ScriptedImporter) -> (artifact id: '4a3d5470c7a84a9ccde209f732c511bf') in 0.0036199 seconds
Number of updated asset objects reloaded before import = 0Number of asset objects unloaded after import = 0

========================================================================
Received Import Request.
  Time since last request: 0.000014 seconds.
  path: Packages/com.unity.visualscripting/Editor/VisualScripting.Core/Inspection/Primitives/UlongInspector.cs
  artifactKey: Guid(7eef9e0d3cd434d56a53acc9811ce126) Importer(2089858483,b0f066a214c2f5e87bad3c948f4d605d)
Start importing Packages/com.unity.visualscripting/Editor/VisualScripting.Core/Inspection/Primitives/UlongInspector.cs using Guid(7eef9e0d3cd434d56a53acc9811ce126) Importer(2089858483,b0f066a214c2f5e87bad3c948f4d605d) (ScriptedImporter) -> (artifact id: '9c8c7cd18bb466827a85382335e86a50') in 0.0035453 seconds
Number of updated asset objects reloaded before import = 0Number of asset objects unloaded after import = 0

========================================================================
Received Import Request.
  Time since last request: 0.000015 seconds.
  path: Packages/com.unity.visualscripting/Editor/VisualScripting.Core/Interface/Colors/ColorPalette.cs
  artifactKey: Guid(843867a482103421696f714526129771) Importer(2089858483,b0f066a214c2f5e87bad3c948f4d605d)
Start importing Packages/com.unity.visualscripting/Editor/VisualScripting.Core/Interface/Colors/ColorPalette.cs using Guid(843867a482103421696f714526129771) Importer(2089858483,b0f066a214c2f5e87bad3c948f4d605d) (ScriptedImporter) -> (artifact id: '9ec493881a7c56332e2115564260cab8') in 0.0035747 seconds
Number of updated asset objects reloaded before import = 0Number of asset objects unloaded after import = 0

========================================================================
Received Import Request.
  Time since last request: 0.000015 seconds.
  path: Packages/com.unity.visualscripting/Editor/VisualScripting.Core/Inspection/Unity/QuaternionInspector.cs
  artifactKey: Guid(880a7ce0f5a11478aa7d0601a21a77de) Importer(2089858483,b0f066a214c2f5e87bad3c948f4d605d)
Start importing Packages/com.unity.visualscripting/Editor/VisualScripting.Core/Inspection/Unity/QuaternionInspector.cs using Guid(880a7ce0f5a11478aa7d0601a21a77de) Importer(2089858483,b0f066a214c2f5e87bad3c948f4d605d) (ScriptedImporter) -> (artifact id: '09866e2217614475cb6b72b06afab030') in 0.0041644 seconds
Number of updated asset objects reloaded before import = 0Number of asset objects unloaded after import = 0

========================================================================
Received Import Request.
  Time since last request: 0.000021 seconds.
  path: Packages/com.unity.visualscripting/Editor/VisualScripting.Core/Plugin/Acknowledgements/Acknowledgement_AqnParser.cs
  artifactKey: Guid(be139a32523b049ef8011bea0b31a3c1) Importer(2089858483,b0f066a214c2f5e87bad3c948f4d605d)
Start importing Packages/com.unity.visualscripting/Editor/VisualScripting.Core/Plugin/Acknowledgements/Acknowledgement_AqnParser.cs using Guid(be139a32523b049ef8011bea0b31a3c1) Importer(2089858483,b0f066a214c2f5e87bad3c948f4d605d) (ScriptedImporter) -> (artifact id: '418469263ddb5cc59283c5a6e4e0a417') in 0.004442 seconds
Number of updated asset objects reloaded before import = 0Number of asset objects unloaded after import = 0

========================================================================
Received Import Request.
  Time since last request: 4.044300 seconds.
  path: Packages/com.unity.modules.vr/package.json
  artifactKey: Guid(18a4fadfef534684d5af39ca8dc48fe9) Importer(2089858483,b0f066a214c2f5e87bad3c948f4d605d)
Start importing Packages/com.unity.modules.vr/package.json using Guid(18a4fadfef534684d5af39ca8dc48fe9) Importer(2089858483,b0f066a214c2f5e87bad3c948f4d605d) (ScriptedImporter) -> (artifact id: 'ba2cf3aca3cee01683ca7baaad026b95') in 0.0040289 seconds
Number of updated asset objects reloaded before import = 0Number of asset objects unloaded after import = 1

========================================================================
Received Import Request.
  Time since last request: 0.000013 seconds.
  path: Packages/com.unity.visualscripting/Editor/VisualScripting.State/Plugin/Changelogs/Changelog_1_1_1.cs
  artifactKey: Guid(9bae4d3962b184e788831cefda9e20bb) Importer(2089858483,b0f066a214c2f5e87bad3c948f4d605d)
Start importing Packages/com.unity.visualscripting/Editor/VisualScripting.State/Plugin/Changelogs/Changelog_1_1_1.cs using Guid(9bae4d3962b184e788831cefda9e20bb) Importer(2089858483,b0f066a214c2f5e87bad3c948f4d605d) (ScriptedImporter) -> (artifact id: '6b26c1f489e4363f31734ad89c46b270') in 0.0039464 seconds
Number of updated asset objects reloaded before import = 0Number of asset objects unloaded after import = 0

========================================================================
Received Import Request.
  Time since last request: 0.000015 seconds.
  path: Packages/com.unity.visualscripting/Runtime/VisualScripting.Core/Listeners/UIInterfaces/UnityOnDragMessageListener.cs
  artifactKey: Guid(d48a617890e147f390db9556ab4b381f) Importer(2089858483,b0f066a214c2f5e87bad3c948f4d605d)
Start importing Packages/com.unity.visualscripting/Runtime/VisualScripting.Core/Listeners/UIInterfaces/UnityOnDragMessageListener.cs using Guid(d48a617890e147f390db9556ab4b381f) Importer(2089858483,b0f066a214c2f5e87bad3c948f4d605d) (ScriptedImporter) -> (artifact id: 'e87cae69687b7043716cfa1f34fcebcf') in 0.0033669 seconds
Number of updated asset objects reloaded before import = 0Number of asset objects unloaded after import = 0

========================================================================
Received Import Request.
  Time since last request: 0.000014 seconds.
  path: Packages/com.unity.visualscripting/Editor/VisualScripting.State/Plugin/Changelogs/Changelog_1_3_0.cs
  artifactKey: Guid(7199fb71ac8b447d28bcc153d72b3147) Importer(2089858483,b0f066a214c2f5e87bad3c948f4d605d)
Start importing Packages/com.unity.visualscripting/Editor/VisualScripting.State/Plugin/Changelogs/Changelog_1_3_0.cs using Guid(7199fb71ac8b447d28bcc153d72b3147) Importer(2089858483,b0f066a214c2f5e87bad3c948f4d605d) (ScriptedImporter) -> (artifact id: '5ad683dc6194b94a12da6f5def21c2f8') in 0.0034915 seconds
Number of updated asset objects reloaded before import = 0Number of asset objects unloaded after import = 0

========================================================================
Received Import Request.
  Time since last request: 0.000015 seconds.
  path: Packages/com.unity.visualscripting/Runtime/VisualScripting.Core/Reflection/Optimization/StaticActionInvoker_2.cs
  artifactKey: Guid(04e713e5043874d68b4f7e6998aabacb) Importer(2089858483,b0f066a214c2f5e87bad3c948f4d605d)
Start importing Packages/com.unity.visualscripting/Runtime/VisualScripting.Core/Reflection/Optimization/StaticActionInvoker_2.cs using Guid(04e713e5043874d68b4f7e6998aabacb) Importer(2089858483,b0f066a214c2f5e87bad3c948f4d605d) (ScriptedImporter) -> (artifact id: 'd67f85031c31800cd8459bd46a276e6a') in 0.003533 seconds
Number of updated asset objects reloaded before import = 0Number of asset objects unloaded after import = 0

========================================================================
Received Import Request.
  Time since last request: 0.000018 seconds.
  path: Packages/com.unity.visualscripting/Runtime/VisualScripting.Core/Listeners/MonoBehaviour/UnityOnTriggerExit2DMListener.cs
  artifactKey: Guid(324a15989877436a861bd398ad569655) Importer(2089858483,b0f066a214c2f5e87bad3c948f4d605d)
Start importing Packages/com.unity.visualscripting/Runtime/VisualScripting.Core/Listeners/MonoBehaviour/UnityOnTriggerExit2DMListener.cs using Guid(324a15989877436a861bd398ad569655) Importer(2089858483,b0f066a214c2f5e87bad3c948f4d605d) (ScriptedImporter) -> (artifact id: 'c81cc75ddf8e8984322b6b23d28b85c2') in 0.00345 seconds
Number of updated asset objects reloaded before import = 0Number of asset objects unloaded after import = 0

========================================================================
Received Import Request.
  Time since last request: 0.000024 seconds.
  path: Packages/com.unity.visualscripting/Runtime/VisualScripting.Core/Reflection/Optimization/ReflectionPropertyAccessor.cs
  artifactKey: Guid(6b501942d821245dfaa8ad2b31b26484) Importer(2089858483,b0f066a214c2f5e87bad3c948f4d605d)
Start importing Packages/com.unity.visualscripting/Runtime/VisualScripting.Core/Reflection/Optimization/ReflectionPropertyAccessor.cs using Guid(6b501942d821245dfaa8ad2b31b26484) Importer(2089858483,b0f066a214c2f5e87bad3c948f4d605d) (ScriptedImporter) -> (artifact id: '0bb25750046a5704576d9222281fb7b1') in 0.0037369 seconds
Number of updated asset objects reloaded before import = 0Number of asset objects unloaded after import = 0

========================================================================
Received Import Request.
  Time since last request: 0.000013 seconds.
  path: Packages/com.unity.visualscripting/Editor/VisualScripting.Flow/Plugin/Changelogs/Changelog_1_4_8.cs
  artifactKey: Guid(a2de589ab38604e128d8eed8afc2d428) Importer(2089858483,b0f066a214c2f5e87bad3c948f4d605d)
Start importing Packages/com.unity.visualscripting/Editor/VisualScripting.Flow/Plugin/Changelogs/Changelog_1_4_8.cs using Guid(a2de589ab38604e128d8eed8afc2d428) Importer(2089858483,b0f066a214c2f5e87bad3c948f4d605d) (ScriptedImporter) -> (artifact id: '26c25788b29a78202c5082ba28de9358') in 0.0046066 seconds
Number of updated asset objects reloaded before import = 0Number of asset objects unloaded after import = 0

========================================================================
Received Import Request.
  Time since last request: 0.000014 seconds.
  path: Packages/com.unity.visualscripting/Editor/VisualScripting.State/Plugin/Migrations/Migration_1_5_1_to_1_5_2.cs
  artifactKey: Guid(6753fa3367ac4986a92909ed6eb78772) Importer(2089858483,b0f066a214c2f5e87bad3c948f4d605d)
Start importing Packages/com.unity.visualscripting/Editor/VisualScripting.State/Plugin/Migrations/Migration_1_5_1_to_1_5_2.cs using Guid(6753fa3367ac4986a92909ed6eb78772) Importer(2089858483,b0f066a214c2f5e87bad3c948f4d605d) (ScriptedImporter) -> (artifact id: 'f760cc8c97001c8c39ce5ef339436a23') in 0.0038212 seconds
Number of updated asset objects reloaded before import = 0Number of asset objects unloaded after import = 0

========================================================================
Received Import Request.
  Time since last request: 0.000017 seconds.
  path: Packages/com.unity.visualscripting/Runtime/VisualScripting.Core/Reflection/Operators/ExclusiveOrHandler.cs
  artifactKey: Guid(d605072279c64478ab714dca21521800) Importer(2089858483,b0f066a214c2f5e87bad3c948f4d605d)
Start importing Packages/com.unity.visualscripting/Runtime/VisualScripting.Core/Reflection/Operators/ExclusiveOrHandler.cs using Guid(d605072279c64478ab714dca21521800) Importer(2089858483,b0f066a214c2f5e87bad3c948f4d605d) (ScriptedImporter) -> (artifact id: '7ce4d371a9fdf2a600a1c6953194e385') in 0.0033879 seconds
Number of updated asset objects reloaded before import = 0Number of asset objects unloaded after import = 0

========================================================================
Received Import Request.
  Time since last request: 0.000015 seconds.
  path: Packages/com.unity.visualscripting/Runtime/VisualScripting.Core/Listeners/UI/UnityOnScrollbarValueChangedMessageListener.cs
  artifactKey: Guid(da2557a16d954a8194c9dfb15e52a21d) Importer(2089858483,b0f066a214c2f5e87bad3c948f4d605d)
Start importing Packages/com.unity.visualscripting/Runtime/VisualScripting.Core/Listeners/UI/UnityOnScrollbarValueChangedMessageListener.cs using Guid(da2557a16d954a8194c9dfb15e52a21d) Importer(2089858483,b0f066a214c2f5e87bad3c948f4d605d) (ScriptedImporter) -> (artifact id: '2df942547598e4db2432443b8f39b661') in 0.003666 seconds
Number of updated asset objects reloaded before import = 0Number of asset objects unloaded after import = 0

========================================================================
Received Import Request.
  Time since last request: 0.000017 seconds.
  path: Packages/com.unity.visualscripting/Runtime/VisualScripting.Core/Dependencies/FullSerializer/fsJsonPrinter.cs
  artifactKey: Guid(86b2db0a4024240158d477eab8067ece) Importer(2089858483,b0f066a214c2f5e87bad3c948f4d605d)
Start importing Packages/com.unity.visualscripting/Runtime/VisualScripting.Core/Dependencies/FullSerializer/fsJsonPrinter.cs using Guid(86b2db0a4024240158d477eab8067ece) Importer(2089858483,b0f066a214c2f5e87bad3c948f4d605d) (ScriptedImporter) -> (artifact id: '4b265b4c57bd396eb5835f6e362e7ddd') in 0.0035418 seconds
Number of updated asset objects reloaded before import = 0Number of asset objects unloaded after import = 0

========================================================================
Received Import Request.
  Time since last request: 0.000024 seconds.
  path: Packages/com.unity.visualscripting/Runtime/VisualScripting.Core/Reflection/Operators/UnaryOperatorHandler.cs
  artifactKey: Guid(d53a8293d351f4cf582ec062d60728a0) Importer(2089858483,b0f066a214c2f5e87bad3c948f4d605d)
Start importing Packages/com.unity.visualscripting/Runtime/VisualScripting.Core/Reflection/Operators/UnaryOperatorHandler.cs using Guid(d53a8293d351f4cf582ec062d60728a0) Importer(2089858483,b0f066a214c2f5e87bad3c948f4d605d) (ScriptedImporter) -> (artifact id: '2cfe0fdaa30ec0102212e69038394998') in 0.0040647 seconds
Number of updated asset objects reloaded before import = 0Number of asset objects unloaded after import = 0

========================================================================
Received Import Request.
  Time since last request: 0.000015 seconds.
  path: Packages/com.unity.visualscripting/Runtime/VisualScripting.Core/Reflection/Optimization/StaticFunctionInvoker_0.cs
  artifactKey: Guid(7ba5f39821e844d3bb87e953543d2572) Importer(2089858483,b0f066a214c2f5e87bad3c948f4d605d)
Start importing Packages/com.unity.visualscripting/Runtime/VisualScripting.Core/Reflection/Optimization/StaticFunctionInvoker_0.cs using Guid(7ba5f39821e844d3bb87e953543d2572) Importer(2089858483,b0f066a214c2f5e87bad3c948f4d605d) (ScriptedImporter) -> (artifact id: 'b64b60d99f714f280d219507c1026dda') in 0.0041368 seconds
Number of updated asset objects reloaded before import = 0Number of asset objects unloaded after import = 0

========================================================================
Received Import Request.
  Time since last request: 0.000015 seconds.
  path: Packages/com.unity.visualscripting/Runtime/VisualScripting.Core/Reflection/Operators/ModuloHandler.cs
  artifactKey: Guid(951eec3420d7c48d2b7f8cd764b18650) Importer(2089858483,b0f066a214c2f5e87bad3c948f4d605d)
Start importing Packages/com.unity.visualscripting/Runtime/VisualScripting.Core/Reflection/Operators/ModuloHandler.cs using Guid(951eec3420d7c48d2b7f8cd764b18650) Importer(2089858483,b0f066a214c2f5e87bad3c948f4d605d) (ScriptedImporter) -> (artifact id: 'a016d1370411f6940c3a7fc97c473b8c') in 0.004381 seconds
Number of updated asset objects reloaded before import = 0Number of asset objects unloaded after import = 0

========================================================================
Received Import Request.
  Time since last request: 0.000016 seconds.
  path: Packages/com.unity.visualscripting/Runtime/VisualScripting.Core/Reflection/Operators/LessThanOrEqualHandler.cs
  artifactKey: Guid(c955172d57ffa4ea89294770ef02caef) Importer(2089858483,b0f066a214c2f5e87bad3c948f4d605d)
Start importing Packages/com.unity.visualscripting/Runtime/VisualScripting.Core/Reflection/Operators/LessThanOrEqualHandler.cs using Guid(c955172d57ffa4ea89294770ef02caef) Importer(2089858483,b0f066a214c2f5e87bad3c948f4d605d) (ScriptedImporter) -> (artifact id: 'e807ac09c83a3c394557627c260e1cec') in 0.0039792 seconds
Number of updated asset objects reloaded before import = 0Number of asset objects unloaded after import = 0

========================================================================
Received Import Request.
  Time since last request: 0.000016 seconds.
  path: Packages/com.unity.visualscripting/Runtime/VisualScripting.Core/Reflection/Optimization/StaticFunctionInvoker_4.cs
  artifactKey: Guid(6199aa1c124454b9ab004ddedcce5610) Importer(2089858483,b0f066a214c2f5e87bad3c948f4d605d)
Start importing Packages/com.unity.visualscripting/Runtime/VisualScripting.Core/Reflection/Optimization/StaticFunctionInvoker_4.cs using Guid(6199aa1c124454b9ab004ddedcce5610) Importer(2089858483,b0f066a214c2f5e87bad3c948f4d605d) (ScriptedImporter) -> (artifact id: 'b34b8e12d8b87b2f873e8210af5f6751') in 0.0038553 seconds
Number of updated asset objects reloaded before import = 0Number of asset objects unloaded after import = 0

========================================================================
Received Import Request.
  Time since last request: 0.000023 seconds.
  path: Packages/com.unity.visualscripting/Runtime/VisualScripting.Core/EditorBinding/Inspector/InspectViaImplementationsAttribute.cs
  artifactKey: Guid(d41d05ccecb37414bb4212154c0239b4) Importer(2089858483,b0f066a214c2f5e87bad3c948f4d605d)
Start importing Packages/com.unity.visualscripting/Runtime/VisualScripting.Core/EditorBinding/Inspector/InspectViaImplementationsAttribute.cs using Guid(d41d05ccecb37414bb4212154c0239b4) Importer(2089858483,b0f066a214c2f5e87bad3c948f4d605d) (ScriptedImporter) -> (artifact id: '847536db877c4d9aec095ef59c2b8e6a') in 0.0047211 seconds
Number of updated asset objects reloaded before import = 0Number of asset objects unloaded after import = 0

========================================================================
Received Import Request.
  Time since last request: 0.000024 seconds.
  path: Packages/com.unity.visualscripting/Runtime/VisualScripting.Core/Reflection/Optimization/InstanceActionInvoker_2.cs
  artifactKey: Guid(539448d7954e645988b32b392bdd221d) Importer(2089858483,b0f066a214c2f5e87bad3c948f4d605d)
Start importing Packages/com.unity.visualscripting/Runtime/VisualScripting.Core/Reflection/Optimization/InstanceActionInvoker_2.cs using Guid(539448d7954e645988b32b392bdd221d) Importer(2089858483,b0f066a214c2f5e87bad3c948f4d605d) (ScriptedImporter) -> (artifact id: 'aa5384e3f53118ea340ecc26fee2ee3a') in 0.0055958 seconds
Number of updated asset objects reloaded before import = 0Number of asset objects unloaded after import = 0

========================================================================
Received Import Request.
  Time since last request: 0.000017 seconds.
  path: Packages/com.unity.visualscripting/Runtime/VisualScripting.Core/Listeners/MonoBehaviour/UnityOnTriggerStay2DMListener.cs
  artifactKey: Guid(85deb0e4c2af4e88a4488bb67783d8d6) Importer(2089858483,b0f066a214c2f5e87bad3c948f4d605d)
Start importing Packages/com.unity.visualscripting/Runtime/VisualScripting.Core/Listeners/MonoBehaviour/UnityOnTriggerStay2DMListener.cs using Guid(85deb0e4c2af4e88a4488bb67783d8d6) Importer(2089858483,b0f066a214c2f5e87bad3c948f4d605d) (ScriptedImporter) -> (artifact id: '00053fb25f5352c4f0ade79359e21f64') in 0.0038585 seconds
Number of updated asset objects reloaded before import = 0Number of asset objects unloaded after import = 0

========================================================================
Received Import Request.
  Time since last request: 0.000019 seconds.
  path: Packages/com.unity.visualscripting/Editor/VisualScripting.Flow/Plugin/Migrations/Migration_1_1_1_to_1_1_2.cs
  artifactKey: Guid(c3d93833b89dc446e80bc99d2a98edbb) Importer(2089858483,b0f066a214c2f5e87bad3c948f4d605d)
Start importing Packages/com.unity.visualscripting/Editor/VisualScripting.Flow/Plugin/Migrations/Migration_1_1_1_to_1_1_2.cs using Guid(c3d93833b89dc446e80bc99d2a98edbb) Importer(2089858483,b0f066a214c2f5e87bad3c948f4d605d) (ScriptedImporter) -> (artifact id: '7070f0a8379cb5010ce863851d4a290a') in 0.0046027 seconds
Number of updated asset objects reloaded before import = 0Number of asset objects unloaded after import = 0

========================================================================
Received Import Request.
  Time since last request: 0.000015 seconds.
  path: Packages/com.unity.visualscripting/Runtime/VisualScripting.Core/Dependencies/FullSerializer/fsMemberSerialization.cs
  artifactKey: Guid(982b5d67d0e9746ebae3d2af855f181b) Importer(2089858483,b0f066a214c2f5e87bad3c948f4d605d)
Start importing Packages/com.unity.visualscripting/Runtime/VisualScripting.Core/Dependencies/FullSerializer/fsMemberSerialization.cs using Guid(982b5d67d0e9746ebae3d2af855f181b) Importer(2089858483,b0f066a214c2f5e87bad3c948f4d605d) (ScriptedImporter) -> (artifact id: '4b657608552010fd4220c68b053e61ec') in 0.0042786 seconds
Number of updated asset objects reloaded before import = 0Number of asset objects unloaded after import = 0

========================================================================
Received Import Request.
  Time since last request: 0.000017 seconds.
  path: Packages/com.unity.visualscripting/Runtime/VisualScripting.Core/Listeners/MonoBehaviour/UnityOnCollisionEnter2DMessageListener.cs
  artifactKey: Guid(9f79d544c42641a5bc9703eea02dd296) Importer(2089858483,b0f066a214c2f5e87bad3c948f4d605d)
Start importing Packages/com.unity.visualscripting/Runtime/VisualScripting.Core/Listeners/MonoBehaviour/UnityOnCollisionEnter2DMessageListener.cs using Guid(9f79d544c42641a5bc9703eea02dd296) Importer(2089858483,b0f066a214c2f5e87bad3c948f4d605d) (ScriptedImporter) -> (artifact id: '1bbcba2ecac5204408850d589c506ebf') in 0.0049757 seconds
Number of updated asset objects reloaded before import = 0Number of asset objects unloaded after import = 0

========================================================================
Received Import Request.
  Time since last request: 0.000023 seconds.
  path: Packages/com.unity.visualscripting/Runtime/VisualScripting.Core/Listeners/MonoBehaviour/UnityOnControllerColliderHitMessageListener.cs
  artifactKey: Guid(2c25fc74731a48688353e88a798c2c47) Importer(2089858483,b0f066a214c2f5e87bad3c948f4d605d)
Start importing Packages/com.unity.visualscripting/Runtime/VisualScripting.Core/Listeners/MonoBehaviour/UnityOnControllerColliderHitMessageListener.cs using Guid(2c25fc74731a48688353e88a798c2c47) Importer(2089858483,b0f066a214c2f5e87bad3c948f4d605d) (ScriptedImporter) -> (artifact id: '4f051cb6c12cb8a7b4f11b55e67d3907') in 0.0040801 seconds
Number of updated asset objects reloaded before import = 0Number of asset objects unloaded after import = 0

========================================================================
Received Import Request.
  Time since last request: 0.000013 seconds.
  path: Packages/com.unity.visualscripting/Runtime/VisualScripting.Core/Listeners/MonoBehaviour/UnityOnMouseExitMessageListener.cs
  artifactKey: Guid(515c7425ebc8472799a73080610d89c7) Importer(2089858483,b0f066a214c2f5e87bad3c948f4d605d)
Start importing Packages/com.unity.visualscripting/Runtime/VisualScripting.Core/Listeners/MonoBehaviour/UnityOnMouseExitMessageListener.cs using Guid(515c7425ebc8472799a73080610d89c7) Importer(2089858483,b0f066a214c2f5e87bad3c948f4d605d) (ScriptedImporter) -> (artifact id: '4570957a85a873fbf219a9f105da7393') in 0.0045259 seconds
Number of updated asset objects reloaded before import = 0Number of asset objects unloaded after import = 0

========================================================================
Received Import Request.
  Time since last request: 0.000014 seconds.
  path: Packages/com.unity.visualscripting/Editor/VisualScripting.Flow/Plugin/Migrations/Migration_1_0_2_to_1_0_3.cs
  artifactKey: Guid(895428f746d8e4997a1230d807360b94) Importer(2089858483,b0f066a214c2f5e87bad3c948f4d605d)
Start importing Packages/com.unity.visualscripting/Editor/VisualScripting.Flow/Plugin/Migrations/Migration_1_0_2_to_1_0_3.cs using Guid(895428f746d8e4997a1230d807360b94) Importer(2089858483,b0f066a214c2f5e87bad3c948f4d605d) (ScriptedImporter) -> (artifact id: '835b086f899383c919872b05023f7292') in 0.0044901 seconds
Number of updated asset objects reloaded before import = 0Number of asset objects unloaded after import = 0

========================================================================
Received Import Request.
  Time since last request: 0.000031 seconds.
  path: Packages/com.unity.visualscripting/Runtime/VisualScripting.Core/Reflection/Operators/LeftShiftHandler.cs
  artifactKey: Guid(24bb3f6ea82ae4d6d85ca2b5aa7fd992) Importer(2089858483,b0f066a214c2f5e87bad3c948f4d605d)
Start importing Packages/com.unity.visualscripting/Runtime/VisualScripting.Core/Reflection/Operators/LeftShiftHandler.cs using Guid(24bb3f6ea82ae4d6d85ca2b5aa7fd992) Importer(2089858483,b0f066a214c2f5e87bad3c948f4d605d) (ScriptedImporter) -> (artifact id: 'bbc14b2db1744ddbc6ff4b3058f17042') in 0.0038069 seconds
Number of updated asset objects reloaded before import = 0Number of asset objects unloaded after import = 0

========================================================================
Received Import Request.
  Time since last request: 0.000015 seconds.
  path: Packages/com.unity.visualscripting/Runtime/VisualScripting.Core/Reflection/Operators/LogicalNegationHandler.cs
  artifactKey: Guid(e14630a9514064be79c5de1ca7565cbe) Importer(2089858483,b0f066a214c2f5e87bad3c948f4d605d)
Start importing Packages/com.unity.visualscripting/Runtime/VisualScripting.Core/Reflection/Operators/LogicalNegationHandler.cs using Guid(e14630a9514064be79c5de1ca7565cbe) Importer(2089858483,b0f066a214c2f5e87bad3c948f4d605d) (ScriptedImporter) -> (artifact id: '7e5f036ce5511c99fbaa7d83acf8af54') in 0.004937 seconds
Number of updated asset objects reloaded before import = 0Number of asset objects unloaded after import = 0

========================================================================
Received Import Request.
  Time since last request: 0.000025 seconds.
  path: Packages/com.unity.visualscripting/Runtime/VisualScripting.Core/Ensure/Extensions/XComparable.cs
  artifactKey: Guid(e7dbda2fa1cf4475bb59c8c2a8058ace) Importer(2089858483,b0f066a214c2f5e87bad3c948f4d605d)
Start importing Packages/com.unity.visualscripting/Runtime/VisualScripting.Core/Ensure/Extensions/XComparable.cs using Guid(e7dbda2fa1cf4475bb59c8c2a8058ace) Importer(2089858483,b0f066a214c2f5e87bad3c948f4d605d) (ScriptedImporter) -> (artifact id: 'fd369de00b00c47b14fe0e317bdc1d21') in 0.0040245 seconds
Number of updated asset objects reloaded before import = 0Number of asset objects unloaded after import = 0

========================================================================
Received Import Request.
  Time since last request: 0.000015 seconds.
  path: Packages/com.unity.visualscripting/Runtime/VisualScripting.Core/Listeners/MonoBehaviour/UnityOnBecameVisibleMessageListener.cs
  artifactKey: Guid(01ac5a8a1a8d436cb525954035efd21b) Importer(2089858483,b0f066a214c2f5e87bad3c948f4d605d)
Start importing Packages/com.unity.visualscripting/Runtime/VisualScripting.Core/Listeners/MonoBehaviour/UnityOnBecameVisibleMessageListener.cs using Guid(01ac5a8a1a8d436cb525954035efd21b) Importer(2089858483,b0f066a214c2f5e87bad3c948f4d605d) (ScriptedImporter) -> (artifact id: '734fdc8b5de4ab544c87c39944de9f1b') in 0.0035595 seconds
Number of updated asset objects reloaded before import = 0Number of asset objects unloaded after import = 0

========================================================================
Received Import Request.
  Time since last request: 0.000014 seconds.
  path: Packages/com.unity.visualscripting/Runtime/VisualScripting.Core/Reflection/Optimization/StaticFunctionInvokerBase.cs
  artifactKey: Guid(59a662ad83e3b4dd08fd2c279580701e) Importer(2089858483,b0f066a214c2f5e87bad3c948f4d605d)
Start importing Packages/com.unity.visualscripting/Runtime/VisualScripting.Core/Reflection/Optimization/StaticFunctionInvokerBase.cs using Guid(59a662ad83e3b4dd08fd2c279580701e) Importer(2089858483,b0f066a214c2f5e87bad3c948f4d605d) (ScriptedImporter) -> (artifact id: '4199c5b2ef33a07477a7ab82625624dd') in 0.0035617 seconds
Number of updated asset objects reloaded before import = 0Number of asset objects unloaded after import = 0

========================================================================
Received Import Request.
  Time since last request: 0.000018 seconds.
  path: Packages/com.unity.visualscripting/Runtime/VisualScripting.Core/Reflection/Operators/InvalidOperatorException.cs
  artifactKey: Guid(4a6c6829dd03e4750a1bd7107faa4730) Importer(2089858483,b0f066a214c2f5e87bad3c948f4d605d)
Start importing Packages/com.unity.visualscripting/Runtime/VisualScripting.Core/Reflection/Operators/InvalidOperatorException.cs using Guid(4a6c6829dd03e4750a1bd7107faa4730) Importer(2089858483,b0f066a214c2f5e87bad3c948f4d605d) (ScriptedImporter) -> (artifact id: 'a6b2ff9db44f9032be191956694cefee') in 0.0035289 seconds
Number of updated asset objects reloaded before import = 0Number of asset objects unloaded after import = 0

========================================================================
Received Import Request.
  Time since last request: 0.000015 seconds.
  path: Packages/com.unity.visualscripting/Runtime/VisualScripting.Core/Dependencies/FullSerializer/fsPropertyAttribute.cs
  artifactKey: Guid(cc16d5867d48040258daa8a42ba36190) Importer(2089858483,b0f066a214c2f5e87bad3c948f4d605d)
Start importing Packages/com.unity.visualscripting/Runtime/VisualScripting.Core/Dependencies/FullSerializer/fsPropertyAttribute.cs using Guid(cc16d5867d48040258daa8a42ba36190) Importer(2089858483,b0f066a214c2f5e87bad3c948f4d605d) (ScriptedImporter) -> (artifact id: 'd96d51aede26ccb085f08b2bbe1ca88c') in 0.0040226 seconds
Number of updated asset objects reloaded before import = 0Number of asset objects unloaded after import = 0

========================================================================
Received Import Request.
  Time since last request: 0.000017 seconds.
  path: Packages/com.unity.test-framework/UnityEditor.TestRunner/RequirePlatformSupportAttribute.cs
  artifactKey: Guid(d2146428d3f1ad54eb7326c9a44b3284) Importer(2089858483,b0f066a214c2f5e87bad3c948f4d605d)
Start importing Packages/com.unity.test-framework/UnityEditor.TestRunner/RequirePlatformSupportAttribute.cs using Guid(d2146428d3f1ad54eb7326c9a44b3284) Importer(2089858483,b0f066a214c2f5e87bad3c948f4d605d) (ScriptedImporter) -> (artifact id: '3e27f8f09b395c3bbeec19c74849a5f1') in 0.0038313 seconds
Number of updated asset objects reloaded before import = 0Number of asset objects unloaded after import = 0

========================================================================
Received Import Request.
  Time since last request: 0.000022 seconds.
  path: Packages/com.unity.render-pipelines.core/Runtime/Volume/VolumeStack.cs
  artifactKey: Guid(7af226ce5122db0409963decbabf9d9b) Importer(2089858483,b0f066a214c2f5e87bad3c948f4d605d)
Start importing Packages/com.unity.render-pipelines.core/Runtime/Volume/VolumeStack.cs using Guid(7af226ce5122db0409963decbabf9d9b) Importer(2089858483,b0f066a214c2f5e87bad3c948f4d605d) (ScriptedImporter) -> (artifact id: 'b2875e22b5ae064b3b63fcd16f26db64') in 0.004212 seconds
Number of updated asset objects reloaded before import = 0Number of asset objects unloaded after import = 0

========================================================================
Received Import Request.
  Time since last request: 0.000015 seconds.
  path: Packages/com.unity.render-pipelines.core/Runtime/PostProcessing/IPostProcessComponent.cs
  artifactKey: Guid(412b3ba463224f2cb2e0e70f93677f3c) Importer(2089858483,b0f066a214c2f5e87bad3c948f4d605d)
Start importing Packages/com.unity.render-pipelines.core/Runtime/PostProcessing/IPostProcessComponent.cs using Guid(412b3ba463224f2cb2e0e70f93677f3c) Importer(2089858483,b0f066a214c2f5e87bad3c948f4d605d) (ScriptedImporter) -> (artifact id: '0c21dc3c221728b1637730190d61f031') in 0.0038166 seconds
Number of updated asset objects reloaded before import = 0Number of asset objects unloaded after import = 0

========================================================================
Received Import Request.
  Time since last request: 0.000015 seconds.
  path: Packages/com.unity.collections/Unity.Collections/UnsafeParallelHashSetExtensions.tt
  artifactKey: Guid(dbd3ca1753e44d04dbf3e27c3cfa4a1b) Importer(2089858483,b0f066a214c2f5e87bad3c948f4d605d)
Start importing Packages/com.unity.collections/Unity.Collections/UnsafeParallelHashSetExtensions.tt using Guid(dbd3ca1753e44d04dbf3e27c3cfa4a1b) Importer(2089858483,b0f066a214c2f5e87bad3c948f4d605d) (ScriptedImporter) -> (artifact id: '7d4ba642463acddef45a57d61132e7a1') in 0.0034914 seconds
Number of updated asset objects reloaded before import = 0Number of asset objects unloaded after import = 1

========================================================================
Received Import Request.
  Time since last request: 1.148302 seconds.
  path: Packages/com.unity.visualscripting/Runtime/VisualScripting.Flow/Dependencies/NCalc/EvaluateParameterHandler.cs
  artifactKey: Guid(6180c9bbe40b44d45980f2b1a0325e58) Importer(2089858483,b0f066a214c2f5e87bad3c948f4d605d)
Start importing Packages/com.unity.visualscripting/Runtime/VisualScripting.Flow/Dependencies/NCalc/EvaluateParameterHandler.cs using Guid(6180c9bbe40b44d45980f2b1a0325e58) Importer(2089858483,b0f066a214c2f5e87bad3c948f4d605d) (ScriptedImporter) -> (artifact id: '900beb99f5b5bb72e0ec338e223b5b41') in 0.0056666 seconds
Number of updated asset objects reloaded before import = 0Number of asset objects unloaded after import = 0

========================================================================
Received Import Request.
  Time since last request: 0.000013 seconds.
  path: Packages/com.unity.visualscripting/Runtime/VisualScripting.Core/Dependencies/FullSerializer/Reflection/fsMetaProperty.cs
  artifactKey: Guid(726bd1b4a2da44073b58af642cb2cd67) Importer(2089858483,b0f066a214c2f5e87bad3c948f4d605d)
Start importing Packages/com.unity.visualscripting/Runtime/VisualScripting.Core/Dependencies/FullSerializer/Reflection/fsMetaProperty.cs using Guid(726bd1b4a2da44073b58af642cb2cd67) Importer(2089858483,b0f066a214c2f5e87bad3c948f4d605d) (ScriptedImporter) -> (artifact id: 'd41ea47c0b050d00103b9cce34e9c9c1') in 0.0039378 seconds
Number of updated asset objects reloaded before import = 0Number of asset objects unloaded after import = 0

========================================================================
Received Import Request.
  Time since last request: 0.000013 seconds.
  path: Packages/com.unity.visualscripting/Runtime/VisualScripting.Flow/Framework/Codebase/GetMember.cs
  artifactKey: Guid(7f67023a80a5b4f2b9fc4ab3f44105d3) Importer(2089858483,b0f066a214c2f5e87bad3c948f4d605d)
Start importing Packages/com.unity.visualscripting/Runtime/VisualScripting.Flow/Framework/Codebase/GetMember.cs using Guid(7f67023a80a5b4f2b9fc4ab3f44105d3) Importer(2089858483,b0f066a214c2f5e87bad3c948f4d605d) (ScriptedImporter) -> (artifact id: '6faddd0158ceb2d4bfd6f9dc33294bd4') in 0.0042073 seconds
Number of updated asset objects reloaded before import = 0Number of asset objects unloaded after import = 0

========================================================================
Received Import Request.
  Time since last request: 0.000014 seconds.
  path: Packages/com.unity.visualscripting/Editor/VisualScripting.Core/Dependencies/ReorderableList/Internal/ReorderableListResources.cs
  artifactKey: Guid(70ac271f39dd344e6a8b0b7945031914) Importer(2089858483,b0f066a214c2f5e87bad3c948f4d605d)
Start importing Packages/com.unity.visualscripting/Editor/VisualScripting.Core/Dependencies/ReorderableList/Internal/ReorderableListResources.cs using Guid(70ac271f39dd344e6a8b0b7945031914) Importer(2089858483,b0f066a214c2f5e87bad3c948f4d605d) (ScriptedImporter) -> (artifact id: 'c925b6669bbf7373bc088c4c7ab12ee8') in 0.0039984 seconds
Number of updated asset objects reloaded before import = 0Number of asset objects unloaded after import = 0

========================================================================
Received Import Request.
  Time since last request: 0.000026 seconds.
  path: Packages/com.unity.visualscripting/Runtime/VisualScripting.Flow/Dependencies/NCalc/ParameterArgs.cs
  artifactKey: Guid(1b211073028ea4467ad1c7f48e0b3530) Importer(2089858483,b0f066a214c2f5e87bad3c948f4d605d)
Start importing Packages/com.unity.visualscripting/Runtime/VisualScripting.Flow/Dependencies/NCalc/ParameterArgs.cs using Guid(1b211073028ea4467ad1c7f48e0b3530) Importer(2089858483,b0f066a214c2f5e87bad3c948f4d605d) (ScriptedImporter) -> (artifact id: '3fddf288c8e3a472e9a99684a013380a') in 0.0038987 seconds
Number of updated asset objects reloaded before import = 0Number of asset objects unloaded after import = 0

========================================================================
Received Import Request.
  Time since last request: 0.000014 seconds.
  path: Packages/com.unity.visualscripting/Runtime/VisualScripting.Flow/Framework/Math/Lerp.cs
  artifactKey: Guid(e93461aec6b434e33b8f3b1ce909f94f) Importer(2089858483,b0f066a214c2f5e87bad3c948f4d605d)
Start importing Packages/com.unity.visualscripting/Runtime/VisualScripting.Flow/Framework/Math/Lerp.cs using Guid(e93461aec6b434e33b8f3b1ce909f94f) Importer(2089858483,b0f066a214c2f5e87bad3c948f4d605d) (ScriptedImporter) -> (artifact id: '06df6d428335f822be7de1148c206505') in 0.0038805 seconds
Number of updated asset objects reloaded before import = 0Number of asset objects unloaded after import = 0

========================================================================
Received Import Request.
  Time since last request: 0.000014 seconds.
  path: Packages/com.unity.visualscripting/Runtime/VisualScripting.Flow/Framework/Math/PerSecond.cs
  artifactKey: Guid(380330ce527bc45faaec6132f11b2fe6) Importer(2089858483,b0f066a214c2f5e87bad3c948f4d605d)
Start importing Packages/com.unity.visualscripting/Runtime/VisualScripting.Flow/Framework/Math/PerSecond.cs using Guid(380330ce527bc45faaec6132f11b2fe6) Importer(2089858483,b0f066a214c2f5e87bad3c948f4d605d) (ScriptedImporter) -> (artifact id: '6ef8d990f2600f5470af0a981da017f0') in 0.0045378 seconds
Number of updated asset objects reloaded before import = 0Number of asset objects unloaded after import = 0

========================================================================
Received Import Request.
  Time since last request: 0.000016 seconds.
  path: Packages/com.unity.visualscripting/Runtime/VisualScripting.Flow/Framework/Control/Throw.cs
  artifactKey: Guid(dcb6d6466a47741b7814e9bca56b1573) Importer(2089858483,b0f066a214c2f5e87bad3c948f4d605d)
Start importing Packages/com.unity.visualscripting/Runtime/VisualScripting.Flow/Framework/Control/Throw.cs using Guid(dcb6d6466a47741b7814e9bca56b1573) Importer(2089858483,b0f066a214c2f5e87bad3c948f4d605d) (ScriptedImporter) -> (artifact id: 'd640ac3194e83222f071042329e2b31a') in 0.0046233 seconds
Number of updated asset objects reloaded before import = 0Number of asset objects unloaded after import = 0

========================================================================
Received Import Request.
  Time since last request: 0.000013 seconds.
  path: Packages/com.unity.visualscripting/Runtime/VisualScripting.Flow/Dependencies/NCalc/Unity.VisualScripting.Antlr3.Runtime.dll
  artifactKey: Guid(f9e773f6742c84fa28f8820bd00cce30) Importer(2089858483,b0f066a214c2f5e87bad3c948f4d605d)
Start importing Packages/com.unity.visualscripting/Runtime/VisualScripting.Flow/Dependencies/NCalc/Unity.VisualScripting.Antlr3.Runtime.dll using Guid(f9e773f6742c84fa28f8820bd00cce30) Importer(2089858483,b0f066a214c2f5e87bad3c948f4d605d) (ScriptedImporter) -> (artifact id: '2037b7862fcf3e1a02d02cb98dc8a7d2') in 0.0054066 seconds
Number of updated asset objects reloaded before import = 0Number of asset objects unloaded after import = 0

========================================================================
Received Import Request.
  Time since last request: 0.000016 seconds.
  path: Packages/com.unity.visualscripting/Runtime/VisualScripting.Flow/Framework/Math/DotProduct.cs
  artifactKey: Guid(9d0aa9041a7ab49c7a011932cbf111ac) Importer(2089858483,b0f066a214c2f5e87bad3c948f4d605d)
Start importing Packages/com.unity.visualscripting/Runtime/VisualScripting.Flow/Framework/Math/DotProduct.cs using Guid(9d0aa9041a7ab49c7a011932cbf111ac) Importer(2089858483,b0f066a214c2f5e87bad3c948f4d605d) (ScriptedImporter) -> (artifact id: 'dbec3be3b70d9fcd0eee7445ceb10fc5') in 0.0036885 seconds
Number of updated asset objects reloaded before import = 0Number of asset objects unloaded after import = 0

========================================================================
Received Import Request.
  Time since last request: 0.000022 seconds.
  path: Packages/com.unity.visualscripting/Runtime/VisualScripting.Flow/Dependencies/NCalc/EvaluationVisitor.cs
  artifactKey: Guid(b0e70958412a3493888a351443ad8866) Importer(2089858483,b0f066a214c2f5e87bad3c948f4d605d)
Start importing Packages/com.unity.visualscripting/Runtime/VisualScripting.Flow/Dependencies/NCalc/EvaluationVisitor.cs using Guid(b0e70958412a3493888a351443ad8866) Importer(2089858483,b0f066a214c2f5e87bad3c948f4d605d) (ScriptedImporter) -> (artifact id: 'f5affa08d48bd1d4a16632f7e541ab5d') in 0.003736 seconds
Number of updated asset objects reloaded before import = 0Number of asset objects unloaded after import = 0

========================================================================
Received Import Request.
  Time since last request: 0.000013 seconds.
  path: Packages/com.unity.visualscripting/Runtime/VisualScripting.Flow/Framework/Events/CustomEvent.cs
  artifactKey: Guid(ea642e809385d4bd8951566868e7f534) Importer(2089858483,b0f066a214c2f5e87bad3c948f4d605d)
Start importing Packages/com.unity.visualscripting/Runtime/VisualScripting.Flow/Framework/Events/CustomEvent.cs using Guid(ea642e809385d4bd8951566868e7f534) Importer(2089858483,b0f066a214c2f5e87bad3c948f4d605d) (ScriptedImporter) -> (artifact id: 'dd657df5d7af612589b9d42dbb86d24b') in 0.0042259 seconds
Number of updated asset objects reloaded before import = 0Number of asset objects unloaded after import = 0

========================================================================
Received Import Request.
  Time since last request: 0.000013 seconds.
  path: Packages/com.unity.visualscripting/Editor/VisualScripting.Flow/Framework/Variables/Obsolete/IsVariableDefinedUnitOption.cs
  artifactKey: Guid(ad616a949437546f69bf983d1694c021) Importer(2089858483,b0f066a214c2f5e87bad3c948f4d605d)
Start importing Packages/com.unity.visualscripting/Editor/VisualScripting.Flow/Framework/Variables/Obsolete/IsVariableDefinedUnitOption.cs using Guid(ad616a949437546f69bf983d1694c021) Importer(2089858483,b0f066a214c2f5e87bad3c948f4d605d) (ScriptedImporter) -> (artifact id: 'e05ed312254b3d8b6c784a557ee3481d') in 0.0039235 seconds
Number of updated asset objects reloaded before import = 0Number of asset objects unloaded after import = 0

========================================================================
Received Import Request.
  Time since last request: 0.000014 seconds.
  path: Packages/com.unity.visualscripting/Runtime/VisualScripting.Flow/Framework/Codebase/MemberUnit.cs
  artifactKey: Guid(9ba199e97bc1b4300b1fc168762de698) Importer(2089858483,b0f066a214c2f5e87bad3c948f4d605d)
Start importing Packages/com.unity.visualscripting/Runtime/VisualScripting.Flow/Framework/Codebase/MemberUnit.cs using Guid(9ba199e97bc1b4300b1fc168762de698) Importer(2089858483,b0f066a214c2f5e87bad3c948f4d605d) (ScriptedImporter) -> (artifact id: '6e68b50b3e893a133adbabb04d134a23') in 0.0039038 seconds
Number of updated asset objects reloaded before import = 0Number of asset objects unloaded after import = 0

========================================================================
Received Import Request.
  Time since last request: 0.000013 seconds.
  path: Packages/com.unity.visualscripting/Editor/VisualScripting.Core/Dependencies/ReorderableList/ElementAdderMenu/ElementAdderMenuBuilder.cs
  artifactKey: Guid(726643d71675d42deb28286f046010ef) Importer(2089858483,b0f066a214c2f5e87bad3c948f4d605d)
Start importing Packages/com.unity.visualscripting/Editor/VisualScripting.Core/Dependencies/ReorderableList/ElementAdderMenu/ElementAdderMenuBuilder.cs using Guid(726643d71675d42deb28286f046010ef) Importer(2089858483,b0f066a214c2f5e87bad3c948f4d605d) (ScriptedImporter) -> (artifact id: 'f7ff02ec67466c02085fa810d4059397') in 0.0039639 seconds
Number of updated asset objects reloaded before import = 0Number of asset objects unloaded after import = 0

========================================================================
Received Import Request.
  Time since last request: 0.000015 seconds.
  path: Packages/com.unity.visualscripting/Runtime/VisualScripting.Flow/Dependencies/NCalc/NCalc.g
  artifactKey: Guid(1d65eede9661f46a88d6e1949070eb9f) Importer(2089858483,b0f066a214c2f5e87bad3c948f4d605d)
Start importing Packages/com.unity.visualscripting/Runtime/VisualScripting.Flow/Dependencies/NCalc/NCalc.g using Guid(1d65eede9661f46a88d6e1949070eb9f) Importer(2089858483,b0f066a214c2f5e87bad3c948f4d605d) (ScriptedImporter) -> (artifact id: 'c68a8a6e0a54ea811b2a190dac07034c') in 0.0036515 seconds
Number of updated asset objects reloaded before import = 0Number of asset objects unloaded after import = 1

========================================================================
Received Import Request.
  Time since last request: 0.000023 seconds.
  path: Packages/com.unity.visualscripting/Editor/VisualScripting.Core/Plugin/Changelogs/LegacyLudiqGraphs/Changelog_1_1_2.cs
  artifactKey: Guid(1123f413d661e499bbfa9bba565a52cf) Importer(2089858483,b0f066a214c2f5e87bad3c948f4d605d)
Start importing Packages/com.unity.visualscripting/Editor/VisualScripting.Core/Plugin/Changelogs/LegacyLudiqGraphs/Changelog_1_1_2.cs using Guid(1123f413d661e499bbfa9bba565a52cf) Importer(2089858483,b0f066a214c2f5e87bad3c948f4d605d) (ScriptedImporter) -> (artifact id: '48945116874671a211260cb896b76df8') in 0.0039397 seconds
Number of updated asset objects reloaded before import = 0Number of asset objects unloaded after import = 0

========================================================================
Received Import Request.
  Time since last request: 0.000013 seconds.
  path: Packages/com.unity.visualscripting/Runtime/VisualScripting.Flow/Framework/Time/Timer.cs
  artifactKey: Guid(97745dc9f2f4640559e8bd02331d9feb) Importer(2089858483,b0f066a214c2f5e87bad3c948f4d605d)
Start importing Packages/com.unity.visualscripting/Runtime/VisualScripting.Flow/Framework/Time/Timer.cs using Guid(97745dc9f2f4640559e8bd02331d9feb) Importer(2089858483,b0f066a214c2f5e87bad3c948f4d605d) (ScriptedImporter) -> (artifact id: '4b6eb8994c2510b879daed8931cf14ad') in 0.003974 seconds
Number of updated asset objects reloaded before import = 0Number of asset objects unloaded after import = 0

========================================================================
Received Import Request.
  Time since last request: 0.000013 seconds.
  path: Packages/com.unity.visualscripting/Runtime/VisualScripting.Flow/Framework/Events/ManualEventUnit.cs
  artifactKey: Guid(b0df414b887c340aba028b9858a02b8c) Importer(2089858483,b0f066a214c2f5e87bad3c948f4d605d)
Start importing Packages/com.unity.visualscripting/Runtime/VisualScripting.Flow/Framework/Events/ManualEventUnit.cs using Guid(b0df414b887c340aba028b9858a02b8c) Importer(2089858483,b0f066a214c2f5e87bad3c948f4d605d) (ScriptedImporter) -> (artifact id: 'd827e82b7dfd33b3bcea781b81812e5d') in 0.0039774 seconds
Number of updated asset objects reloaded before import = 0Number of asset objects unloaded after import = 0

========================================================================
Received Import Request.
  Time since last request: 0.000015 seconds.
  path: Packages/com.unity.visualscripting/Runtime/VisualScripting.Flow/Framework/Control/SelectUnit.cs
  artifactKey: Guid(4c159d9546a084c019e5b2d7610a0269) Importer(2089858483,b0f066a214c2f5e87bad3c948f4d605d)
Start importing Packages/com.unity.visualscripting/Runtime/VisualScripting.Flow/Framework/Control/SelectUnit.cs using Guid(4c159d9546a084c019e5b2d7610a0269) Importer(2089858483,b0f066a214c2f5e87bad3c948f4d605d) (ScriptedImporter) -> (artifact id: '130db62d47b96822ce5913fb3b22bfde') in 0.0034309 seconds
Number of updated asset objects reloaded before import = 0Number of asset objects unloaded after import = 0

========================================================================
Received Import Request.
  Time since last request: 0.000014 seconds.
  path: Packages/com.unity.visualscripting/Runtime/VisualScripting.Core/Dependencies/FullSerializer/Converters/fsEnumConverter.cs
  artifactKey: Guid(ab94a630dd6e9441ba5d116d7c1bcfd4) Importer(2089858483,b0f066a214c2f5e87bad3c948f4d605d)
Start importing Packages/com.unity.visualscripting/Runtime/VisualScripting.Core/Dependencies/FullSerializer/Converters/fsEnumConverter.cs using Guid(ab94a630dd6e9441ba5d116d7c1bcfd4) Importer(2089858483,b0f066a214c2f5e87bad3c948f4d605d) (ScriptedImporter) -> (artifact id: '99199e0e87995c281c38117ea0b2285a') in 0.0038963 seconds
Number of updated asset objects reloaded before import = 0Number of asset objects unloaded after import = 0

========================================================================
Received Import Request.
  Time since last request: 0.000050 seconds.
  path: Packages/com.unity.visualscripting/Editor/VisualScripting.Core/Dependencies/ReorderableList/Internal/GUIHelper.cs
  artifactKey: Guid(97f6ae860506d4fdab45c5f475c6389c) Importer(2089858483,b0f066a214c2f5e87bad3c948f4d605d)
Start importing Packages/com.unity.visualscripting/Editor/VisualScripting.Core/Dependencies/ReorderableList/Internal/GUIHelper.cs using Guid(97f6ae860506d4fdab45c5f475c6389c) Importer(2089858483,b0f066a214c2f5e87bad3c948f4d605d) (ScriptedImporter) -> (artifact id: '614edf929a4ff3ebe8f52f2920593696') in 0.0042681 seconds
Number of updated asset objects reloaded before import = 0Number of asset objects unloaded after import = 0

========================================================================
Received Import Request.
  Time since last request: 0.000025 seconds.
  path: Packages/com.unity.visualscripting/Editor/VisualScripting.Core/Plugin/Changelogs/LegacyLudiqGraphs/Changelog_1_3_0.cs
  artifactKey: Guid(d6e7141fd42ed429fae7352c1b66a6f0) Importer(2089858483,b0f066a214c2f5e87bad3c948f4d605d)
Start importing Packages/com.unity.visualscripting/Editor/VisualScripting.Core/Plugin/Changelogs/LegacyLudiqGraphs/Changelog_1_3_0.cs using Guid(d6e7141fd42ed429fae7352c1b66a6f0) Importer(2089858483,b0f066a214c2f5e87bad3c948f4d605d) (ScriptedImporter) -> (artifact id: 'c9407f1c73e560c5724de70433dd4c0a') in 0.004074 seconds
Number of updated asset objects reloaded before import = 0Number of asset objects unloaded after import = 0

========================================================================
Received Import Request.
  Time since last request: 0.000015 seconds.
  path: Packages/com.unity.visualscripting/Runtime/VisualScripting.Flow/Framework/Graph/HasGraph.cs
  artifactKey: Guid(2a3ffd951e0554203aff7d10d1a9b2f7) Importer(2089858483,b0f066a214c2f5e87bad3c948f4d605d)
Start importing Packages/com.unity.visualscripting/Runtime/VisualScripting.Flow/Framework/Graph/HasGraph.cs using Guid(2a3ffd951e0554203aff7d10d1a9b2f7) Importer(2089858483,b0f066a214c2f5e87bad3c948f4d605d) (ScriptedImporter) -> (artifact id: 'c17729290aae94d2d4559e3c8a8b6ddc') in 0.0034417 seconds
Number of updated asset objects reloaded before import = 0Number of asset objects unloaded after import = 0

========================================================================
Received Import Request.
  Time since last request: 0.000015 seconds.
  path: Packages/com.unity.visualscripting/Runtime/VisualScripting.Core/Dependencies/FullSerializer/Converters/fsArrayConverter.cs
  artifactKey: Guid(5f4c650178b4b4b79a3b5cabd17c9307) Importer(2089858483,b0f066a214c2f5e87bad3c948f4d605d)
Start importing Packages/com.unity.visualscripting/Runtime/VisualScripting.Core/Dependencies/FullSerializer/Converters/fsArrayConverter.cs using Guid(5f4c650178b4b4b79a3b5cabd17c9307) Importer(2089858483,b0f066a214c2f5e87bad3c948f4d605d) (ScriptedImporter) -> (artifact id: '2a1092daac896cc1931768b88bc4d8d3') in 0.0035977 seconds
Number of updated asset objects reloaded before import = 0Number of asset objects unloaded after import = 0

========================================================================
Received Import Request.
  Time since last request: 0.000013 seconds.
  path: Packages/com.unity.visualscripting/Runtime/VisualScripting.Core/Dependencies/FullSerializer/Converters/fsIEnumerableConverter.cs
  artifactKey: Guid(83ff07ed5d5f746a18cff1d9fd010e93) Importer(2089858483,b0f066a214c2f5e87bad3c948f4d605d)
Start importing Packages/com.unity.visualscripting/Runtime/VisualScripting.Core/Dependencies/FullSerializer/Converters/fsIEnumerableConverter.cs using Guid(83ff07ed5d5f746a18cff1d9fd010e93) Importer(2089858483,b0f066a214c2f5e87bad3c948f4d605d) (ScriptedImporter) -> (artifact id: '61179b1e225509e7a36a90edff79daa3') in 0.0039146 seconds
Number of updated asset objects reloaded before import = 0Number of asset objects unloaded after import = 0

========================================================================
Received Import Request.
  Time since last request: 0.000015 seconds.
  path: Packages/com.unity.visualscripting/Editor/VisualScripting.Core/Dependencies/ReorderableList/ElementAdderMenu/IElementAdderMenuBuilder.cs
  artifactKey: Guid(6354d0275cb2a4f1a91079c8731a8fa0) Importer(2089858483,b0f066a214c2f5e87bad3c948f4d605d)
Start importing Packages/com.unity.visualscripting/Editor/VisualScripting.Core/Dependencies/ReorderableList/ElementAdderMenu/IElementAdderMenuBuilder.cs using Guid(6354d0275cb2a4f1a91079c8731a8fa0) Importer(2089858483,b0f066a214c2f5e87bad3c948f4d605d) (ScriptedImporter) -> (artifact id: '8c07ba41c68ff602248b5eeefb3875f0') in 0.0037686 seconds
Number of updated asset objects reloaded before import = 0Number of asset objects unloaded after import = 0

========================================================================
Received Import Request.
  Time since last request: 0.000017 seconds.
  path: Packages/com.unity.visualscripting/Runtime/VisualScripting.Flow/Framework/Time/WaitUnit.cs
  artifactKey: Guid(cc6b78093d57e40f883de7672944949a) Importer(2089858483,b0f066a214c2f5e87bad3c948f4d605d)
Start importing Packages/com.unity.visualscripting/Runtime/VisualScripting.Flow/Framework/Time/WaitUnit.cs using Guid(cc6b78093d57e40f883de7672944949a) Importer(2089858483,b0f066a214c2f5e87bad3c948f4d605d) (ScriptedImporter) -> (artifact id: '3cd41856770ee199a07556f952305cf7') in 0.0036593 seconds
Number of updated asset objects reloaded before import = 0Number of asset objects unloaded after import = 0

========================================================================
Received Import Request.
  Time since last request: 0.000024 seconds.
  path: Packages/com.unity.visualscripting/Editor/VisualScripting.Core/Plugin/Changelogs/LegacyLudiqCore/Changelog_1_2_3.cs
  artifactKey: Guid(f662210e7a8f640e7a1db92d95218750) Importer(2089858483,b0f066a214c2f5e87bad3c948f4d605d)
Start importing Packages/com.unity.visualscripting/Editor/VisualScripting.Core/Plugin/Changelogs/LegacyLudiqCore/Changelog_1_2_3.cs using Guid(f662210e7a8f640e7a1db92d95218750) Importer(2089858483,b0f066a214c2f5e87bad3c948f4d605d) (ScriptedImporter) -> (artifact id: '5b2b1c8f03e71c167b0f44089f74192c') in 0.0037431 seconds
Number of updated asset objects reloaded before import = 0Number of asset objects unloaded after import = 0

========================================================================
Received Import Request.
  Time since last request: 0.000017 seconds.
  path: Packages/com.unity.visualscripting/Editor/VisualScripting.Core/Dependencies/ReorderableList/ElementAdderMenu/GenericElementAdderMenuBuilder.cs
  artifactKey: Guid(88625867c6f324d3c8afee297a904beb) Importer(2089858483,b0f066a214c2f5e87bad3c948f4d605d)
Start importing Packages/com.unity.visualscripting/Editor/VisualScripting.Core/Dependencies/ReorderableList/ElementAdderMenu/GenericElementAdderMenuBuilder.cs using Guid(88625867c6f324d3c8afee297a904beb) Importer(2089858483,b0f066a214c2f5e87bad3c948f4d605d) (ScriptedImporter) -> (artifact id: '898dffe6f688be6cd41d723c5d361a48') in 0.0049338 seconds
Number of updated asset objects reloaded before import = 0Number of asset objects unloaded after import = 0

========================================================================
Received Import Request.
  Time since last request: 0.000014 seconds.
  path: Packages/com.unity.visualscripting/Runtime/VisualScripting.Core/Dependencies/FullSerializer/Converters/fsForwardConverter.cs
  artifactKey: Guid(f85fe1ea3f9664fb9be7ce694de49076) Importer(2089858483,b0f066a214c2f5e87bad3c948f4d605d)
Start importing Packages/com.unity.visualscripting/Runtime/VisualScripting.Core/Dependencies/FullSerializer/Converters/fsForwardConverter.cs using Guid(f85fe1ea3f9664fb9be7ce694de49076) Importer(2089858483,b0f066a214c2f5e87bad3c948f4d605d) (ScriptedImporter) -> (artifact id: 'f76b26ae880114e6e6a0957205b7087d') in 0.0057929 seconds
Number of updated asset objects reloaded before import = 0Number of asset objects unloaded after import = 0

========================================================================
Received Import Request.
  Time since last request: 0.000014 seconds.
  path: Packages/com.unity.visualscripting/Runtime/VisualScripting.Flow/Framework/Time/WaitForFlow.cs
  artifactKey: Guid(f1ce51feaceca405daca97b5a2789be9) Importer(2089858483,b0f066a214c2f5e87bad3c948f4d605d)
Start importing Packages/com.unity.visualscripting/Runtime/VisualScripting.Flow/Framework/Time/WaitForFlow.cs using Guid(f1ce51feaceca405daca97b5a2789be9) Importer(2089858483,b0f066a214c2f5e87bad3c948f4d605d) (ScriptedImporter) -> (artifact id: 'b9716835aa73d6724d2c058ff921395c') in 0.0042908 seconds
Number of updated asset objects reloaded before import = 0Number of asset objects unloaded after import = 0

========================================================================
Received Import Request.
  Time since last request: 0.000016 seconds.
  path: Packages/com.unity.visualscripting/Editor/VisualScripting.Core/Plugin/Changelogs/LegacyLudiqGraphs/Changelog_1_4_1.cs
  artifactKey: Guid(f3b23c5b811b54a9ab7a6c88146a46a5) Importer(2089858483,b0f066a214c2f5e87bad3c948f4d605d)
Start importing Packages/com.unity.visualscripting/Editor/VisualScripting.Core/Plugin/Changelogs/LegacyLudiqGraphs/Changelog_1_4_1.cs using Guid(f3b23c5b811b54a9ab7a6c88146a46a5) Importer(2089858483,b0f066a214c2f5e87bad3c948f4d605d) (ScriptedImporter) -> (artifact id: '981d55c21f2493d597c5f266ba538856') in 0.0036687 seconds
Number of updated asset objects reloaded before import = 0Number of asset objects unloaded after import = 0

========================================================================
Received Import Request.
  Time since last request: 0.000020 seconds.
  path: Packages/com.unity.visualscripting/Runtime/VisualScripting.Flow/Dependencies/NCalc/LogicalExpression.cs
  artifactKey: Guid(2d630dc61d2194bf28114c04393228bb) Importer(2089858483,b0f066a214c2f5e87bad3c948f4d605d)
Start importing Packages/com.unity.visualscripting/Runtime/VisualScripting.Flow/Dependencies/NCalc/LogicalExpression.cs using Guid(2d630dc61d2194bf28114c04393228bb) Importer(2089858483,b0f066a214c2f5e87bad3c948f4d605d) (ScriptedImporter) -> (artifact id: '4ea81bbd6f49a7f8b64a0c3e81662034') in 0.0042583 seconds
Number of updated asset objects reloaded before import = 0Number of asset objects unloaded after import = 0

========================================================================
Received Import Request.
  Time since last request: 0.000013 seconds.
  path: Packages/com.unity.visualscripting/Editor/VisualScripting.Core/Plugin/Changelogs/LegacyLudiqGraphs/Changelog_1_2_0.cs
  artifactKey: Guid(3b9c283b1a72644b5a57aaca158fa256) Importer(2089858483,b0f066a214c2f5e87bad3c948f4d605d)
Start importing Packages/com.unity.visualscripting/Editor/VisualScripting.Core/Plugin/Changelogs/LegacyLudiqGraphs/Changelog_1_2_0.cs using Guid(3b9c283b1a72644b5a57aaca158fa256) Importer(2089858483,b0f066a214c2f5e87bad3c948f4d605d) (ScriptedImporter) -> (artifact id: 'e59e9d7ab013a2f41c4ad3635ef0a6af') in 0.0042051 seconds
Number of updated asset objects reloaded before import = 0Number of asset objects unloaded after import = 0

========================================================================
Received Import Request.
  Time since last request: 0.000014 seconds.
  path: Packages/com.unity.visualscripting/Runtime/VisualScripting.Flow/Framework/Collections/Dictionaries/AddDictionaryItem.cs
  artifactKey: Guid(48a1eaea1e4c144ebbf84144dac05f94) Importer(2089858483,b0f066a214c2f5e87bad3c948f4d605d)
Start importing Packages/com.unity.visualscripting/Runtime/VisualScripting.Flow/Framework/Collections/Dictionaries/AddDictionaryItem.cs using Guid(48a1eaea1e4c144ebbf84144dac05f94) Importer(2089858483,b0f066a214c2f5e87bad3c948f4d605d) (ScriptedImporter) -> (artifact id: '2f29ac0460a3212ffd2201b55ac198f0') in 0.0044169 seconds
Number of updated asset objects reloaded before import = 0Number of asset objects unloaded after import = 0

========================================================================
Received Import Request.
  Time since last request: 0.000014 seconds.
  path: Packages/com.unity.visualscripting/Runtime/VisualScripting.Flow/Framework/Control/ToggleValue.cs
  artifactKey: Guid(bf595eee981c54462b9b709712dd098f) Importer(2089858483,b0f066a214c2f5e87bad3c948f4d605d)
Start importing Packages/com.unity.visualscripting/Runtime/VisualScripting.Flow/Framework/Control/ToggleValue.cs using Guid(bf595eee981c54462b9b709712dd098f) Importer(2089858483,b0f066a214c2f5e87bad3c948f4d605d) (ScriptedImporter) -> (artifact id: 'fa34310beed7dbd9eae448feb335f786') in 0.0039471 seconds
Number of updated asset objects reloaded before import = 0Number of asset objects unloaded after import = 0

========================================================================
Received Import Request.
  Time since last request: 1.184875 seconds.
  path: Packages/com.unity.visualscripting/Runtime/VisualScripting.Flow/Framework/Collections/Dictionaries/GetDictionaryItem.cs
  artifactKey: Guid(0a8e3e47147a543cfbfa969532386942) Importer(2089858483,b0f066a214c2f5e87bad3c948f4d605d)
Start importing Packages/com.unity.visualscripting/Runtime/VisualScripting.Flow/Framework/Collections/Dictionaries/GetDictionaryItem.cs using Guid(0a8e3e47147a543cfbfa969532386942) Importer(2089858483,b0f066a214c2f5e87bad3c948f4d605d) (ScriptedImporter) -> (artifact id: '44ff477aad941c223ed04faca20b7299') in 0.0044078 seconds
Number of updated asset objects reloaded before import = 0Number of asset objects unloaded after import = 0

========================================================================
Received Import Request.
  Time since last request: 0.000016 seconds.
  path: Packages/com.unity.visualscripting/Runtime/VisualScripting.Flow/Framework/Math/Vector3/Vector3Distance.cs
  artifactKey: Guid(d3962bf02120b4f81a2bf40dcad0f8ab) Importer(2089858483,b0f066a214c2f5e87bad3c948f4d605d)
Start importing Packages/com.unity.visualscripting/Runtime/VisualScripting.Flow/Framework/Math/Vector3/Vector3Distance.cs using Guid(d3962bf02120b4f81a2bf40dcad0f8ab) Importer(2089858483,b0f066a214c2f5e87bad3c948f4d605d) (ScriptedImporter) -> (artifact id: '9624e71d5e38f270edcbbe1957ec4ff4') in 0.0043269 seconds
Number of updated asset objects reloaded before import = 0Number of asset objects unloaded after import = 0

========================================================================
Received Import Request.
  Time since last request: 0.000019 seconds.
  path: Packages/com.unity.visualscripting/Runtime/VisualScripting.Flow/Framework/Math/Vector2/Vector2Angle.cs
  artifactKey: Guid(d891cfa0b12b34cc0ac9f9ec7d0f3352) Importer(2089858483,b0f066a214c2f5e87bad3c948f4d605d)
Start importing Packages/com.unity.visualscripting/Runtime/VisualScripting.Flow/Framework/Math/Vector2/Vector2Angle.cs using Guid(d891cfa0b12b34cc0ac9f9ec7d0f3352) Importer(2089858483,b0f066a214c2f5e87bad3c948f4d605d) (ScriptedImporter) -> (artifact id: 'd4858b3fc0747ab637e9411d9b08dece') in 0.0041797 seconds
Number of updated asset objects reloaded before import = 0Number of asset objects unloaded after import = 0

========================================================================
Received Import Request.
  Time since last request: 0.000014 seconds.
  path: Packages/com.unity.visualscripting/Runtime/VisualScripting.Flow/Framework/Events/GUI/OnDrag.cs
  artifactKey: Guid(37c4fa51049d34219bcc2cc1ec7bea50) Importer(2089858483,b0f066a214c2f5e87bad3c948f4d605d)
Start importing Packages/com.unity.visualscripting/Runtime/VisualScripting.Flow/Framework/Events/GUI/OnDrag.cs using Guid(37c4fa51049d34219bcc2cc1ec7bea50) Importer(2089858483,b0f066a214c2f5e87bad3c948f4d605d) (ScriptedImporter) -> (artifact id: '283a8d7e00dd38c9cb5c7453cd9cd47f') in 0.0040105 seconds
Number of updated asset objects reloaded before import = 0Number of asset objects unloaded after import = 0

========================================================================
Received Import Request.
  Time since last request: 0.000013 seconds.
  path: Packages/com.unity.timeline/Editor/Analytics/TimelineAnalytics.cs
  artifactKey: Guid(10ba9bc9317e315439b0223674162c52) Importer(2089858483,b0f066a214c2f5e87bad3c948f4d605d)
Start importing Packages/com.unity.timeline/Editor/Analytics/TimelineAnalytics.cs using Guid(10ba9bc9317e315439b0223674162c52) Importer(2089858483,b0f066a214c2f5e87bad3c948f4d605d) (ScriptedImporter) -> (artifact id: '36536175e12c771e4d4498017ab8ada1') in 0.0039337 seconds
Number of updated asset objects reloaded before import = 0Number of asset objects unloaded after import = 0

========================================================================
Received Import Request.
  Time since last request: 0.000016 seconds.
  path: Packages/com.unity.visualscripting/Runtime/VisualScripting.Flow/Framework/Math/Vector4/Vector4Maximum.cs
  artifactKey: Guid(7bf26d8b29910457897a2d640f71bac2) Importer(2089858483,b0f066a214c2f5e87bad3c948f4d605d)
Start importing Packages/com.unity.visualscripting/Runtime/VisualScripting.Flow/Framework/Math/Vector4/Vector4Maximum.cs using Guid(7bf26d8b29910457897a2d640f71bac2) Importer(2089858483,b0f066a214c2f5e87bad3c948f4d605d) (ScriptedImporter) -> (artifact id: '44046dbf703d4d0be3b5182f55767489') in 0.0040251 seconds
Number of updated asset objects reloaded before import = 0Number of asset objects unloaded after import = 0

========================================================================
Received Import Request.
  Time since last request: 0.000014 seconds.
  path: Packages/com.unity.visualscripting/Runtime/VisualScripting.Flow/Framework/Events/Application/OnApplicationFocus.cs
  artifactKey: Guid(a0274e2d9504747689564e43b42b2525) Importer(2089858483,b0f066a214c2f5e87bad3c948f4d605d)
Start importing Packages/com.unity.visualscripting/Runtime/VisualScripting.Flow/Framework/Events/Application/OnApplicationFocus.cs using Guid(a0274e2d9504747689564e43b42b2525) Importer(2089858483,b0f066a214c2f5e87bad3c948f4d605d) (ScriptedImporter) -> (artifact id: '9d82aebffceb26992ff6b10886378ca0') in 0.0042239 seconds
Number of updated asset objects reloaded before import = 0Number of asset objects unloaded after import = 0

========================================================================
Received Import Request.
  Time since last request: 0.000017 seconds.
  path: Packages/com.unity.visualscripting/Runtime/VisualScripting.Flow/Framework/Math/Vector2/Vector2Distance.cs
  artifactKey: Guid(77d96d89dd9e24f1fb646f095bea5cda) Importer(2089858483,b0f066a214c2f5e87bad3c948f4d605d)
Start importing Packages/com.unity.visualscripting/Runtime/VisualScripting.Flow/Framework/Math/Vector2/Vector2Distance.cs using Guid(77d96d89dd9e24f1fb646f095bea5cda) Importer(2089858483,b0f066a214c2f5e87bad3c948f4d605d) (ScriptedImporter) -> (artifact id: '199dc2fc5a974fcb85390b5f6ef2bd89') in 0.0041945 seconds
Number of updated asset objects reloaded before import = 0Number of asset objects unloaded after import = 0

========================================================================
Received Import Request.
  Time since last request: 0.000024 seconds.
  path: Packages/com.unity.timeline/Editor/Animation/AnimationOffsetMenu.cs
  artifactKey: Guid(9ace5095cc37ed849b52109d2ee305d4) Importer(2089858483,b0f066a214c2f5e87bad3c948f4d605d)
Start importing Packages/com.unity.timeline/Editor/Animation/AnimationOffsetMenu.cs using Guid(9ace5095cc37ed849b52109d2ee305d4) Importer(2089858483,b0f066a214c2f5e87bad3c948f4d605d) (ScriptedImporter) -> (artifact id: 'ef2630ae4f9d7479507df298c569ad4b') in 0.0042052 seconds
Number of updated asset objects reloaded before import = 0Number of asset objects unloaded after import = 0

========================================================================
Received Import Request.
  Time since last request: 0.000016 seconds.
  path: Packages/com.unity.timeline/Editor/Animation/AnimationClipExtensions.cs
  artifactKey: Guid(c3b87750f9f94e8c918b71ec7d369bd4) Importer(2089858483,b0f066a214c2f5e87bad3c948f4d605d)
Start importing Packages/com.unity.timeline/Editor/Animation/AnimationClipExtensions.cs using Guid(c3b87750f9f94e8c918b71ec7d369bd4) Importer(2089858483,b0f066a214c2f5e87bad3c948f4d605d) (ScriptedImporter) -> (artifact id: '0c6780fda0483c6d270cc196a1fd0fef') in 0.0038096 seconds
Number of updated asset objects reloaded before import = 0Number of asset objects unloaded after import = 0

========================================================================
Received Import Request.
  Time since last request: 0.000013 seconds.
  path: Packages/com.unity.visualscripting/Runtime/VisualScripting.Flow/Framework/Events/GUI/OnGUI.cs
  artifactKey: Guid(5ea571a61c1ab43a9a23fa382fe65383) Importer(2089858483,b0f066a214c2f5e87bad3c948f4d605d)
Start importing Packages/com.unity.visualscripting/Runtime/VisualScripting.Flow/Framework/Events/GUI/OnGUI.cs using Guid(5ea571a61c1ab43a9a23fa382fe65383) Importer(2089858483,b0f066a214c2f5e87bad3c948f4d605d) (ScriptedImporter) -> (artifact id: '7863e47bb8c3052bc5b3231c6ebdc28a') in 0.0038214 seconds
Number of updated asset objects reloaded before import = 0Number of asset objects unloaded after import = 0

========================================================================
Received Import Request.
  Time since last request: 0.000014 seconds.
  path: Packages/com.unity.visualscripting/Runtime/VisualScripting.Core/Dependencies/FullSerializer/Converters/Unity/AnimationCurve_DirectConverter.cs
  artifactKey: Guid(4f71cb511b7b0451c9b23f8b4399ea27) Importer(2089858483,b0f066a214c2f5e87bad3c948f4d605d)
Start importing Packages/com.unity.visualscripting/Runtime/VisualScripting.Core/Dependencies/FullSerializer/Converters/Unity/AnimationCurve_DirectConverter.cs using Guid(4f71cb511b7b0451c9b23f8b4399ea27) Importer(2089858483,b0f066a214c2f5e87bad3c948f4d605d) (ScriptedImporter) -> (artifact id: '800719ec410a9f53f355212c7a73ab00') in 0.0039329 seconds
Number of updated asset objects reloaded before import = 0Number of asset objects unloaded after import = 0

========================================================================
Received Import Request.
  Time since last request: 0.000014 seconds.
  path: Packages/com.unity.visualscripting/Runtime/VisualScripting.Flow/Framework/Events/GUI/OnSubmit.cs
  artifactKey: Guid(53b84e2c33f614e819d1917fbf0c6230) Importer(2089858483,b0f066a214c2f5e87bad3c948f4d605d)
Start importing Packages/com.unity.visualscripting/Runtime/VisualScripting.Flow/Framework/Events/GUI/OnSubmit.cs using Guid(53b84e2c33f614e819d1917fbf0c6230) Importer(2089858483,b0f066a214c2f5e87bad3c948f4d605d) (ScriptedImporter) -> (artifact id: '875b7dd76138d6417d007f06d595182b') in 0.0038478 seconds
Number of updated asset objects reloaded before import = 0Number of asset objects unloaded after import = 0

========================================================================
Received Import Request.
  Time since last request: 0.000018 seconds.
  path: Packages/com.unity.timeline/Editor/Audio/AudioTrackInspector.cs
  artifactKey: Guid(57acdaad593b8d143b8fb5052a09d7d0) Importer(2089858483,b0f066a214c2f5e87bad3c948f4d605d)
Start importing Packages/com.unity.timeline/Editor/Audio/AudioTrackInspector.cs using Guid(57acdaad593b8d143b8fb5052a09d7d0) Importer(2089858483,b0f066a214c2f5e87bad3c948f4d605d) (ScriptedImporter) -> (artifact id: '5aa1ccaabb6b6c9953b76205e559c392') in 0.0042621 seconds
Number of updated asset objects reloaded before import = 0Number of asset objects unloaded after import = 0

========================================================================
Received Import Request.
  Time since last request: 0.000023 seconds.
  path: Packages/com.unity.visualscripting/Runtime/VisualScripting.Flow/Framework/Math/Vector3/Vector3Average.cs
  artifactKey: Guid(9cfeafc6c3a8a4892af70f6250efaa62) Importer(2089858483,b0f066a214c2f5e87bad3c948f4d605d)
Start importing Packages/com.unity.visualscripting/Runtime/VisualScripting.Flow/Framework/Math/Vector3/Vector3Average.cs using Guid(9cfeafc6c3a8a4892af70f6250efaa62) Importer(2089858483,b0f066a214c2f5e87bad3c948f4d605d) (ScriptedImporter) -> (artifact id: 'a65e5c005d1f4d18e04bfd225635e6fc') in 0.0039612 seconds
Number of updated asset objects reloaded before import = 0Number of asset objects unloaded after import = 0

========================================================================
Received Import Request.
  Time since last request: 0.000016 seconds.
  path: Packages/com.unity.visualscripting/Runtime/VisualScripting.Flow/Framework/Events/GUI/OnMove.cs
  artifactKey: Guid(2a27e2d609de84c398a54131860c6a4c) Importer(2089858483,b0f066a214c2f5e87bad3c948f4d605d)
Start importing Packages/com.unity.visualscripting/Runtime/VisualScripting.Flow/Framework/Events/GUI/OnMove.cs using Guid(2a27e2d609de84c398a54131860c6a4c) Importer(2089858483,b0f066a214c2f5e87bad3c948f4d605d) (ScriptedImporter) -> (artifact id: 'a57034bfaad6941b5a8e23138957c360') in 0.0048266 seconds
Number of updated asset objects reloaded before import = 0Number of asset objects unloaded after import = 0

========================================================================
Received Import Request.
  Time since last request: 0.000014 seconds.
  path: Packages/com.unity.visualscripting/Runtime/VisualScripting.Flow/Framework/Events/Rendering/OnBecameInvisible.cs
  artifactKey: Guid(2ef854128303c4cb7be7bf717c50f5f8) Importer(2089858483,b0f066a214c2f5e87bad3c948f4d605d)
Start importing Packages/com.unity.visualscripting/Runtime/VisualScripting.Flow/Framework/Events/Rendering/OnBecameInvisible.cs using Guid(2ef854128303c4cb7be7bf717c50f5f8) Importer(2089858483,b0f066a214c2f5e87bad3c948f4d605d) (ScriptedImporter) -> (artifact id: '481fa6eb89b86f271bbda8a4af193240') in 0.0048457 seconds
Number of updated asset objects reloaded before import = 0Number of asset objects unloaded after import = 0

========================================================================
Received Import Request.
  Time since last request: 0.000013 seconds.
  path: Packages/com.unity.visualscripting/Runtime/VisualScripting.Flow/Framework/Math/Vector2/Vector2Project.cs
  artifactKey: Guid(459317b7a46914c369498518bea1c011) Importer(2089858483,b0f066a214c2f5e87bad3c948f4d605d)
Start importing Packages/com.unity.visualscripting/Runtime/VisualScripting.Flow/Framework/Math/Vector2/Vector2Project.cs using Guid(459317b7a46914c369498518bea1c011) Importer(2089858483,b0f066a214c2f5e87bad3c948f4d605d) (ScriptedImporter) -> (artifact id: '15dc0fd5752caf019265554c1e350bb5') in 0.0039064 seconds
Number of updated asset objects reloaded before import = 0Number of asset objects unloaded after import = 0

========================================================================
Received Import Request.
  Time since last request: 0.000017 seconds.
  path: Packages/com.unity.timeline/Editor/CustomEditors/MarkerEditor.cs
  artifactKey: Guid(99c5970046bb263469514e56eb6aa519) Importer(2089858483,b0f066a214c2f5e87bad3c948f4d605d)
Start importing Packages/com.unity.timeline/Editor/CustomEditors/MarkerEditor.cs using Guid(99c5970046bb263469514e56eb6aa519) Importer(2089858483,b0f066a214c2f5e87bad3c948f4d605d) (ScriptedImporter) -> (artifact id: '5db6faed65feca69de6390fe01b3fff4') in 0.0039614 seconds
Number of updated asset objects reloaded before import = 0Number of asset objects unloaded after import = 0

========================================================================
Received Import Request.
  Time since last request: 0.000023 seconds.
  path: Packages/com.unity.visualscripting/Runtime/VisualScripting.Core/Dependencies/FullSerializer/Converters/Unity/Gradient_DirectConverter.cs
  artifactKey: Guid(c375abf85cf9e42a0b84b8a8449cdeae) Importer(2089858483,b0f066a214c2f5e87bad3c948f4d605d)
Start importing Packages/com.unity.visualscripting/Runtime/VisualScripting.Core/Dependencies/FullSerializer/Converters/Unity/Gradient_DirectConverter.cs using Guid(c375abf85cf9e42a0b84b8a8449cdeae) Importer(2089858483,b0f066a214c2f5e87bad3c948f4d605d) (ScriptedImporter) -> (artifact id: '381a836bc43b9b2a745c13a15b7c112d') in 0.0051727 seconds
Number of updated asset objects reloaded before import = 0Number of asset objects unloaded after import = 0

========================================================================
Received Import Request.
  Time since last request: 0.000016 seconds.
  path: Packages/com.unity.timeline/Editor/Actions/MarkerAction.cs
  artifactKey: Guid(03d19e545aea1b446b1c56530a4438ae) Importer(2089858483,b0f066a214c2f5e87bad3c948f4d605d)
Start importing Packages/com.unity.timeline/Editor/Actions/MarkerAction.cs using Guid(03d19e545aea1b446b1c56530a4438ae) Importer(2089858483,b0f066a214c2f5e87bad3c948f4d605d) (ScriptedImporter) -> (artifact id: 'c15b94bc625e87702110aa057cf8fcdb') in 0.0040631 seconds
Number of updated asset objects reloaded before import = 0Number of asset objects unloaded after import = 0

========================================================================
Received Import Request.
  Time since last request: 0.000015 seconds.
  path: Packages/com.unity.visualscripting/Runtime/VisualScripting.Flow/Framework/Events/GUI/OnScroll.cs
  artifactKey: Guid(962e1af06fc3e44f49a53caa13aff21e) Importer(2089858483,b0f066a214c2f5e87bad3c948f4d605d)
Start importing Packages/com.unity.visualscripting/Runtime/VisualScripting.Flow/Framework/Events/GUI/OnScroll.cs using Guid(962e1af06fc3e44f49a53caa13aff21e) Importer(2089858483,b0f066a214c2f5e87bad3c948f4d605d) (ScriptedImporter) -> (artifact id: 'b196f21fe00c96bdad6ad3443ade94e7') in 0.0036924 seconds
Number of updated asset objects reloaded before import = 0Number of asset objects unloaded after import = 0

========================================================================
Received Import Request.
  Time since last request: 0.000014 seconds.
  path: Packages/com.unity.visualscripting/Runtime/VisualScripting.Flow/Framework/Math/Scalar/ScalarAverage.cs
  artifactKey: Guid(d68c0c38421ef4911ad6c52c05bf17c7) Importer(2089858483,b0f066a214c2f5e87bad3c948f4d605d)
Start importing Packages/com.unity.visualscripting/Runtime/VisualScripting.Flow/Framework/Math/Scalar/ScalarAverage.cs using Guid(d68c0c38421ef4911ad6c52c05bf17c7) Importer(2089858483,b0f066a214c2f5e87bad3c948f4d605d) (ScriptedImporter) -> (artifact id: '7cb4ace24a60f11b6558f14119fa6236') in 0.0047028 seconds
Number of updated asset objects reloaded before import = 0Number of asset objects unloaded after import = 0

========================================================================
Received Import Request.
  Time since last request: 0.000016 seconds.
  path: Packages/com.unity.visualscripting/Runtime/VisualScripting.Flow/Framework/Events/Physics/OnControllerColliderHit.cs
  artifactKey: Guid(8f4ccd0eb5d9c446e82f3dee47a53b4b) Importer(2089858483,b0f066a214c2f5e87bad3c948f4d605d)
Start importing Packages/com.unity.visualscripting/Runtime/VisualScripting.Flow/Framework/Events/Physics/OnControllerColliderHit.cs using Guid(8f4ccd0eb5d9c446e82f3dee47a53b4b) Importer(2089858483,b0f066a214c2f5e87bad3c948f4d605d) (ScriptedImporter) -> (artifact id: 'f988308df92c6784f30096df1b559515') in 0.0044755 seconds
Number of updated asset objects reloaded before import = 0Number of asset objects unloaded after import = 0

========================================================================
Received Import Request.
  Time since last request: 0.000031 seconds.
  path: Packages/com.unity.visualscripting/Runtime/VisualScripting.Core/Dependencies/FullSerializer/Converters/Unity/RectOffset_DirectConverter.cs
  artifactKey: Guid(c5f6a2c1ca71a441b9bfcfa0403794b4) Importer(2089858483,b0f066a214c2f5e87bad3c948f4d605d)
Start importing Packages/com.unity.visualscripting/Runtime/VisualScripting.Core/Dependencies/FullSerializer/Converters/Unity/RectOffset_DirectConverter.cs using Guid(c5f6a2c1ca71a441b9bfcfa0403794b4) Importer(2089858483,b0f066a214c2f5e87bad3c948f4d605d) (ScriptedImporter) -> (artifact id: 'e474e15a7a33379957c97a3b0d3812b7') in 0.0056416 seconds
Number of updated asset objects reloaded before import = 0Number of asset objects unloaded after import = 0

========================================================================
Received Import Request.
  Time since last request: 0.000014 seconds.
  path: Packages/com.unity.visualscripting/Runtime/VisualScripting.Flow/Framework/Math/Scalar/ScalarLerp.cs
  artifactKey: Guid(3d5e230c21f924802bd348a531a85633) Importer(2089858483,b0f066a214c2f5e87bad3c948f4d605d)
Start importing Packages/com.unity.visualscripting/Runtime/VisualScripting.Flow/Framework/Math/Scalar/ScalarLerp.cs using Guid(3d5e230c21f924802bd348a531a85633) Importer(2089858483,b0f066a214c2f5e87bad3c948f4d605d) (ScriptedImporter) -> (artifact id: '62837b0e2c9d0a90efedceb068b40d4e') in 0.0040404 seconds
Number of updated asset objects reloaded before import = 0Number of asset objects unloaded after import = 0

========================================================================
Received Import Request.
  Time since last request: 0.000013 seconds.
  path: Packages/com.unity.visualscripting/Runtime/VisualScripting.Flow/Framework/Events/Physics/OnCollisionExit.cs
  artifactKey: Guid(f8252f45e05f7479dbc8c7a5125872b6) Importer(2089858483,b0f066a214c2f5e87bad3c948f4d605d)
Start importing Packages/com.unity.visualscripting/Runtime/VisualScripting.Flow/Framework/Events/Physics/OnCollisionExit.cs using Guid(f8252f45e05f7479dbc8c7a5125872b6) Importer(2089858483,b0f066a214c2f5e87bad3c948f4d605d) (ScriptedImporter) -> (artifact id: '3e98fb4060c288659d4e149aaab3b341') in 0.0044109 seconds
Number of updated asset objects reloaded before import = 0Number of asset objects unloaded after import = 0

========================================================================
Received Import Request.
  Time since last request: 0.000013 seconds.
  path: Packages/com.unity.visualscripting/Runtime/VisualScripting.Flow/Framework/Math/Vector2/Vector2Maximum.cs
  artifactKey: Guid(2773b1278094c421baea92a3238c8231) Importer(2089858483,b0f066a214c2f5e87bad3c948f4d605d)
Start importing Packages/com.unity.visualscripting/Runtime/VisualScripting.Flow/Framework/Math/Vector2/Vector2Maximum.cs using Guid(2773b1278094c421baea92a3238c8231) Importer(2089858483,b0f066a214c2f5e87bad3c948f4d605d) (ScriptedImporter) -> (artifact id: '0bc64580b19dabc2c76721ff8fa1e7b6') in 0.00468 seconds
Number of updated asset objects reloaded before import = 0Number of asset objects unloaded after import = 0

========================================================================
Received Import Request.
  Time since last request: 0.000013 seconds.
  path: Packages/com.unity.timeline/Runtime/DiscreteTime.cs
  artifactKey: Guid(8beed9aab74505d488e6befe54c3f6ef) Importer(2089858483,b0f066a214c2f5e87bad3c948f4d605d)
Start importing Packages/com.unity.timeline/Runtime/DiscreteTime.cs using Guid(8beed9aab74505d488e6befe54c3f6ef) Importer(2089858483,b0f066a214c2f5e87bad3c948f4d605d) (ScriptedImporter) -> (artifact id: '72223ba60039604683943ee648dd8b35') in 0.0035747 seconds
Number of updated asset objects reloaded before import = 0Number of asset objects unloaded after import = 0

========================================================================
Received Import Request.
  Time since last request: 0.000018 seconds.
  path: Packages/com.unity.visualscripting/Runtime/VisualScripting.Flow/Framework/Math/Generic/DeprecatedGenericAdd.cs
  artifactKey: Guid(499a8bf0618a245dab78d3dc2d0dceca) Importer(2089858483,b0f066a214c2f5e87bad3c948f4d605d)
Start importing Packages/com.unity.visualscripting/Runtime/VisualScripting.Flow/Framework/Math/Generic/DeprecatedGenericAdd.cs using Guid(499a8bf0618a245dab78d3dc2d0dceca) Importer(2089858483,b0f066a214c2f5e87bad3c948f4d605d) (ScriptedImporter) -> (artifact id: '1e5d153d129a4490b49448a60cc00387') in 0.004627 seconds
Number of updated asset objects reloaded before import = 0Number of asset objects unloaded after import = 0

========================================================================
Received Import Request.
  Time since last request: 0.000024 seconds.
  path: Packages/com.unity.timeline/Editor/inspectors/TrackAssetInspector.cs
  artifactKey: Guid(8795e0dd0041d2f44b1fe1959fc9fb53) Importer(2089858483,b0f066a214c2f5e87bad3c948f4d605d)
Start importing Packages/com.unity.timeline/Editor/inspectors/TrackAssetInspector.cs using Guid(8795e0dd0041d2f44b1fe1959fc9fb53) Importer(2089858483,b0f066a214c2f5e87bad3c948f4d605d) (ScriptedImporter) -> (artifact id: 'eddef4fedd1e27c20fedd308da31354c') in 0.0041487 seconds
Number of updated asset objects reloaded before import = 0Number of asset objects unloaded after import = 0

========================================================================
Received Import Request.
  Time since last request: 0.000014 seconds.
  path: Packages/com.unity.visualscripting/Runtime/VisualScripting.Flow/Framework/Events/GUI/PointerEventUnit.cs
  artifactKey: Guid(388725224c49a43ffbaf106cda6dccad) Importer(2089858483,b0f066a214c2f5e87bad3c948f4d605d)
Start importing Packages/com.unity.visualscripting/Runtime/VisualScripting.Flow/Framework/Events/GUI/PointerEventUnit.cs using Guid(388725224c49a43ffbaf106cda6dccad) Importer(2089858483,b0f066a214c2f5e87bad3c948f4d605d) (ScriptedImporter) -> (artifact id: '30ae905c9950e6cb8e9a050bcd7cbfb8') in 0.0040989 seconds
Number of updated asset objects reloaded before import = 0Number of asset objects unloaded after import = 0

========================================================================
Received Import Request.
  Time since last request: 0.000014 seconds.
  path: Packages/com.unity.timeline/Editor/Activation/ActivationTrackInspector.cs
  artifactKey: Guid(c46b007a3762fc84cb1ee7ca30060f0b) Importer(2089858483,b0f066a214c2f5e87bad3c948f4d605d)
Start importing Packages/com.unity.timeline/Editor/Activation/ActivationTrackInspector.cs using Guid(c46b007a3762fc84cb1ee7ca30060f0b) Importer(2089858483,b0f066a214c2f5e87bad3c948f4d605d) (ScriptedImporter) -> (artifact id: '6d5df8f44b34bee397899aad7a688227') in 0.0038705 seconds
Number of updated asset objects reloaded before import = 0Number of asset objects unloaded after import = 0

========================================================================
Received Import Request.
  Time since last request: 0.000014 seconds.
  path: Packages/com.unity.visualscripting/Runtime/VisualScripting.Flow/Framework/Math/Scalar/ScalarAbsolute.cs
  artifactKey: Guid(9ccc4ef618cff4b65a07621143c39af9) Importer(2089858483,b0f066a214c2f5e87bad3c948f4d605d)
Start importing Packages/com.unity.visualscripting/Runtime/VisualScripting.Flow/Framework/Math/Scalar/ScalarAbsolute.cs using Guid(9ccc4ef618cff4b65a07621143c39af9) Importer(2089858483,b0f066a214c2f5e87bad3c948f4d605d) (ScriptedImporter) -> (artifact id: '0824de7752e7d91b9ed135123f3247fb') in 0.0038404 seconds
Number of updated asset objects reloaded before import = 0Number of asset objects unloaded after import = 0

========================================================================
Received Import Request.
  Time since last request: 0.000014 seconds.
  path: Packages/com.unity.timeline/Runtime/TimelinePlayable_Animation.cs
  artifactKey: Guid(73777638379e4182aab687f602c721a0) Importer(2089858483,b0f066a214c2f5e87bad3c948f4d605d)
Start importing Packages/com.unity.timeline/Runtime/TimelinePlayable_Animation.cs using Guid(73777638379e4182aab687f602c721a0) Importer(2089858483,b0f066a214c2f5e87bad3c948f4d605d) (ScriptedImporter) -> (artifact id: 'd563cbe1c3b4b2d980b6f271b3e73f52') in 0.0043057 seconds
Number of updated asset objects reloaded before import = 0Number of asset objects unloaded after import = 0

========================================================================
Received Import Request.
  Time since last request: 0.000016 seconds.
  path: Packages/com.unity.visualscripting/Runtime/VisualScripting.Flow/Framework/Math/Vector4/Vector4Sum.cs
  artifactKey: Guid(13ccb60195c6c460b873d505f64e58c0) Importer(2089858483,b0f066a214c2f5e87bad3c948f4d605d)
Start importing Packages/com.unity.visualscripting/Runtime/VisualScripting.Flow/Framework/Math/Vector4/Vector4Sum.cs using Guid(13ccb60195c6c460b873d505f64e58c0) Importer(2089858483,b0f066a214c2f5e87bad3c948f4d605d) (ScriptedImporter) -> (artifact id: 'a6228cb75cef2c8eb2d366de251a4b23') in 0.004536 seconds
Number of updated asset objects reloaded before import = 0Number of asset objects unloaded after import = 0

========================================================================
Received Import Request.
  Time since last request: 0.000024 seconds.
  path: Packages/com.unity.visualscripting/Runtime/VisualScripting.Flow/Framework/Variables/Obsolete/IsSceneVariableDefined.cs
  artifactKey: Guid(48cab1cdae50344fca86c4146c0d734a) Importer(2089858483,b0f066a214c2f5e87bad3c948f4d605d)
Start importing Packages/com.unity.visualscripting/Runtime/VisualScripting.Flow/Framework/Variables/Obsolete/IsSceneVariableDefined.cs using Guid(48cab1cdae50344fca86c4146c0d734a) Importer(2089858483,b0f066a214c2f5e87bad3c948f4d605d) (ScriptedImporter) -> (artifact id: '287220763590689777d257bfedf24eb7') in 0.0037227 seconds
Number of updated asset objects reloaded before import = 0Number of asset objects unloaded after import = 0

========================================================================
Received Import Request.
  Time since last request: 0.000014 seconds.
  path: Packages/com.unity.visualscripting/Runtime/VisualScripting.Flow/Framework/Math/Vector3/Vector3Round.cs
  artifactKey: Guid(e156edcd38df347e68615b92d72fd82c) Importer(2089858483,b0f066a214c2f5e87bad3c948f4d605d)
Start importing Packages/com.unity.visualscripting/Runtime/VisualScripting.Flow/Framework/Math/Vector3/Vector3Round.cs using Guid(e156edcd38df347e68615b92d72fd82c) Importer(2089858483,b0f066a214c2f5e87bad3c948f4d605d) (ScriptedImporter) -> (artifact id: 'a4098117e2f9cc28c21c301ba085e3a1') in 0.0035913 seconds
Number of updated asset objects reloaded before import = 0Number of asset objects unloaded after import = 0

========================================================================
Received Import Request.
  Time since last request: 0.000014 seconds.
  path: Packages/com.unity.timeline/Editor/DirectorStyles.cs
  artifactKey: Guid(d7b5b883d3aae8d479647d5ae6182974) Importer(2089858483,b0f066a214c2f5e87bad3c948f4d605d)
Start importing Packages/com.unity.timeline/Editor/DirectorStyles.cs using Guid(d7b5b883d3aae8d479647d5ae6182974) Importer(2089858483,b0f066a214c2f5e87bad3c948f4d605d) (ScriptedImporter) -> (artifact id: '02377d01e531bf74c031d07d258c6177') in 0.0039758 seconds
Number of updated asset objects reloaded before import = 0Number of asset objects unloaded after import = 0

========================================================================
Received Import Request.
  Time since last request: 0.000015 seconds.
  path: Packages/com.unity.timeline/Editor/Manipulators/HeaderSplitterManipulator.cs
  artifactKey: Guid(7db6186effeb4d159963cad6defd26e5) Importer(2089858483,b0f066a214c2f5e87bad3c948f4d605d)
Start importing Packages/com.unity.timeline/Editor/Manipulators/HeaderSplitterManipulator.cs using Guid(7db6186effeb4d159963cad6defd26e5) Importer(2089858483,b0f066a214c2f5e87bad3c948f4d605d) (ScriptedImporter) -> (artifact id: '6259c4928e4d8fed1e5b9003f1137853') in 0.0042757 seconds
Number of updated asset objects reloaded before import = 0Number of asset objects unloaded after import = 0

========================================================================
Received Import Request.
  Time since last request: 0.000016 seconds.
  path: Packages/com.unity.timeline/Editor/TimelineEditor.cs
  artifactKey: Guid(c072e5b741a87974385c270827879cbf) Importer(2089858483,b0f066a214c2f5e87bad3c948f4d605d)
Start importing Packages/com.unity.timeline/Editor/TimelineEditor.cs using Guid(c072e5b741a87974385c270827879cbf) Importer(2089858483,b0f066a214c2f5e87bad3c948f4d605d) (ScriptedImporter) -> (artifact id: '0fed6fe2e80deb302ed0152412298f1e') in 0.0045364 seconds
Number of updated asset objects reloaded before import = 0Number of asset objects unloaded after import = 0

========================================================================
Received Import Request.
  Time since last request: 0.000018 seconds.
  path: Packages/com.unity.timeline/Editor/Audio/AudioClipPropertiesDrawer.cs
  artifactKey: Guid(5b6cac4a98010394791c66942a33caf4) Importer(2089858483,b0f066a214c2f5e87bad3c948f4d605d)
Start importing Packages/com.unity.timeline/Editor/Audio/AudioClipPropertiesDrawer.cs using Guid(5b6cac4a98010394791c66942a33caf4) Importer(2089858483,b0f066a214c2f5e87bad3c948f4d605d) (ScriptedImporter) -> (artifact id: '8e8b92801cbb1cc3173e0f34c6150896') in 0.0037644 seconds
Number of updated asset objects reloaded before import = 0Number of asset objects unloaded after import = 0

========================================================================
Received Import Request.
  Time since last request: 0.000028 seconds.
  path: Packages/com.unity.visualscripting/Runtime/VisualScripting.Flow/Framework/Variables/Obsolete/SetObjectVariable.cs
  artifactKey: Guid(5844b62967bbf4c0cb42de20abb040e6) Importer(2089858483,b0f066a214c2f5e87bad3c948f4d605d)
Start importing Packages/com.unity.visualscripting/Runtime/VisualScripting.Flow/Framework/Variables/Obsolete/SetObjectVariable.cs using Guid(5844b62967bbf4c0cb42de20abb040e6) Importer(2089858483,b0f066a214c2f5e87bad3c948f4d605d) (ScriptedImporter) -> (artifact id: '87664170014ab06da84b6a36a3ecebb3') in 0.0036063 seconds
Number of updated asset objects reloaded before import = 0Number of asset objects unloaded after import = 0

========================================================================
Received Import Request.
  Time since last request: 0.000015 seconds.
  path: Packages/com.unity.visualscripting/Runtime/VisualScripting.Flow/Framework/Math/Scalar/ScalarMultiply.cs
  artifactKey: Guid(76ab6eba2ae2f4239ae83f4cda348612) Importer(2089858483,b0f066a214c2f5e87bad3c948f4d605d)
Start importing Packages/com.unity.visualscripting/Runtime/VisualScripting.Flow/Framework/Math/Scalar/ScalarMultiply.cs using Guid(76ab6eba2ae2f4239ae83f4cda348612) Importer(2089858483,b0f066a214c2f5e87bad3c948f4d605d) (ScriptedImporter) -> (artifact id: '4af59546685c0d199fe4a0605cf42ae6') in 0.0036412 seconds
Number of updated asset objects reloaded before import = 0Number of asset objects unloaded after import = 0

========================================================================
Received Import Request.
  Time since last request: 0.000015 seconds.
  path: Packages/com.unity.visualscripting/Runtime/VisualScripting.Flow/Framework/Math/Generic/GenericSubtract.cs
  artifactKey: Guid(094b4f8978345452997167b2f818dc47) Importer(2089858483,b0f066a214c2f5e87bad3c948f4d605d)
Start importing Packages/com.unity.visualscripting/Runtime/VisualScripting.Flow/Framework/Math/Generic/GenericSubtract.cs using Guid(094b4f8978345452997167b2f818dc47) Importer(2089858483,b0f066a214c2f5e87bad3c948f4d605d) (ScriptedImporter) -> (artifact id: '4bc5311a06d5beeaef2172a8c7c186e1') in 0.004501 seconds
Number of updated asset objects reloaded before import = 0Number of asset objects unloaded after import = 0

========================================================================
Received Import Request.
  Time since last request: 0.000016 seconds.
  path: Packages/com.unity.visualscripting/Runtime/VisualScripting.Flow/Framework/Events/Rendering/OnBecameVisible.cs
  artifactKey: Guid(dd057b5714f104b34ba95ebc5e9dd2ac) Importer(2089858483,b0f066a214c2f5e87bad3c948f4d605d)
Start importing Packages/com.unity.visualscripting/Runtime/VisualScripting.Flow/Framework/Events/Rendering/OnBecameVisible.cs using Guid(dd057b5714f104b34ba95ebc5e9dd2ac) Importer(2089858483,b0f066a214c2f5e87bad3c948f4d605d) (ScriptedImporter) -> (artifact id: '1a39bdeeb0a0725ffd1d081dad10e0b0') in 0.0035395 seconds
Number of updated asset objects reloaded before import = 0Number of asset objects unloaded after import = 0

========================================================================
Received Import Request.
  Time since last request: 0.000015 seconds.
  path: Packages/com.unity.timeline/LICENSE.md
  artifactKey: Guid(6ecb9e17e44feb84cb80451fa27b09fe) Importer(2089858483,b0f066a214c2f5e87bad3c948f4d605d)
Start importing Packages/com.unity.timeline/LICENSE.md using Guid(6ecb9e17e44feb84cb80451fa27b09fe) Importer(2089858483,b0f066a214c2f5e87bad3c948f4d605d) (ScriptedImporter) -> (artifact id: 'a301c411bc93f8cd1cb1db72b7df3e51') in 0.0036035 seconds
Number of updated asset objects reloaded before import = 0Number of asset objects unloaded after import = 1

========================================================================
Received Import Request.
  Time since last request: 0.000017 seconds.
  path: Packages/com.unity.timeline/Editor/TimelineHelpers.cs
  artifactKey: Guid(5a7f0d89a47f18c41b6ddf60dfae1bde) Importer(2089858483,b0f066a214c2f5e87bad3c948f4d605d)
Start importing Packages/com.unity.timeline/Editor/TimelineHelpers.cs using Guid(5a7f0d89a47f18c41b6ddf60dfae1bde) Importer(2089858483,b0f066a214c2f5e87bad3c948f4d605d) (ScriptedImporter) -> (artifact id: '18228cf9252d89199fb54d17a6ab08bf') in 0.003753 seconds
Number of updated asset objects reloaded before import = 0Number of asset objects unloaded after import = 0

========================================================================
Received Import Request.
  Time since last request: 0.000023 seconds.
  path: Packages/com.unity.visualscripting/Runtime/VisualScripting.Flow/Framework/Math/Vector4/Vector4Multiply.cs
  artifactKey: Guid(0bb12f33e0821422990be6c0080e2a4c) Importer(2089858483,b0f066a214c2f5e87bad3c948f4d605d)
Start importing Packages/com.unity.visualscripting/Runtime/VisualScripting.Flow/Framework/Math/Vector4/Vector4Multiply.cs using Guid(0bb12f33e0821422990be6c0080e2a4c) Importer(2089858483,b0f066a214c2f5e87bad3c948f4d605d) (ScriptedImporter) -> (artifact id: '4921c22bc60c1a8113a0916c5dc0c84d') in 0.0043596 seconds
Number of updated asset objects reloaded before import = 0Number of asset objects unloaded after import = 0

========================================================================
Received Import Request.
  Time since last request: 0.000016 seconds.
  path: Packages/com.unity.visualscripting/Runtime/VisualScripting.Flow/Framework/Events/Physics/OnTriggerStay.cs
  artifactKey: Guid(7400058b93a7448c1a3b31c25f830c81) Importer(2089858483,b0f066a214c2f5e87bad3c948f4d605d)
Start importing Packages/com.unity.visualscripting/Runtime/VisualScripting.Flow/Framework/Events/Physics/OnTriggerStay.cs using Guid(7400058b93a7448c1a3b31c25f830c81) Importer(2089858483,b0f066a214c2f5e87bad3c948f4d605d) (ScriptedImporter) -> (artifact id: 'f6ac55a774188ef059f869d3f7b0f906') in 0.0042228 seconds
Number of updated asset objects reloaded before import = 0Number of asset objects unloaded after import = 0

========================================================================
Received Import Request.
  Time since last request: 0.000015 seconds.
  path: Packages/com.unity.visualscripting/Runtime/VisualScripting.Flow/Framework/Math/Vector2/Vector2Divide.cs
  artifactKey: Guid(4aeeb284134244e73b9258e584a23da4) Importer(2089858483,b0f066a214c2f5e87bad3c948f4d605d)
Start importing Packages/com.unity.visualscripting/Runtime/VisualScripting.Flow/Framework/Math/Vector2/Vector2Divide.cs using Guid(4aeeb284134244e73b9258e584a23da4) Importer(2089858483,b0f066a214c2f5e87bad3c948f4d605d) (ScriptedImporter) -> (artifact id: '5b266c337a496ee336aef8e893d35b8c') in 0.0037854 seconds
Number of updated asset objects reloaded before import = 0Number of asset objects unloaded after import = 0

========================================================================
Received Import Request.
  Time since last request: 0.000014 seconds.
  path: Packages/com.unity.timeline/Editor/inspectors/BuiltInCurvePresets.cs
  artifactKey: Guid(ae05f0dd1cf145e4e8e905c7971ee433) Importer(2089858483,b0f066a214c2f5e87bad3c948f4d605d)
Start importing Packages/com.unity.timeline/Editor/inspectors/BuiltInCurvePresets.cs using Guid(ae05f0dd1cf145e4e8e905c7971ee433) Importer(2089858483,b0f066a214c2f5e87bad3c948f4d605d) (ScriptedImporter) -> (artifact id: '6c108d40aeb837b192ab519c01db66db') in 0.0044387 seconds
Number of updated asset objects reloaded before import = 0Number of asset objects unloaded after import = 0

========================================================================
Received Import Request.
  Time since last request: 0.000017 seconds.
  path: Packages/com.unity.visualscripting/Runtime/VisualScripting.Flow/Framework/Events/GUI/OnDeselect.cs
  artifactKey: Guid(6e80cd73486524a5fa8f4ebc514915c8) Importer(2089858483,b0f066a214c2f5e87bad3c948f4d605d)
Start importing Packages/com.unity.visualscripting/Runtime/VisualScripting.Flow/Framework/Events/GUI/OnDeselect.cs using Guid(6e80cd73486524a5fa8f4ebc514915c8) Importer(2089858483,b0f066a214c2f5e87bad3c948f4d605d) (ScriptedImporter) -> (artifact id: 'd625023f74a612cbb07c1d2a0047b977') in 0.0043534 seconds
Number of updated asset objects reloaded before import = 0Number of asset objects unloaded after import = 0

========================================================================
Received Import Request.
  Time since last request: 0.000022 seconds.
  path: Packages/com.unity.timeline/Runtime/TimelineClip.cs
  artifactKey: Guid(65f3a4c67e4927a478b7036bae1da0e3) Importer(2089858483,b0f066a214c2f5e87bad3c948f4d605d)
Start importing Packages/com.unity.timeline/Runtime/TimelineClip.cs using Guid(65f3a4c67e4927a478b7036bae1da0e3) Importer(2089858483,b0f066a214c2f5e87bad3c948f4d605d) (ScriptedImporter) -> (artifact id: '0c03396724f3b9f0f8185350d0857a58') in 0.0044251 seconds
Number of updated asset objects reloaded before import = 0Number of asset objects unloaded after import = 0

========================================================================
Received Import Request.
  Time since last request: 0.000015 seconds.
  path: Packages/com.unity.visualscripting/Runtime/VisualScripting.Flow/Framework/Events/Physics2D/OnTriggerStay2D.cs
  artifactKey: Guid(b45ee443b6731493f9cf40f7f2efbc47) Importer(2089858483,b0f066a214c2f5e87bad3c948f4d605d)
Start importing Packages/com.unity.visualscripting/Runtime/VisualScripting.Flow/Framework/Events/Physics2D/OnTriggerStay2D.cs using Guid(b45ee443b6731493f9cf40f7f2efbc47) Importer(2089858483,b0f066a214c2f5e87bad3c948f4d605d) (ScriptedImporter) -> (artifact id: '60f94f20b7e5092959f39236e61135cd') in 0.0041816 seconds
Number of updated asset objects reloaded before import = 0Number of asset objects unloaded after import = 0

========================================================================
Received Import Request.
  Time since last request: 0.192742 seconds.
  path: Packages/com.unity.timeline/Editor/Playables/ControlPlayableInspector.cs
  artifactKey: Guid(f65646ef159c91441bff704a5f7f419b) Importer(2089858483,b0f066a214c2f5e87bad3c948f4d605d)
Start importing Packages/com.unity.timeline/Editor/Playables/ControlPlayableInspector.cs using Guid(f65646ef159c91441bff704a5f7f419b) Importer(2089858483,b0f066a214c2f5e87bad3c948f4d605d) (ScriptedImporter) -> (artifact id: '0daf9968330959511b9b05d4fd780865') in 0.0039233 seconds
Number of updated asset objects reloaded before import = 0Number of asset objects unloaded after import = 0

========================================================================
Received Import Request.
  Time since last request: 0.000016 seconds.
  path: Packages/com.unity.timeline/Runtime/Utilities/BlendUtility.cs
  artifactKey: Guid(e63c16ba902c4dfeb9fb2e8c105e1347) Importer(2089858483,b0f066a214c2f5e87bad3c948f4d605d)
Start importing Packages/com.unity.timeline/Runtime/Utilities/BlendUtility.cs using Guid(e63c16ba902c4dfeb9fb2e8c105e1347) Importer(2089858483,b0f066a214c2f5e87bad3c948f4d605d) (ScriptedImporter) -> (artifact id: 'c0910aaa01f488c09ca4c5ebe2c6e90f') in 0.0035908 seconds
Number of updated asset objects reloaded before import = 0Number of asset objects unloaded after import = 0

========================================================================
Received Import Request.
  Time since last request: 0.000014 seconds.
  path: Packages/com.unity.timeline/Editor/StyleSheets/Images/Icons/d_TimelineCollapseMarkerButtonEnabled.png
  artifactKey: Guid(2446ee609b613cd4e9142ccc55cb7c43) Importer(2089858483,b0f066a214c2f5e87bad3c948f4d605d)
Start importing Packages/com.unity.timeline/Editor/StyleSheets/Images/Icons/d_TimelineCollapseMarkerButtonEnabled.png using Guid(2446ee609b613cd4e9142ccc55cb7c43) Importer(2089858483,b0f066a214c2f5e87bad3c948f4d605d) (ScriptedImporter) -> (artifact id: 'fecd39205c68266efcb920b368ad7b84') in 0.0071186 seconds
Number of updated asset objects reloaded before import = 0Number of asset objects unloaded after import = 1

========================================================================
Received Import Request.
  Time since last request: 0.000016 seconds.
  path: Packages/com.unity.timeline/Editor/State/ISequenceState.cs
  artifactKey: Guid(167329c8289a3a14a9e342df49fc4104) Importer(2089858483,b0f066a214c2f5e87bad3c948f4d605d)
Start importing Packages/com.unity.timeline/Editor/State/ISequenceState.cs using Guid(167329c8289a3a14a9e342df49fc4104) Importer(2089858483,b0f066a214c2f5e87bad3c948f4d605d) (ScriptedImporter) -> (artifact id: '2318ab38938f8305f7ce345de7429567') in 0.004656 seconds
Number of updated asset objects reloaded before import = 0Number of asset objects unloaded after import = 0

========================================================================
Received Import Request.
  Time since last request: 0.000025 seconds.
  path: Packages/com.unity.timeline/Editor/Window/TimelineWindowTimeControl.cs
  artifactKey: Guid(6f25fb081e85cb743b272c2f7fbc2f6b) Importer(2089858483,b0f066a214c2f5e87bad3c948f4d605d)
Start importing Packages/com.unity.timeline/Editor/Window/TimelineWindowTimeControl.cs using Guid(6f25fb081e85cb743b272c2f7fbc2f6b) Importer(2089858483,b0f066a214c2f5e87bad3c948f4d605d) (ScriptedImporter) -> (artifact id: '4258e4a818746fc5c484090b5ff27204') in 0.0053182 seconds
Number of updated asset objects reloaded before import = 0Number of asset objects unloaded after import = 0

========================================================================
Received Import Request.
  Time since last request: 0.000015 seconds.
  path: Packages/com.unity.timeline/Editor/StyleSheets/Images/Icons/d_TrackMarkerButtonEnabled@2x.png
  artifactKey: Guid(6192986415256ca47a97a97507406f5e) Importer(2089858483,b0f066a214c2f5e87bad3c948f4d605d)
Start importing Packages/com.unity.timeline/Editor/StyleSheets/Images/Icons/d_TrackMarkerButtonEnabled@2x.png using Guid(6192986415256ca47a97a97507406f5e) Importer(2089858483,b0f066a214c2f5e87bad3c948f4d605d) (ScriptedImporter) -> (artifact id: '22a43a7e7c55b61ad3e5515b8135d65c') in 0.0078975 seconds
Number of updated asset objects reloaded before import = 0Number of asset objects unloaded after import = 1

========================================================================
Received Import Request.
  Time since last request: 0.000015 seconds.
  path: Packages/com.unity.timeline/Editor/StyleSheets/Images/Icons/TimelineSelector.png
  artifactKey: Guid(73f5ebb64da7b2a40ab6bffac80f1a61) Importer(2089858483,b0f066a214c2f5e87bad3c948f4d605d)
Start importing Packages/com.unity.timeline/Editor/StyleSheets/Images/Icons/TimelineSelector.png using Guid(73f5ebb64da7b2a40ab6bffac80f1a61) Importer(2089858483,b0f066a214c2f5e87bad3c948f4d605d) (ScriptedImporter) -> (artifact id: 'e2ac2c0c61715149be4a99988ba754f5') in 0.0076568 seconds
Number of updated asset objects reloaded before import = 0Number of asset objects unloaded after import = 1

========================================================================
Received Import Request.
  Time since last request: 0.000016 seconds.
  path: Packages/com.unity.timeline/Editor/StyleSheets/Images/DarkSkin/TimelineHold.png
  artifactKey: Guid(ddbd45249a133a846b2f20e39b537565) Importer(2089858483,b0f066a214c2f5e87bad3c948f4d605d)
Start importing Packages/com.unity.timeline/Editor/StyleSheets/Images/DarkSkin/TimelineHold.png using Guid(ddbd45249a133a846b2f20e39b537565) Importer(2089858483,b0f066a214c2f5e87bad3c948f4d605d) (ScriptedImporter) -> (artifact id: '6fca0d15fb8efb77e19e523e12c277c3') in 0.0069445 seconds
Number of updated asset objects reloaded before import = 0Number of asset objects unloaded after import = 1

========================================================================
Received Import Request.
  Time since last request: 0.000017 seconds.
  path: Packages/com.unity.timeline/Editor/StyleSheets/Images/Icons/d_TrackMuteButtonEnabled@2x.png
  artifactKey: Guid(e54e20c7a9730fe4c822d63228527ae4) Importer(2089858483,b0f066a214c2f5e87bad3c948f4d605d)
Start importing Packages/com.unity.timeline/Editor/StyleSheets/Images/Icons/d_TrackMuteButtonEnabled@2x.png using Guid(e54e20c7a9730fe4c822d63228527ae4) Importer(2089858483,b0f066a214c2f5e87bad3c948f4d605d) (ScriptedImporter) -> (artifact id: '8525745cfec5d3d1ee56eb4ee4e0bd51') in 0.0080533 seconds
Number of updated asset objects reloaded before import = 0Number of asset objects unloaded after import = 1

========================================================================
Received Import Request.
  Time since last request: 0.000028 seconds.
  path: Packages/com.unity.timeline/Editor/StyleSheets/Images/Icons/d_TrackLockButtonDisabled@2x.png
  artifactKey: Guid(6f0b77e050cdb12478ed9514b3a0e40e) Importer(2089858483,b0f066a214c2f5e87bad3c948f4d605d)
Start importing Packages/com.unity.timeline/Editor/StyleSheets/Images/Icons/d_TrackLockButtonDisabled@2x.png using Guid(6f0b77e050cdb12478ed9514b3a0e40e) Importer(2089858483,b0f066a214c2f5e87bad3c948f4d605d) (ScriptedImporter) -> (artifact id: '7efe98a9744c1fc267bb59e9175f7315') in 0.0065485 seconds
Number of updated asset objects reloaded before import = 0Number of asset objects unloaded after import = 1

========================================================================
Received Import Request.
  Time since last request: 0.000015 seconds.
  path: Packages/com.unity.timeline/Editor/Manipulators/Utils/EditModeRippleUtils.cs
  artifactKey: Guid(495e2738ac7d88a41a158cd2e237d70b) Importer(2089858483,b0f066a214c2f5e87bad3c948f4d605d)
Start importing Packages/com.unity.timeline/Editor/Manipulators/Utils/EditModeRippleUtils.cs using Guid(495e2738ac7d88a41a158cd2e237d70b) Importer(2089858483,b0f066a214c2f5e87bad3c948f4d605d) (ScriptedImporter) -> (artifact id: '1bcb56a5a85f07263544eb44a635ef3d') in 0.0051527 seconds
Number of updated asset objects reloaded before import = 0Number of asset objects unloaded after import = 0

========================================================================
Received Import Request.
  Time since last request: 0.000020 seconds.
  path: Packages/com.unity.timeline/Editor/StyleSheets/Images/Icons/TimelineHeaderMarkerIcon.png
  artifactKey: Guid(bf1debab21103154b99778ba6e074175) Importer(2089858483,b0f066a214c2f5e87bad3c948f4d605d)
Start importing Packages/com.unity.timeline/Editor/StyleSheets/Images/Icons/TimelineHeaderMarkerIcon.png using Guid(bf1debab21103154b99778ba6e074175) Importer(2089858483,b0f066a214c2f5e87bad3c948f4d605d) (ScriptedImporter) -> (artifact id: '54eb7e393aa1c75abae467c41b5af402') in 0.0068044 seconds
Number of updated asset objects reloaded before import = 0Number of asset objects unloaded after import = 1

========================================================================
Received Import Request.
  Time since last request: 0.000017 seconds.
  path: Packages/com.unity.timeline/Editor/treeview/IRowGUI.cs
  artifactKey: Guid(5ecec8cdc3ff99e4a9c65635d7e6b043) Importer(2089858483,b0f066a214c2f5e87bad3c948f4d605d)
Start importing Packages/com.unity.timeline/Editor/treeview/IRowGUI.cs using Guid(5ecec8cdc3ff99e4a9c65635d7e6b043) Importer(2089858483,b0f066a214c2f5e87bad3c948f4d605d) (ScriptedImporter) -> (artifact id: '66e33ab4a7ea1fc253188c58c5f4893a') in 0.0038879 seconds
Number of updated asset objects reloaded before import = 0Number of asset objects unloaded after import = 0

========================================================================
Received Import Request.
  Time since last request: 0.000019 seconds.
  path: Packages/com.unity.timeline/Editor/Window/TimelineWindow_TimeArea.cs
  artifactKey: Guid(b846f69b139b3a341a5699a09fa52b2c) Importer(2089858483,b0f066a214c2f5e87bad3c948f4d605d)
Start importing Packages/com.unity.timeline/Editor/Window/TimelineWindow_TimeArea.cs using Guid(b846f69b139b3a341a5699a09fa52b2c) Importer(2089858483,b0f066a214c2f5e87bad3c948f4d605d) (ScriptedImporter) -> (artifact id: 'b86bac0599e94e441e37a0690a3e8609') in 0.0035748 seconds
Number of updated asset objects reloaded before import = 0Number of asset objects unloaded after import = 0

========================================================================
Received Import Request.
  Time since last request: 0.000027 seconds.
  path: Packages/com.unity.timeline/Editor/Manipulators/Move/MoveItemModeMix.cs
  artifactKey: Guid(a2a8aecb05814e644abbb070fbd91156) Importer(2089858483,b0f066a214c2f5e87bad3c948f4d605d)
Start importing Packages/com.unity.timeline/Editor/Manipulators/Move/MoveItemModeMix.cs using Guid(a2a8aecb05814e644abbb070fbd91156) Importer(2089858483,b0f066a214c2f5e87bad3c948f4d605d) (ScriptedImporter) -> (artifact id: 'f8c13ddd078557a75f93b75e24e30668') in 0.0041044 seconds
Number of updated asset objects reloaded before import = 0Number of asset objects unloaded after import = 0

========================================================================
Received Import Request.
  Time since last request: 0.000016 seconds.
  path: Packages/com.unity.timeline/Runtime/Activation/ActivationMixerPlayable.cs
  artifactKey: Guid(e165a99d845c10e4ea0f546e542e8684) Importer(2089858483,b0f066a214c2f5e87bad3c948f4d605d)
Start importing Packages/com.unity.timeline/Runtime/Activation/ActivationMixerPlayable.cs using Guid(e165a99d845c10e4ea0f546e542e8684) Importer(2089858483,b0f066a214c2f5e87bad3c948f4d605d) (ScriptedImporter) -> (artifact id: 'a21c76bd2eb1e2ae0781e77fa5780bb4') in 0.0035462 seconds
Number of updated asset objects reloaded before import = 0Number of asset objects unloaded after import = 0

========================================================================
Received Import Request.
  Time since last request: 0.000015 seconds.
  path: Packages/com.unity.timeline/Editor/Utilities/Scopes/GUIGroupScope.cs
  artifactKey: Guid(0bee8aba5e8a40446b7098666c5314d9) Importer(2089858483,b0f066a214c2f5e87bad3c948f4d605d)
Start importing Packages/com.unity.timeline/Editor/Utilities/Scopes/GUIGroupScope.cs using Guid(0bee8aba5e8a40446b7098666c5314d9) Importer(2089858483,b0f066a214c2f5e87bad3c948f4d605d) (ScriptedImporter) -> (artifact id: 'e07b3a7de1c20697527b887d368565aa') in 0.0043361 seconds
Number of updated asset objects reloaded before import = 0Number of asset objects unloaded after import = 0

========================================================================
Received Import Request.
  Time since last request: 0.000015 seconds.
  path: Packages/com.unity.timeline/Editor/Utilities/Scopes/LabelWidthScope.cs
  artifactKey: Guid(9d095bb54df44c01a27e76a2b060a072) Importer(2089858483,b0f066a214c2f5e87bad3c948f4d605d)
Start importing Packages/com.unity.timeline/Editor/Utilities/Scopes/LabelWidthScope.cs using Guid(9d095bb54df44c01a27e76a2b060a072) Importer(2089858483,b0f066a214c2f5e87bad3c948f4d605d) (ScriptedImporter) -> (artifact id: '1d5c8fd21774ad54b53f2dbb0ebb1cd1') in 0.0038476 seconds
Number of updated asset objects reloaded before import = 0Number of asset objects unloaded after import = 0

========================================================================
Received Import Request.
  Time since last request: 0.000014 seconds.
  path: Packages/com.unity.timeline/Runtime/Events/IMarker.cs
  artifactKey: Guid(4cb169caa67eddf4d83b39fd0917a945) Importer(2089858483,b0f066a214c2f5e87bad3c948f4d605d)
Start importing Packages/com.unity.timeline/Runtime/Events/IMarker.cs using Guid(4cb169caa67eddf4d83b39fd0917a945) Importer(2089858483,b0f066a214c2f5e87bad3c948f4d605d) (ScriptedImporter) -> (artifact id: '497bdfb30bf28358927b2f5dc544209a') in 0.0038601 seconds
Number of updated asset objects reloaded before import = 0Number of asset objects unloaded after import = 0

========================================================================
Received Import Request.
  Time since last request: 0.000019 seconds.
  path: Packages/com.unity.timeline/Editor/Window/TimelineWindowAnalytics.cs
  artifactKey: Guid(2d4de78ba9fbd472a884ea157f740743) Importer(2089858483,b0f066a214c2f5e87bad3c948f4d605d)
Start importing Packages/com.unity.timeline/Editor/Window/TimelineWindowAnalytics.cs using Guid(2d4de78ba9fbd472a884ea157f740743) Importer(2089858483,b0f066a214c2f5e87bad3c948f4d605d) (ScriptedImporter) -> (artifact id: '3e458fc205ad6698ddbced87d8481877') in 0.0040694 seconds
Number of updated asset objects reloaded before import = 0Number of asset objects unloaded after import = 0

========================================================================
Received Import Request.
  Time since last request: 0.000028 seconds.
  path: Packages/com.unity.timeline/Editor/StyleSheets/Images/Icons/d_TrackAvatarButtonEnabled.png
  artifactKey: Guid(c207dcd389fb689489f5266468cd4609) Importer(2089858483,b0f066a214c2f5e87bad3c948f4d605d)
Start importing Packages/com.unity.timeline/Editor/StyleSheets/Images/Icons/d_TrackAvatarButtonEnabled.png using Guid(c207dcd389fb689489f5266468cd4609) Importer(2089858483,b0f066a214c2f5e87bad3c948f4d605d) (ScriptedImporter) -> (artifact id: '15d93dd0e1272df3b6f577e7bc0d9eff') in 0.007498 seconds
Number of updated asset objects reloaded before import = 0Number of asset objects unloaded after import = 1

========================================================================
Received Import Request.
  Time since last request: 0.000014 seconds.
  path: Packages/com.unity.timeline/Editor/Recording/TrackAssetRecordingExtensions.cs
  artifactKey: Guid(49f1d2c7420db4444b011955726d0046) Importer(2089858483,b0f066a214c2f5e87bad3c948f4d605d)
Start importing Packages/com.unity.timeline/Editor/Recording/TrackAssetRecordingExtensions.cs using Guid(49f1d2c7420db4444b011955726d0046) Importer(2089858483,b0f066a214c2f5e87bad3c948f4d605d) (ScriptedImporter) -> (artifact id: '706f00a0e34a89197b20230ee3167a9b') in 0.0038358 seconds
Number of updated asset objects reloaded before import = 0Number of asset objects unloaded after import = 0

========================================================================
Received Import Request.
  Time since last request: 0.000014 seconds.
  path: Packages/com.unity.timeline/Editor/treeview/Snapping/ISnappable.cs
  artifactKey: Guid(3664a2ade19bb7848a4d2c96ac9148e3) Importer(2089858483,b0f066a214c2f5e87bad3c948f4d605d)
Start importing Packages/com.unity.timeline/Editor/treeview/Snapping/ISnappable.cs using Guid(3664a2ade19bb7848a4d2c96ac9148e3) Importer(2089858483,b0f066a214c2f5e87bad3c948f4d605d) (ScriptedImporter) -> (artifact id: 'ab6c7f9281a78c2f90b08f2d5d616ba4') in 0.0041539 seconds
Number of updated asset objects reloaded before import = 0Number of asset objects unloaded after import = 0

========================================================================
Received Import Request.
  Time since last request: 0.000016 seconds.
  path: Packages/com.unity.timeline/Runtime/Playables/PrefabControlPlayable.cs
  artifactKey: Guid(439c018cf4619e94d9a92110ce0aa188) Importer(2089858483,b0f066a214c2f5e87bad3c948f4d605d)
Start importing Packages/com.unity.timeline/Runtime/Playables/PrefabControlPlayable.cs using Guid(439c018cf4619e94d9a92110ce0aa188) Importer(2089858483,b0f066a214c2f5e87bad3c948f4d605d) (ScriptedImporter) -> (artifact id: '5753f60690a2d03228bf04d738341e5f') in 0.0036389 seconds
Number of updated asset objects reloaded before import = 0Number of asset objects unloaded after import = 0

========================================================================
Received Import Request.
  Time since last request: 0.000017 seconds.
  path: Packages/com.unity.timeline/Editor/Utilities/Graphics.cs
  artifactKey: Guid(4545bb65ccebf8040ac212d5792979b5) Importer(2089858483,b0f066a214c2f5e87bad3c948f4d605d)
Start importing Packages/com.unity.timeline/Editor/Utilities/Graphics.cs using Guid(4545bb65ccebf8040ac212d5792979b5) Importer(2089858483,b0f066a214c2f5e87bad3c948f4d605d) (ScriptedImporter) -> (artifact id: '00d96abea03c7b7764cbe38f6fdca4f1') in 0.0036179 seconds
Number of updated asset objects reloaded before import = 0Number of asset objects unloaded after import = 0

========================================================================
Received Import Request.
  Time since last request: 0.000026 seconds.
  path: Packages/com.unity.timeline/Editor/Window/OverlayDrawer.cs
  artifactKey: Guid(4f4398a10f384dacb37698e5b1f8fede) Importer(2089858483,b0f066a214c2f5e87bad3c948f4d605d)
Start importing Packages/com.unity.timeline/Editor/Window/OverlayDrawer.cs using Guid(4f4398a10f384dacb37698e5b1f8fede) Importer(2089858483,b0f066a214c2f5e87bad3c948f4d605d) (ScriptedImporter) -> (artifact id: 'b0d4160a0b9b123832f161f68b0b3f1f') in 0.0035135 seconds
Number of updated asset objects reloaded before import = 0Number of asset objects unloaded after import = 0

========================================================================
Received Import Request.
  Time since last request: 0.000016 seconds.
  path: Packages/com.unity.timeline/Editor/Signals/SignalEmitterEditor.cs
  artifactKey: Guid(51a7878f6c989394782db73339e90e46) Importer(2089858483,b0f066a214c2f5e87bad3c948f4d605d)
Start importing Packages/com.unity.timeline/Editor/Signals/SignalEmitterEditor.cs using Guid(51a7878f6c989394782db73339e90e46) Importer(2089858483,b0f066a214c2f5e87bad3c948f4d605d) (ScriptedImporter) -> (artifact id: 'bf0d115685bf43be5501359a552de7c1') in 0.0036594 seconds
Number of updated asset objects reloaded before import = 0Number of asset objects unloaded after import = 0

========================================================================
Received Import Request.
  Time since last request: 0.000018 seconds.
  path: Packages/com.unity.timeline/Runtime/Utilities/TimelineClipExtensions.cs
  artifactKey: Guid(7a02f7efcd3e4f3baa0079e620bddbd7) Importer(2089858483,b0f066a214c2f5e87bad3c948f4d605d)
Start importing Packages/com.unity.timeline/Runtime/Utilities/TimelineClipExtensions.cs using Guid(7a02f7efcd3e4f3baa0079e620bddbd7) Importer(2089858483,b0f066a214c2f5e87bad3c948f4d605d) (ScriptedImporter) -> (artifact id: '2dba0ce75a305f339562e5f271492c77') in 0.0069132 seconds
Number of updated asset objects reloaded before import = 0Number of asset objects unloaded after import = 0

========================================================================
Received Import Request.
  Time since last request: 0.000016 seconds.
  path: Packages/com.unity.timeline/Editor/treeview/ItemGui/TimelineClipGUI.cs
  artifactKey: Guid(3c01b61b3a6887c49a15276fd38be918) Importer(2089858483,b0f066a214c2f5e87bad3c948f4d605d)
Start importing Packages/com.unity.timeline/Editor/treeview/ItemGui/TimelineClipGUI.cs using Guid(3c01b61b3a6887c49a15276fd38be918) Importer(2089858483,b0f066a214c2f5e87bad3c948f4d605d) (ScriptedImporter) -> (artifact id: '5da17f0e7ea71cb9519446e450fe1ef2') in 0.0039055 seconds
Number of updated asset objects reloaded before import = 0Number of asset objects unloaded after import = 0

========================================================================
Received Import Request.
  Time since last request: 0.000018 seconds.
  path: Packages/com.unity.timeline/Editor/StyleSheets/Images/Icons/d_TimelineCollapseMarkerButtonDisabled.png
  artifactKey: Guid(40947ddc2dd4f0d499a92d0f3675c4e8) Importer(2089858483,b0f066a214c2f5e87bad3c948f4d605d)
Start importing Packages/com.unity.timeline/Editor/StyleSheets/Images/Icons/d_TimelineCollapseMarkerButtonDisabled.png using Guid(40947ddc2dd4f0d499a92d0f3675c4e8) Importer(2089858483,b0f066a214c2f5e87bad3c948f4d605d) (ScriptedImporter) -> (artifact id: 'f7ab696af2f488cc1b5c0eb65e345dd6') in 0.0078468 seconds
Number of updated asset objects reloaded before import = 0Number of asset objects unloaded after import = 1

========================================================================
Received Import Request.
  Time since last request: 0.000021 seconds.
  path: Packages/com.unity.timeline/Runtime/Audio/AudioMixerProperties.cs
  artifactKey: Guid(d8c4a920f001ca64680ed6fdb52d1753) Importer(2089858483,b0f066a214c2f5e87bad3c948f4d605d)
Start importing Packages/com.unity.timeline/Runtime/Audio/AudioMixerProperties.cs using Guid(d8c4a920f001ca64680ed6fdb52d1753) Importer(2089858483,b0f066a214c2f5e87bad3c948f4d605d) (ScriptedImporter) -> (artifact id: '010711b7088ff6c81232433013b52519') in 0.0040722 seconds
Number of updated asset objects reloaded before import = 0Number of asset objects unloaded after import = 0

========================================================================
Received Import Request.
  Time since last request: 0.000013 seconds.
  path: Packages/com.unity.timeline/Editor/StyleSheets/Images/Icons/TimelineDigIn.png
  artifactKey: Guid(b1d064d6d80829f4eb370f679384ea1f) Importer(2089858483,b0f066a214c2f5e87bad3c948f4d605d)
Start importing Packages/com.unity.timeline/Editor/StyleSheets/Images/Icons/TimelineDigIn.png using Guid(b1d064d6d80829f4eb370f679384ea1f) Importer(2089858483,b0f066a214c2f5e87bad3c948f4d605d) (ScriptedImporter) -> (artifact id: '74cb02a768a0eb917f907edff05f9417') in 0.0067325 seconds
Number of updated asset objects reloaded before import = 0Number of asset objects unloaded after import = 1

========================================================================
Received Import Request.
  Time since last request: 0.000015 seconds.
  path: Packages/com.unity.timeline/Runtime/Playables/NotificationFlags.cs
  artifactKey: Guid(983c76d87fb6f4f4597a526a4b2b5fd7) Importer(2089858483,b0f066a214c2f5e87bad3c948f4d605d)
Start importing Packages/com.unity.timeline/Runtime/Playables/NotificationFlags.cs using Guid(983c76d87fb6f4f4597a526a4b2b5fd7) Importer(2089858483,b0f066a214c2f5e87bad3c948f4d605d) (ScriptedImporter) -> (artifact id: 'ff27d3ad45e592bc92c78a9a90b661b8') in 0.003773 seconds
Number of updated asset objects reloaded before import = 0Number of asset objects unloaded after import = 0

========================================================================
Received Import Request.
  Time since last request: 0.000014 seconds.
  path: Packages/com.unity.timeline/Editor/treeview/TrackGui/InlineCurveEditor.cs
  artifactKey: Guid(1e96b886242ab404db69df796f7cd9b0) Importer(2089858483,b0f066a214c2f5e87bad3c948f4d605d)
Start importing Packages/com.unity.timeline/Editor/treeview/TrackGui/InlineCurveEditor.cs using Guid(1e96b886242ab404db69df796f7cd9b0) Importer(2089858483,b0f066a214c2f5e87bad3c948f4d605d) (ScriptedImporter) -> (artifact id: 'a24bbe6b44d549b186d6bf301e1f35c7') in 0.0035518 seconds
Number of updated asset objects reloaded before import = 0Number of asset objects unloaded after import = 0

========================================================================
Received Import Request.
  Time since last request: 0.000017 seconds.
  path: Packages/com.unity.timeline/Editor/treeview/Snapping/IAttractable.cs
  artifactKey: Guid(6bfec54ce89b0b642a65d44def023b99) Importer(2089858483,b0f066a214c2f5e87bad3c948f4d605d)
Start importing Packages/com.unity.timeline/Editor/treeview/Snapping/IAttractable.cs using Guid(6bfec54ce89b0b642a65d44def023b99) Importer(2089858483,b0f066a214c2f5e87bad3c948f4d605d) (ScriptedImporter) -> (artifact id: '104d7277e68342ea61dd7908e0706c68') in 0.0036471 seconds
Number of updated asset objects reloaded before import = 0Number of asset objects unloaded after import = 0

========================================================================
Received Import Request.
  Time since last request: 0.000019 seconds.
  path: Packages/com.unity.timeline/Editor/StyleSheets/Images/Icons/d_TimelineEditModeRippleOFF.png
  artifactKey: Guid(411e6f19c19fa0546af83aeb59c2ed4b) Importer(2089858483,b0f066a214c2f5e87bad3c948f4d605d)
Start importing Packages/com.unity.timeline/Editor/StyleSheets/Images/Icons/d_TimelineEditModeRippleOFF.png using Guid(411e6f19c19fa0546af83aeb59c2ed4b) Importer(2089858483,b0f066a214c2f5e87bad3c948f4d605d) (ScriptedImporter) -> (artifact id: 'e9cc15c4c85741c0b8b154cee193e925') in 0.0064553 seconds
Number of updated asset objects reloaded before import = 0Number of asset objects unloaded after import = 1

========================================================================
Received Import Request.
  Time since last request: 0.000030 seconds.
  path: Packages/com.unity.timeline/Runtime/Animation/AnimationPreviewUpdateCallback.cs
  artifactKey: Guid(755e3e942f7784d458bddba421c0bb72) Importer(2089858483,b0f066a214c2f5e87bad3c948f4d605d)
Start importing Packages/com.unity.timeline/Runtime/Animation/AnimationPreviewUpdateCallback.cs using Guid(755e3e942f7784d458bddba421c0bb72) Importer(2089858483,b0f066a214c2f5e87bad3c948f4d605d) (ScriptedImporter) -> (artifact id: '1b60f52bca152e1e5fec8f9a2acef700') in 0.0035799 seconds
Number of updated asset objects reloaded before import = 0Number of asset objects unloaded after import = 0

========================================================================
Received Import Request.
  Time since last request: 0.000016 seconds.
  path: Packages/com.unity.timeline/Runtime/Activation/ActivationPlayableAsset.cs
  artifactKey: Guid(fde0d25a170598d46a0b9dc16b4527a5) Importer(2089858483,b0f066a214c2f5e87bad3c948f4d605d)
Start importing Packages/com.unity.timeline/Runtime/Activation/ActivationPlayableAsset.cs using Guid(fde0d25a170598d46a0b9dc16b4527a5) Importer(2089858483,b0f066a214c2f5e87bad3c948f4d605d) (ScriptedImporter) -> (artifact id: 'be94914db84604a18795fbef0cc9b1f0') in 0.0034421 seconds
Number of updated asset objects reloaded before import = 0Number of asset objects unloaded after import = 0

========================================================================
Received Import Request.
  Time since last request: 0.000017 seconds.
  path: Packages/com.unity.timeline/Editor/inspectors/ClipInspector/ClipInspectorSelectionInfo.cs
  artifactKey: Guid(57a39be2178cca94ab21e15c082e3ab6) Importer(2089858483,b0f066a214c2f5e87bad3c948f4d605d)
Start importing Packages/com.unity.timeline/Editor/inspectors/ClipInspector/ClipInspectorSelectionInfo.cs using Guid(57a39be2178cca94ab21e15c082e3ab6) Importer(2089858483,b0f066a214c2f5e87bad3c948f4d605d) (ScriptedImporter) -> (artifact id: '3a21b24c67004bff1df066f22754bc53') in 0.003638 seconds
Number of updated asset objects reloaded before import = 0Number of asset objects unloaded after import = 0

========================================================================
Received Import Request.
  Time since last request: 0.000016 seconds.
  path: Packages/com.unity.timeline/Editor/Window/SequenceContext.cs
  artifactKey: Guid(1ad2b855cf8b7425483e36e6134f18f9) Importer(2089858483,b0f066a214c2f5e87bad3c948f4d605d)
Start importing Packages/com.unity.timeline/Editor/Window/SequenceContext.cs using Guid(1ad2b855cf8b7425483e36e6134f18f9) Importer(2089858483,b0f066a214c2f5e87bad3c948f4d605d) (ScriptedImporter) -> (artifact id: '684069eef81c69400c78f5132883f850') in 0.0035057 seconds
Number of updated asset objects reloaded before import = 0Number of asset objects unloaded after import = 0

========================================================================
Received Import Request.
  Time since last request: 0.000016 seconds.
  path: Packages/com.unity.timeline/Editor/Manipulators/Sequence/RectangleZoom.cs
  artifactKey: Guid(5aa8f57287fc17149bcd798be813180b) Importer(2089858483,b0f066a214c2f5e87bad3c948f4d605d)
Start importing Packages/com.unity.timeline/Editor/Manipulators/Sequence/RectangleZoom.cs using Guid(5aa8f57287fc17149bcd798be813180b) Importer(2089858483,b0f066a214c2f5e87bad3c948f4d605d) (ScriptedImporter) -> (artifact id: 'd77ae7af683a20c9de7c6378b0500485') in 0.0035426 seconds
Number of updated asset objects reloaded before import = 0Number of asset objects unloaded after import = 0

========================================================================
Received Import Request.
  Time since last request: 0.000020 seconds.
  path: Packages/com.unity.timeline/Editor/StyleSheets/Images/DarkSkin/TimelineEndPlayback.png
  artifactKey: Guid(c285802d9d414814fad592b90b223f15) Importer(2089858483,b0f066a214c2f5e87bad3c948f4d605d)
Start importing Packages/com.unity.timeline/Editor/StyleSheets/Images/DarkSkin/TimelineEndPlayback.png using Guid(c285802d9d414814fad592b90b223f15) Importer(2089858483,b0f066a214c2f5e87bad3c948f4d605d) (ScriptedImporter) -> (artifact id: 'f4a7c1fb4238cde79afe7c277d194c7b') in 0.0076302 seconds
Number of updated asset objects reloaded before import = 0Number of asset objects unloaded after import = 1

========================================================================
Received Import Request.
  Time since last request: 0.000025 seconds.
  path: Packages/com.unity.timeline/Editor/StyleSheets/Images/DarkSkin/TimelineMarkerItem.png
  artifactKey: Guid(c133595e3c100774496e03e66fa69259) Importer(2089858483,b0f066a214c2f5e87bad3c948f4d605d)
Start importing Packages/com.unity.timeline/Editor/StyleSheets/Images/DarkSkin/TimelineMarkerItem.png using Guid(c133595e3c100774496e03e66fa69259) Importer(2089858483,b0f066a214c2f5e87bad3c948f4d605d) (ScriptedImporter) -> (artifact id: 'be1a3363d2275c8236d1eee446e005f5') in 0.0069753 seconds
Number of updated asset objects reloaded before import = 0Number of asset objects unloaded after import = 1

========================================================================
Received Import Request.
  Time since last request: 0.000014 seconds.
  path: Packages/com.unity.timeline/Editor/StyleSheets/Images/DarkSkin/TimelineActivation.png
  artifactKey: Guid(359cf58d5969d1a4aad29b095c7fc338) Importer(2089858483,b0f066a214c2f5e87bad3c948f4d605d)
Start importing Packages/com.unity.timeline/Editor/StyleSheets/Images/DarkSkin/TimelineActivation.png using Guid(359cf58d5969d1a4aad29b095c7fc338) Importer(2089858483,b0f066a214c2f5e87bad3c948f4d605d) (ScriptedImporter) -> (artifact id: '45fafee6a0cb9d14490a4caf89304cbe') in 0.0068817 seconds
Number of updated asset objects reloaded before import = 0Number of asset objects unloaded after import = 1

========================================================================
Received Import Request.
  Time since last request: 0.000013 seconds.
  path: Packages/com.unity.timeline/Editor/Manipulators/Sequence/SelectAndMoveItem.cs
  artifactKey: Guid(f4f988528bbbb0846a4cb50efb4587a5) Importer(2089858483,b0f066a214c2f5e87bad3c948f4d605d)
Start importing Packages/com.unity.timeline/Editor/Manipulators/Sequence/SelectAndMoveItem.cs using Guid(f4f988528bbbb0846a4cb50efb4587a5) Importer(2089858483,b0f066a214c2f5e87bad3c948f4d605d) (ScriptedImporter) -> (artifact id: '3059f2ef908b056cc1d40e498ad6663d') in 0.0035715 seconds
Number of updated asset objects reloaded before import = 0Number of asset objects unloaded after import = 0

========================================================================
Received Import Request.
  Time since last request: 0.000017 seconds.
  path: Packages/com.unity.timeline/Editor/StyleSheets/Images/Icons/d_TrackAvatarButtonEnabled@2x.png
  artifactKey: Guid(fd12dbe3b63ae464f824b4a74c0e1766) Importer(2089858483,b0f066a214c2f5e87bad3c948f4d605d)
Start importing Packages/com.unity.timeline/Editor/StyleSheets/Images/Icons/d_TrackAvatarButtonEnabled@2x.png using Guid(fd12dbe3b63ae464f824b4a74c0e1766) Importer(2089858483,b0f066a214c2f5e87bad3c948f4d605d) (ScriptedImporter) -> (artifact id: '036600870525fe51e55d4d8c764f8563') in 0.0065838 seconds
Number of updated asset objects reloaded before import = 0Number of asset objects unloaded after import = 1

========================================================================
Received Import Request.
  Time since last request: 0.000016 seconds.
  path: Packages/com.unity.timeline/Editor/Recording/TimelineRecordingContextualResponder.cs
  artifactKey: Guid(a59c2e62fbd97f84f92c3b546e3903cb) Importer(2089858483,b0f066a214c2f5e87bad3c948f4d605d)
Start importing Packages/com.unity.timeline/Editor/Recording/TimelineRecordingContextualResponder.cs using Guid(a59c2e62fbd97f84f92c3b546e3903cb) Importer(2089858483,b0f066a214c2f5e87bad3c948f4d605d) (ScriptedImporter) -> (artifact id: 'ab53a18bea6c65798a5caf003ba296d5') in 0.00361 seconds
Number of updated asset objects reloaded before import = 0Number of asset objects unloaded after import = 0

========================================================================
Received Import Request.
  Time since last request: 0.000023 seconds.
  path: Packages/com.unity.timeline/Editor/StyleSheets/Images/DarkSkin/TimelineStartPlayback.png
  artifactKey: Guid(5060c9f9eb2f7ee4695b638a21d8fe01) Importer(2089858483,b0f066a214c2f5e87bad3c948f4d605d)
Start importing Packages/com.unity.timeline/Editor/StyleSheets/Images/DarkSkin/TimelineStartPlayback.png using Guid(5060c9f9eb2f7ee4695b638a21d8fe01) Importer(2089858483,b0f066a214c2f5e87bad3c948f4d605d) (ScriptedImporter) -> (artifact id: '62464632c20c33d748604bfd136901fd') in 0.0086245 seconds
Number of updated asset objects reloaded before import = 0Number of asset objects unloaded after import = 1

========================================================================
Received Import Request.
  Time since last request: 0.000014 seconds.
  path: Packages/com.unity.timeline/Editor/treeview/TrackGui/TrackResizeHandle.cs
  artifactKey: Guid(042c802f94d43dc45a049bf3b5be79ab) Importer(2089858483,b0f066a214c2f5e87bad3c948f4d605d)
Start importing Packages/com.unity.timeline/Editor/treeview/TrackGui/TrackResizeHandle.cs using Guid(042c802f94d43dc45a049bf3b5be79ab) Importer(2089858483,b0f066a214c2f5e87bad3c948f4d605d) (ScriptedImporter) -> (artifact id: '043099e1a33e984f4f98868afc27c8d2') in 0.0041779 seconds
Number of updated asset objects reloaded before import = 0Number of asset objects unloaded after import = 0

========================================================================
Received Import Request.
  Time since last request: 0.000014 seconds.
  path: Packages/com.unity.timeline/Editor/treeview/TimelineDataSource.cs
  artifactKey: Guid(e8c30efa89029e447b0dc0efc75b294c) Importer(2089858483,b0f066a214c2f5e87bad3c948f4d605d)
Start importing Packages/com.unity.timeline/Editor/treeview/TimelineDataSource.cs using Guid(e8c30efa89029e447b0dc0efc75b294c) Importer(2089858483,b0f066a214c2f5e87bad3c948f4d605d) (ScriptedImporter) -> (artifact id: '30c365b1b821feacc7c3da907e938555') in 0.003602 seconds
Number of updated asset objects reloaded before import = 0Number of asset objects unloaded after import = 0

========================================================================
Received Import Request.
  Time since last request: 0.000016 seconds.
  path: Packages/com.unity.timeline/Editor/StyleSheets/Images/Icons/TimelineSignal.png
  artifactKey: Guid(15845fb26c2846947b4dedb9fb348cc1) Importer(2089858483,b0f066a214c2f5e87bad3c948f4d605d)
Start importing Packages/com.unity.timeline/Editor/StyleSheets/Images/Icons/TimelineSignal.png using Guid(15845fb26c2846947b4dedb9fb348cc1) Importer(2089858483,b0f066a214c2f5e87bad3c948f4d605d) (ScriptedImporter) -> (artifact id: '7084a13b368dec14ff3e4a2f5646b734') in 0.007577 seconds
Number of updated asset objects reloaded before import = 0Number of asset objects unloaded after import = 1

========================================================================
Received Import Request.
  Time since last request: 0.000013 seconds.
  path: Packages/com.unity.timeline/Editor/Utilities/TypeUtility.cs
  artifactKey: Guid(4c1821c1816c6fa44967b8ecb79ea7e4) Importer(2089858483,b0f066a214c2f5e87bad3c948f4d605d)
Start importing Packages/com.unity.timeline/Editor/Utilities/TypeUtility.cs using Guid(4c1821c1816c6fa44967b8ecb79ea7e4) Importer(2089858483,b0f066a214c2f5e87bad3c948f4d605d) (ScriptedImporter) -> (artifact id: '500fa5c38c0ca5be7039fd278af93e37') in 0.0035869 seconds
Number of updated asset objects reloaded before import = 0Number of asset objects unloaded after import = 0

========================================================================
Received Import Request.
  Time since last request: 0.000017 seconds.
  path: Packages/com.unity.timeline/Runtime/Evaluation/RuntimeElement.cs
  artifactKey: Guid(76b6bf32a6fcf934aab8c529bddccc81) Importer(2089858483,b0f066a214c2f5e87bad3c948f4d605d)
Start importing Packages/com.unity.timeline/Runtime/Evaluation/RuntimeElement.cs using Guid(76b6bf32a6fcf934aab8c529bddccc81) Importer(2089858483,b0f066a214c2f5e87bad3c948f4d605d) (ScriptedImporter) -> (artifact id: '47310f451782cd3216a67a758a92a78a') in 0.003398 seconds
Number of updated asset objects reloaded before import = 0Number of asset objects unloaded after import = 0

========================================================================
Received Import Request.
  Time since last request: 0.000027 seconds.
  path: Packages/com.unity.timeline/Editor/StyleSheets/Images/Icons/TimelineCollapseMarkerButtonDisabled.png
  artifactKey: Guid(b80d5b6acdfbc114b9efab6295fd96c1) Importer(2089858483,b0f066a214c2f5e87bad3c948f4d605d)
Start importing Packages/com.unity.timeline/Editor/StyleSheets/Images/Icons/TimelineCollapseMarkerButtonDisabled.png using Guid(b80d5b6acdfbc114b9efab6295fd96c1) Importer(2089858483,b0f066a214c2f5e87bad3c948f4d605d) (ScriptedImporter) -> (artifact id: '46743d53bcb72ea1d5448721523d13c0') in 0.0078678 seconds
Number of updated asset objects reloaded before import = 0Number of asset objects unloaded after import = 1

========================================================================
Received Import Request.
  Time since last request: 0.000017 seconds.
  path: Packages/com.unity.timeline/Editor/StyleSheets/Images/Icons/d_TrackAvatarButtonDisabled@2x.png
  artifactKey: Guid(fd194f75fe3d7ca4488fa775ae832fd8) Importer(2089858483,b0f066a214c2f5e87bad3c948f4d605d)
Start importing Packages/com.unity.timeline/Editor/StyleSheets/Images/Icons/d_TrackAvatarButtonDisabled@2x.png using Guid(fd194f75fe3d7ca4488fa775ae832fd8) Importer(2089858483,b0f066a214c2f5e87bad3c948f4d605d) (ScriptedImporter) -> (artifact id: 'd7d6d7ac61b01e4f4dd2a061556cd39b') in 0.0074831 seconds
Number of updated asset objects reloaded before import = 0Number of asset objects unloaded after import = 1

========================================================================
Received Import Request.
  Time since last request: 0.000013 seconds.
  path: Packages/com.unity.timeline/Editor/inspectors/CurvesOwner/ICurvesOwnerInspectorWrapper.cs
  artifactKey: Guid(926a61ff0dec44a5aab649acb411e9ad) Importer(2089858483,b0f066a214c2f5e87bad3c948f4d605d)
Start importing Packages/com.unity.timeline/Editor/inspectors/CurvesOwner/ICurvesOwnerInspectorWrapper.cs using Guid(926a61ff0dec44a5aab649acb411e9ad) Importer(2089858483,b0f066a214c2f5e87bad3c948f4d605d) (ScriptedImporter) -> (artifact id: '4c9bb0d98a4622387aca1e7c663559fb') in 0.0035136 seconds
Number of updated asset objects reloaded before import = 0Number of asset objects unloaded after import = 0

========================================================================
Received Import Request.
  Time since last request: 0.122981 seconds.
  path: Packages/com.unity.timeline/Editor/StyleSheets/Images/Icons/TrackLockButtonDisabled.png
  artifactKey: Guid(fef7487d8b06bba408f70354e2463ce4) Importer(2089858483,b0f066a214c2f5e87bad3c948f4d605d)
Start importing Packages/com.unity.timeline/Editor/StyleSheets/Images/Icons/TrackLockButtonDisabled.png using Guid(fef7487d8b06bba408f70354e2463ce4) Importer(2089858483,b0f066a214c2f5e87bad3c948f4d605d) (ScriptedImporter) -> (artifact id: 'dfc91ad608ef47f05162571b99d87935') in 0.0075933 seconds
Number of updated asset objects reloaded before import = 0Number of asset objects unloaded after import = 1

========================================================================
Received Import Request.
  Time since last request: 0.000013 seconds.
  path: Packages/com.unity.ai.navigation/EditorResources/Overlay/NavigationOverlay On.png
  artifactKey: Guid(c136efa5cc6d99a4d9e7bad0209aea25) Importer(2089858483,b0f066a214c2f5e87bad3c948f4d605d)
Start importing Packages/com.unity.ai.navigation/EditorResources/Overlay/NavigationOverlay On.png using Guid(c136efa5cc6d99a4d9e7bad0209aea25) Importer(2089858483,b0f066a214c2f5e87bad3c948f4d605d) (ScriptedImporter) -> (artifact id: 'de2b115fbb9662b40da1a6b8a646264f') in 0.0063334 seconds
Number of updated asset objects reloaded before import = 0Number of asset objects unloaded after import = 1

========================================================================
Received Import Request.
  Time since last request: 0.000016 seconds.
  path: Packages/com.unity.shadergraph/Editor/Util/CompatibilityExtensions.cs
  artifactKey: Guid(7c1717b624ad45ccbb3fa6bec28af711) Importer(2089858483,b0f066a214c2f5e87bad3c948f4d605d)
Start importing Packages/com.unity.shadergraph/Editor/Util/CompatibilityExtensions.cs using Guid(7c1717b624ad45ccbb3fa6bec28af711) Importer(2089858483,b0f066a214c2f5e87bad3c948f4d605d) (ScriptedImporter) -> (artifact id: '966e31f6f8d4849f2b1049f79822937e') in 0.0046893 seconds
Number of updated asset objects reloaded before import = 0Number of asset objects unloaded after import = 0

========================================================================
Received Import Request.
  Time since last request: 0.000018 seconds.
  path: Packages/com.unity.shadergraph/Editor/Serialization/SerializationExtensions.cs
  artifactKey: Guid(75d8197dfa5346abaacd62fc929e67e0) Importer(2089858483,b0f066a214c2f5e87bad3c948f4d605d)
Start importing Packages/com.unity.shadergraph/Editor/Serialization/SerializationExtensions.cs using Guid(75d8197dfa5346abaacd62fc929e67e0) Importer(2089858483,b0f066a214c2f5e87bad3c948f4d605d) (ScriptedImporter) -> (artifact id: 'f524d713b438b773ca80fa90d106564f') in 0.0034989 seconds
Number of updated asset objects reloaded before import = 0Number of asset objects unloaded after import = 0

========================================================================
Received Import Request.
  Time since last request: 0.000025 seconds.
  path: Packages/com.unity.shadergraph/Editor/Data/Graphs/IMaterialSlotSupportsLiteralMode.cs
  artifactKey: Guid(247c9f9b008941aca20d2026464da6f1) Importer(2089858483,b0f066a214c2f5e87bad3c948f4d605d)
Start importing Packages/com.unity.shadergraph/Editor/Data/Graphs/IMaterialSlotSupportsLiteralMode.cs using Guid(247c9f9b008941aca20d2026464da6f1) Importer(2089858483,b0f066a214c2f5e87bad3c948f4d605d) (ScriptedImporter) -> (artifact id: '4727113cd5fab66f6ac09de49ae59de0') in 0.0043323 seconds
Number of updated asset objects reloaded before import = 0Number of asset objects unloaded after import = 0

========================================================================
Received Import Request.
  Time since last request: 0.000015 seconds.
  path: Packages/com.unity.shadergraph/Editor/Data/Graphs/VertexColorMaterialSlot.cs
  artifactKey: Guid(d03029f14ab44744d948ca282e300cb3) Importer(2089858483,b0f066a214c2f5e87bad3c948f4d605d)
Start importing Packages/com.unity.shadergraph/Editor/Data/Graphs/VertexColorMaterialSlot.cs using Guid(d03029f14ab44744d948ca282e300cb3) Importer(2089858483,b0f066a214c2f5e87bad3c948f4d605d) (ScriptedImporter) -> (artifact id: 'e65b9085fe359e47879312d92e387a99') in 0.0039476 seconds
Number of updated asset objects reloaded before import = 0Number of asset objects unloaded after import = 0

========================================================================
Received Import Request.
  Time since last request: 0.000016 seconds.
  path: Packages/com.unity.timeline/Editor/StyleSheets/Images/LightSkin/TimelineMarkerItemSelected.png
  artifactKey: Guid(b6e9dc9aad5843748a0124b8925c3743) Importer(2089858483,b0f066a214c2f5e87bad3c948f4d605d)
Start importing Packages/com.unity.timeline/Editor/StyleSheets/Images/LightSkin/TimelineMarkerItemSelected.png using Guid(b6e9dc9aad5843748a0124b8925c3743) Importer(2089858483,b0f066a214c2f5e87bad3c948f4d605d) (ScriptedImporter) -> (artifact id: '129003fc1b0bc74a30d3acd07e72bfcb') in 0.0084951 seconds
Number of updated asset objects reloaded before import = 0Number of asset objects unloaded after import = 1

========================================================================
Received Import Request.
  Time since last request: 0.000016 seconds.
  path: Packages/com.unity.shadergraph/Editor/Data/Graphs/IMaterialSlotHasValue.cs
  artifactKey: Guid(94492244ef44a2e48b3e7790d7ac681d) Importer(2089858483,b0f066a214c2f5e87bad3c948f4d605d)
Start importing Packages/com.unity.shadergraph/Editor/Data/Graphs/IMaterialSlotHasValue.cs using Guid(94492244ef44a2e48b3e7790d7ac681d) Importer(2089858483,b0f066a214c2f5e87bad3c948f4d605d) (ScriptedImporter) -> (artifact id: '44e2575a7940b83e76d5ffd53055dacd') in 0.0035114 seconds
Number of updated asset objects reloaded before import = 0Number of asset objects unloaded after import = 0

========================================================================
Received Import Request.
  Time since last request: 0.000019 seconds.
  path: Packages/com.unity.ai.navigation/EditorResources/Overlay/d_NavigationOverlay@128.png
  artifactKey: Guid(80899a9fbe3d3364eac2c5924c0a28cf) Importer(2089858483,b0f066a214c2f5e87bad3c948f4d605d)
Start importing Packages/com.unity.ai.navigation/EditorResources/Overlay/d_NavigationOverlay@128.png using Guid(80899a9fbe3d3364eac2c5924c0a28cf) Importer(2089858483,b0f066a214c2f5e87bad3c948f4d605d) (ScriptedImporter) -> (artifact id: '3f922eb9d5c98e32954169d55053f291') in 0.0080274 seconds
Number of updated asset objects reloaded before import = 0Number of asset objects unloaded after import = 1

========================================================================
Received Import Request.
  Time since last request: 0.000023 seconds.
  path: Packages/com.unity.timeline/Editor/StyleSheets/Images/LightSkin/TimelineContinue.png
  artifactKey: Guid(61c21f74972ba8246b3ea400a9231841) Importer(2089858483,b0f066a214c2f5e87bad3c948f4d605d)
Start importing Packages/com.unity.timeline/Editor/StyleSheets/Images/LightSkin/TimelineContinue.png using Guid(61c21f74972ba8246b3ea400a9231841) Importer(2089858483,b0f066a214c2f5e87bad3c948f4d605d) (ScriptedImporter) -> (artifact id: '7578f3aea80ced7fb79245a7b005ff93') in 0.0075935 seconds
Number of updated asset objects reloaded before import = 0Number of asset objects unloaded after import = 1

========================================================================
Received Import Request.
  Time since last request: 0.000013 seconds.
  path: Packages/com.unity.shadergraph/Editor/Data/Graphs/SpaceMaterialSlot.cs
  artifactKey: Guid(66199806246c45e493afdfc09208cbdc) Importer(2089858483,b0f066a214c2f5e87bad3c948f4d605d)
Start importing Packages/com.unity.shadergraph/Editor/Data/Graphs/SpaceMaterialSlot.cs using Guid(66199806246c45e493afdfc09208cbdc) Importer(2089858483,b0f066a214c2f5e87bad3c948f4d605d) (ScriptedImporter) -> (artifact id: 'f16e3ef03b6d3079e1303fb2d4a6833b') in 0.0036903 seconds
Number of updated asset objects reloaded before import = 0Number of asset objects unloaded after import = 0

========================================================================
Received Import Request.
  Time since last request: 0.000015 seconds.
  path: Packages/com.unity.shadergraph/Editor/Extensions/FieldExtensions.cs
  artifactKey: Guid(72e350503c76f40baac54cde32e52f97) Importer(2089858483,b0f066a214c2f5e87bad3c948f4d605d)
Start importing Packages/com.unity.shadergraph/Editor/Extensions/FieldExtensions.cs using Guid(72e350503c76f40baac54cde32e52f97) Importer(2089858483,b0f066a214c2f5e87bad3c948f4d605d) (ScriptedImporter) -> (artifact id: '0d256c50708291fa6f1ac2111824f25a') in 0.0039903 seconds
Number of updated asset objects reloaded before import = 0Number of asset objects unloaded after import = 0

========================================================================
Received Import Request.
  Time since last request: 0.000014 seconds.
  path: Packages/com.unity.shadergraph/GraphTemplates/Subgraphs/Circle.shadersubgraph
  artifactKey: Guid(f20330646a5d9ab4ba73ed235396a7a6) Importer(2089858483,b0f066a214c2f5e87bad3c948f4d605d)
Start importing Packages/com.unity.shadergraph/GraphTemplates/Subgraphs/Circle.shadersubgraph using Guid(f20330646a5d9ab4ba73ed235396a7a6) Importer(2089858483,b0f066a214c2f5e87bad3c948f4d605d) (ScriptedImporter) -> (artifact id: '11c83581a5613d1b3c99870ab972572a') in 0.0187401 seconds
Number of updated asset objects reloaded before import = 0Number of asset objects unloaded after import = 1

========================================================================
Received Import Request.
  Time since last request: 0.000017 seconds.
  path: Packages/com.unity.shadergraph/GraphTemplates/Cross Pipeline/TerrainSimpleTemplateThumbnail.png
  artifactKey: Guid(f7b60a412d492fa4a96583e253626880) Importer(2089858483,b0f066a214c2f5e87bad3c948f4d605d)
Start importing Packages/com.unity.shadergraph/GraphTemplates/Cross Pipeline/TerrainSimpleTemplateThumbnail.png using Guid(f7b60a412d492fa4a96583e253626880) Importer(2089858483,b0f066a214c2f5e87bad3c948f4d605d) (ScriptedImporter) -> (artifact id: '025829bb1d1c38723c6d33eb14eb0740') in 0.0103107 seconds
Number of updated asset objects reloaded before import = 0Number of asset objects unloaded after import = 1

========================================================================
Received Import Request.
  Time since last request: 0.000031 seconds.
  path: Packages/com.unity.shadergraph/Editor/Data/Attributes/NeverAllowedByTargetAttribute.cs
  artifactKey: Guid(2c583d077fd8e8e479fe6e4e74df4bee) Importer(2089858483,b0f066a214c2f5e87bad3c948f4d605d)
Start importing Packages/com.unity.shadergraph/Editor/Data/Attributes/NeverAllowedByTargetAttribute.cs using Guid(2c583d077fd8e8e479fe6e4e74df4bee) Importer(2089858483,b0f066a214c2f5e87bad3c948f4d605d) (ScriptedImporter) -> (artifact id: '6834368ef2c1a7f0d2020b98490067a2') in 0.004027 seconds
Number of updated asset objects reloaded before import = 0Number of asset objects unloaded after import = 0

========================================================================
Received Import Request.
  Time since last request: 0.000015 seconds.
  path: Packages/com.unity.test-framework.performance/Runtime/Data/Hardware.cs
  artifactKey: Guid(eecaaae1ce1cb6d4191f80484e152f46) Importer(2089858483,b0f066a214c2f5e87bad3c948f4d605d)
Start importing Packages/com.unity.test-framework.performance/Runtime/Data/Hardware.cs using Guid(eecaaae1ce1cb6d4191f80484e152f46) Importer(2089858483,b0f066a214c2f5e87bad3c948f4d605d) (ScriptedImporter) -> (artifact id: '7f89253808504e9bae8e4bda61d1d49f') in 0.0035621 seconds
Number of updated asset objects reloaded before import = 0Number of asset objects unloaded after import = 0

========================================================================
Received Import Request.
  Time since last request: 0.000015 seconds.
  path: Packages/com.unity.shadergraph/Editor/Data/Interfaces/IHasCustomDeprecationMessage.cs
  artifactKey: Guid(d66b353e44dc4eb418b5d5b6c28a82a9) Importer(2089858483,b0f066a214c2f5e87bad3c948f4d605d)
Start importing Packages/com.unity.shadergraph/Editor/Data/Interfaces/IHasCustomDeprecationMessage.cs using Guid(d66b353e44dc4eb418b5d5b6c28a82a9) Importer(2089858483,b0f066a214c2f5e87bad3c948f4d605d) (ScriptedImporter) -> (artifact id: '38e3f39ed0b4eae422b61a3400c42036') in 0.0038943 seconds
Number of updated asset objects reloaded before import = 0Number of asset objects unloaded after import = 0

========================================================================
Received Import Request.
  Time since last request: 0.000015 seconds.
  path: Packages/com.unity.shadergraph/Editor/Resources/StickyNote.uss
  artifactKey: Guid(49f440ce949d5b944bccdfef70f2aca7) Importer(2089858483,b0f066a214c2f5e87bad3c948f4d605d)
Start importing Packages/com.unity.shadergraph/Editor/Resources/StickyNote.uss using Guid(49f440ce949d5b944bccdfef70f2aca7) Importer(2089858483,b0f066a214c2f5e87bad3c948f4d605d) (ScriptedImporter) -> (artifact id: 'ff93f9e2882e4f9b224f39838b6e99ce') in 0.0139064 seconds
Number of updated asset objects reloaded before import = 0Number of asset objects unloaded after import = 1

========================================================================
Received Import Request.
  Time since last request: 0.000019 seconds.
  path: Packages/com.unity.timeline/Editor/StyleSheets/Images/LightSkin/TimelineAutokey.png
  artifactKey: Guid(af3aec622aef40c45813b39e405966a3) Importer(2089858483,b0f066a214c2f5e87bad3c948f4d605d)
Start importing Packages/com.unity.timeline/Editor/StyleSheets/Images/LightSkin/TimelineAutokey.png using Guid(af3aec622aef40c45813b39e405966a3) Importer(2089858483,b0f066a214c2f5e87bad3c948f4d605d) (ScriptedImporter) -> (artifact id: '64c47916fb8b9b4ecc5d0923f7c67f81') in 0.0069469 seconds
Number of updated asset objects reloaded before import = 0Number of asset objects unloaded after import = 1

========================================================================
Received Import Request.
  Time since last request: 0.000025 seconds.
  path: Packages/com.unity.shadergraph/Editor/Interface/IConditional.cs
  artifactKey: Guid(dbb40aecee858904688ec620c225e96b) Importer(2089858483,b0f066a214c2f5e87bad3c948f4d605d)
Start importing Packages/com.unity.shadergraph/Editor/Interface/IConditional.cs using Guid(dbb40aecee858904688ec620c225e96b) Importer(2089858483,b0f066a214c2f5e87bad3c948f4d605d) (ScriptedImporter) -> (artifact id: '6f2a3ae6948f9e71f392216266354266') in 0.0034084 seconds
Number of updated asset objects reloaded before import = 0Number of asset objects unloaded after import = 0

========================================================================
Received Import Request.
  Time since last request: 0.000017 seconds.
  path: Packages/com.unity.shadergraph/Tests/Editor/TestNode.cs
  artifactKey: Guid(5b3ff0f8519f4c0aa38ae4251a329e34) Importer(2089858483,b0f066a214c2f5e87bad3c948f4d605d)
Start importing Packages/com.unity.shadergraph/Tests/Editor/TestNode.cs using Guid(5b3ff0f8519f4c0aa38ae4251a329e34) Importer(2089858483,b0f066a214c2f5e87bad3c948f4d605d) (ScriptedImporter) -> (artifact id: '7a2aa69a06886b9f46b75f1a9b7153ee') in 0.003428 seconds
Number of updated asset objects reloaded before import = 0Number of asset objects unloaded after import = 0

========================================================================
Received Import Request.
  Time since last request: 0.000016 seconds.
  path: Packages/com.unity.test-framework.performance/Editor/TestRunnerInitializer.cs
  artifactKey: Guid(4ea07ee0847c4e359272dd9b57e1cb2b) Importer(2089858483,b0f066a214c2f5e87bad3c948f4d605d)
Start importing Packages/com.unity.test-framework.performance/Editor/TestRunnerInitializer.cs using Guid(4ea07ee0847c4e359272dd9b57e1cb2b) Importer(2089858483,b0f066a214c2f5e87bad3c948f4d605d) (ScriptedImporter) -> (artifact id: '4bcbd394a1e994f435912500af2ac75a') in 0.0038779 seconds
Number of updated asset objects reloaded before import = 0Number of asset objects unloaded after import = 0

========================================================================
Received Import Request.
  Time since last request: 0.000017 seconds.
  path: Packages/com.unity.ai.navigation/EditorResources/Overlay/NavigationOverlay On@256.png
  artifactKey: Guid(b05e7d8dc2bdbb14ab5b1da240ac65d5) Importer(2089858483,b0f066a214c2f5e87bad3c948f4d605d)
Start importing Packages/com.unity.ai.navigation/EditorResources/Overlay/NavigationOverlay On@256.png using Guid(b05e7d8dc2bdbb14ab5b1da240ac65d5) Importer(2089858483,b0f066a214c2f5e87bad3c948f4d605d) (ScriptedImporter) -> (artifact id: '20d1617518d5c518e6611e6bcfcd1815') in 0.0069983 seconds
Number of updated asset objects reloaded before import = 0Number of asset objects unloaded after import = 1

========================================================================
Received Import Request.
  Time since last request: 0.000018 seconds.
  path: Packages/com.unity.test-framework.performance/Runtime/Data/Project.cs
  artifactKey: Guid(601d7eee390860c4e80380ed9ff5e296) Importer(2089858483,b0f066a214c2f5e87bad3c948f4d605d)
Start importing Packages/com.unity.test-framework.performance/Runtime/Data/Project.cs using Guid(601d7eee390860c4e80380ed9ff5e296) Importer(2089858483,b0f066a214c2f5e87bad3c948f4d605d) (ScriptedImporter) -> (artifact id: '93d7ea3414590d392fe5937f2184cb81') in 0.0035823 seconds
Number of updated asset objects reloaded before import = 0Number of asset objects unloaded after import = 0

========================================================================
Received Import Request.
  Time since last request: 0.000018 seconds.
  path: Packages/com.unity.shadergraph/Editor/Util/CopyPasteGraph.cs
  artifactKey: Guid(187365d075d49dc46a3e09b81f0d6fdd) Importer(2089858483,b0f066a214c2f5e87bad3c948f4d605d)
Start importing Packages/com.unity.shadergraph/Editor/Util/CopyPasteGraph.cs using Guid(187365d075d49dc46a3e09b81f0d6fdd) Importer(2089858483,b0f066a214c2f5e87bad3c948f4d605d) (ScriptedImporter) -> (artifact id: 'cf2f77f42a7ce456afbe1284ba0c09ab') in 0.0034994 seconds
Number of updated asset objects reloaded before import = 0Number of asset objects unloaded after import = 0

========================================================================
Received Import Request.
  Time since last request: 0.000022 seconds.
  path: Packages/com.unity.shadergraph/Editor/Data/Graphs/Vector2MaterialSlot.cs
  artifactKey: Guid(1a465b9562de8ef4eb8d8169e41b7e90) Importer(2089858483,b0f066a214c2f5e87bad3c948f4d605d)
Start importing Packages/com.unity.shadergraph/Editor/Data/Graphs/Vector2MaterialSlot.cs using Guid(1a465b9562de8ef4eb8d8169e41b7e90) Importer(2089858483,b0f066a214c2f5e87bad3c948f4d605d) (ScriptedImporter) -> (artifact id: 'df6be0b71313c663175de449faccb634') in 0.0045799 seconds
Number of updated asset objects reloaded before import = 0Number of asset objects unloaded after import = 0

========================================================================
Received Import Request.
  Time since last request: 0.000018 seconds.
  path: Packages/com.unity.shadergraph/GraphTemplates/Subgraphs/Particle Vertex Color.shadersubgraph
  artifactKey: Guid(73f7a6a1a6335484ba02a0b8f80fe10c) Importer(2089858483,b0f066a214c2f5e87bad3c948f4d605d)
Start importing Packages/com.unity.shadergraph/GraphTemplates/Subgraphs/Particle Vertex Color.shadersubgraph using Guid(73f7a6a1a6335484ba02a0b8f80fe10c) Importer(2089858483,b0f066a214c2f5e87bad3c948f4d605d) (ScriptedImporter) -> (artifact id: '475f47822bbae323524956e9829c79a5') in 0.0080475 seconds
Number of updated asset objects reloaded before import = 0Number of asset objects unloaded after import = 1

========================================================================
Received Import Request.
  Time since last request: 0.000015 seconds.
  path: Packages/com.unity.shadergraph/Editor/Data/Interfaces/IMayRequireMeshUV.cs
  artifactKey: Guid(c23e123c3ff140c997d68b663b484f29) Importer(2089858483,b0f066a214c2f5e87bad3c948f4d605d)
Start importing Packages/com.unity.shadergraph/Editor/Data/Interfaces/IMayRequireMeshUV.cs using Guid(c23e123c3ff140c997d68b663b484f29) Importer(2089858483,b0f066a214c2f5e87bad3c948f4d605d) (ScriptedImporter) -> (artifact id: 'fc548f07036a7ed302f40b6b5a5e342f') in 0.003442 seconds
Number of updated asset objects reloaded before import = 0Number of asset objects unloaded after import = 0

========================================================================
Received Import Request.
  Time since last request: 0.000014 seconds.
  path: Packages/com.unity.shadergraph/GraphTemplates/default_normal.png
  artifactKey: Guid(9154b3a500851e04494b08c0a363964a) Importer(2089858483,b0f066a214c2f5e87bad3c948f4d605d)
Start importing Packages/com.unity.shadergraph/GraphTemplates/default_normal.png using Guid(9154b3a500851e04494b08c0a363964a) Importer(2089858483,b0f066a214c2f5e87bad3c948f4d605d) (ScriptedImporter) -> (artifact id: 'a16ae8de38b32b32d0f2f2cf53fd1083') in 0.0077235 seconds
Number of updated asset objects reloaded before import = 0Number of asset objects unloaded after import = 1

========================================================================
Received Import Request.
  Time since last request: 0.000014 seconds.
  path: Packages/com.unity.shadergraph/Editor/Data/Interfaces/ICanChangeShaderGUI.cs
  artifactKey: Guid(c645ecec95c53644b9b9777b4faeb75d) Importer(2089858483,b0f066a214c2f5e87bad3c948f4d605d)
Start importing Packages/com.unity.shadergraph/Editor/Data/Interfaces/ICanChangeShaderGUI.cs using Guid(c645ecec95c53644b9b9777b4faeb75d) Importer(2089858483,b0f066a214c2f5e87bad3c948f4d605d) (ScriptedImporter) -> (artifact id: 'c715ce1261c0b1929b92349536f4d58e') in 0.0035043 seconds
Number of updated asset objects reloaded before import = 0Number of asset objects unloaded after import = 0

========================================================================
Received Import Request.
  Time since last request: 0.000018 seconds.
  path: Packages/com.unity.shadergraph/GraphTemplates/Subgraphs/Switch4.shadersubgraph
  artifactKey: Guid(38026d07e949e0043a9daa90b1917d90) Importer(2089858483,b0f066a214c2f5e87bad3c948f4d605d)
Start importing Packages/com.unity.shadergraph/GraphTemplates/Subgraphs/Switch4.shadersubgraph using Guid(38026d07e949e0043a9daa90b1917d90) Importer(2089858483,b0f066a214c2f5e87bad3c948f4d605d) (ScriptedImporter) -> (artifact id: '3e8e3a0f7607f70047fa8ea6a2011d72') in 0.0056286 seconds
Number of updated asset objects reloaded before import = 0Number of asset objects unloaded after import = 1

========================================================================
Received Import Request.
  Time since last request: 0.000026 seconds.
  path: Packages/com.unity.shadergraph/GraphTemplates/BuiltIn/BuiltInLitBasicTemplateThumbnail.png
  artifactKey: Guid(325e807a2af3f5f4691c7d9da76963f6) Importer(2089858483,b0f066a214c2f5e87bad3c948f4d605d)
Start importing Packages/com.unity.shadergraph/GraphTemplates/BuiltIn/BuiltInLitBasicTemplateThumbnail.png using Guid(325e807a2af3f5f4691c7d9da76963f6) Importer(2089858483,b0f066a214c2f5e87bad3c948f4d605d) (ScriptedImporter) -> (artifact id: 'a975ad7627ca0d0c0f782ba70bc0fd24') in 0.0089546 seconds
Number of updated asset objects reloaded before import = 0Number of asset objects unloaded after import = 1

========================================================================
Received Import Request.
  Time since last request: 0.000013 seconds.
  path: Packages/com.unity.ai.navigation/Editor/ConversionSystem/converter_widget.uss
  artifactKey: Guid(63cb84b97408b4d25a6925daccffcd22) Importer(2089858483,b0f066a214c2f5e87bad3c948f4d605d)
Start importing Packages/com.unity.ai.navigation/Editor/ConversionSystem/converter_widget.uss using Guid(63cb84b97408b4d25a6925daccffcd22) Importer(2089858483,b0f066a214c2f5e87bad3c948f4d605d) (ScriptedImporter) -> (artifact id: 'fbb20a6096e166a6a88e40fee4ce9c52') in 0.0049169 seconds
Number of updated asset objects reloaded before import = 0Number of asset objects unloaded after import = 1

========================================================================
Received Import Request.
  Time since last request: 0.000014 seconds.
  path: Packages/com.unity.ai.navigation/LICENSE.md
  artifactKey: Guid(af8f9a7f066204789819c6a616afe2c0) Importer(2089858483,b0f066a214c2f5e87bad3c948f4d605d)
Start importing Packages/com.unity.ai.navigation/LICENSE.md using Guid(af8f9a7f066204789819c6a616afe2c0) Importer(2089858483,b0f066a214c2f5e87bad3c948f4d605d) (ScriptedImporter) -> (artifact id: '1d6e3b3a4a530921d42ea0f6b9d5caff') in 0.0044643 seconds
Number of updated asset objects reloaded before import = 0Number of asset objects unloaded after import = 1

========================================================================
Received Import Request.
  Time since last request: 0.000014 seconds.
  path: Packages/com.unity.shadergraph/Editor/Drawing/EdgeConnectorListener.cs
  artifactKey: Guid(36c61698900b42c9a6b5e28c3651249a) Importer(2089858483,b0f066a214c2f5e87bad3c948f4d605d)
Start importing Packages/com.unity.shadergraph/Editor/Drawing/EdgeConnectorListener.cs using Guid(36c61698900b42c9a6b5e28c3651249a) Importer(2089858483,b0f066a214c2f5e87bad3c948f4d605d) (ScriptedImporter) -> (artifact id: '69d79f7ee9da25e48a55f285ea674f1d') in 0.0039508 seconds
Number of updated asset objects reloaded before import = 0Number of asset objects unloaded after import = 0

========================================================================
Received Import Request.
  Time since last request: 0.000015 seconds.
  path: Packages/com.unity.shadergraph/Editor/Data/Graphs/Vector3ShaderProperty.cs
  artifactKey: Guid(34a68571f5ae4ebe8221824597dc0675) Importer(2089858483,b0f066a214c2f5e87bad3c948f4d605d)
Start importing Packages/com.unity.shadergraph/Editor/Data/Graphs/Vector3ShaderProperty.cs using Guid(34a68571f5ae4ebe8221824597dc0675) Importer(2089858483,b0f066a214c2f5e87bad3c948f4d605d) (ScriptedImporter) -> (artifact id: '75dc7c932f7dcbe08f3e47274dde00a4') in 0.0047982 seconds
Number of updated asset objects reloaded before import = 0Number of asset objects unloaded after import = 0

========================================================================
Received Import Request.
  Time since last request: 0.000017 seconds.
  path: Packages/com.unity.shadergraph/Editor/Importers/_.sgsubgraphdb
  artifactKey: Guid(b7e9b48c3a9534782bdc85af295da963) Importer(2089858483,b0f066a214c2f5e87bad3c948f4d605d)
Start importing Packages/com.unity.shadergraph/Editor/Importers/_.sgsubgraphdb using Guid(b7e9b48c3a9534782bdc85af295da963) Importer(2089858483,b0f066a214c2f5e87bad3c948f4d605d) (ScriptedImporter) -> (artifact id: 'b727d40a124cedbce8f95ffa7d903287') in 0.0035312 seconds
Number of updated asset objects reloaded before import = 0Number of asset objects unloaded after import = 1

========================================================================
Received Import Request.
  Time since last request: 0.000023 seconds.
  path: Packages/com.unity.shadergraph/Editor/Data/Interfaces/IGeneratesBodyCode.cs
  artifactKey: Guid(86155a20c88c9104cac95b7d74ae60dc) Importer(2089858483,b0f066a214c2f5e87bad3c948f4d605d)
Start importing Packages/com.unity.shadergraph/Editor/Data/Interfaces/IGeneratesBodyCode.cs using Guid(86155a20c88c9104cac95b7d74ae60dc) Importer(2089858483,b0f066a214c2f5e87bad3c948f4d605d) (ScriptedImporter) -> (artifact id: '2653b9c4bb60fb52386f50b0c43c026b') in 0.0037344 seconds
Number of updated asset objects reloaded before import = 0Number of asset objects unloaded after import = 0

========================================================================
Received Import Request.
  Time since last request: 0.000013 seconds.
  path: Packages/com.unity.shadergraph/Editor/Drawing/MaterialGraphPreviewGenerator.cs
  artifactKey: Guid(fe0b2ff8964a3254ba241f3a78a125c3) Importer(2089858483,b0f066a214c2f5e87bad3c948f4d605d)
Start importing Packages/com.unity.shadergraph/Editor/Drawing/MaterialGraphPreviewGenerator.cs using Guid(fe0b2ff8964a3254ba241f3a78a125c3) Importer(2089858483,b0f066a214c2f5e87bad3c948f4d605d) (ScriptedImporter) -> (artifact id: '46343d95c48aad9b1cef2fa53f4974a6') in 0.0039807 seconds
Number of updated asset objects reloaded before import = 0Number of asset objects unloaded after import = 0

========================================================================
Received Import Request.
  Time since last request: 0.000015 seconds.
  path: Packages/com.unity.ai.navigation/Runtime/NavMeshLink.cs
  artifactKey: Guid(6eeb5dc026fdf4b488bc7ae0138ab719) Importer(2089858483,b0f066a214c2f5e87bad3c948f4d605d)
Start importing Packages/com.unity.ai.navigation/Runtime/NavMeshLink.cs using Guid(6eeb5dc026fdf4b488bc7ae0138ab719) Importer(2089858483,b0f066a214c2f5e87bad3c948f4d605d) (ScriptedImporter) -> (artifact id: '63b42fb0f08cce93424110d7a85bce64') in 0.0060271 seconds
Number of updated asset objects reloaded before import = 0Number of asset objects unloaded after import = 1

========================================================================
Received Import Request.
  Time since last request: 0.000017 seconds.
  path: Packages/com.unity.shadergraph/package.json
  artifactKey: Guid(d5ac453c34e359d439de9d724772ed3d) Importer(2089858483,b0f066a214c2f5e87bad3c948f4d605d)
Start importing Packages/com.unity.shadergraph/package.json using Guid(d5ac453c34e359d439de9d724772ed3d) Importer(2089858483,b0f066a214c2f5e87bad3c948f4d605d) (ScriptedImporter) -> (artifact id: 'a7be1d2e3cef721c2f90d300864eca95') in 0.0040634 seconds
Number of updated asset objects reloaded before import = 0Number of asset objects unloaded after import = 1

========================================================================
Received Import Request.
  Time since last request: 0.000015 seconds.
  path: Packages/com.unity.shadergraph/ShaderGraphLibrary/LODDitheringTransition.hlsl
  artifactKey: Guid(5248225944112fb418a213fa587fe10d) Importer(2089858483,b0f066a214c2f5e87bad3c948f4d605d)
Start importing Packages/com.unity.shadergraph/ShaderGraphLibrary/LODDitheringTransition.hlsl using Guid(5248225944112fb418a213fa587fe10d) Importer(2089858483,b0f066a214c2f5e87bad3c948f4d605d) (ScriptedImporter) -> (artifact id: 'fb089637e4a078e2bf26956bd0396480') in 0.0038775 seconds
Number of updated asset objects reloaded before import = 0Number of asset objects unloaded after import = 0

========================================================================
Received Import Request.
  Time since last request: 0.000026 seconds.
  path: Packages/com.unity.shadergraph/Editor/Data/Graphs/VirtualTextureShaderProperty.cs
  artifactKey: Guid(ca7d3a56d2cd0c840b76155c0a92eaca) Importer(2089858483,b0f066a214c2f5e87bad3c948f4d605d)
Start importing Packages/com.unity.shadergraph/Editor/Data/Graphs/VirtualTextureShaderProperty.cs using Guid(ca7d3a56d2cd0c840b76155c0a92eaca) Importer(2089858483,b0f066a214c2f5e87bad3c948f4d605d) (ScriptedImporter) -> (artifact id: 'ba2e718cf90051a5cb91c717873ca8d5') in 0.0050911 seconds
Number of updated asset objects reloaded before import = 0Number of asset objects unloaded after import = 0

========================================================================
Received Import Request.
  Time since last request: 0.000014 seconds.
  path: Packages/com.unity.shadergraph/Editor/Data/Interfaces/IMayRequireCameraOpaqueTexture.cs
  artifactKey: Guid(93fdbd040dca943cbbd42c33416450a6) Importer(2089858483,b0f066a214c2f5e87bad3c948f4d605d)
Start importing Packages/com.unity.shadergraph/Editor/Data/Interfaces/IMayRequireCameraOpaqueTexture.cs using Guid(93fdbd040dca943cbbd42c33416450a6) Importer(2089858483,b0f066a214c2f5e87bad3c948f4d605d) (ScriptedImporter) -> (artifact id: '6ae97db12402f83f219213a7049e8536') in 0.0036574 seconds
Number of updated asset objects reloaded before import = 0Number of asset objects unloaded after import = 0

========================================================================
Received Import Request.
  Time since last request: 0.000013 seconds.
  path: Packages/com.unity.timeline/Editor/StyleSheets/Images/Icons/TrackMarkerButtonEnabled.png
  artifactKey: Guid(d1eccbb425fdacc4ba53ce4223f4ea30) Importer(2089858483,b0f066a214c2f5e87bad3c948f4d605d)
Start importing Packages/com.unity.timeline/Editor/StyleSheets/Images/Icons/TrackMarkerButtonEnabled.png using Guid(d1eccbb425fdacc4ba53ce4223f4ea30) Importer(2089858483,b0f066a214c2f5e87bad3c948f4d605d) (ScriptedImporter) -> (artifact id: '3220d142841f1267b5a72347a2c29b82') in 0.0073639 seconds
Number of updated asset objects reloaded before import = 0Number of asset objects unloaded after import = 1

========================================================================
Received Import Request.
  Time since last request: 0.000014 seconds.
  path: Packages/com.unity.shadergraph/GraphTemplates/Subgraphs/Depth Fade.shadersubgraph
  artifactKey: Guid(8bbfe621c0368244b80a10cdd14cd70e) Importer(2089858483,b0f066a214c2f5e87bad3c948f4d605d)
Start importing Packages/com.unity.shadergraph/GraphTemplates/Subgraphs/Depth Fade.shadersubgraph using Guid(8bbfe621c0368244b80a10cdd14cd70e) Importer(2089858483,b0f066a214c2f5e87bad3c948f4d605d) (ScriptedImporter) -> (artifact id: 'b51925c3ea4f3746ef833d803775bf95') in 0.005851 seconds
Number of updated asset objects reloaded before import = 0Number of asset objects unloaded after import = 1

========================================================================
Received Import Request.
  Time since last request: 0.000014 seconds.
  path: Packages/com.unity.shadergraph/Editor/Data/Graphs/ParentGroupChange.cs
  artifactKey: Guid(58e407e9c8cef1b4d9d68b73a421984c) Importer(2089858483,b0f066a214c2f5e87bad3c948f4d605d)
Start importing Packages/com.unity.shadergraph/Editor/Data/Graphs/ParentGroupChange.cs using Guid(58e407e9c8cef1b4d9d68b73a421984c) Importer(2089858483,b0f066a214c2f5e87bad3c948f4d605d) (ScriptedImporter) -> (artifact id: 'bc8be6ebae4163696f5ebea727e6a5b9') in 0.0036039 seconds
Number of updated asset objects reloaded before import = 0Number of asset objects unloaded after import = 0

========================================================================
Received Import Request.
  Time since last request: 0.000021 seconds.
  path: Packages/com.unity.shadergraph/Editor/Data/Graphs/Texture2DInputMaterialSlot.cs
  artifactKey: Guid(ebeb3a21d05d49caa5d3318fb49b7612) Importer(2089858483,b0f066a214c2f5e87bad3c948f4d605d)
Start importing Packages/com.unity.shadergraph/Editor/Data/Graphs/Texture2DInputMaterialSlot.cs using Guid(ebeb3a21d05d49caa5d3318fb49b7612) Importer(2089858483,b0f066a214c2f5e87bad3c948f4d605d) (ScriptedImporter) -> (artifact id: '4d43eb261fe29f7dbe65dbbbeabb1f16') in 0.0034005 seconds
Number of updated asset objects reloaded before import = 0Number of asset objects unloaded after import = 0

========================================================================
Received Import Request.
  Time since last request: 0.000014 seconds.
  path: Packages/com.unity.shadergraph/Editor/Data/Graphs/CubemapMaterialSlot.cs
  artifactKey: Guid(ada5a840e90db5e4d901c686dca382ab) Importer(2089858483,b0f066a214c2f5e87bad3c948f4d605d)
Start importing Packages/com.unity.shadergraph/Editor/Data/Graphs/CubemapMaterialSlot.cs using Guid(ada5a840e90db5e4d901c686dca382ab) Importer(2089858483,b0f066a214c2f5e87bad3c948f4d605d) (ScriptedImporter) -> (artifact id: '1ee046c6ac44865ba38c5d8b7ee01195') in 0.0033359 seconds
Number of updated asset objects reloaded before import = 0Number of asset objects unloaded after import = 0

========================================================================
Received Import Request.
  Time since last request: 0.000016 seconds.
  path: Packages/com.unity.shadergraph/GraphTemplates/Subgraphs/SoftParticles.shadersubgraph
  artifactKey: Guid(d0f40856fc355224fab6453746e0507a) Importer(2089858483,b0f066a214c2f5e87bad3c948f4d605d)
Start importing Packages/com.unity.shadergraph/GraphTemplates/Subgraphs/SoftParticles.shadersubgraph using Guid(d0f40856fc355224fab6453746e0507a) Importer(2089858483,b0f066a214c2f5e87bad3c948f4d605d) (ScriptedImporter) -> (artifact id: '624701b994a0fb709548c400385fabaa') in 0.0052805 seconds
Number of updated asset objects reloaded before import = 0Number of asset objects unloaded after import = 1

========================================================================
Received Import Request.
  Time since last request: 0.000015 seconds.
  path: Packages/com.unity.shadergraph/Editor/Data/Graphs/GradientInputMaterialSlot.cs
  artifactKey: Guid(b1acbb0046e714669a0792cec877146c) Importer(2089858483,b0f066a214c2f5e87bad3c948f4d605d)
Start importing Packages/com.unity.shadergraph/Editor/Data/Graphs/GradientInputMaterialSlot.cs using Guid(b1acbb0046e714669a0792cec877146c) Importer(2089858483,b0f066a214c2f5e87bad3c948f4d605d) (ScriptedImporter) -> (artifact id: 'bfab030d193e6397181b6b99890e65ea') in 0.0035169 seconds
Number of updated asset objects reloaded before import = 0Number of asset objects unloaded after import = 0

========================================================================
Received Import Request.
  Time since last request: 0.000014 seconds.
  path: Packages/com.unity.test-framework.performance/Runtime/AssemblyInfo.cs
  artifactKey: Guid(ac464bc14bd17cc4ca2e8f909ca4f061) Importer(2089858483,b0f066a214c2f5e87bad3c948f4d605d)
Start importing Packages/com.unity.test-framework.performance/Runtime/AssemblyInfo.cs using Guid(ac464bc14bd17cc4ca2e8f909ca4f061) Importer(2089858483,b0f066a214c2f5e87bad3c948f4d605d) (ScriptedImporter) -> (artifact id: '7adad09921346c4d7f9bc97c755a2487') in 0.0032686 seconds
Number of updated asset objects reloaded before import = 0Number of asset objects unloaded after import = 0

========================================================================
Received Import Request.
  Time since last request: 0.000020 seconds.
  path: Packages/com.unity.timeline/Editor/treeview/Drawers/Layers/ItemsLayer.cs
  artifactKey: Guid(ef97f39912c138b4cabdccedfb24093b) Importer(2089858483,b0f066a214c2f5e87bad3c948f4d605d)
Start importing Packages/com.unity.timeline/Editor/treeview/Drawers/Layers/ItemsLayer.cs using Guid(ef97f39912c138b4cabdccedfb24093b) Importer(2089858483,b0f066a214c2f5e87bad3c948f4d605d) (ScriptedImporter) -> (artifact id: '0662b22b4774b12e2ef3535628d62dfd') in 0.0034929 seconds
Number of updated asset objects reloaded before import = 0Number of asset objects unloaded after import = 0

========================================================================
Received Import Request.
  Time since last request: 0.000023 seconds.
  path: Packages/com.unity.shadergraph/Editor/Data/Graphs/StickyNoteData.cs
  artifactKey: Guid(0bad33a4425b4be4f9c5d2aa0d6db854) Importer(2089858483,b0f066a214c2f5e87bad3c948f4d605d)
Start importing Packages/com.unity.shadergraph/Editor/Data/Graphs/StickyNoteData.cs using Guid(0bad33a4425b4be4f9c5d2aa0d6db854) Importer(2089858483,b0f066a214c2f5e87bad3c948f4d605d) (ScriptedImporter) -> (artifact id: 'e46a87d5cbb5320d6c966c1d68b56478') in 0.0036921 seconds
Number of updated asset objects reloaded before import = 0Number of asset objects unloaded after import = 0

========================================================================
Received Import Request.
  Time since last request: 0.000017 seconds.
  path: Packages/com.unity.test-framework.performance/Runtime/Data/PerformanceTestResult.cs
  artifactKey: Guid(eee38b155cc303447b8c478d95185d54) Importer(2089858483,b0f066a214c2f5e87bad3c948f4d605d)
Start importing Packages/com.unity.test-framework.performance/Runtime/Data/PerformanceTestResult.cs using Guid(eee38b155cc303447b8c478d95185d54) Importer(2089858483,b0f066a214c2f5e87bad3c948f4d605d) (ScriptedImporter) -> (artifact id: 'a574b10742aba4b11d43c08d52db889c') in 0.0035928 seconds
Number of updated asset objects reloaded before import = 0Number of asset objects unloaded after import = 0

========================================================================
Received Import Request.
  Time since last request: 0.000014 seconds.
  path: Packages/com.unity.shadergraph/Editor/Util/IndexSet.cs
  artifactKey: Guid(41c67c52dd54464fa78d8ab286eb501b) Importer(2089858483,b0f066a214c2f5e87bad3c948f4d605d)
Start importing Packages/com.unity.shadergraph/Editor/Util/IndexSet.cs using Guid(41c67c52dd54464fa78d8ab286eb501b) Importer(2089858483,b0f066a214c2f5e87bad3c948f4d605d) (ScriptedImporter) -> (artifact id: 'f82c02528c0685acca206b7319f12036') in 0.0038914 seconds
Number of updated asset objects reloaded before import = 0Number of asset objects unloaded after import = 0

========================================================================
Received Import Request.
  Time since last request: 0.000016 seconds.
  path: Packages/com.unity.ai.navigation/EditorResources/Overlay/d_NavigationOverlay On@256.png
  artifactKey: Guid(642f7453935154b44afc516c07b1d009) Importer(2089858483,b0f066a214c2f5e87bad3c948f4d605d)
Start importing Packages/com.unity.ai.navigation/EditorResources/Overlay/d_NavigationOverlay On@256.png using Guid(642f7453935154b44afc516c07b1d009) Importer(2089858483,b0f066a214c2f5e87bad3c948f4d605d) (ScriptedImporter) -> (artifact id: '8c5018f7eb7ac6c59835451f14e78322') in 0.0083085 seconds
Number of updated asset objects reloaded before import = 0Number of asset objects unloaded after import = 1

========================================================================
Received Import Request.
  Time since last request: 0.000018 seconds.
  path: Packages/com.unity.shadergraph/Tests/Editor/TestSlot.cs
  artifactKey: Guid(e7e4d50a46ff471096f3c60fb06a364d) Importer(2089858483,b0f066a214c2f5e87bad3c948f4d605d)
Start importing Packages/com.unity.shadergraph/Tests/Editor/TestSlot.cs using Guid(e7e4d50a46ff471096f3c60fb06a364d) Importer(2089858483,b0f066a214c2f5e87bad3c948f4d605d) (ScriptedImporter) -> (artifact id: 'beb8279bbbfb2456925507d161ca55d9') in 0.003296 seconds
Number of updated asset objects reloaded before import = 0Number of asset objects unloaded after import = 0

========================================================================
Received Import Request.
  Time since last request: 0.000018 seconds.
  path: Packages/com.unity.ai.navigation/Editor/ConversionSystem/ConverterItemDescriptor.cs
  artifactKey: Guid(3f72db493d3cd4e03ae748a6cd15534d) Importer(2089858483,b0f066a214c2f5e87bad3c948f4d605d)
Start importing Packages/com.unity.ai.navigation/Editor/ConversionSystem/ConverterItemDescriptor.cs using Guid(3f72db493d3cd4e03ae748a6cd15534d) Importer(2089858483,b0f066a214c2f5e87bad3c948f4d605d) (ScriptedImporter) -> (artifact id: '1fafbe04ce73fc5144ae822583e8684d') in 0.0037612 seconds
Number of updated asset objects reloaded before import = 0Number of asset objects unloaded after import = 0

========================================================================
Received Import Request.
  Time since last request: 0.000020 seconds.
  path: Packages/com.unity.ai.navigation/Editor/ConversionSystem/InitializeConverterContext.cs
  artifactKey: Guid(a5cf3eb6bee954ca5953487784e68715) Importer(2089858483,b0f066a214c2f5e87bad3c948f4d605d)
Start importing Packages/com.unity.ai.navigation/Editor/ConversionSystem/InitializeConverterContext.cs using Guid(a5cf3eb6bee954ca5953487784e68715) Importer(2089858483,b0f066a214c2f5e87bad3c948f4d605d) (ScriptedImporter) -> (artifact id: '84ca417fd773af5a08f9fa8acf297b3d') in 0.0044634 seconds
Number of updated asset objects reloaded before import = 0Number of asset objects unloaded after import = 0

========================================================================
Received Import Request.
  Time since last request: 0.000013 seconds.
  path: Packages/com.unity.shadergraph/Editor/Data/Graphs/Texture2DArrayInputMaterialSlot.cs
  artifactKey: Guid(56d6d3c32403e4aa1af1fc8b307c0133) Importer(2089858483,b0f066a214c2f5e87bad3c948f4d605d)
Start importing Packages/com.unity.shadergraph/Editor/Data/Graphs/Texture2DArrayInputMaterialSlot.cs using Guid(56d6d3c32403e4aa1af1fc8b307c0133) Importer(2089858483,b0f066a214c2f5e87bad3c948f4d605d) (ScriptedImporter) -> (artifact id: 'dbfdaa3e478d3c5dd445691683169214') in 0.0037224 seconds
Number of updated asset objects reloaded before import = 0Number of asset objects unloaded after import = 0

========================================================================
Received Import Request.
  Time since last request: 0.000013 seconds.
  path: Packages/com.unity.shadergraph/GraphTemplates/Subgraphs/HeightMask.shadersubgraph
  artifactKey: Guid(bb515ce764324b444b925949646460fe) Importer(2089858483,b0f066a214c2f5e87bad3c948f4d605d)
Start importing Packages/com.unity.shadergraph/GraphTemplates/Subgraphs/HeightMask.shadersubgraph using Guid(bb515ce764324b444b925949646460fe) Importer(2089858483,b0f066a214c2f5e87bad3c948f4d605d) (ScriptedImporter) -> (artifact id: '6625bd4cbc92aec15709f96c42cf714d') in 0.0058132 seconds
Number of updated asset objects reloaded before import = 0Number of asset objects unloaded after import = 1

========================================================================
Received Import Request.
  Time since last request: 0.000013 seconds.
  path: Packages/com.unity.shadergraph/Editor/Data/Enumerations/Precision.cs
  artifactKey: Guid(b0d282a8ab4ff6742a3ec739e59675ee) Importer(2089858483,b0f066a214c2f5e87bad3c948f4d605d)
Start importing Packages/com.unity.shadergraph/Editor/Data/Enumerations/Precision.cs using Guid(b0d282a8ab4ff6742a3ec739e59675ee) Importer(2089858483,b0f066a214c2f5e87bad3c948f4d605d) (ScriptedImporter) -> (artifact id: '47af3db7aa4edbc49f16eadd608efeac') in 0.003233 seconds
Number of updated asset objects reloaded before import = 0Number of asset objects unloaded after import = 0

========================================================================
Received Import Request.
  Time since last request: 0.000018 seconds.
  path: Packages/com.unity.shadergraph/Editor/Util/Documentation.cs
  artifactKey: Guid(a567520c18010479aaafcdc0b5a358b6) Importer(2089858483,b0f066a214c2f5e87bad3c948f4d605d)
Start importing Packages/com.unity.shadergraph/Editor/Util/Documentation.cs using Guid(a567520c18010479aaafcdc0b5a358b6) Importer(2089858483,b0f066a214c2f5e87bad3c948f4d605d) (ScriptedImporter) -> (artifact id: 'ee0be1154194f2c6968b514c6edfab93') in 0.0039376 seconds
Number of updated asset objects reloaded before import = 0Number of asset objects unloaded after import = 0

========================================================================
Received Import Request.
  Time since last request: 0.000017 seconds.
  path: Packages/com.unity.shadergraph/Editor/Utilities/Unity.ShaderGraph.Utilities.asmdef
  artifactKey: Guid(ade7125e800904674ba0c115208f7ed5) Importer(2089858483,b0f066a214c2f5e87bad3c948f4d605d)
Start importing Packages/com.unity.shadergraph/Editor/Utilities/Unity.ShaderGraph.Utilities.asmdef using Guid(ade7125e800904674ba0c115208f7ed5) Importer(2089858483,b0f066a214c2f5e87bad3c948f4d605d) (ScriptedImporter) -> (artifact id: '57c2cbf6504881c6726a7868210588c0') in 0.0038584 seconds
Number of updated asset objects reloaded before import = 0Number of asset objects unloaded after import = 1

========================================================================
Received Import Request.
  Time since last request: 0.000025 seconds.
  path: Packages/com.unity.shadergraph/Editor/Data/Graphs/MinimalGraphData.cs
  artifactKey: Guid(d42a0735e4fa4df40bb0c0dcdbfeaf5c) Importer(2089858483,b0f066a214c2f5e87bad3c948f4d605d)
Start importing Packages/com.unity.shadergraph/Editor/Data/Graphs/MinimalGraphData.cs using Guid(d42a0735e4fa4df40bb0c0dcdbfeaf5c) Importer(2089858483,b0f066a214c2f5e87bad3c948f4d605d) (ScriptedImporter) -> (artifact id: '959e57c75e1024dd23186c0f162f3ca5') in 0.0042193 seconds
Number of updated asset objects reloaded before import = 0Number of asset objects unloaded after import = 0

========================================================================
Received Import Request.
  Time since last request: 0.000013 seconds.
  path: Packages/com.unity.test-framework.performance/Runtime/Data/Player.cs
  artifactKey: Guid(451a2d412ec85674b870cfe148524e5c) Importer(2089858483,b0f066a214c2f5e87bad3c948f4d605d)
Start importing Packages/com.unity.test-framework.performance/Runtime/Data/Player.cs using Guid(451a2d412ec85674b870cfe148524e5c) Importer(2089858483,b0f066a214c2f5e87bad3c948f4d605d) (ScriptedImporter) -> (artifact id: '6e2a7bb5f41198b8b919b22f05f1aa9c') in 0.0041089 seconds
Number of updated asset objects reloaded before import = 0Number of asset objects unloaded after import = 0

========================================================================
Received Import Request.
  Time since last request: 0.000015 seconds.
  path: Packages/com.unity.shadergraph/Editor/Util/UIUtilities.cs
  artifactKey: Guid(60ebb16e194464bce8a4975da8fd215a) Importer(2089858483,b0f066a214c2f5e87bad3c948f4d605d)
Start importing Packages/com.unity.shadergraph/Editor/Util/UIUtilities.cs using Guid(60ebb16e194464bce8a4975da8fd215a) Importer(2089858483,b0f066a214c2f5e87bad3c948f4d605d) (ScriptedImporter) -> (artifact id: 'ff39caac2dcb4876d11a8ba6002d691e') in 0.0035267 seconds
Number of updated asset objects reloaded before import = 0Number of asset objects unloaded after import = 0

========================================================================
Received Import Request.
  Time since last request: 0.000016 seconds.
  path: Packages/com.unity.shadergraph/Editor/Data/Implementation/NodeUtils.cs
  artifactKey: Guid(b5721d495a5354c4a96da57b12f43adb) Importer(2089858483,b0f066a214c2f5e87bad3c948f4d605d)
Start importing Packages/com.unity.shadergraph/Editor/Data/Implementation/NodeUtils.cs using Guid(b5721d495a5354c4a96da57b12f43adb) Importer(2089858483,b0f066a214c2f5e87bad3c948f4d605d) (ScriptedImporter) -> (artifact id: '81a67814769425b773a4e9a0315315bc') in 0.0039736 seconds
Number of updated asset objects reloaded before import = 0Number of asset objects unloaded after import = 0

========================================================================
Received Import Request.
  Time since last request: 0.000017 seconds.
  path: Packages/com.unity.ai.navigation/Editor/Updater/NavigationUpdaterEditor.cs
  artifactKey: Guid(582e6909cfc304d93b58ee91d453d156) Importer(2089858483,b0f066a214c2f5e87bad3c948f4d605d)
Start importing Packages/com.unity.ai.navigation/Editor/Updater/NavigationUpdaterEditor.cs using Guid(582e6909cfc304d93b58ee91d453d156) Importer(2089858483,b0f066a214c2f5e87bad3c948f4d605d) (ScriptedImporter) -> (artifact id: '1934fca4d9d2377351556321d2ee3f40') in 0.0037522 seconds
Number of updated asset objects reloaded before import = 0Number of asset objects unloaded after import = 0

========================================================================
Received Import Request.
  Time since last request: 0.000017 seconds.
  path: Packages/com.unity.shadergraph/ShaderGraphLibrary/Nature/SpeedTree8InterpolatedNormals.shadersubgraph
  artifactKey: Guid(b04441f4a83ad224d92d547d170c366b) Importer(2089858483,b0f066a214c2f5e87bad3c948f4d605d)
Start importing Packages/com.unity.shadergraph/ShaderGraphLibrary/Nature/SpeedTree8InterpolatedNormals.shadersubgraph using Guid(b04441f4a83ad224d92d547d170c366b) Importer(2089858483,b0f066a214c2f5e87bad3c948f4d605d) (ScriptedImporter) -> (artifact id: 'f4f5ea33234028bec3fea48eec5b0cc7') in 0.005667 seconds
Number of updated asset objects reloaded before import = 0Number of asset objects unloaded after import = 0

========================================================================
Received Import Request.
  Time since last request: 0.000025 seconds.
  path: Packages/com.unity.test-framework.performance/Runtime/Metadata.cs
  artifactKey: Guid(9cbc3126881d4a31b7b5745739712523) Importer(2089858483,b0f066a214c2f5e87bad3c948f4d605d)
Start importing Packages/com.unity.test-framework.performance/Runtime/Metadata.cs using Guid(9cbc3126881d4a31b7b5745739712523) Importer(2089858483,b0f066a214c2f5e87bad3c948f4d605d) (ScriptedImporter) -> (artifact id: '24871985b75e4df0fd3cde9b9ae267a3') in 0.0036205 seconds
Number of updated asset objects reloaded before import = 0Number of asset objects unloaded after import = 0

========================================================================
Received Import Request.
  Time since last request: 0.000016 seconds.
  path: Packages/com.unity.shadergraph/Editor/Serialization/MultiJsonInternal.cs
  artifactKey: Guid(0caa65fda47242128d10c61c4f127a95) Importer(2089858483,b0f066a214c2f5e87bad3c948f4d605d)
Start importing Packages/com.unity.shadergraph/Editor/Serialization/MultiJsonInternal.cs using Guid(0caa65fda47242128d10c61c4f127a95) Importer(2089858483,b0f066a214c2f5e87bad3c948f4d605d) (ScriptedImporter) -> (artifact id: '774ccec6bfb06d607fa19e2f78fd488c') in 0.0032867 seconds
Number of updated asset objects reloaded before import = 0Number of asset objects unloaded after import = 0

========================================================================
Received Import Request.
  Time since last request: 0.000017 seconds.
  path: Packages/com.unity.timeline/Editor/StyleSheets/Images/Shared/TimelineWarning.png
  artifactKey: Guid(1732e542f535d374bbfa7565fc78414e) Importer(2089858483,b0f066a214c2f5e87bad3c948f4d605d)
Start importing Packages/com.unity.timeline/Editor/StyleSheets/Images/Shared/TimelineWarning.png using Guid(1732e542f535d374bbfa7565fc78414e) Importer(2089858483,b0f066a214c2f5e87bad3c948f4d605d) (ScriptedImporter) -> (artifact id: '0baffbbc49474a2abe1adc4040b0d151') in 0.0071766 seconds
Number of updated asset objects reloaded before import = 0Number of asset objects unloaded after import = 1

========================================================================
Received Import Request.
  Time since last request: 0.000015 seconds.
  path: Packages/com.unity.timeline/Editor/StyleSheets/Images/Icons/TrackMuteButtonEnabled.png
  artifactKey: Guid(81e8b4a4bcbf7a14898e2658fd827642) Importer(2089858483,b0f066a214c2f5e87bad3c948f4d605d)
Start importing Packages/com.unity.timeline/Editor/StyleSheets/Images/Icons/TrackMuteButtonEnabled.png using Guid(81e8b4a4bcbf7a14898e2658fd827642) Importer(2089858483,b0f066a214c2f5e87bad3c948f4d605d) (ScriptedImporter) -> (artifact id: '1352c0549f54292c4af87c7b673a41cf') in 0.0077424 seconds
Number of updated asset objects reloaded before import = 0Number of asset objects unloaded after import = 1

========================================================================
Received Import Request.
  Time since last request: 0.000015 seconds.
  path: Packages/com.unity.shadergraph/Editor/Data/Implementation/HasDependenciesAttribute.cs
  artifactKey: Guid(f1daf78dc4be7634f9d1b8a5115e8730) Importer(2089858483,b0f066a214c2f5e87bad3c948f4d605d)
Start importing Packages/com.unity.shadergraph/Editor/Data/Implementation/HasDependenciesAttribute.cs using Guid(f1daf78dc4be7634f9d1b8a5115e8730) Importer(2089858483,b0f066a214c2f5e87bad3c948f4d605d) (ScriptedImporter) -> (artifact id: 'de95b340790ddc44fb645e43cab65d90') in 0.0040141 seconds
Number of updated asset objects reloaded before import = 0Number of asset objects unloaded after import = 0

========================================================================
Received Import Request.
  Time since last request: 0.000017 seconds.
  path: Packages/com.unity.shadergraph/Editor/Data/Implementation/SlotType.cs
  artifactKey: Guid(c465ac18d51260d41999717f8c47770f) Importer(2089858483,b0f066a214c2f5e87bad3c948f4d605d)
Start importing Packages/com.unity.shadergraph/Editor/Data/Implementation/SlotType.cs using Guid(c465ac18d51260d41999717f8c47770f) Importer(2089858483,b0f066a214c2f5e87bad3c948f4d605d) (ScriptedImporter) -> (artifact id: '1c9182aa754843d28e2d3dd5829e7eb8') in 0.0035485 seconds
Number of updated asset objects reloaded before import = 0Number of asset objects unloaded after import = 0

========================================================================
Received Import Request.
  Time since last request: 0.000025 seconds.
  path: Packages/com.unity.shadergraph/Editor/Data/Graphs/VectorShaderProperty.cs
  artifactKey: Guid(4f83ebb04c5c4df184601ef18aa7d89d) Importer(2089858483,b0f066a214c2f5e87bad3c948f4d605d)
Start importing Packages/com.unity.shadergraph/Editor/Data/Graphs/VectorShaderProperty.cs using Guid(4f83ebb04c5c4df184601ef18aa7d89d) Importer(2089858483,b0f066a214c2f5e87bad3c948f4d605d) (ScriptedImporter) -> (artifact id: '8a98221a28c9cfd8c945ec057a151268') in 0.0037707 seconds
Number of updated asset objects reloaded before import = 0Number of asset objects unloaded after import = 0

========================================================================
Received Import Request.
  Time since last request: 0.000015 seconds.
  path: Packages/com.unity.ai.navigation/EditorResources/Overlay/d_NavigationOverlay On@32.png
  artifactKey: Guid(b8a654e77ffbbcd4abdda7fdb70fbb9e) Importer(2089858483,b0f066a214c2f5e87bad3c948f4d605d)
Start importing Packages/com.unity.ai.navigation/EditorResources/Overlay/d_NavigationOverlay On@32.png using Guid(b8a654e77ffbbcd4abdda7fdb70fbb9e) Importer(2089858483,b0f066a214c2f5e87bad3c948f4d605d) (ScriptedImporter) -> (artifact id: '56f2dddb182b2c703c0f888349fc5f08') in 0.0066392 seconds
Number of updated asset objects reloaded before import = 0Number of asset objects unloaded after import = 1

========================================================================
Received Import Request.
  Time since last request: 0.000018 seconds.
  path: Packages/com.unity.timeline/Editor/StyleSheets/Images/LightSkin/TimelinePingPong.png
  artifactKey: Guid(88d697f38121de443ba144702e5122d9) Importer(2089858483,b0f066a214c2f5e87bad3c948f4d605d)
Start importing Packages/com.unity.timeline/Editor/StyleSheets/Images/LightSkin/TimelinePingPong.png using Guid(88d697f38121de443ba144702e5122d9) Importer(2089858483,b0f066a214c2f5e87bad3c948f4d605d) (ScriptedImporter) -> (artifact id: 'b1aedfc7472a6b1de8efe29212a936b0') in 0.0072765 seconds
Number of updated asset objects reloaded before import = 0Number of asset objects unloaded after import = 1

========================================================================
Received Import Request.
  Time since last request: 0.000015 seconds.
  path: Packages/com.unity.test-framework.performance/Runtime/Data/RunSettings.cs
  artifactKey: Guid(60f3b660212a40e7afb5bf15edcd64f2) Importer(2089858483,b0f066a214c2f5e87bad3c948f4d605d)
Start importing Packages/com.unity.test-framework.performance/Runtime/Data/RunSettings.cs using Guid(60f3b660212a40e7afb5bf15edcd64f2) Importer(2089858483,b0f066a214c2f5e87bad3c948f4d605d) (ScriptedImporter) -> (artifact id: '88336b5109962d4f3e9244eb1ed08b3b') in 0.003456 seconds
Number of updated asset objects reloaded before import = 0Number of asset objects unloaded after import = 0

========================================================================
Received Import Request.
  Time since last request: 0.000017 seconds.
  path: Packages/com.unity.ai.navigation/README.md
  artifactKey: Guid(6fc2b2cf518e540319637f5c5c573d3a) Importer(2089858483,b0f066a214c2f5e87bad3c948f4d605d)
Start importing Packages/com.unity.ai.navigation/README.md using Guid(6fc2b2cf518e540319637f5c5c573d3a) Importer(2089858483,b0f066a214c2f5e87bad3c948f4d605d) (ScriptedImporter) -> (artifact id: 'f1e7a1827cce9dfebcc40a7025214322') in 0.0034662 seconds
Number of updated asset objects reloaded before import = 0Number of asset objects unloaded after import = 1

========================================================================
Received Import Request.
  Time since last request: 0.000018 seconds.
  path: Packages/com.unity.shadergraph/Editor/Data/Graphs/VirtualTextureInputMaterialSlot.cs
  artifactKey: Guid(082e978a9662664438ab8eefff588598) Importer(2089858483,b0f066a214c2f5e87bad3c948f4d605d)
Start importing Packages/com.unity.shadergraph/Editor/Data/Graphs/VirtualTextureInputMaterialSlot.cs using Guid(082e978a9662664438ab8eefff588598) Importer(2089858483,b0f066a214c2f5e87bad3c948f4d605d) (ScriptedImporter) -> (artifact id: 'a1aeadec3277d926321941c919fae6bc') in 0.0033632 seconds
Number of updated asset objects reloaded before import = 0Number of asset objects unloaded after import = 0

========================================================================
Received Import Request.
  Time since last request: 0.000023 seconds.
  path: Packages/com.unity.timeline/Editor/StyleSheets/Images/LightSkin/TimelinePlayRange.png
  artifactKey: Guid(70e3f118652b9094885689730ad3a47b) Importer(2089858483,b0f066a214c2f5e87bad3c948f4d605d)
Start importing Packages/com.unity.timeline/Editor/StyleSheets/Images/LightSkin/TimelinePlayRange.png using Guid(70e3f118652b9094885689730ad3a47b) Importer(2089858483,b0f066a214c2f5e87bad3c948f4d605d) (ScriptedImporter) -> (artifact id: '130e27e3553cd1e548313d4395e004d2') in 0.0071955 seconds
Number of updated asset objects reloaded before import = 0Number of asset objects unloaded after import = 1

========================================================================
Received Import Request.
  Time since last request: 0.000014 seconds.
  path: Packages/com.unity.shadergraph/GraphTemplates/Subgraphs/Sample Flipbook.shadersubgraph
  artifactKey: Guid(658423db13944174c95e6a25bde1eb66) Importer(2089858483,b0f066a214c2f5e87bad3c948f4d605d)
Start importing Packages/com.unity.shadergraph/GraphTemplates/Subgraphs/Sample Flipbook.shadersubgraph using Guid(658423db13944174c95e6a25bde1eb66) Importer(2089858483,b0f066a214c2f5e87bad3c948f4d605d) (ScriptedImporter) -> (artifact id: 'fd2f387026a22b11aca840c948a6d305') in 0.0060376 seconds
Number of updated asset objects reloaded before import = 0Number of asset objects unloaded after import = 1

========================================================================
Received Import Request.
  Time since last request: 0.000014 seconds.
  path: Packages/com.unity.timeline/Editor/StyleSheets/Images/Shared/TimelineOutline.png
  artifactKey: Guid(829511f8e35bf3a40be037a1050f801c) Importer(2089858483,b0f066a214c2f5e87bad3c948f4d605d)
Start importing Packages/com.unity.timeline/Editor/StyleSheets/Images/Shared/TimelineOutline.png using Guid(829511f8e35bf3a40be037a1050f801c) Importer(2089858483,b0f066a214c2f5e87bad3c948f4d605d) (ScriptedImporter) -> (artifact id: '861155350702f256a6962fd6ab297761') in 0.0064992 seconds
Number of updated asset objects reloaded before import = 0Number of asset objects unloaded after import = 1

========================================================================
Received Import Request.
  Time since last request: 1.567935 seconds.
  path: Packages/com.unity.shadergraph/Editor/Data/Legacy/SerializableGuid.cs
  artifactKey: Guid(24f07b05b5f6f4c2c8dffd53c3d22cb7) Importer(2089858483,b0f066a214c2f5e87bad3c948f4d605d)
Start importing Packages/com.unity.shadergraph/Editor/Data/Legacy/SerializableGuid.cs using Guid(24f07b05b5f6f4c2c8dffd53c3d22cb7) Importer(2089858483,b0f066a214c2f5e87bad3c948f4d605d) (ScriptedImporter) -> (artifact id: '1030bb175cd05838b9b89f09f1512e8e') in 0.0040491 seconds
Number of updated asset objects reloaded before import = 0Number of asset objects unloaded after import = 0

========================================================================
Received Import Request.
  Time since last request: 0.000015 seconds.
  path: Packages/com.unity.shadergraph/GraphTemplates/Subgraphs/Terrain/Pack Material.shadersubgraph
  artifactKey: Guid(3039d6867ed141b44b3463a76cabd45c) Importer(2089858483,b0f066a214c2f5e87bad3c948f4d605d)
Start importing Packages/com.unity.shadergraph/GraphTemplates/Subgraphs/Terrain/Pack Material.shadersubgraph using Guid(3039d6867ed141b44b3463a76cabd45c) Importer(2089858483,b0f066a214c2f5e87bad3c948f4d605d) (ScriptedImporter) -> (artifact id: 'fba3c7484aead72d8cb005d099c75c20') in 0.0072046 seconds
Number of updated asset objects reloaded before import = 0Number of asset objects unloaded after import = 1

========================================================================
Received Import Request.
  Time since last request: 0.000015 seconds.
  path: Packages/com.unity.shadergraph/Editor/Data/Nodes/Math/Matrix/MatrixSplitNode.cs
  artifactKey: Guid(03599e40507c24caba0dd9b596f3b5dc) Importer(2089858483,b0f066a214c2f5e87bad3c948f4d605d)
Start importing Packages/com.unity.shadergraph/Editor/Data/Nodes/Math/Matrix/MatrixSplitNode.cs using Guid(03599e40507c24caba0dd9b596f3b5dc) Importer(2089858483,b0f066a214c2f5e87bad3c948f4d605d) (ScriptedImporter) -> (artifact id: '90c3c99a0c7c3dc47dfeb2b5a490decb') in 0.0044643 seconds
Number of updated asset objects reloaded before import = 0Number of asset objects unloaded after import = 0

========================================================================
Received Import Request.
  Time since last request: 0.000015 seconds.
  path: Packages/com.unity.shadergraph/Editor/Data/Nodes/Artistic/Mask/ColorMaskNode.cs
  artifactKey: Guid(19255c24842f72c4c94c21b682a3e170) Importer(2089858483,b0f066a214c2f5e87bad3c948f4d605d)
Start importing Packages/com.unity.shadergraph/Editor/Data/Nodes/Artistic/Mask/ColorMaskNode.cs using Guid(19255c24842f72c4c94c21b682a3e170) Importer(2089858483,b0f066a214c2f5e87bad3c948f4d605d) (ScriptedImporter) -> (artifact id: '2ad03e5b4a6629e336a63a719657bee8') in 0.0055558 seconds
Number of updated asset objects reloaded before import = 0Number of asset objects unloaded after import = 0

========================================================================
Received Import Request.
  Time since last request: 0.000022 seconds.
  path: Packages/com.unity.shadergraph/Editor/Data/Nodes/Math/Range/RandomRangeNode.cs
  artifactKey: Guid(5e7048f6323341547955eab30f96151f) Importer(2089858483,b0f066a214c2f5e87bad3c948f4d605d)
Start importing Packages/com.unity.shadergraph/Editor/Data/Nodes/Math/Range/RandomRangeNode.cs using Guid(5e7048f6323341547955eab30f96151f) Importer(2089858483,b0f066a214c2f5e87bad3c948f4d605d) (ScriptedImporter) -> (artifact id: 'e8bd41cf17cd5075d6b506062189499c') in 0.0043199 seconds
Number of updated asset objects reloaded before import = 0Number of asset objects unloaded after import = 0

========================================================================
Received Import Request.
  Time since last request: 0.000013 seconds.
  path: Packages/com.unity.ide.rider/Rider/Editor/RiderScriptEditorData.cs
  artifactKey: Guid(f079e3afd077fb94fa2bda74d6409499) Importer(2089858483,b0f066a214c2f5e87bad3c948f4d605d)
Start importing Packages/com.unity.ide.rider/Rider/Editor/RiderScriptEditorData.cs using Guid(f079e3afd077fb94fa2bda74d6409499) Importer(2089858483,b0f066a214c2f5e87bad3c948f4d605d) (ScriptedImporter) -> (artifact id: '4e5141571d6a67f85d449eb15e4117da') in 0.0047516 seconds
Number of updated asset objects reloaded before import = 0Number of asset objects unloaded after import = 0

========================================================================
Received Import Request.
  Time since last request: 0.000013 seconds.
  path: Packages/com.unity.shadergraph/Editor/Data/Util/ShaderGraphRequirementsPerKeyword.cs
  artifactKey: Guid(7d59a0bb237356a4f8f2284efb092c15) Importer(2089858483,b0f066a214c2f5e87bad3c948f4d605d)
Start importing Packages/com.unity.shadergraph/Editor/Data/Util/ShaderGraphRequirementsPerKeyword.cs using Guid(7d59a0bb237356a4f8f2284efb092c15) Importer(2089858483,b0f066a214c2f5e87bad3c948f4d605d) (ScriptedImporter) -> (artifact id: '27e3f0c10a20bbb7723fe9d44b3d7507') in 0.0042666 seconds
Number of updated asset objects reloaded before import = 0Number of asset objects unloaded after import = 0

========================================================================
Received Import Request.
  Time since last request: 0.000013 seconds.
  path: Packages/com.unity.shadergraph/Editor/Data/Nodes/Input/Basic/Vector2Node.cs
  artifactKey: Guid(8361d1f9d12a489438c0b1e2e48c8542) Importer(2089858483,b0f066a214c2f5e87bad3c948f4d605d)
Start importing Packages/com.unity.shadergraph/Editor/Data/Nodes/Input/Basic/Vector2Node.cs using Guid(8361d1f9d12a489438c0b1e2e48c8542) Importer(2089858483,b0f066a214c2f5e87bad3c948f4d605d) (ScriptedImporter) -> (artifact id: '63f72b7ce18e2c66af361f059289beec') in 0.0045793 seconds
Number of updated asset objects reloaded before import = 0Number of asset objects unloaded after import = 0

========================================================================
Received Import Request.
  Time since last request: 0.000013 seconds.
  path: Packages/com.unity.shadergraph/Editor/Generation/Targets/CustomRenderTexture/CustomTexture.hlsl
  artifactKey: Guid(8f43a880cf1819049aa196a7696ee562) Importer(2089858483,b0f066a214c2f5e87bad3c948f4d605d)
Start importing Packages/com.unity.shadergraph/Editor/Generation/Targets/CustomRenderTexture/CustomTexture.hlsl using Guid(8f43a880cf1819049aa196a7696ee562) Importer(2089858483,b0f066a214c2f5e87bad3c948f4d605d) (ScriptedImporter) -> (artifact id: '5652ccb78e663df12ad51468a50b7c74') in 0.0038957 seconds
Number of updated asset objects reloaded before import = 0Number of asset objects unloaded after import = 1

========================================================================
Received Import Request.
  Time since last request: 0.000015 seconds.
  path: Packages/com.unity.shadergraph/Editor/Drawing/Blackboard/SGBlackboardCategory.cs
  artifactKey: Guid(5e118fcc48ee4d78b7ea01a1d8011b1b) Importer(2089858483,b0f066a214c2f5e87bad3c948f4d605d)
Start importing Packages/com.unity.shadergraph/Editor/Drawing/Blackboard/SGBlackboardCategory.cs using Guid(5e118fcc48ee4d78b7ea01a1d8011b1b) Importer(2089858483,b0f066a214c2f5e87bad3c948f4d605d) (ScriptedImporter) -> (artifact id: '14594f64d3c527e7907c54635bc78552') in 0.004533 seconds
Number of updated asset objects reloaded before import = 0Number of asset objects unloaded after import = 0

========================================================================
Received Import Request.
  Time since last request: 0.000023 seconds.
  path: Packages/com.unity.shadergraph/Editor/Resources/Styles/HeatmapValuesEditor.uss
  artifactKey: Guid(54f2b0dd16c64e699842f28e948cc04b) Importer(2089858483,b0f066a214c2f5e87bad3c948f4d605d)
Start importing Packages/com.unity.shadergraph/Editor/Resources/Styles/HeatmapValuesEditor.uss using Guid(54f2b0dd16c64e699842f28e948cc04b) Importer(2089858483,b0f066a214c2f5e87bad3c948f4d605d) (ScriptedImporter) -> (artifact id: '69824d93a9dab27a5d91842767341f67') in 0.0050761 seconds
Number of updated asset objects reloaded before import = 0Number of asset objects unloaded after import = 1

========================================================================
Received Import Request.
  Time since last request: 0.000014 seconds.
  path: Packages/com.unity.shadergraph/Editor/Generation/Targets/CustomRenderTexture/CreateCustomRenderTextureShaderGraph.cs
  artifactKey: Guid(592fd794cdd703e4ca365fbf30d4ca8b) Importer(2089858483,b0f066a214c2f5e87bad3c948f4d605d)
Start importing Packages/com.unity.shadergraph/Editor/Generation/Targets/CustomRenderTexture/CreateCustomRenderTextureShaderGraph.cs using Guid(592fd794cdd703e4ca365fbf30d4ca8b) Importer(2089858483,b0f066a214c2f5e87bad3c948f4d605d) (ScriptedImporter) -> (artifact id: '429e4ca0f41425355bf2c1958ceae097') in 0.0043826 seconds
Number of updated asset objects reloaded before import = 0Number of asset objects unloaded after import = 0

========================================================================
Received Import Request.
  Time since last request: 0.000014 seconds.
  path: Packages/com.unity.shadergraph/Editor/Data/Nodes/Input/Geometry/NormalVectorNode.cs
  artifactKey: Guid(5b34601661908b3499c4c5e2ecd61f75) Importer(2089858483,b0f066a214c2f5e87bad3c948f4d605d)
Start importing Packages/com.unity.shadergraph/Editor/Data/Nodes/Input/Geometry/NormalVectorNode.cs using Guid(5b34601661908b3499c4c5e2ecd61f75) Importer(2089858483,b0f066a214c2f5e87bad3c948f4d605d) (ScriptedImporter) -> (artifact id: 'fbb74a6709b895fe6caa54f78ae0ef3f') in 0.004673 seconds
Number of updated asset objects reloaded before import = 0Number of asset objects unloaded after import = 0

========================================================================
Received Import Request.
  Time since last request: 0.000013 seconds.
  path: Packages/com.unity.shadergraph/Editor/Resources/Styles/Controls/ChannelEnumControlView.uss
  artifactKey: Guid(8dfac6eef2d89e8428c7a79b147413db) Importer(2089858483,b0f066a214c2f5e87bad3c948f4d605d)
Start importing Packages/com.unity.shadergraph/Editor/Resources/Styles/Controls/ChannelEnumControlView.uss using Guid(8dfac6eef2d89e8428c7a79b147413db) Importer(2089858483,b0f066a214c2f5e87bad3c948f4d605d) (ScriptedImporter) -> (artifact id: '5843a9a7eb8e92470567bd4dbf3938b8') in 0.0046037 seconds
Number of updated asset objects reloaded before import = 0Number of asset objects unloaded after import = 1

========================================================================
Received Import Request.
  Time since last request: 0.000014 seconds.
  path: Packages/com.unity.shadergraph/Editor/Data/Nodes/Math/Advanced/ReciprocalSquareRootNode.cs
  artifactKey: Guid(d67c532974f20f74ca83c79573c45a61) Importer(2089858483,b0f066a214c2f5e87bad3c948f4d605d)
Start importing Packages/com.unity.shadergraph/Editor/Data/Nodes/Math/Advanced/ReciprocalSquareRootNode.cs using Guid(d67c532974f20f74ca83c79573c45a61) Importer(2089858483,b0f066a214c2f5e87bad3c948f4d605d) (ScriptedImporter) -> (artifact id: '407573b0cc5831f247dca7136d84abc2') in 0.0056798 seconds
Number of updated asset objects reloaded before import = 0Number of asset objects unloaded after import = 0

========================================================================
Received Import Request.
  Time since last request: 0.000017 seconds.
  path: Packages/com.unity.shadergraph/Editor/Resources/Styles/Controls/ToggleControlView.uss
  artifactKey: Guid(8a80fd0ae214be84187160e65df52a8c) Importer(2089858483,b0f066a214c2f5e87bad3c948f4d605d)
Start importing Packages/com.unity.shadergraph/Editor/Resources/Styles/Controls/ToggleControlView.uss using Guid(8a80fd0ae214be84187160e65df52a8c) Importer(2089858483,b0f066a214c2f5e87bad3c948f4d605d) (ScriptedImporter) -> (artifact id: '10441001e5dee32fd3d38ecec7720957') in 0.0047812 seconds
Number of updated asset objects reloaded before import = 0Number of asset objects unloaded after import = 1

========================================================================
Received Import Request.
  Time since last request: 0.000020 seconds.
  path: Packages/com.unity.shadergraph/Editor/Data/Util/SerializationHelper.cs
  artifactKey: Guid(f6657676e9fd9cd4bbcb26b0771df3ac) Importer(2089858483,b0f066a214c2f5e87bad3c948f4d605d)
Start importing Packages/com.unity.shadergraph/Editor/Data/Util/SerializationHelper.cs using Guid(f6657676e9fd9cd4bbcb26b0771df3ac) Importer(2089858483,b0f066a214c2f5e87bad3c948f4d605d) (ScriptedImporter) -> (artifact id: 'a77075e3a647e0652ef2a2853518f422') in 0.0034626 seconds
Number of updated asset objects reloaded before import = 0Number of asset objects unloaded after import = 0

========================================================================
Received Import Request.
  Time since last request: 0.000013 seconds.
  path: Packages/com.unity.shadergraph/Editor/Drawing/ViewModels/BlackboardViewModel.cs
  artifactKey: Guid(f879ff3347f445a2bbadebebbc166b8e) Importer(2089858483,b0f066a214c2f5e87bad3c948f4d605d)
Start importing Packages/com.unity.shadergraph/Editor/Drawing/ViewModels/BlackboardViewModel.cs using Guid(f879ff3347f445a2bbadebebbc166b8e) Importer(2089858483,b0f066a214c2f5e87bad3c948f4d605d) (ScriptedImporter) -> (artifact id: '626505817f6cf28d8362816f504ceb61') in 0.0038683 seconds
Number of updated asset objects reloaded before import = 0Number of asset objects unloaded after import = 0

========================================================================
Received Import Request.
  Time since last request: 0.000013 seconds.
  path: Packages/com.unity.shadergraph/Editor/Data/Nodes/Input/Basic/ColorNode.cs
  artifactKey: Guid(325c0e24c20746345a5f90dc201973f8) Importer(2089858483,b0f066a214c2f5e87bad3c948f4d605d)
Start importing Packages/com.unity.shadergraph/Editor/Data/Nodes/Input/Basic/ColorNode.cs using Guid(325c0e24c20746345a5f90dc201973f8) Importer(2089858483,b0f066a214c2f5e87bad3c948f4d605d) (ScriptedImporter) -> (artifact id: '5413f9fc39481909be8533bb20958be7') in 0.0040244 seconds
Number of updated asset objects reloaded before import = 0Number of asset objects unloaded after import = 0

========================================================================
Received Import Request.
  Time since last request: 0.000014 seconds.
  path: Packages/com.unity.ide.rider/Rider/Editor/UnitTesting/SyncTestRunEventsHandler.cs
  artifactKey: Guid(48483563a64de3a4e8690122762055f1) Importer(2089858483,b0f066a214c2f5e87bad3c948f4d605d)
Start importing Packages/com.unity.ide.rider/Rider/Editor/UnitTesting/SyncTestRunEventsHandler.cs using Guid(48483563a64de3a4e8690122762055f1) Importer(2089858483,b0f066a214c2f5e87bad3c948f4d605d) (ScriptedImporter) -> (artifact id: 'bdf9db5b38086df03b25828368d94bad') in 0.0042676 seconds
Number of updated asset objects reloaded before import = 0Number of asset objects unloaded after import = 0

========================================================================
Received Import Request.
  Time since last request: 0.000013 seconds.
  path: Packages/com.unity.ide.rider/Rider/Editor/Util/LibcNativeInterop.cs
  artifactKey: Guid(071c17858dc6c47ada7b2a1f1ded5402) Importer(2089858483,b0f066a214c2f5e87bad3c948f4d605d)
Start importing Packages/com.unity.ide.rider/Rider/Editor/Util/LibcNativeInterop.cs using Guid(071c17858dc6c47ada7b2a1f1ded5402) Importer(2089858483,b0f066a214c2f5e87bad3c948f4d605d) (ScriptedImporter) -> (artifact id: '50aad193bbb6faf2fe547a87766c7d6c') in 0.0040275 seconds
Number of updated asset objects reloaded before import = 0Number of asset objects unloaded after import = 0

========================================================================
Received Import Request.
  Time since last request: 0.000016 seconds.
  path: Packages/com.unity.shadergraph/Editor/Generation/Targets/BuiltIn/Editor/ShaderGraph/BuiltInFields.cs
  artifactKey: Guid(c416272edf15143c4a421402c821ee45) Importer(2089858483,b0f066a214c2f5e87bad3c948f4d605d)
Start importing Packages/com.unity.shadergraph/Editor/Generation/Targets/BuiltIn/Editor/ShaderGraph/BuiltInFields.cs using Guid(c416272edf15143c4a421402c821ee45) Importer(2089858483,b0f066a214c2f5e87bad3c948f4d605d) (ScriptedImporter) -> (artifact id: '5abd87b4da9bd11fab878d1dd63dc799') in 0.0041201 seconds
Number of updated asset objects reloaded before import = 0Number of asset objects unloaded after import = 0

========================================================================
Received Import Request.
  Time since last request: 0.000022 seconds.
  path: Packages/com.unity.shadergraph/Editor/Drawing/Controls/ColorControl.cs
  artifactKey: Guid(34e77444559b414f9fe81f9775229abf) Importer(2089858483,b0f066a214c2f5e87bad3c948f4d605d)
Start importing Packages/com.unity.shadergraph/Editor/Drawing/Controls/ColorControl.cs using Guid(34e77444559b414f9fe81f9775229abf) Importer(2089858483,b0f066a214c2f5e87bad3c948f4d605d) (ScriptedImporter) -> (artifact id: 'f36013b27b5dca076e493f639c100f35') in 0.0044364 seconds
Number of updated asset objects reloaded before import = 0Number of asset objects unloaded after import = 0

========================================================================
Received Import Request.
  Time since last request: 0.000013 seconds.
  path: Packages/com.unity.shadergraph/Editor/Data/Util/GraphUtil.cs
  artifactKey: Guid(130a64d32c054c5fb51b1e5e13f93fc2) Importer(2089858483,b0f066a214c2f5e87bad3c948f4d605d)
Start importing Packages/com.unity.shadergraph/Editor/Data/Util/GraphUtil.cs using Guid(130a64d32c054c5fb51b1e5e13f93fc2) Importer(2089858483,b0f066a214c2f5e87bad3c948f4d605d) (ScriptedImporter) -> (artifact id: 'fd093dd16842ab24c89c194128782115') in 0.0036058 seconds
Number of updated asset objects reloaded before import = 0Number of asset objects unloaded after import = 0

========================================================================
Received Import Request.
  Time since last request: 0.000015 seconds.
  path: Packages/com.unity.shadergraph/Editor/Generation/Enumerations/IncludeLocation.cs
  artifactKey: Guid(7e093d7ce84934ae4b8f634c4a13b244) Importer(2089858483,b0f066a214c2f5e87bad3c948f4d605d)
Start importing Packages/com.unity.shadergraph/Editor/Generation/Enumerations/IncludeLocation.cs using Guid(7e093d7ce84934ae4b8f634c4a13b244) Importer(2089858483,b0f066a214c2f5e87bad3c948f4d605d) (ScriptedImporter) -> (artifact id: '280d8eb4056e67cb9aec656cd5e590b1') in 0.0038045 seconds
Number of updated asset objects reloaded before import = 0Number of asset objects unloaded after import = 0

========================================================================
Received Import Request.
  Time since last request: 0.000014 seconds.
  path: Packages/com.unity.shadergraph/Editor/Resources/GraphView/Nodes/PreviewExpand.png
  artifactKey: Guid(8df757582ef08984bb6c3510e3a9fd1e) Importer(2089858483,b0f066a214c2f5e87bad3c948f4d605d)
Start importing Packages/com.unity.shadergraph/Editor/Resources/GraphView/Nodes/PreviewExpand.png using Guid(8df757582ef08984bb6c3510e3a9fd1e) Importer(2089858483,b0f066a214c2f5e87bad3c948f4d605d) (ScriptedImporter) -> (artifact id: 'c8e1599992bc281698d883723efba77b') in 0.0075547 seconds
Number of updated asset objects reloaded before import = 0Number of asset objects unloaded after import = 1

========================================================================
Received Import Request.
  Time since last request: 0.000013 seconds.
  path: Packages/com.unity.shadergraph/Editor/Data/Nodes/Math/Advanced/ExponentialNode.cs
  artifactKey: Guid(2caea2ece6d6b4cbebf8bd122b11258a) Importer(2089858483,b0f066a214c2f5e87bad3c948f4d605d)
Start importing Packages/com.unity.shadergraph/Editor/Data/Nodes/Math/Advanced/ExponentialNode.cs using Guid(2caea2ece6d6b4cbebf8bd122b11258a) Importer(2089858483,b0f066a214c2f5e87bad3c948f4d605d) (ScriptedImporter) -> (artifact id: 'b0f2f0d093ab673293b6701b7562630d') in 0.0048268 seconds
Number of updated asset objects reloaded before import = 0Number of asset objects unloaded after import = 0

========================================================================
Received Import Request.
  Time since last request: 0.000017 seconds.
  path: Packages/com.unity.shadergraph/Editor/Drawing/Controllers/SGController.cs
  artifactKey: Guid(1dae36c782bd4d8babb267707f7596f3) Importer(2089858483,b0f066a214c2f5e87bad3c948f4d605d)
Start importing Packages/com.unity.shadergraph/Editor/Drawing/Controllers/SGController.cs using Guid(1dae36c782bd4d8babb267707f7596f3) Importer(2089858483,b0f066a214c2f5e87bad3c948f4d605d) (ScriptedImporter) -> (artifact id: '1bfdba9aecd5926c82f67ea10fc9e545') in 0.004403 seconds
Number of updated asset objects reloaded before import = 0Number of asset objects unloaded after import = 0

========================================================================
Received Import Request.
  Time since last request: 0.000021 seconds.
  path: Packages/com.unity.shadergraph/Editor/Generation/Targets/Fullscreen/FullscreenData.cs
  artifactKey: Guid(72e6c41bd91e94645bd050543cb17d62) Importer(2089858483,b0f066a214c2f5e87bad3c948f4d605d)
Start importing Packages/com.unity.shadergraph/Editor/Generation/Targets/Fullscreen/FullscreenData.cs using Guid(72e6c41bd91e94645bd050543cb17d62) Importer(2089858483,b0f066a214c2f5e87bad3c948f4d605d) (ScriptedImporter) -> (artifact id: '7b0b6dc769d60c3aebd75df80fa4cbb0') in 0.0035168 seconds
Number of updated asset objects reloaded before import = 0Number of asset objects unloaded after import = 0

========================================================================
Received Import Request.
  Time since last request: 0.000013 seconds.
  path: Packages/com.unity.shadergraph/Editor/Drawing/Interfaces/IRectInterface.cs
  artifactKey: Guid(a7268d6a70314cc41bc1a502cd86b4f9) Importer(2089858483,b0f066a214c2f5e87bad3c948f4d605d)
Start importing Packages/com.unity.shadergraph/Editor/Drawing/Interfaces/IRectInterface.cs using Guid(a7268d6a70314cc41bc1a502cd86b4f9) Importer(2089858483,b0f066a214c2f5e87bad3c948f4d605d) (ScriptedImporter) -> (artifact id: 'da265365000a28ae30518e5dbb187d03') in 0.0035518 seconds
Number of updated asset objects reloaded before import = 0Number of asset objects unloaded after import = 0

========================================================================
Received Import Request.
  Time since last request: 0.000015 seconds.
  path: Packages/com.unity.shadergraph/Editor/Generation/Enumerations/KeywordShaderStage.cs
  artifactKey: Guid(eebb07dc513b2c443817955c36dbcf1b) Importer(2089858483,b0f066a214c2f5e87bad3c948f4d605d)
Start importing Packages/com.unity.shadergraph/Editor/Generation/Enumerations/KeywordShaderStage.cs using Guid(eebb07dc513b2c443817955c36dbcf1b) Importer(2089858483,b0f066a214c2f5e87bad3c948f4d605d) (ScriptedImporter) -> (artifact id: '8406e531664fc592fd481eeb9c63b85e') in 0.0037677 seconds
Number of updated asset objects reloaded before import = 0Number of asset objects unloaded after import = 0

========================================================================
Received Import Request.
  Time since last request: 0.000013 seconds.
  path: Packages/com.unity.shadergraph/Editor/Resources/GraphView/Nodes/NodeChevronUp.png
  artifactKey: Guid(59e85404e1156534e84e3f06ad9d3bff) Importer(2089858483,b0f066a214c2f5e87bad3c948f4d605d)
Start importing Packages/com.unity.shadergraph/Editor/Resources/GraphView/Nodes/NodeChevronUp.png using Guid(59e85404e1156534e84e3f06ad9d3bff) Importer(2089858483,b0f066a214c2f5e87bad3c948f4d605d) (ScriptedImporter) -> (artifact id: '986b3daddf9a50d1be55d20de340b8fb') in 0.00799 seconds
Number of updated asset objects reloaded before import = 0Number of asset objects unloaded after import = 1

========================================================================
Received Import Request.
  Time since last request: 0.000013 seconds.
  path: Packages/com.unity.shadergraph/Editor/Drawing/Controls/ChannelEnumMaskControl.cs
  artifactKey: Guid(c32d860c6f767f14fa889dffac527bc5) Importer(2089858483,b0f066a214c2f5e87bad3c948f4d605d)
Start importing Packages/com.unity.shadergraph/Editor/Drawing/Controls/ChannelEnumMaskControl.cs using Guid(c32d860c6f767f14fa889dffac527bc5) Importer(2089858483,b0f066a214c2f5e87bad3c948f4d605d) (ScriptedImporter) -> (artifact id: 'd8a0f4721b15c78259115702edf0c16a') in 0.0045002 seconds
Number of updated asset objects reloaded before import = 0Number of asset objects unloaded after import = 0

========================================================================
Received Import Request.
  Time since last request: 0.000018 seconds.
  path: Packages/com.unity.shadergraph/Editor/Data/Util/TextUtil.cs
  artifactKey: Guid(c5dad4902719d054ba79ba0b3108591a) Importer(2089858483,b0f066a214c2f5e87bad3c948f4d605d)
Start importing Packages/com.unity.shadergraph/Editor/Data/Util/TextUtil.cs using Guid(c5dad4902719d054ba79ba0b3108591a) Importer(2089858483,b0f066a214c2f5e87bad3c948f4d605d) (ScriptedImporter) -> (artifact id: '71de1863b6746efe2e59d636014e072d') in 0.0042851 seconds
Number of updated asset objects reloaded before import = 0Number of asset objects unloaded after import = 0

========================================================================
Received Import Request.
  Time since last request: 0.000022 seconds.
  path: Packages/com.unity.shadergraph/Tests/Editor/UnitTests/ShaderGeneratorTests.cs
  artifactKey: Guid(bf6df2fd463c5a3489c65eee884c8488) Importer(2089858483,b0f066a214c2f5e87bad3c948f4d605d)
Start importing Packages/com.unity.shadergraph/Tests/Editor/UnitTests/ShaderGeneratorTests.cs using Guid(bf6df2fd463c5a3489c65eee884c8488) Importer(2089858483,b0f066a214c2f5e87bad3c948f4d605d) (ScriptedImporter) -> (artifact id: '6cea32573faf020a7d20386250b0fb30') in 0.0034098 seconds
Number of updated asset objects reloaded before import = 0Number of asset objects unloaded after import = 0

========================================================================
Received Import Request.
  Time since last request: 0.000014 seconds.
  path: Packages/com.unity.shadergraph/Editor/Generation/Processors/ActiveFields.cs
  artifactKey: Guid(03e494bdcf7e6474693797d5feaccb15) Importer(2089858483,b0f066a214c2f5e87bad3c948f4d605d)
Start importing Packages/com.unity.shadergraph/Editor/Generation/Processors/ActiveFields.cs using Guid(03e494bdcf7e6474693797d5feaccb15) Importer(2089858483,b0f066a214c2f5e87bad3c948f4d605d) (ScriptedImporter) -> (artifact id: 'f411257e2c81373bd5d30e48a2ecc2d5') in 0.0050666 seconds
Number of updated asset objects reloaded before import = 0Number of asset objects unloaded after import = 0

========================================================================
Received Import Request.
  Time since last request: 0.000016 seconds.
  path: Packages/com.unity.shadergraph/Editor/Data/Nodes/Artistic/Utility/ColorspaceConversion.cs
  artifactKey: Guid(96dd6bbf093ac3d41a5bdaa467b58e6c) Importer(2089858483,b0f066a214c2f5e87bad3c948f4d605d)
Start importing Packages/com.unity.shadergraph/Editor/Data/Nodes/Artistic/Utility/ColorspaceConversion.cs using Guid(96dd6bbf093ac3d41a5bdaa467b58e6c) Importer(2089858483,b0f066a214c2f5e87bad3c948f4d605d) (ScriptedImporter) -> (artifact id: '9591076d94991325dc1c0e237ddc8b96') in 0.004019 seconds
Number of updated asset objects reloaded before import = 0Number of asset objects unloaded after import = 0

========================================================================
Received Import Request.
  Time since last request: 0.000014 seconds.
  path: Packages/com.unity.ide.rider/CHANGELOG.md
  artifactKey: Guid(8645aa9c3c74fb34ba9499e14fb332b5) Importer(2089858483,b0f066a214c2f5e87bad3c948f4d605d)
Start importing Packages/com.unity.ide.rider/CHANGELOG.md using Guid(8645aa9c3c74fb34ba9499e14fb332b5) Importer(2089858483,b0f066a214c2f5e87bad3c948f4d605d) (ScriptedImporter) -> (artifact id: '89225563569bee186dbbd950598fd85b') in 0.0036911 seconds
Number of updated asset objects reloaded before import = 0Number of asset objects unloaded after import = 1

========================================================================
Received Import Request.
  Time since last request: 0.000014 seconds.
  path: Packages/com.unity.shadergraph/Editor/Drawing/Inspector/PropertyDrawers/Vector3PropertyDrawer.cs
  artifactKey: Guid(11cd8a6794214c528e811067773e9e6e) Importer(2089858483,b0f066a214c2f5e87bad3c948f4d605d)
Start importing Packages/com.unity.shadergraph/Editor/Drawing/Inspector/PropertyDrawers/Vector3PropertyDrawer.cs using Guid(11cd8a6794214c528e811067773e9e6e) Importer(2089858483,b0f066a214c2f5e87bad3c948f4d605d) (ScriptedImporter) -> (artifact id: '89aab90dc5630ade1e025aa535e69252') in 0.0037617 seconds
Number of updated asset objects reloaded before import = 0Number of asset objects unloaded after import = 0

========================================================================
Received Import Request.
  Time since last request: 0.000015 seconds.
  path: Packages/com.unity.modules.particlesystem/package.ModuleCompilationTrigger
  artifactKey: Guid(17f093324b67f5bd57e55b546736750e) Importer(2089858483,b0f066a214c2f5e87bad3c948f4d605d)
Start importing Packages/com.unity.modules.particlesystem/package.ModuleCompilationTrigger using Guid(17f093324b67f5bd57e55b546736750e) Importer(2089858483,b0f066a214c2f5e87bad3c948f4d605d) (ScriptedImporter) -> (artifact id: 'edb78894dbb452b0263cd90b52485116') in 0.0033185 seconds
Number of updated asset objects reloaded before import = 0Number of asset objects unloaded after import = 1

========================================================================
Received Import Request.
  Time since last request: 0.000023 seconds.
  path: Packages/com.unity.shadergraph/Editor/Data/Util/StackPool.cs
  artifactKey: Guid(93c41a4331c94d09a7561ea6b4983439) Importer(2089858483,b0f066a214c2f5e87bad3c948f4d605d)
Start importing Packages/com.unity.shadergraph/Editor/Data/Util/StackPool.cs using Guid(93c41a4331c94d09a7561ea6b4983439) Importer(2089858483,b0f066a214c2f5e87bad3c948f4d605d) (ScriptedImporter) -> (artifact id: 'a699dc9e4799dd602ee96db4fe1b0ee0') in 0.0033814 seconds
Number of updated asset objects reloaded before import = 0Number of asset objects unloaded after import = 0

========================================================================
Received Import Request.
  Time since last request: 0.000013 seconds.
  path: Packages/com.unity.shadergraph/Editor/Resources/Styles/Controls/ChannelMixerControlView.uss
  artifactKey: Guid(99d6d41531ec36841953987e7ae78317) Importer(2089858483,b0f066a214c2f5e87bad3c948f4d605d)
Start importing Packages/com.unity.shadergraph/Editor/Resources/Styles/Controls/ChannelMixerControlView.uss using Guid(99d6d41531ec36841953987e7ae78317) Importer(2089858483,b0f066a214c2f5e87bad3c948f4d605d) (ScriptedImporter) -> (artifact id: '1c9aafbdb1f7c1ad57a9adebcb40d761') in 0.0046521 seconds
Number of updated asset objects reloaded before import = 0Number of asset objects unloaded after import = 1

========================================================================
Received Import Request.
  Time since last request: 0.000013 seconds.
  path: Packages/com.unity.ide.rider/Rider/Editor/ProjectGeneration/IFileIO.cs
  artifactKey: Guid(1bdab5b8331b4506bf4eae379235c053) Importer(2089858483,b0f066a214c2f5e87bad3c948f4d605d)
Start importing Packages/com.unity.ide.rider/Rider/Editor/ProjectGeneration/IFileIO.cs using Guid(1bdab5b8331b4506bf4eae379235c053) Importer(2089858483,b0f066a214c2f5e87bad3c948f4d605d) (ScriptedImporter) -> (artifact id: 'c1be7ec3e051c9642de3a71adaaf77da') in 0.0034694 seconds
Number of updated asset objects reloaded before import = 0Number of asset objects unloaded after import = 0

========================================================================
Received Import Request.
  Time since last request: 0.000013 seconds.
  path: Packages/com.unity.render-pipelines.universal/Editor/PostProcessDataEditor.cs
  artifactKey: Guid(aaa0f30bef36d854a9c4918b2bc186e0) Importer(2089858483,b0f066a214c2f5e87bad3c948f4d605d)
Start importing Packages/com.unity.render-pipelines.universal/Editor/PostProcessDataEditor.cs using Guid(aaa0f30bef36d854a9c4918b2bc186e0) Importer(2089858483,b0f066a214c2f5e87bad3c948f4d605d) (ScriptedImporter) -> (artifact id: '6b474390cd9f659f47e7294ff6dbb310') in 0.0034073 seconds
Number of updated asset objects reloaded before import = 0Number of asset objects unloaded after import = 0

========================================================================
Received Import Request.
  Time since last request: 0.000016 seconds.
  path: Packages/com.unity.render-pipelines.universal/Tests/Editor/DocumentationTests.cs
  artifactKey: Guid(8aa70fc832dbdae46a749f0687925875) Importer(2089858483,b0f066a214c2f5e87bad3c948f4d605d)
Start importing Packages/com.unity.render-pipelines.universal/Tests/Editor/DocumentationTests.cs using Guid(8aa70fc832dbdae46a749f0687925875) Importer(2089858483,b0f066a214c2f5e87bad3c948f4d605d) (ScriptedImporter) -> (artifact id: '059cae026de00960ce0127f680bbbcd3') in 0.0032198 seconds
Number of updated asset objects reloaded before import = 0Number of asset objects unloaded after import = 0

========================================================================
Received Import Request.
  Time since last request: 0.000018 seconds.
  path: Packages/com.unity.render-pipelines.universal/Editor/Camera/UniversalRenderPipelineCameraUI.Rendering.Skin.cs
  artifactKey: Guid(0e89e471cecba0d41a66b54909f947cc) Importer(2089858483,b0f066a214c2f5e87bad3c948f4d605d)
Start importing Packages/com.unity.render-pipelines.universal/Editor/Camera/UniversalRenderPipelineCameraUI.Rendering.Skin.cs using Guid(0e89e471cecba0d41a66b54909f947cc) Importer(2089858483,b0f066a214c2f5e87bad3c948f4d605d) (ScriptedImporter) -> (artifact id: '271c851ab02f969122230efad7d88f34') in 0.0035978 seconds
Number of updated asset objects reloaded before import = 0Number of asset objects unloaded after import = 0

========================================================================
Received Import Request.
  Time since last request: 0.000023 seconds.
  path: Packages/com.unity.render-pipelines.universal/Shaders/BakedLitMetaPass.hlsl
  artifactKey: Guid(f31bf343921b848fa8e5cde15f1dbaab) Importer(2089858483,b0f066a214c2f5e87bad3c948f4d605d)
Start importing Packages/com.unity.render-pipelines.universal/Shaders/BakedLitMetaPass.hlsl using Guid(f31bf343921b848fa8e5cde15f1dbaab) Importer(2089858483,b0f066a214c2f5e87bad3c948f4d605d) (ScriptedImporter) -> (artifact id: 'a3b6d869c25103619019b49e2b1d940d') in 0.0036736 seconds
Number of updated asset objects reloaded before import = 0Number of asset objects unloaded after import = 1

========================================================================
Received Import Request.
  Time since last request: 0.000015 seconds.
  path: Packages/com.unity.render-pipelines.universal/Editor/VFXGraph/VFXURPLitPlanarPrimitiveOutput.cs
  artifactKey: Guid(eb5fc605d29533f408188a3955e8c926) Importer(2089858483,b0f066a214c2f5e87bad3c948f4d605d)
Start importing Packages/com.unity.render-pipelines.universal/Editor/VFXGraph/VFXURPLitPlanarPrimitiveOutput.cs using Guid(eb5fc605d29533f408188a3955e8c926) Importer(2089858483,b0f066a214c2f5e87bad3c948f4d605d) (ScriptedImporter) -> (artifact id: '07abe4070dcca38bfcd2c46738b451fd') in 0.0034565 seconds
Number of updated asset objects reloaded before import = 0Number of asset objects unloaded after import = 0

========================================================================
Received Import Request.
  Time since last request: 0.000015 seconds.
  path: Packages/com.unity.render-pipelines.universal/Runtime/RendererFeatures/DisallowMultipleRendererFeature.cs
  artifactKey: Guid(43a7ba8bc4aba4c199e05fe79d3f9bee) Importer(2089858483,b0f066a214c2f5e87bad3c948f4d605d)
Start importing Packages/com.unity.render-pipelines.universal/Runtime/RendererFeatures/DisallowMultipleRendererFeature.cs using Guid(43a7ba8bc4aba4c199e05fe79d3f9bee) Importer(2089858483,b0f066a214c2f5e87bad3c948f4d605d) (ScriptedImporter) -> (artifact id: 'f26007c2fce2c4f42cf547882a94302c') in 0.0040349 seconds
Number of updated asset objects reloaded before import = 0Number of asset objects unloaded after import = 0

========================================================================
Received Import Request.
  Time since last request: 0.000019 seconds.
  path: Packages/com.unity.render-pipelines.universal/Runtime/Passes/PostProcessPass.cs
  artifactKey: Guid(858a96c3295017349ab0f956b9883bb9) Importer(2089858483,b0f066a214c2f5e87bad3c948f4d605d)
Start importing Packages/com.unity.render-pipelines.universal/Runtime/Passes/PostProcessPass.cs using Guid(858a96c3295017349ab0f956b9883bb9) Importer(2089858483,b0f066a214c2f5e87bad3c948f4d605d) (ScriptedImporter) -> (artifact id: '27813b5075016c9ff85bd357f43058b0') in 0.0033467 seconds
Number of updated asset objects reloaded before import = 0Number of asset objects unloaded after import = 0

========================================================================
Received Import Request.
  Time since last request: 0.000015 seconds.
  path: Packages/com.unity.render-pipelines.universal/Shaders/PostProcessing/SubpixelMorphologicalAntialiasingBridge.hlsl
  artifactKey: Guid(0c5832a72145a5b49a1b64a21a609bb4) Importer(2089858483,b0f066a214c2f5e87bad3c948f4d605d)
Start importing Packages/com.unity.render-pipelines.universal/Shaders/PostProcessing/SubpixelMorphologicalAntialiasingBridge.hlsl using Guid(0c5832a72145a5b49a1b64a21a609bb4) Importer(2089858483,b0f066a214c2f5e87bad3c948f4d605d) (ScriptedImporter) -> (artifact id: '5783f41ad39dab4e6f2d473a8c4735a7') in 0.003645 seconds
Number of updated asset objects reloaded before import = 0Number of asset objects unloaded after import = 1

========================================================================
Received Import Request.
  Time since last request: 0.000017 seconds.
  path: Packages/com.unity.render-pipelines.universal/ShaderLibrary/GBufferInput.hlsl
  artifactKey: Guid(2b30f99b47dd40adaf41fd8e6573daa4) Importer(2089858483,b0f066a214c2f5e87bad3c948f4d605d)
Start importing Packages/com.unity.render-pipelines.universal/ShaderLibrary/GBufferInput.hlsl using Guid(2b30f99b47dd40adaf41fd8e6573daa4) Importer(2089858483,b0f066a214c2f5e87bad3c948f4d605d) (ScriptedImporter) -> (artifact id: '57b8dc31bddb72d2b9e257d7c76255e7') in 0.0035225 seconds
Number of updated asset objects reloaded before import = 0Number of asset objects unloaded after import = 1

========================================================================
Received Import Request.
  Time since last request: 0.000025 seconds.
  path: Packages/com.unity.render-pipelines.universal/Runtime/UniversalAdditionalLightData.deprecated.cs
  artifactKey: Guid(f89f88ac34eb4af48661362f290b68b3) Importer(2089858483,b0f066a214c2f5e87bad3c948f4d605d)
Start importing Packages/com.unity.render-pipelines.universal/Runtime/UniversalAdditionalLightData.deprecated.cs using Guid(f89f88ac34eb4af48661362f290b68b3) Importer(2089858483,b0f066a214c2f5e87bad3c948f4d605d) (ScriptedImporter) -> (artifact id: '554006c7a7e7791ccf33071fe1ef0582') in 0.0034835 seconds
Number of updated asset objects reloaded before import = 0Number of asset objects unloaded after import = 0

========================================================================
Received Import Request.
  Time since last request: 0.000016 seconds.
  path: Packages/com.unity.render-pipelines.universal/Runtime/Data/UniversalRenderPipelineAsset.cs
  artifactKey: Guid(bf2edee5c58d82540a51f03df9d42094) Importer(2089858483,b0f066a214c2f5e87bad3c948f4d605d)
Start importing Packages/com.unity.render-pipelines.universal/Runtime/Data/UniversalRenderPipelineAsset.cs using Guid(bf2edee5c58d82540a51f03df9d42094) Importer(2089858483,b0f066a214c2f5e87bad3c948f4d605d) (ScriptedImporter) -> (artifact id: '53292975b652cfa419318039e10e8ea4') in 0.0038537 seconds
Number of updated asset objects reloaded before import = 0Number of asset objects unloaded after import = 0

========================================================================
Received Import Request.
  Time since last request: 0.000016 seconds.
  path: Packages/com.unity.render-pipelines.universal/Editor/AssetPostProcessors/ModelPostProcessor.cs
  artifactKey: Guid(c22659d508770e94b9278d8f089e40b8) Importer(2089858483,b0f066a214c2f5e87bad3c948f4d605d)
Start importing Packages/com.unity.render-pipelines.universal/Editor/AssetPostProcessors/ModelPostProcessor.cs using Guid(c22659d508770e94b9278d8f089e40b8) Importer(2089858483,b0f066a214c2f5e87bad3c948f4d605d) (ScriptedImporter) -> (artifact id: 'da84af80feb64a5ff0132d935054d3a7') in 0.003502 seconds
Number of updated asset objects reloaded before import = 0Number of asset objects unloaded after import = 0

========================================================================
Received Import Request.
  Time since last request: 0.000017 seconds.
  path: Packages/com.unity.render-pipelines.universal/Shaders/Utils/MaterialError.shader
  artifactKey: Guid(5fd9a8feb75a4b5894c241777f519d4e) Importer(2089858483,b0f066a214c2f5e87bad3c948f4d605d)
Start importing Packages/com.unity.render-pipelines.universal/Shaders/Utils/MaterialError.shader using Guid(5fd9a8feb75a4b5894c241777f519d4e) Importer(2089858483,b0f066a214c2f5e87bad3c948f4d605d) (ScriptedImporter) -> (artifact id: '6adc31aefd6c36f6ad946010741d29f5') in 0.0063846 seconds
Number of updated asset objects reloaded before import = 0Number of asset objects unloaded after import = 1

========================================================================
Received Import Request.
  Time since last request: 0.000016 seconds.
  path: Packages/com.unity.render-pipelines.universal/ShaderLibrary/GBufferCommon.hlsl
  artifactKey: Guid(bc7fdf95b149455c88d444108d74601c) Importer(2089858483,b0f066a214c2f5e87bad3c948f4d605d)
Start importing Packages/com.unity.render-pipelines.universal/ShaderLibrary/GBufferCommon.hlsl using Guid(bc7fdf95b149455c88d444108d74601c) Importer(2089858483,b0f066a214c2f5e87bad3c948f4d605d) (ScriptedImporter) -> (artifact id: 'a1844ff6f819610cd45d95761a861382') in 0.0036528 seconds
Number of updated asset objects reloaded before import = 0Number of asset objects unloaded after import = 1

========================================================================
Received Import Request.
  Time since last request: 0.000017 seconds.
  path: Packages/com.unity.render-pipelines.universal/Runtime/SpaceFillingCurves.cs
  artifactKey: Guid(cdfd6601120d40acb61c37def5977316) Importer(2089858483,b0f066a214c2f5e87bad3c948f4d605d)
Start importing Packages/com.unity.render-pipelines.universal/Runtime/SpaceFillingCurves.cs using Guid(cdfd6601120d40acb61c37def5977316) Importer(2089858483,b0f066a214c2f5e87bad3c948f4d605d) (ScriptedImporter) -> (artifact id: '272acd46420fdc2c2579106e8c4b41bd') in 0.0046928 seconds
Number of updated asset objects reloaded before import = 0Number of asset objects unloaded after import = 0

========================================================================
Received Import Request.
  Time since last request: 0.000023 seconds.
  path: Packages/com.unity.render-pipelines.universal/Runtime/History/TaaHistory.cs
  artifactKey: Guid(787a9a86657542348d1b4e9caece0a0e) Importer(2089858483,b0f066a214c2f5e87bad3c948f4d605d)
Start importing Packages/com.unity.render-pipelines.universal/Runtime/History/TaaHistory.cs using Guid(787a9a86657542348d1b4e9caece0a0e) Importer(2089858483,b0f066a214c2f5e87bad3c948f4d605d) (ScriptedImporter) -> (artifact id: 'a9dbf30e2af3704fe1cb7b6f5583e412') in 0.0039774 seconds
Number of updated asset objects reloaded before import = 0Number of asset objects unloaded after import = 0

========================================================================
Received Import Request.
  Time since last request: 0.000013 seconds.
  path: Packages/com.unity.render-pipelines.universal/Shaders/AutodeskInteractive/AutodeskInteractiveMasked.shadergraph
  artifactKey: Guid(80aa867ac363ac043847b06ad71604cd) Importer(2089858483,b0f066a214c2f5e87bad3c948f4d605d)
Start importing Packages/com.unity.render-pipelines.universal/Shaders/AutodeskInteractive/AutodeskInteractiveMasked.shadergraph using Guid(80aa867ac363ac043847b06ad71604cd) Importer(2089858483,b0f066a214c2f5e87bad3c948f4d605d) (ScriptedImporter) -> (artifact id: '7a8fe7fd290852b222a9699d2450f90b') in 0.0255995 seconds
Number of updated asset objects reloaded before import = 0Number of asset objects unloaded after import = 0

========================================================================
Received Import Request.
  Time since last request: 0.000015 seconds.
  path: Packages/com.unity.render-pipelines.universal/Editor/Settings/UniversalRenderPipelinePreferencesProvider.cs
  artifactKey: Guid(dfe4e1c6ce66d514bafdec16128f59ed) Importer(2089858483,b0f066a214c2f5e87bad3c948f4d605d)
Start importing Packages/com.unity.render-pipelines.universal/Editor/Settings/UniversalRenderPipelinePreferencesProvider.cs using Guid(dfe4e1c6ce66d514bafdec16128f59ed) Importer(2089858483,b0f066a214c2f5e87bad3c948f4d605d) (ScriptedImporter) -> (artifact id: '4972128fda6e785c39480e9324a704f3') in 0.003652 seconds
Number of updated asset objects reloaded before import = 0Number of asset objects unloaded after import = 0

========================================================================
Received Import Request.
  Time since last request: 0.000013 seconds.
  path: Packages/com.unity.render-pipelines.universal/Runtime/Decal/DecalProjector.deprecated.cs
  artifactKey: Guid(f51cd437538e56e43b5b7203e3f0d825) Importer(2089858483,b0f066a214c2f5e87bad3c948f4d605d)
Start importing Packages/com.unity.render-pipelines.universal/Runtime/Decal/DecalProjector.deprecated.cs using Guid(f51cd437538e56e43b5b7203e3f0d825) Importer(2089858483,b0f066a214c2f5e87bad3c948f4d605d) (ScriptedImporter) -> (artifact id: '8026669fd4afa4053795fc7c45f9ad4a') in 0.0034732 seconds
Number of updated asset objects reloaded before import = 0Number of asset objects unloaded after import = 0

========================================================================
Received Import Request.
  Time since last request: 0.000018 seconds.
  path: Packages/com.unity.render-pipelines.universal/Shaders/Terrain/TerrainTextureNode.hlsl
  artifactKey: Guid(aa602bf7da734370bdb394a751f56555) Importer(2089858483,b0f066a214c2f5e87bad3c948f4d605d)
Start importing Packages/com.unity.render-pipelines.universal/Shaders/Terrain/TerrainTextureNode.hlsl using Guid(aa602bf7da734370bdb394a751f56555) Importer(2089858483,b0f066a214c2f5e87bad3c948f4d605d) (ScriptedImporter) -> (artifact id: 'ac3b419ce63094835f0346d1b3af6c2f') in 0.0034813 seconds
Number of updated asset objects reloaded before import = 0Number of asset objects unloaded after import = 1

========================================================================
Received Import Request.
  Time since last request: 0.000023 seconds.
  path: Packages/com.unity.render-pipelines.universal/Runtime/ScriptableRendererFeature.cs
  artifactKey: Guid(98c74010f62ed40b280474667ca0005e) Importer(2089858483,b0f066a214c2f5e87bad3c948f4d605d)
Start importing Packages/com.unity.render-pipelines.universal/Runtime/ScriptableRendererFeature.cs using Guid(98c74010f62ed40b280474667ca0005e) Importer(2089858483,b0f066a214c2f5e87bad3c948f4d605d) (ScriptedImporter) -> (artifact id: '2e35db8aa05f5ba4fd079f3ca717a66e') in 0.0037887 seconds
Number of updated asset objects reloaded before import = 0Number of asset objects unloaded after import = 0

========================================================================
Received Import Request.
  Time since last request: 0.000015 seconds.
  path: Packages/com.unity.shadergraph/Editor/Generation/Targets/Fullscreen/Includes/FullscreenShaderPass.cs.hlsl
  artifactKey: Guid(fa6980c25ec2f164ba4a6fcb040eb870) Importer(2089858483,b0f066a214c2f5e87bad3c948f4d605d)
Start importing Packages/com.unity.shadergraph/Editor/Generation/Targets/Fullscreen/Includes/FullscreenShaderPass.cs.hlsl using Guid(fa6980c25ec2f164ba4a6fcb040eb870) Importer(2089858483,b0f066a214c2f5e87bad3c948f4d605d) (ScriptedImporter) -> (artifact id: 'cdee1872a32d5dd4df55da16748641a9') in 0.004033 seconds
Number of updated asset objects reloaded before import = 0Number of asset objects unloaded after import = 1

========================================================================
Received Import Request.
  Time since last request: 0.000014 seconds.
  path: Packages/com.unity.render-pipelines.universal/Editor/AssetVersion.cs
  artifactKey: Guid(d0353a89b1f911e48b9e16bdc9f2e058) Importer(2089858483,b0f066a214c2f5e87bad3c948f4d605d)
Start importing Packages/com.unity.render-pipelines.universal/Editor/AssetVersion.cs using Guid(d0353a89b1f911e48b9e16bdc9f2e058) Importer(2089858483,b0f066a214c2f5e87bad3c948f4d605d) (ScriptedImporter) -> (artifact id: '8e67102268ce69d0a76b171ada8f008c') in 0.0036987 seconds
Number of updated asset objects reloaded before import = 0Number of asset objects unloaded after import = 0

========================================================================
Received Import Request.
  Time since last request: 0.000014 seconds.
  path: Packages/com.unity.shadergraph/Editor/Generation/Targets/BuiltIn/ShaderLibrary/ShaderTypes.cs.hlsl
  artifactKey: Guid(90c38a95e899f254f984aef093366e94) Importer(2089858483,b0f066a214c2f5e87bad3c948f4d605d)
Start importing Packages/com.unity.shadergraph/Editor/Generation/Targets/BuiltIn/ShaderLibrary/ShaderTypes.cs.hlsl using Guid(90c38a95e899f254f984aef093366e94) Importer(2089858483,b0f066a214c2f5e87bad3c948f4d605d) (ScriptedImporter) -> (artifact id: 'a8ad88bf5303e24cf79cb7700bc7054c') in 0.0036621 seconds
Number of updated asset objects reloaded before import = 0Number of asset objects unloaded after import = 1

========================================================================
Received Import Request.
  Time since last request: 0.000013 seconds.
  path: Packages/com.unity.shadergraph/Editor/Data/Nodes/Terrain/TerrainTexture.cs
  artifactKey: Guid(d5a87e9028454313acc9328723fe37a7) Importer(2089858483,b0f066a214c2f5e87bad3c948f4d605d)
Start importing Packages/com.unity.shadergraph/Editor/Data/Nodes/Terrain/TerrainTexture.cs using Guid(d5a87e9028454313acc9328723fe37a7) Importer(2089858483,b0f066a214c2f5e87bad3c948f4d605d) (ScriptedImporter) -> (artifact id: '725f9ddc6ab8078e666e3a1d52771c1b') in 0.0034967 seconds
Number of updated asset objects reloaded before import = 0Number of asset objects unloaded after import = 0

========================================================================
Received Import Request.
  Time since last request: 0.000015 seconds.
  path: Packages/com.unity.render-pipelines.universal/Editor/Converter/RenderPipelineConverterItemVisualElement.cs
  artifactKey: Guid(05f77e21184314449a236a0cc4a85e76) Importer(2089858483,b0f066a214c2f5e87bad3c948f4d605d)
Start importing Packages/com.unity.render-pipelines.universal/Editor/Converter/RenderPipelineConverterItemVisualElement.cs using Guid(05f77e21184314449a236a0cc4a85e76) Importer(2089858483,b0f066a214c2f5e87bad3c948f4d605d) (ScriptedImporter) -> (artifact id: '6a0289b28d7a57a4f85bba8120660402') in 0.0034795 seconds
Number of updated asset objects reloaded before import = 0Number of asset objects unloaded after import = 0

========================================================================
Received Import Request.
  Time since last request: 0.000024 seconds.
  path: Packages/com.unity.render-pipelines.universal/Editor/SceneTemplates/Indoors.scenetemplate
  artifactKey: Guid(89b1eb68090237240966320a7a94784d) Importer(2089858483,b0f066a214c2f5e87bad3c948f4d605d)
Start importing Packages/com.unity.render-pipelines.universal/Editor/SceneTemplates/Indoors.scenetemplate using Guid(89b1eb68090237240966320a7a94784d) Importer(2089858483,b0f066a214c2f5e87bad3c948f4d605d) (ScriptedImporter) -> (artifact id: '0004ed51e96f0891b4f09db361856055') in 0.029807 seconds
Number of updated asset objects reloaded before import = 0Number of asset objects unloaded after import = 144

========================================================================
Received Import Request.
  Time since last request: 0.000016 seconds.
  path: Packages/com.unity.shadergraph/Editor/Generation/Targets/BuiltIn/ShaderLibrary/SSAO.hlsl
  artifactKey: Guid(225d6e653df7a2440a907ddd6d2dd1fc) Importer(2089858483,b0f066a214c2f5e87bad3c948f4d605d)
Start importing Packages/com.unity.shadergraph/Editor/Generation/Targets/BuiltIn/ShaderLibrary/SSAO.hlsl using Guid(225d6e653df7a2440a907ddd6d2dd1fc) Importer(2089858483,b0f066a214c2f5e87bad3c948f4d605d) (ScriptedImporter) -> (artifact id: 'f6424efb88ecedbfb0d027a744f60628') in 0.0058668 seconds
Number of updated asset objects reloaded before import = 0Number of asset objects unloaded after import = 1

========================================================================
Received Import Request.
  Time since last request: 0.000015 seconds.
  path: Packages/com.unity.shadergraph/Tests/Editor/UnitTests/MaterialNodeTests.cs
  artifactKey: Guid(8f553306b9101064eb1010e15de5f567) Importer(2089858483,b0f066a214c2f5e87bad3c948f4d605d)
Start importing Packages/com.unity.shadergraph/Tests/Editor/UnitTests/MaterialNodeTests.cs using Guid(8f553306b9101064eb1010e15de5f567) Importer(2089858483,b0f066a214c2f5e87bad3c948f4d605d) (ScriptedImporter) -> (artifact id: '6c9a4f9f0b6e5f275ff039950f4fa2bb') in 0.0033214 seconds
Number of updated asset objects reloaded before import = 0Number of asset objects unloaded after import = 0

========================================================================
Received Import Request.
  Time since last request: 0.000016 seconds.
  path: Packages/com.unity.shadergraph/Editor/Drawing/Inspector/PropertyDrawers/SampleTexture2DNodePropertyDrawer.cs
  artifactKey: Guid(18b701456606a9f4ea2b0a8c601ab24b) Importer(2089858483,b0f066a214c2f5e87bad3c948f4d605d)
Start importing Packages/com.unity.shadergraph/Editor/Drawing/Inspector/PropertyDrawers/SampleTexture2DNodePropertyDrawer.cs using Guid(18b701456606a9f4ea2b0a8c601ab24b) Importer(2089858483,b0f066a214c2f5e87bad3c948f4d605d) (ScriptedImporter) -> (artifact id: '9e77e7f7c42da7a078a982333ad3cc41') in 0.003496 seconds
Number of updated asset objects reloaded before import = 0Number of asset objects unloaded after import = 0

========================================================================
Received Import Request.
  Time since last request: 0.000018 seconds.
  path: Packages/com.unity.shadergraph/Editor/Generation/Data/FieldCondition.cs
  artifactKey: Guid(c68ce9e6274103943b0a6bfd15f48618) Importer(2089858483,b0f066a214c2f5e87bad3c948f4d605d)
Start importing Packages/com.unity.shadergraph/Editor/Generation/Data/FieldCondition.cs using Guid(c68ce9e6274103943b0a6bfd15f48618) Importer(2089858483,b0f066a214c2f5e87bad3c948f4d605d) (ScriptedImporter) -> (artifact id: 'c67a2931a189ae62f8a7bbd031cfa80f') in 0.0035127 seconds
Number of updated asset objects reloaded before import = 0Number of asset objects unloaded after import = 0

========================================================================
Received Import Request.
  Time since last request: 0.000026 seconds.
  path: Packages/com.unity.render-pipelines.universal/Runtime/SupportedOnRenderer.cs
  artifactKey: Guid(c2b45f45fef41c945beebda910f58ac3) Importer(2089858483,b0f066a214c2f5e87bad3c948f4d605d)
Start importing Packages/com.unity.render-pipelines.universal/Runtime/SupportedOnRenderer.cs using Guid(c2b45f45fef41c945beebda910f58ac3) Importer(2089858483,b0f066a214c2f5e87bad3c948f4d605d) (ScriptedImporter) -> (artifact id: '4988f02b9b01e1bc37b8678fb0a08b84') in 0.0034799 seconds
Number of updated asset objects reloaded before import = 0Number of asset objects unloaded after import = 0

========================================================================
Received Import Request.
  Time since last request: 0.000017 seconds.
  path: Packages/com.unity.render-pipelines.universal/Shaders/Terrain/WavingGrassBillboard.shader
  artifactKey: Guid(29868e73b638e48ca99a19ea58c48d90) Importer(2089858483,b0f066a214c2f5e87bad3c948f4d605d)
Start importing Packages/com.unity.render-pipelines.universal/Shaders/Terrain/WavingGrassBillboard.shader using Guid(29868e73b638e48ca99a19ea58c48d90) Importer(2089858483,b0f066a214c2f5e87bad3c948f4d605d) (ScriptedImporter) -> (artifact id: '99890bf6a9fc6ead3e68d93f2b5a4803') in 0.0045183 seconds
Number of updated asset objects reloaded before import = 0Number of asset objects unloaded after import = 0

========================================================================
Received Import Request.
  Time since last request: 0.000015 seconds.
  path: Packages/com.unity.render-pipelines.universal/ShaderLibrary/GBufferOutputFormat.hlsl
  artifactKey: Guid(87322610c9b88a64e8bce40c056d8116) Importer(2089858483,b0f066a214c2f5e87bad3c948f4d605d)
Start importing Packages/com.unity.render-pipelines.universal/ShaderLibrary/GBufferOutputFormat.hlsl using Guid(87322610c9b88a64e8bce40c056d8116) Importer(2089858483,b0f066a214c2f5e87bad3c948f4d605d) (ScriptedImporter) -> (artifact id: '8b66c8d79a42150df24cc6ea4247eaf4') in 0.0038053 seconds
Number of updated asset objects reloaded before import = 0Number of asset objects unloaded after import = 1

========================================================================
Received Import Request.
  Time since last request: 0.000015 seconds.
  path: Packages/com.unity.shadergraph/Editor/Data/Nodes/Input/Basic/BooleanNode.cs
  artifactKey: Guid(a6bd4d4655c0b9046a14e6ab0caebdc3) Importer(2089858483,b0f066a214c2f5e87bad3c948f4d605d)
Start importing Packages/com.unity.shadergraph/Editor/Data/Nodes/Input/Basic/BooleanNode.cs using Guid(a6bd4d4655c0b9046a14e6ab0caebdc3) Importer(2089858483,b0f066a214c2f5e87bad3c948f4d605d) (ScriptedImporter) -> (artifact id: '589b6371fad71f9cc2234ea5ff1fbb56') in 0.0039267 seconds
Number of updated asset objects reloaded before import = 0Number of asset objects unloaded after import = 0

========================================================================
Received Import Request.
  Time since last request: 0.000015 seconds.
  path: Packages/com.unity.render-pipelines.universal/Runtime/Overrides/ColorAdjustments.cs
  artifactKey: Guid(66f335fb1ffd8684294ad653bf1c7564) Importer(2089858483,b0f066a214c2f5e87bad3c948f4d605d)
Start importing Packages/com.unity.render-pipelines.universal/Runtime/Overrides/ColorAdjustments.cs using Guid(66f335fb1ffd8684294ad653bf1c7564) Importer(2089858483,b0f066a214c2f5e87bad3c948f4d605d) (ScriptedImporter) -> (artifact id: '4228ca294d55d7422ef60c94adc27c58') in 0.0035104 seconds
Number of updated asset objects reloaded before import = 0Number of asset objects unloaded after import = 0

========================================================================
Received Import Request.
  Time since last request: 0.000017 seconds.
  path: Packages/com.unity.render-pipelines.universal/Editor/2D/Resources/LightCapUp.png
  artifactKey: Guid(a58fea03b14b2be4295b11f21a57a6f7) Importer(2089858483,b0f066a214c2f5e87bad3c948f4d605d)
Start importing Packages/com.unity.render-pipelines.universal/Editor/2D/Resources/LightCapUp.png using Guid(a58fea03b14b2be4295b11f21a57a6f7) Importer(2089858483,b0f066a214c2f5e87bad3c948f4d605d) (ScriptedImporter) -> (artifact id: 'fe10dbc572201b0c794804deb74421ea') in 0.0075948 seconds
Number of updated asset objects reloaded before import = 0Number of asset objects unloaded after import = 1

========================================================================
Received Import Request.
  Time since last request: 0.000025 seconds.
  path: Packages/com.unity.render-pipelines.universal/Editor/ShaderGraph/Includes/UITKPass.hlsl
  artifactKey: Guid(4f183ca0bce4b844b8b2b26d1a18159c) Importer(2089858483,b0f066a214c2f5e87bad3c948f4d605d)
Start importing Packages/com.unity.render-pipelines.universal/Editor/ShaderGraph/Includes/UITKPass.hlsl using Guid(4f183ca0bce4b844b8b2b26d1a18159c) Importer(2089858483,b0f066a214c2f5e87bad3c948f4d605d) (ScriptedImporter) -> (artifact id: 'dabe16785a0d735d155adfa837af771c') in 0.0038484 seconds
Number of updated asset objects reloaded before import = 0Number of asset objects unloaded after import = 1

========================================================================
Received Import Request.
  Time since last request: 0.000015 seconds.
  path: Packages/com.unity.render-pipelines.universal/Editor/2D/Resources/LightCapDown.png
  artifactKey: Guid(02232385c7b444348987d74db8dd7b2e) Importer(2089858483,b0f066a214c2f5e87bad3c948f4d605d)
Start importing Packages/com.unity.render-pipelines.universal/Editor/2D/Resources/LightCapDown.png using Guid(02232385c7b444348987d74db8dd7b2e) Importer(2089858483,b0f066a214c2f5e87bad3c948f4d605d) (ScriptedImporter) -> (artifact id: '570a9d8c9ce8183f11706b8216d3ab88') in 0.0075426 seconds
Number of updated asset objects reloaded before import = 0Number of asset objects unloaded after import = 1

========================================================================
Received Import Request.
  Time since last request: 0.000014 seconds.
  path: Packages/com.unity.render-pipelines.universal/Runtime/2D/Shadows/ShadowCasterGroup2DManager.cs
  artifactKey: Guid(9d3c965386a423a4b9b2f6b30ecad735) Importer(2089858483,b0f066a214c2f5e87bad3c948f4d605d)
Start importing Packages/com.unity.render-pipelines.universal/Runtime/2D/Shadows/ShadowCasterGroup2DManager.cs using Guid(9d3c965386a423a4b9b2f6b30ecad735) Importer(2089858483,b0f066a214c2f5e87bad3c948f4d605d) (ScriptedImporter) -> (artifact id: '11ec7e3fe8835139b04a8efe9a7af27f') in 0.0040551 seconds
Number of updated asset objects reloaded before import = 0Number of asset objects unloaded after import = 0

========================================================================
Received Import Request.
  Time since last request: 0.000014 seconds.
  path: Packages/com.unity.render-pipelines.universal/Editor/ShaderGraph/AssetCallbacks/CreateFullscreenShaderGraph.cs
  artifactKey: Guid(065bc4c5f217fe14bb13b4ce5ab51a0c) Importer(2089858483,b0f066a214c2f5e87bad3c948f4d605d)
Start importing Packages/com.unity.render-pipelines.universal/Editor/ShaderGraph/AssetCallbacks/CreateFullscreenShaderGraph.cs using Guid(065bc4c5f217fe14bb13b4ce5ab51a0c) Importer(2089858483,b0f066a214c2f5e87bad3c948f4d605d) (ScriptedImporter) -> (artifact id: 'ac95b85d7660b2142de4a66fb4777fa1') in 0.00347 seconds
Number of updated asset objects reloaded before import = 0Number of asset objects unloaded after import = 0

========================================================================
Received Import Request.
  Time since last request: 0.000017 seconds.
  path: Packages/com.unity.render-pipelines.universal/Runtime/2D/UTess2D/ArraySlice.cs
  artifactKey: Guid(7c4381030131b4d4f9da5c475cfa4947) Importer(2089858483,b0f066a214c2f5e87bad3c948f4d605d)
Start importing Packages/com.unity.render-pipelines.universal/Runtime/2D/UTess2D/ArraySlice.cs using Guid(7c4381030131b4d4f9da5c475cfa4947) Importer(2089858483,b0f066a214c2f5e87bad3c948f4d605d) (ScriptedImporter) -> (artifact id: '486d149f312a7d09ead967dad458e7bf') in 0.0036047 seconds
Number of updated asset objects reloaded before import = 0Number of asset objects unloaded after import = 0

========================================================================
Received Import Request.
  Time since last request: 0.000019 seconds.
  path: Packages/com.unity.render-pipelines.universal/Editor/VFXGraph/Shaders/VFXVertexProbeSampling.template
  artifactKey: Guid(89944a86d17a433682835ec4b89dc07f) Importer(2089858483,b0f066a214c2f5e87bad3c948f4d605d)
Start importing Packages/com.unity.render-pipelines.universal/Editor/VFXGraph/Shaders/VFXVertexProbeSampling.template using Guid(89944a86d17a433682835ec4b89dc07f) Importer(2089858483,b0f066a214c2f5e87bad3c948f4d605d) (ScriptedImporter) -> (artifact id: '67b5d6ec214e574cfa2651c06d11433f') in 0.0035212 seconds
Number of updated asset objects reloaded before import = 0Number of asset objects unloaded after import = 1

========================================================================
Received Import Request.
  Time since last request: 0.000022 seconds.
  path: Packages/com.unity.render-pipelines.universal/Editor/ShaderGraph/GraphTemplates/UITKFullTemplate.png
  artifactKey: Guid(3d3db9f7026a8344cbbc2353827bbbc0) Importer(2089858483,b0f066a214c2f5e87bad3c948f4d605d)
Start importing Packages/com.unity.render-pipelines.universal/Editor/ShaderGraph/GraphTemplates/UITKFullTemplate.png using Guid(3d3db9f7026a8344cbbc2353827bbbc0) Importer(2089858483,b0f066a214c2f5e87bad3c948f4d605d) (ScriptedImporter) -> (artifact id: 'bbee5ea4ffa2d03001d4a626c86e2d4b') in 0.0080355 seconds
Number of updated asset objects reloaded before import = 0Number of asset objects unloaded after import = 1

========================================================================
Received Import Request.
  Time since last request: 0.000016 seconds.
  path: Packages/com.unity.render-pipelines.universal/Runtime/VFXGraph/Shaders/VFXLitPixelOutput.hlsl
  artifactKey: Guid(ac160f8e04d8868418f09da1757e85ac) Importer(2089858483,b0f066a214c2f5e87bad3c948f4d605d)
Start importing Packages/com.unity.render-pipelines.universal/Runtime/VFXGraph/Shaders/VFXLitPixelOutput.hlsl using Guid(ac160f8e04d8868418f09da1757e85ac) Importer(2089858483,b0f066a214c2f5e87bad3c948f4d605d) (ScriptedImporter) -> (artifact id: 'c9c5f6eea58e3cfa8764dac83088d935') in 0.0041981 seconds
Number of updated asset objects reloaded before import = 0Number of asset objects unloaded after import = 1

========================================================================
Received Import Request.
  Time since last request: 0.000014 seconds.
  path: Packages/com.unity.render-pipelines.universal/Editor/Tools/MaterialUpgrader/UniversalSpeedTree9MaterialUpgrader.cs
  artifactKey: Guid(73570bca5636a644cb758c4a0098ae05) Importer(2089858483,b0f066a214c2f5e87bad3c948f4d605d)
Start importing Packages/com.unity.render-pipelines.universal/Editor/Tools/MaterialUpgrader/UniversalSpeedTree9MaterialUpgrader.cs using Guid(73570bca5636a644cb758c4a0098ae05) Importer(2089858483,b0f066a214c2f5e87bad3c948f4d605d) (ScriptedImporter) -> (artifact id: '8f8b1e9120a263065af6a345f4f169a5') in 0.0037793 seconds
Number of updated asset objects reloaded before import = 0Number of asset objects unloaded after import = 0

========================================================================
Received Import Request.
  Time since last request: 0.000014 seconds.
  path: Packages/com.unity.render-pipelines.universal/Editor/ShaderGraph/GraphTemplates/UITKBasicTemplate.png
  artifactKey: Guid(8052b80993fff1242975e48e123bb767) Importer(2089858483,b0f066a214c2f5e87bad3c948f4d605d)
Start importing Packages/com.unity.render-pipelines.universal/Editor/ShaderGraph/GraphTemplates/UITKBasicTemplate.png using Guid(8052b80993fff1242975e48e123bb767) Importer(2089858483,b0f066a214c2f5e87bad3c948f4d605d) (ScriptedImporter) -> (artifact id: '67d2d7a9c324e005c465035f7febe58d') in 0.0076506 seconds
Number of updated asset objects reloaded before import = 0Number of asset objects unloaded after import = 1

========================================================================
Received Import Request.
  Time since last request: 0.000014 seconds.
  path: Packages/com.unity.render-pipelines.universal/Editor/Converter/converter_widget.uss
  artifactKey: Guid(8f9ac38644e5f664ab13b4b78f1f3faa) Importer(2089858483,b0f066a214c2f5e87bad3c948f4d605d)
Start importing Packages/com.unity.render-pipelines.universal/Editor/Converter/converter_widget.uss using Guid(8f9ac38644e5f664ab13b4b78f1f3faa) Importer(2089858483,b0f066a214c2f5e87bad3c948f4d605d) (ScriptedImporter) -> (artifact id: '5f26acb90fb05559d8f231b05aa1212c') in 0.0046091 seconds
Number of updated asset objects reloaded before import = 0Number of asset objects unloaded after import = 1

========================================================================
Received Import Request.
  Time since last request: 0.000017 seconds.
  path: Packages/com.unity.render-pipelines.universal/Shaders/2D/Include/Normals2DCommon.hlsl
  artifactKey: Guid(694e01e6361351641bfb5cc5fc69f087) Importer(2089858483,b0f066a214c2f5e87bad3c948f4d605d)
Start importing Packages/com.unity.render-pipelines.universal/Shaders/2D/Include/Normals2DCommon.hlsl using Guid(694e01e6361351641bfb5cc5fc69f087) Importer(2089858483,b0f066a214c2f5e87bad3c948f4d605d) (ScriptedImporter) -> (artifact id: 'dedcc832ea463aaf0cae5a8c9f343434') in 0.0035793 seconds
Number of updated asset objects reloaded before import = 0Number of asset objects unloaded after import = 1

========================================================================
Received Import Request.
  Time since last request: 0.000025 seconds.
  path: Packages/com.unity.shadergraph/Editor/Data/Nodes/Input/Basic/ConstantNode.cs
  artifactKey: Guid(f48f68efc30ae334098ff30e88fbf9db) Importer(2089858483,b0f066a214c2f5e87bad3c948f4d605d)
Start importing Packages/com.unity.shadergraph/Editor/Data/Nodes/Input/Basic/ConstantNode.cs using Guid(f48f68efc30ae334098ff30e88fbf9db) Importer(2089858483,b0f066a214c2f5e87bad3c948f4d605d) (ScriptedImporter) -> (artifact id: '2b49d329c7b411691f13819d8c955af0') in 0.0034946 seconds
Number of updated asset objects reloaded before import = 0Number of asset objects unloaded after import = 0

========================================================================
Received Import Request.
  Time since last request: 0.000014 seconds.
  path: Packages/com.unity.render-pipelines.universal/Shaders/Terrain/TerrainLitBasemapGen.shader
  artifactKey: Guid(8fbe92a9edfe6074e841d6dd1509bc59) Importer(2089858483,b0f066a214c2f5e87bad3c948f4d605d)
Start importing Packages/com.unity.render-pipelines.universal/Shaders/Terrain/TerrainLitBasemapGen.shader using Guid(8fbe92a9edfe6074e841d6dd1509bc59) Importer(2089858483,b0f066a214c2f5e87bad3c948f4d605d) (ScriptedImporter) -> (artifact id: 'eb0da34cd6df764db4a16c9126aa0fa9') in 0.0039929 seconds
Number of updated asset objects reloaded before import = 0Number of asset objects unloaded after import = 1

========================================================================
Received Import Request.
  Time since last request: 0.000015 seconds.
  path: Packages/com.unity.shadergraph/Editor/Generation/Targets/BuiltIn/ShaderLibrary/ShaderVariablesFunctions.deprecated.hlsl
  artifactKey: Guid(bfc4f24aa6eda10499234c714f82c6f2) Importer(2089858483,b0f066a214c2f5e87bad3c948f4d605d)
Start importing Packages/com.unity.shadergraph/Editor/Generation/Targets/BuiltIn/ShaderLibrary/ShaderVariablesFunctions.deprecated.hlsl using Guid(bfc4f24aa6eda10499234c714f82c6f2) Importer(2089858483,b0f066a214c2f5e87bad3c948f4d605d) (ScriptedImporter) -> (artifact id: '31fcc7c53c60bbac5c653ae83b3547db') in 0.0034683 seconds
Number of updated asset objects reloaded before import = 0Number of asset objects unloaded after import = 1

========================================================================
Received Import Request.
  Time since last request: 0.000014 seconds.
  path: Packages/com.unity.shadergraph/Editor/Generation/Targets/BuiltIn/Editor/ShaderGraph/Includes/UnlitPass.hlsl
  artifactKey: Guid(50370b309724a0440808e87f08aed757) Importer(2089858483,b0f066a214c2f5e87bad3c948f4d605d)
Start importing Packages/com.unity.shadergraph/Editor/Generation/Targets/BuiltIn/Editor/ShaderGraph/Includes/UnlitPass.hlsl using Guid(50370b309724a0440808e87f08aed757) Importer(2089858483,b0f066a214c2f5e87bad3c948f4d605d) (ScriptedImporter) -> (artifact id: 'c9cffb43e298d1117df5f14af1ab2c70') in 0.0054561 seconds
Number of updated asset objects reloaded before import = 0Number of asset objects unloaded after import = 1

========================================================================
Received Import Request.
  Time since last request: 0.000013 seconds.
  path: Packages/com.unity.render-pipelines.universal/Editor/RendererFeatures/NewPostProcessRendererFeature.cs.txt
  artifactKey: Guid(03e97e85a392e23469cd704039e21501) Importer(2089858483,b0f066a214c2f5e87bad3c948f4d605d)
Start importing Packages/com.unity.render-pipelines.universal/Editor/RendererFeatures/NewPostProcessRendererFeature.cs.txt using Guid(03e97e85a392e23469cd704039e21501) Importer(2089858483,b0f066a214c2f5e87bad3c948f4d605d) (ScriptedImporter) -> (artifact id: '31a51dec15dbb5ead0124b207ab831e7') in 0.004005 seconds
Number of updated asset objects reloaded before import = 0Number of asset objects unloaded after import = 1

========================================================================
Received Import Request.
  Time since last request: 0.000017 seconds.
  path: Packages/com.unity.shadergraph/Editor/Generation/Targets/BuiltIn/Editor/ShaderGraph/Includes/Varyings.hlsl
  artifactKey: Guid(48ba7a8ce29978c4690d3d53549a5a4c) Importer(2089858483,b0f066a214c2f5e87bad3c948f4d605d)
Start importing Packages/com.unity.shadergraph/Editor/Generation/Targets/BuiltIn/Editor/ShaderGraph/Includes/Varyings.hlsl using Guid(48ba7a8ce29978c4690d3d53549a5a4c) Importer(2089858483,b0f066a214c2f5e87bad3c948f4d605d) (ScriptedImporter) -> (artifact id: '2d68cd230e1a2706b46d5fc33f81217e') in 0.0036838 seconds
Number of updated asset objects reloaded before import = 0Number of asset objects unloaded after import = 1

========================================================================
Received Import Request.
  Time since last request: 0.000018 seconds.
  path: Packages/com.unity.render-pipelines.universal/Tests/Editor/RenderTextureDescriptorDimensionsTests.cs
  artifactKey: Guid(dd26f353075a7de438d1eeb98517dc50) Importer(2089858483,b0f066a214c2f5e87bad3c948f4d605d)
Start importing Packages/com.unity.render-pipelines.universal/Tests/Editor/RenderTextureDescriptorDimensionsTests.cs using Guid(dd26f353075a7de438d1eeb98517dc50) Importer(2089858483,b0f066a214c2f5e87bad3c948f4d605d) (ScriptedImporter) -> (artifact id: 'e036a2462ca9ef2f979d23ce7fb5a602') in 0.0033669 seconds
Number of updated asset objects reloaded before import = 0Number of asset objects unloaded after import = 0

========================================================================
Received Import Request.
  Time since last request: 0.000015 seconds.
  path: Packages/com.unity.render-pipelines.universal/Third Party Notices.md
  artifactKey: Guid(feee7af7dbba54f55abd26b21ca99071) Importer(2089858483,b0f066a214c2f5e87bad3c948f4d605d)
Start importing Packages/com.unity.render-pipelines.universal/Third Party Notices.md using Guid(feee7af7dbba54f55abd26b21ca99071) Importer(2089858483,b0f066a214c2f5e87bad3c948f4d605d) (ScriptedImporter) -> (artifact id: 'ecf7334467682551d12442a3549f4005') in 0.0035705 seconds
Number of updated asset objects reloaded before import = 0Number of asset objects unloaded after import = 1

========================================================================
Received Import Request.
  Time since last request: 0.000014 seconds.
  path: Packages/com.unity.render-pipelines.universal/ShaderLibrary/UnityInput.hlsl
  artifactKey: Guid(6564342aa7c6ca44a86b97323a311d74) Importer(2089858483,b0f066a214c2f5e87bad3c948f4d605d)
Start importing Packages/com.unity.render-pipelines.universal/ShaderLibrary/UnityInput.hlsl using Guid(6564342aa7c6ca44a86b97323a311d74) Importer(2089858483,b0f066a214c2f5e87bad3c948f4d605d) (ScriptedImporter) -> (artifact id: '7683c11d0ef9001ac7ba2783c7c9878e') in 0.0041052 seconds
Number of updated asset objects reloaded before import = 0Number of asset objects unloaded after import = 1

========================================================================
Received Import Request.
  Time since last request: 0.000013 seconds.
  path: Packages/com.unity.shadergraph/Editor/Data/Nodes/Math/Wave/SquareWaveNode.cs
  artifactKey: Guid(0f19d607a01d3694e84c04c8eab68f9a) Importer(2089858483,b0f066a214c2f5e87bad3c948f4d605d)
Start importing Packages/com.unity.shadergraph/Editor/Data/Nodes/Math/Wave/SquareWaveNode.cs using Guid(0f19d607a01d3694e84c04c8eab68f9a) Importer(2089858483,b0f066a214c2f5e87bad3c948f4d605d) (ScriptedImporter) -> (artifact id: 'd5ee1deaa7284812aba7970a10b62ea0') in 0.0037453 seconds
Number of updated asset objects reloaded before import = 0Number of asset objects unloaded after import = 0

========================================================================
Received Import Request.
  Time since last request: 0.000015 seconds.
  path: Packages/com.unity.render-pipelines.universal/Runtime/Settings/URPDefaultVolumeProfileSetting.cs
  artifactKey: Guid(3f36a6a4d730c3942afd169457cb4035) Importer(2089858483,b0f066a214c2f5e87bad3c948f4d605d)
Start importing Packages/com.unity.render-pipelines.universal/Runtime/Settings/URPDefaultVolumeProfileSetting.cs using Guid(3f36a6a4d730c3942afd169457cb4035) Importer(2089858483,b0f066a214c2f5e87bad3c948f4d605d) (ScriptedImporter) -> (artifact id: 'd4ceb0de4ef3fccebac0c22b456d5a3c') in 0.0037572 seconds
Number of updated asset objects reloaded before import = 0Number of asset objects unloaded after import = 0

========================================================================
Received Import Request.
  Time since last request: 0.000015 seconds.
  path: Packages/com.unity.render-pipelines.universal/Editor/Tools/MaterialUpgrader/UniversalRenderPipelineMaterialUpgrader.cs
  artifactKey: Guid(aec5479bdc442cb4d96b1de3f5e5c818) Importer(2089858483,b0f066a214c2f5e87bad3c948f4d605d)
Start importing Packages/com.unity.render-pipelines.universal/Editor/Tools/MaterialUpgrader/UniversalRenderPipelineMaterialUpgrader.cs using Guid(aec5479bdc442cb4d96b1de3f5e5c818) Importer(2089858483,b0f066a214c2f5e87bad3c948f4d605d) (ScriptedImporter) -> (artifact id: '57f1108891d089f5cbd32475249c24db') in 0.0032335 seconds
Number of updated asset objects reloaded before import = 0Number of asset objects unloaded after import = 0

========================================================================
Received Import Request.
  Time since last request: 0.000023 seconds.
  path: Packages/com.unity.render-pipelines.universal/Editor/2D/FreeformPathPresets.cs
  artifactKey: Guid(258887e488db43041a92d45ddb4f2a4d) Importer(2089858483,b0f066a214c2f5e87bad3c948f4d605d)
Start importing Packages/com.unity.render-pipelines.universal/Editor/2D/FreeformPathPresets.cs using Guid(258887e488db43041a92d45ddb4f2a4d) Importer(2089858483,b0f066a214c2f5e87bad3c948f4d605d) (ScriptedImporter) -> (artifact id: 'b7421ce1b3ac2b7ffbf0a5655cc9b2c6') in 0.0034839 seconds
Number of updated asset objects reloaded before import = 0Number of asset objects unloaded after import = 0

========================================================================
Received Import Request.
  Time since last request: 0.000014 seconds.
  path: Packages/com.unity.shadergraph/Editor/Resources/Styles/Controls/ColorRGBASlotControlView.uss
  artifactKey: Guid(a690636bb8883ea4db5f27192551b973) Importer(2089858483,b0f066a214c2f5e87bad3c948f4d605d)
Start importing Packages/com.unity.shadergraph/Editor/Resources/Styles/Controls/ColorRGBASlotControlView.uss using Guid(a690636bb8883ea4db5f27192551b973) Importer(2089858483,b0f066a214c2f5e87bad3c948f4d605d) (ScriptedImporter) -> (artifact id: '32ff3dc5f80eb31ccea6f0cb25313960') in 0.0048749 seconds
Number of updated asset objects reloaded before import = 0Number of asset objects unloaded after import = 1

========================================================================
Received Import Request.
  Time since last request: 0.000013 seconds.
  path: Packages/com.unity.shadergraph/Editor/Data/Nodes/TitleAttribute.cs
  artifactKey: Guid(5c804f35a96ccb9408f04f818773a159) Importer(2089858483,b0f066a214c2f5e87bad3c948f4d605d)
Start importing Packages/com.unity.shadergraph/Editor/Data/Nodes/TitleAttribute.cs using Guid(5c804f35a96ccb9408f04f818773a159) Importer(2089858483,b0f066a214c2f5e87bad3c948f4d605d) (ScriptedImporter) -> (artifact id: '7f7e0ec4991b6d9efbc930fa2d819a23') in 0.003812 seconds
Number of updated asset objects reloaded before import = 0Number of asset objects unloaded after import = 0

========================================================================
Received Import Request.
  Time since last request: 0.000013 seconds.
  path: Packages/com.unity.render-pipelines.universal/ShaderLibrary/DeclareNormalsTexture.hlsl
  artifactKey: Guid(92a8a2733f9d18a44aad998449c6ee51) Importer(2089858483,b0f066a214c2f5e87bad3c948f4d605d)
Start importing Packages/com.unity.render-pipelines.universal/ShaderLibrary/DeclareNormalsTexture.hlsl using Guid(92a8a2733f9d18a44aad998449c6ee51) Importer(2089858483,b0f066a214c2f5e87bad3c948f4d605d) (ScriptedImporter) -> (artifact id: 'fa9e08a7833ad40fa79d44e418000328') in 0.0034736 seconds
Number of updated asset objects reloaded before import = 0Number of asset objects unloaded after import = 1

========================================================================
Received Import Request.
  Time since last request: 0.000014 seconds.
  path: Packages/com.unity.shadergraph/Editor/Drawing/Controls/Texture3DControl.cs
  artifactKey: Guid(841bd408b769d48caa3011ed9219df24) Importer(2089858483,b0f066a214c2f5e87bad3c948f4d605d)
Start importing Packages/com.unity.shadergraph/Editor/Drawing/Controls/Texture3DControl.cs using Guid(841bd408b769d48caa3011ed9219df24) Importer(2089858483,b0f066a214c2f5e87bad3c948f4d605d) (ScriptedImporter) -> (artifact id: 'cc28d89165c20257de6454e7fe2e5a86') in 0.0043169 seconds
Number of updated asset objects reloaded before import = 0Number of asset objects unloaded after import = 0

========================================================================
Received Import Request.
  Time since last request: 0.000015 seconds.
  path: Packages/com.unity.render-pipelines.universal/Runtime/Passes/DeferredPass.cs
  artifactKey: Guid(1d258bcfb9f91794090920274896e493) Importer(2089858483,b0f066a214c2f5e87bad3c948f4d605d)
Start importing Packages/com.unity.render-pipelines.universal/Runtime/Passes/DeferredPass.cs using Guid(1d258bcfb9f91794090920274896e493) Importer(2089858483,b0f066a214c2f5e87bad3c948f4d605d) (ScriptedImporter) -> (artifact id: 'c3f57bc0f3e0c00cb1580e8cb5e62480') in 0.0039538 seconds
Number of updated asset objects reloaded before import = 0Number of asset objects unloaded after import = 0

========================================================================
Received Import Request.
  Time since last request: 0.000021 seconds.
  path: Packages/com.unity.render-pipelines.universal/Editor/SceneTemplates/URPBasicScenePipeline.cs
  artifactKey: Guid(e353ed204c92da941bcf3116819f9b91) Importer(2089858483,b0f066a214c2f5e87bad3c948f4d605d)
Start importing Packages/com.unity.render-pipelines.universal/Editor/SceneTemplates/URPBasicScenePipeline.cs using Guid(e353ed204c92da941bcf3116819f9b91) Importer(2089858483,b0f066a214c2f5e87bad3c948f4d605d) (ScriptedImporter) -> (artifact id: '0acf57d9e24ce3d1580e14a3ac336785') in 0.0035204 seconds
Number of updated asset objects reloaded before import = 0Number of asset objects unloaded after import = 0

========================================================================
Received Import Request.
  Time since last request: 0.000015 seconds.
  path: Packages/com.unity.render-pipelines.universal/Editor/2D/ShaderGraph/Includes/SpriteNormalPass.hlsl
  artifactKey: Guid(39ce338156d9f6b40b4702eb2d26d40d) Importer(2089858483,b0f066a214c2f5e87bad3c948f4d605d)
Start importing Packages/com.unity.render-pipelines.universal/Editor/2D/ShaderGraph/Includes/SpriteNormalPass.hlsl using Guid(39ce338156d9f6b40b4702eb2d26d40d) Importer(2089858483,b0f066a214c2f5e87bad3c948f4d605d) (ScriptedImporter) -> (artifact id: '7ddde866a6ba3c06c2e2f75a71521d22') in 0.0044924 seconds
Number of updated asset objects reloaded before import = 0Number of asset objects unloaded after import = 1

========================================================================
Received Import Request.
  Time since last request: 0.000013 seconds.
  path: Packages/com.unity.render-pipelines.universal/Textures/BlueNoise64/L/LDR_LLL1_0.png
  artifactKey: Guid(e3d24661c1e055f45a7560c033dbb837) Importer(2089858483,b0f066a214c2f5e87bad3c948f4d605d)
Start importing Packages/com.unity.render-pipelines.universal/Textures/BlueNoise64/L/LDR_LLL1_0.png using Guid(e3d24661c1e055f45a7560c033dbb837) Importer(2089858483,b0f066a214c2f5e87bad3c948f4d605d) (ScriptedImporter) -> (artifact id: '9d7d4f14e1d7fc9c94d8f1b7444d2836') in 0.0062563 seconds
Number of updated asset objects reloaded before import = 0Number of asset objects unloaded after import = 0

========================================================================
Received Import Request.
  Time since last request: 0.000013 seconds.
  path: Packages/com.unity.render-pipelines.universal/Editor/Converter/PPv2/EffectConverters/BloomConverter.cs
  artifactKey: Guid(65de241854404d343a0937eb1adbb6f7) Importer(2089858483,b0f066a214c2f5e87bad3c948f4d605d)
Start importing Packages/com.unity.render-pipelines.universal/Editor/Converter/PPv2/EffectConverters/BloomConverter.cs using Guid(65de241854404d343a0937eb1adbb6f7) Importer(2089858483,b0f066a214c2f5e87bad3c948f4d605d) (ScriptedImporter) -> (artifact id: '56077a9be17d3824897e033e5ffa99b6') in 0.0032899 seconds
Number of updated asset objects reloaded before import = 0Number of asset objects unloaded after import = 0

========================================================================
Received Import Request.
  Time since last request: 0.000013 seconds.
  path: Packages/com.unity.render-pipelines.universal/Editor/Converter/PPv2/EffectConverters/VignetteConverter.cs
  artifactKey: Guid(de573be7419f3b84295377f64cf664c7) Importer(2089858483,b0f066a214c2f5e87bad3c948f4d605d)
Start importing Packages/com.unity.render-pipelines.universal/Editor/Converter/PPv2/EffectConverters/VignetteConverter.cs using Guid(de573be7419f3b84295377f64cf664c7) Importer(2089858483,b0f066a214c2f5e87bad3c948f4d605d) (ScriptedImporter) -> (artifact id: '1668591de5663db3e5603ec94b1296a9') in 0.0032871 seconds
Number of updated asset objects reloaded before import = 0Number of asset objects unloaded after import = 0

========================================================================
Received Import Request.
  Time since last request: 0.000015 seconds.
  path: Packages/com.unity.render-pipelines.universal/Editor/ShaderGraph/Includes/Terrain/DepthNormalsOnlyPass.hlsl
  artifactKey: Guid(78121747aa974234f94f7fda667dbbe1) Importer(2089858483,b0f066a214c2f5e87bad3c948f4d605d)
Start importing Packages/com.unity.render-pipelines.universal/Editor/ShaderGraph/Includes/Terrain/DepthNormalsOnlyPass.hlsl using Guid(78121747aa974234f94f7fda667dbbe1) Importer(2089858483,b0f066a214c2f5e87bad3c948f4d605d) (ScriptedImporter) -> (artifact id: '7d3cfa1eff10fbee3e6f0d652d265eab') in 0.0041842 seconds
Number of updated asset objects reloaded before import = 0Number of asset objects unloaded after import = 1

========================================================================
Received Import Request.
  Time since last request: 0.000025 seconds.
  path: Packages/com.unity.render-pipelines.universal/Editor/2D/Resources/InspectorIcons/ParametricLight.png
  artifactKey: Guid(e957854850ccb7140a538f7a93f8761b) Importer(2089858483,b0f066a214c2f5e87bad3c948f4d605d)
Start importing Packages/com.unity.render-pipelines.universal/Editor/2D/Resources/InspectorIcons/ParametricLight.png using Guid(e957854850ccb7140a538f7a93f8761b) Importer(2089858483,b0f066a214c2f5e87bad3c948f4d605d) (ScriptedImporter) -> (artifact id: 'a9ddd739c6dff92426bc6299654d07e0') in 0.0069425 seconds
Number of updated asset objects reloaded before import = 0Number of asset objects unloaded after import = 1

========================================================================
Received Import Request.
  Time since last request: 0.000013 seconds.
  path: Packages/com.unity.render-pipelines.universal/Editor/VFXGraph/Shaders/Templates/VFXParticleDecal.template
  artifactKey: Guid(b8fd50c1927bb714b8fe5141cb40f34a) Importer(2089858483,b0f066a214c2f5e87bad3c948f4d605d)
Start importing Packages/com.unity.render-pipelines.universal/Editor/VFXGraph/Shaders/Templates/VFXParticleDecal.template using Guid(b8fd50c1927bb714b8fe5141cb40f34a) Importer(2089858483,b0f066a214c2f5e87bad3c948f4d605d) (ScriptedImporter) -> (artifact id: '6e2a5a1c11366f0ca181f19fa3d6f9c9') in 0.0033004 seconds
Number of updated asset objects reloaded before import = 0Number of asset objects unloaded after import = 1

========================================================================
Received Import Request.
  Time since last request: 0.000013 seconds.
  path: Packages/com.unity.render-pipelines.universal/Editor/2D/ShaderGraph/Targets/Universal2DSubTargetDescriptors.cs
  artifactKey: Guid(8813ce52b5a413e40b14da5290946105) Importer(2089858483,b0f066a214c2f5e87bad3c948f4d605d)
Start importing Packages/com.unity.render-pipelines.universal/Editor/2D/ShaderGraph/Targets/Universal2DSubTargetDescriptors.cs using Guid(8813ce52b5a413e40b14da5290946105) Importer(2089858483,b0f066a214c2f5e87bad3c948f4d605d) (ScriptedImporter) -> (artifact id: '175f129b8dc4c0b3066a78c5f0eafce0') in 0.0047823 seconds
Number of updated asset objects reloaded before import = 0Number of asset objects unloaded after import = 0

========================================================================
Received Import Request.
  Time since last request: 0.000015 seconds.
  path: Packages/com.unity.render-pipelines.universal/Editor/VFXGraph/Shaders/Templates/VFXParticleCube.template
  artifactKey: Guid(16b454c8be4c1854fab1aa702812af16) Importer(2089858483,b0f066a214c2f5e87bad3c948f4d605d)
Start importing Packages/com.unity.render-pipelines.universal/Editor/VFXGraph/Shaders/Templates/VFXParticleCube.template using Guid(16b454c8be4c1854fab1aa702812af16) Importer(2089858483,b0f066a214c2f5e87bad3c948f4d605d) (ScriptedImporter) -> (artifact id: '60010c9090ede4dafc7c03fb739cb133') in 0.0037887 seconds
Number of updated asset objects reloaded before import = 0Number of asset objects unloaded after import = 1

========================================================================
Received Import Request.
  Time since last request: 0.000014 seconds.
  path: Packages/com.unity.render-pipelines.universal/Tests/Editor/PostProcessDataTests/PostProcessData BloomPS Different.asset
  artifactKey: Guid(e7b20d8e594294f4380ea14212e1b042) Importer(2089858483,b0f066a214c2f5e87bad3c948f4d605d)
Start importing Packages/com.unity.render-pipelines.universal/Tests/Editor/PostProcessDataTests/PostProcessData BloomPS Different.asset using Guid(e7b20d8e594294f4380ea14212e1b042) Importer(2089858483,b0f066a214c2f5e87bad3c948f4d605d) (ScriptedImporter) -> (artifact id: '598153a612903ca05f28e8b90a1b88ba') in 0.0093228 seconds
Number of updated asset objects reloaded before import = 0Number of asset objects unloaded after import = 1

========================================================================
Received Import Request.
  Time since last request: 0.000016 seconds.
  path: Packages/com.unity.render-pipelines.universal/Runtime/RendererFeatures/SurfaceCacheGI/SurfaceCacheCore/RestirCandidateTemporal.hlsl
  artifactKey: Guid(e78ab4c515da1e442a19a4905ed03844) Importer(2089858483,b0f066a214c2f5e87bad3c948f4d605d)
Start importing Packages/com.unity.render-pipelines.universal/Runtime/RendererFeatures/SurfaceCacheGI/SurfaceCacheCore/RestirCandidateTemporal.hlsl using Guid(e78ab4c515da1e442a19a4905ed03844) Importer(2089858483,b0f066a214c2f5e87bad3c948f4d605d) (ScriptedImporter) -> (artifact id: 'ab86adaab5694d7be17757873b1fde1f') in 0.0037702 seconds
Number of updated asset objects reloaded before import = 0Number of asset objects unloaded after import = 1

========================================================================
Received Import Request.
  Time since last request: 0.000022 seconds.
  path: Packages/com.unity.shadergraph/Editor/Data/Nodes/Input/Texture/SampleVirtualTextureNode.cs
  artifactKey: Guid(29b42276bd0679743bb3386305aa7691) Importer(2089858483,b0f066a214c2f5e87bad3c948f4d605d)
Start importing Packages/com.unity.shadergraph/Editor/Data/Nodes/Input/Texture/SampleVirtualTextureNode.cs using Guid(29b42276bd0679743bb3386305aa7691) Importer(2089858483,b0f066a214c2f5e87bad3c948f4d605d) (ScriptedImporter) -> (artifact id: '0a1f9ee1e11e260d1fd9f33d44e09e90') in 0.0039079 seconds
Number of updated asset objects reloaded before import = 0Number of asset objects unloaded after import = 0

========================================================================
Received Import Request.
  Time since last request: 0.000016 seconds.
  path: Packages/com.unity.shadergraph/Editor/Data/Nodes/Math/Basic/SubtractNode.cs
  artifactKey: Guid(b251c305a044f49438dff356f1e7bb84) Importer(2089858483,b0f066a214c2f5e87bad3c948f4d605d)
Start importing Packages/com.unity.shadergraph/Editor/Data/Nodes/Math/Basic/SubtractNode.cs using Guid(b251c305a044f49438dff356f1e7bb84) Importer(2089858483,b0f066a214c2f5e87bad3c948f4d605d) (ScriptedImporter) -> (artifact id: 'a02c25f6da85ee7daecbf2309921513b') in 0.0042626 seconds
Number of updated asset objects reloaded before import = 0Number of asset objects unloaded after import = 0

========================================================================
Received Import Request.
  Time since last request: 0.000017 seconds.
  path: Packages/com.unity.shadergraph/Editor/Generation/Targets/BuiltIn/ShaderLibrary/Particles.hlsl
  artifactKey: Guid(4273cde13e0f6f9428ee53ed68036d6a) Importer(2089858483,b0f066a214c2f5e87bad3c948f4d605d)
Start importing Packages/com.unity.shadergraph/Editor/Generation/Targets/BuiltIn/ShaderLibrary/Particles.hlsl using Guid(4273cde13e0f6f9428ee53ed68036d6a) Importer(2089858483,b0f066a214c2f5e87bad3c948f4d605d) (ScriptedImporter) -> (artifact id: '8f20ce18a87aff0b0885eaba8c24be00') in 0.0043136 seconds
Number of updated asset objects reloaded before import = 0Number of asset objects unloaded after import = 1

========================================================================
Received Import Request.
  Time since last request: 0.000014 seconds.
  path: Packages/com.unity.shadergraph/Editor/Generation/Enumerations/DisableBatching.cs
  artifactKey: Guid(444666fde0a2e4e46af51b795645b2dc) Importer(2089858483,b0f066a214c2f5e87bad3c948f4d605d)
Start importing Packages/com.unity.shadergraph/Editor/Generation/Enumerations/DisableBatching.cs using Guid(444666fde0a2e4e46af51b795645b2dc) Importer(2089858483,b0f066a214c2f5e87bad3c948f4d605d) (ScriptedImporter) -> (artifact id: 'c5e36f63711479eb2c259d925a728fde') in 0.0036481 seconds
Number of updated asset objects reloaded before import = 0Number of asset objects unloaded after import = 0

========================================================================
Received Import Request.
  Time since last request: 0.000015 seconds.
  path: Packages/com.unity.shadergraph/Editor/Data/Nodes/Artistic/Normal/NormalFromTextureNode.cs
  artifactKey: Guid(c943843c9c7424a4d9b629c087d93df5) Importer(2089858483,b0f066a214c2f5e87bad3c948f4d605d)
Start importing Packages/com.unity.shadergraph/Editor/Data/Nodes/Artistic/Normal/NormalFromTextureNode.cs using Guid(c943843c9c7424a4d9b629c087d93df5) Importer(2089858483,b0f066a214c2f5e87bad3c948f4d605d) (ScriptedImporter) -> (artifact id: '6e58711b914f89974f8a791494f13895') in 0.003782 seconds
Number of updated asset objects reloaded before import = 0Number of asset objects unloaded after import = 0

========================================================================
Received Import Request.
  Time since last request: 0.000016 seconds.
  path: Packages/com.unity.shadergraph/Editor/Drawing/Views/IShaderNodeView.cs
  artifactKey: Guid(b03bcd5e49f90634390c43e32abae2f7) Importer(2089858483,b0f066a214c2f5e87bad3c948f4d605d)
Start importing Packages/com.unity.shadergraph/Editor/Drawing/Views/IShaderNodeView.cs using Guid(b03bcd5e49f90634390c43e32abae2f7) Importer(2089858483,b0f066a214c2f5e87bad3c948f4d605d) (ScriptedImporter) -> (artifact id: '0371d54eb661baabb8c8a3a62a89724e') in 0.0041004 seconds
Number of updated asset objects reloaded before import = 0Number of asset objects unloaded after import = 0

========================================================================
Received Import Request.
  Time since last request: 0.000024 seconds.
  path: Packages/com.unity.shadergraph/Editor/Generation/Templates/BuildVertexDescriptionInputs.template.hlsl
  artifactKey: Guid(430a733c64a5c474787ac95203c2056b) Importer(2089858483,b0f066a214c2f5e87bad3c948f4d605d)
Start importing Packages/com.unity.shadergraph/Editor/Generation/Templates/BuildVertexDescriptionInputs.template.hlsl using Guid(430a733c64a5c474787ac95203c2056b) Importer(2089858483,b0f066a214c2f5e87bad3c948f4d605d) (ScriptedImporter) -> (artifact id: '98de2a310513ebc7f22e440e0bcf937f') in 0.0039624 seconds
Number of updated asset objects reloaded before import = 0Number of asset objects unloaded after import = 1

========================================================================
Received Import Request.
  Time since last request: 0.000014 seconds.
  path: Packages/com.unity.shadergraph/Editor/Generation/Enumerations/BlendOp.cs
  artifactKey: Guid(f37bd1bb1cb123a409370c2cc1eefef4) Importer(2089858483,b0f066a214c2f5e87bad3c948f4d605d)
Start importing Packages/com.unity.shadergraph/Editor/Generation/Enumerations/BlendOp.cs using Guid(f37bd1bb1cb123a409370c2cc1eefef4) Importer(2089858483,b0f066a214c2f5e87bad3c948f4d605d) (ScriptedImporter) -> (artifact id: '8298b52b57ed3a4416575d7382b08159') in 0.0035957 seconds
Number of updated asset objects reloaded before import = 0Number of asset objects unloaded after import = 0

========================================================================
Received Import Request.
  Time since last request: 0.000014 seconds.
  path: Packages/com.unity.render-pipelines.universal/Shaders/LitGBufferPass.hlsl
  artifactKey: Guid(92673cbb58cac8e4d8b5d044ce912dd8) Importer(2089858483,b0f066a214c2f5e87bad3c948f4d605d)
Start importing Packages/com.unity.render-pipelines.universal/Shaders/LitGBufferPass.hlsl using Guid(92673cbb58cac8e4d8b5d044ce912dd8) Importer(2089858483,b0f066a214c2f5e87bad3c948f4d605d) (ScriptedImporter) -> (artifact id: 'e87ec799d0c08b2f8c1d393ce5bf6d0c') in 0.0038604 seconds
Number of updated asset objects reloaded before import = 0Number of asset objects unloaded after import = 1

========================================================================
Received Import Request.
  Time since last request: 0.000014 seconds.
  path: Packages/com.unity.shadergraph/Editor/Data/Util/SpaceTransformUtil.cs
  artifactKey: Guid(cd2b12a40ed6b7d40bb34740b5b6728a) Importer(2089858483,b0f066a214c2f5e87bad3c948f4d605d)
Start importing Packages/com.unity.shadergraph/Editor/Data/Util/SpaceTransformUtil.cs using Guid(cd2b12a40ed6b7d40bb34740b5b6728a) Importer(2089858483,b0f066a214c2f5e87bad3c948f4d605d) (ScriptedImporter) -> (artifact id: '687cb4278dea66a53a1f6e61b33dca5c') in 0.003749 seconds
Number of updated asset objects reloaded before import = 0Number of asset objects unloaded after import = 0

========================================================================
Received Import Request.
  Time since last request: 0.000013 seconds.
  path: Packages/com.unity.render-pipelines.universal/Shaders/Utils/FallbackLoading.shader
  artifactKey: Guid(7f888aff2ac86494babad1c2c5daeee2) Importer(2089858483,b0f066a214c2f5e87bad3c948f4d605d)
Start importing Packages/com.unity.render-pipelines.universal/Shaders/Utils/FallbackLoading.shader using Guid(7f888aff2ac86494babad1c2c5daeee2) Importer(2089858483,b0f066a214c2f5e87bad3c948f4d605d) (ScriptedImporter) -> (artifact id: 'd4948e0c88a909062826b92c52acf869') in 0.0047865 seconds
Number of updated asset objects reloaded before import = 0Number of asset objects unloaded after import = 1

========================================================================
Received Import Request.
  Time since last request: 0.000017 seconds.
  path: Packages/com.unity.render-pipelines.universal/Runtime/2D/Unity.RenderPipelines.Universal.2D.Runtime.asmdef
  artifactKey: Guid(516a5277b8c3b4f4c8cc86b77b1591ff) Importer(2089858483,b0f066a214c2f5e87bad3c948f4d605d)
Start importing Packages/com.unity.render-pipelines.universal/Runtime/2D/Unity.RenderPipelines.Universal.2D.Runtime.asmdef using Guid(516a5277b8c3b4f4c8cc86b77b1591ff) Importer(2089858483,b0f066a214c2f5e87bad3c948f4d605d) (ScriptedImporter) -> (artifact id: '2e2345445607caa9c952cd8dc043bda2') in 0.005235 seconds
Number of updated asset objects reloaded before import = 0Number of asset objects unloaded after import = 1

========================================================================
Received Import Request.
  Time since last request: 0.000027 seconds.
  path: Packages/com.unity.shadergraph/Editor/Data/Nodes/Artistic/Adjustment/ChannelMixerNode.cs
  artifactKey: Guid(d8d3a2d8c96e5994696f30f658efebea) Importer(2089858483,b0f066a214c2f5e87bad3c948f4d605d)
Start importing Packages/com.unity.shadergraph/Editor/Data/Nodes/Artistic/Adjustment/ChannelMixerNode.cs using Guid(d8d3a2d8c96e5994696f30f658efebea) Importer(2089858483,b0f066a214c2f5e87bad3c948f4d605d) (ScriptedImporter) -> (artifact id: '00872031902ba7a4ae3fe55df6375b77') in 0.0043246 seconds
Number of updated asset objects reloaded before import = 0Number of asset objects unloaded after import = 0

========================================================================
Received Import Request.
  Time since last request: 0.000014 seconds.
  path: Packages/com.unity.render-pipelines.universal/Shaders/Terrain/TerrainLitBase.shader
  artifactKey: Guid(21322c8b137c66e49b86085d3c8161f6) Importer(2089858483,b0f066a214c2f5e87bad3c948f4d605d)
Start importing Packages/com.unity.render-pipelines.universal/Shaders/Terrain/TerrainLitBase.shader using Guid(21322c8b137c66e49b86085d3c8161f6) Importer(2089858483,b0f066a214c2f5e87bad3c948f4d605d) (ScriptedImporter) -> (artifact id: '55b2ef9ad131567b82aa98dd9096b50e') in 0.0051807 seconds
Number of updated asset objects reloaded before import = 0Number of asset objects unloaded after import = 1

========================================================================
Received Import Request.
  Time since last request: 0.000013 seconds.
  path: Packages/com.unity.modules.accessibility/package.json
  artifactKey: Guid(43674d438e19b89d7fe6af07234f3252) Importer(2089858483,b0f066a214c2f5e87bad3c948f4d605d)
Start importing Packages/com.unity.modules.accessibility/package.json using Guid(43674d438e19b89d7fe6af07234f3252) Importer(2089858483,b0f066a214c2f5e87bad3c948f4d605d) (ScriptedImporter) -> (artifact id: '56dd66206738c9fc77fbf6914769b98b') in 0.003372 seconds
Number of updated asset objects reloaded before import = 0Number of asset objects unloaded after import = 1

========================================================================
Received Import Request.
  Time since last request: 0.000013 seconds.
  path: Packages/com.unity.render-pipelines.universal/Tests/Editor/Tools/Converters/ReadonlyMaterialConverter/ReadonlyMaterialConverterTests.MaterialReferenceChanger.cs
  artifactKey: Guid(4839e753f107dca4db956c531da90096) Importer(2089858483,b0f066a214c2f5e87bad3c948f4d605d)
Start importing Packages/com.unity.render-pipelines.universal/Tests/Editor/Tools/Converters/ReadonlyMaterialConverter/ReadonlyMaterialConverterTests.MaterialReferenceChanger.cs using Guid(4839e753f107dca4db956c531da90096) Importer(2089858483,b0f066a214c2f5e87bad3c948f4d605d) (ScriptedImporter) -> (artifact id: '89b692ea03cae2edc6a60b072421964c') in 0.0035745 seconds
Number of updated asset objects reloaded before import = 0Number of asset objects unloaded after import = 0

========================================================================
Received Import Request.
  Time since last request: 0.000014 seconds.
  path: Packages/com.unity.render-pipelines.universal/Runtime/Passes/AdditionalLightsShadowCasterPass.cs
  artifactKey: Guid(f46c1a0c3e3a98848a0efbf4e1fd5675) Importer(2089858483,b0f066a214c2f5e87bad3c948f4d605d)
Start importing Packages/com.unity.render-pipelines.universal/Runtime/Passes/AdditionalLightsShadowCasterPass.cs using Guid(f46c1a0c3e3a98848a0efbf4e1fd5675) Importer(2089858483,b0f066a214c2f5e87bad3c948f4d605d) (ScriptedImporter) -> (artifact id: '755ca8369d87cd9bc64a88992ee412ee') in 0.0034924 seconds
Number of updated asset objects reloaded before import = 0Number of asset objects unloaded after import = 0

========================================================================
Received Import Request.
  Time since last request: 0.000024 seconds.
  path: Packages/com.unity.render-pipelines.universal/Editor/SceneTemplates/Materials/White.mat
  artifactKey: Guid(f96821bbefeea864b9b418af4b8615ac) Importer(2089858483,b0f066a214c2f5e87bad3c948f4d605d)
Start importing Packages/com.unity.render-pipelines.universal/Editor/SceneTemplates/Materials/White.mat using Guid(f96821bbefeea864b9b418af4b8615ac) Importer(2089858483,b0f066a214c2f5e87bad3c948f4d605d) (ScriptedImporter) -> (artifact id: 'da41bbf41a234c989b52be2f650310aa') in 0.0099825 seconds
Number of updated asset objects reloaded before import = 0Number of asset objects unloaded after import = 1

========================================================================
Received Import Request.
  Time since last request: 0.000022 seconds.
  path: Packages/com.unity.shadergraph/Editor/Generation/Targets/UITK/Templates/PassUI.template
  artifactKey: Guid(3b060531fe7ce41768321dd4c68d7f75) Importer(2089858483,b0f066a214c2f5e87bad3c948f4d605d)
Start importing Packages/com.unity.shadergraph/Editor/Generation/Targets/UITK/Templates/PassUI.template using Guid(3b060531fe7ce41768321dd4c68d7f75) Importer(2089858483,b0f066a214c2f5e87bad3c948f4d605d) (ScriptedImporter) -> (artifact id: '55fbb49fcd3e3c990ec69386fc391104') in 0.0045029 seconds
Number of updated asset objects reloaded before import = 0Number of asset objects unloaded after import = 1

========================================================================
Received Import Request.
  Time since last request: 0.000016 seconds.
  path: Packages/com.unity.shadergraph/Editor/Drawing/Inspector/PropertyDrawers/IntegerPropertyDrawer.cs
  artifactKey: Guid(f2163038c8be4befb58f6aff22e6bd00) Importer(2089858483,b0f066a214c2f5e87bad3c948f4d605d)
Start importing Packages/com.unity.shadergraph/Editor/Drawing/Inspector/PropertyDrawers/IntegerPropertyDrawer.cs using Guid(f2163038c8be4befb58f6aff22e6bd00) Importer(2089858483,b0f066a214c2f5e87bad3c948f4d605d) (ScriptedImporter) -> (artifact id: '5e03a0679e46fff258e3d14d13bae0f5') in 0.0037376 seconds
Number of updated asset objects reloaded before import = 0Number of asset objects unloaded after import = 0

========================================================================
Received Import Request.
  Time since last request: 0.000013 seconds.
  path: Packages/com.unity.render-pipelines.universal/Editor/ShaderGUI/Shaders/ParticlesSimpleLitShader.cs
  artifactKey: Guid(3d80ff2d19402463c8a2a52558deaf43) Importer(2089858483,b0f066a214c2f5e87bad3c948f4d605d)
Start importing Packages/com.unity.render-pipelines.universal/Editor/ShaderGUI/Shaders/ParticlesSimpleLitShader.cs using Guid(3d80ff2d19402463c8a2a52558deaf43) Importer(2089858483,b0f066a214c2f5e87bad3c948f4d605d) (ScriptedImporter) -> (artifact id: 'fd96479dbc87b3e0e44e455755db6c0e') in 0.0040788 seconds
Number of updated asset objects reloaded before import = 0Number of asset objects unloaded after import = 0

========================================================================
Received Import Request.
  Time since last request: 0.000016 seconds.
  path: Packages/com.unity.render-pipelines.universal/Runtime/RendererFeatures/SurfaceCacheGI/SurfaceCacheCore/RestirEstimation.hlsl
  artifactKey: Guid(66f41beb195ccdf408b955566b037e9d) Importer(2089858483,b0f066a214c2f5e87bad3c948f4d605d)
Start importing Packages/com.unity.render-pipelines.universal/Runtime/RendererFeatures/SurfaceCacheGI/SurfaceCacheCore/RestirEstimation.hlsl using Guid(66f41beb195ccdf408b955566b037e9d) Importer(2089858483,b0f066a214c2f5e87bad3c948f4d605d) (ScriptedImporter) -> (artifact id: '993e30ce0cebcea2ddc50584d02cb24d') in 0.004266 seconds
Number of updated asset objects reloaded before import = 0Number of asset objects unloaded after import = 1

========================================================================
Received Import Request.
  Time since last request: 0.000013 seconds.
  path: Packages/com.unity.shadergraph/Editor/Data/Nodes/Input/Texture/CubemapAssetNode.cs
  artifactKey: Guid(968ed0a541658844486b1ac5ab57ee2d) Importer(2089858483,b0f066a214c2f5e87bad3c948f4d605d)
Start importing Packages/com.unity.shadergraph/Editor/Data/Nodes/Input/Texture/CubemapAssetNode.cs using Guid(968ed0a541658844486b1ac5ab57ee2d) Importer(2089858483,b0f066a214c2f5e87bad3c948f4d605d) (ScriptedImporter) -> (artifact id: '259361541bc461e24c1939db8b7814dd') in 0.0040165 seconds
Number of updated asset objects reloaded before import = 0Number of asset objects unloaded after import = 0

========================================================================
Received Import Request.
  Time since last request: 0.000017 seconds.
  path: Packages/com.unity.render-pipelines.universal/ShaderLibrary/ShaderTypes.cs.hlsl
  artifactKey: Guid(6be8cfeb6b34eca43b000cb7bad7255e) Importer(2089858483,b0f066a214c2f5e87bad3c948f4d605d)
Start importing Packages/com.unity.render-pipelines.universal/ShaderLibrary/ShaderTypes.cs.hlsl using Guid(6be8cfeb6b34eca43b000cb7bad7255e) Importer(2089858483,b0f066a214c2f5e87bad3c948f4d605d) (ScriptedImporter) -> (artifact id: 'aeadd9a4a86af4d7fed2892687596199') in 0.004093 seconds
Number of updated asset objects reloaded before import = 0Number of asset objects unloaded after import = 1

========================================================================
Received Import Request.
  Time since last request: 0.000021 seconds.
  path: Packages/com.unity.shadergraph/Editor/Resources/Icons/sg_subgraph_icon.png
  artifactKey: Guid(2f2e2190c36a7b54295d734e567b3e44) Importer(2089858483,b0f066a214c2f5e87bad3c948f4d605d)
Start importing Packages/com.unity.shadergraph/Editor/Resources/Icons/sg_subgraph_icon.png using Guid(2f2e2190c36a7b54295d734e567b3e44) Importer(2089858483,b0f066a214c2f5e87bad3c948f4d605d) (ScriptedImporter) -> (artifact id: '1614d1471b2990a9faa9b0d4063ec350') in 0.0067968 seconds
Number of updated asset objects reloaded before import = 0Number of asset objects unloaded after import = 1

========================================================================
Received Import Request.
  Time since last request: 0.000013 seconds.
  path: Packages/com.unity.render-pipelines.universal/Runtime/SceneViewDrawMode.cs
  artifactKey: Guid(d7255bed85944a04fa68dd4d1d28022a) Importer(2089858483,b0f066a214c2f5e87bad3c948f4d605d)
Start importing Packages/com.unity.render-pipelines.universal/Runtime/SceneViewDrawMode.cs using Guid(d7255bed85944a04fa68dd4d1d28022a) Importer(2089858483,b0f066a214c2f5e87bad3c948f4d605d) (ScriptedImporter) -> (artifact id: '06df14e219525f7ee0c27ec2e62058e2') in 0.0035701 seconds
Number of updated asset objects reloaded before import = 0Number of asset objects unloaded after import = 0

========================================================================
Received Import Request.
  Time since last request: 0.000013 seconds.
  path: Packages/com.unity.render-pipelines.universal/Runtime/History/RawDepthHistory.cs
  artifactKey: Guid(e120334449e144591bf8fd51debb4063) Importer(2089858483,b0f066a214c2f5e87bad3c948f4d605d)
Start importing Packages/com.unity.render-pipelines.universal/Runtime/History/RawDepthHistory.cs using Guid(e120334449e144591bf8fd51debb4063) Importer(2089858483,b0f066a214c2f5e87bad3c948f4d605d) (ScriptedImporter) -> (artifact id: 'f78fcba85e99ce2068a27862877c6185') in 0.0037276 seconds
Number of updated asset objects reloaded before import = 0Number of asset objects unloaded after import = 0

========================================================================
Received Import Request.
  Time since last request: 0.000015 seconds.
  path: Packages/com.unity.shadergraph/Editor/Drawing/Colors/ColorManager.cs
  artifactKey: Guid(739266dbe5679492f90aba99b9265731) Importer(2089858483,b0f066a214c2f5e87bad3c948f4d605d)
Start importing Packages/com.unity.shadergraph/Editor/Drawing/Colors/ColorManager.cs using Guid(739266dbe5679492f90aba99b9265731) Importer(2089858483,b0f066a214c2f5e87bad3c948f4d605d) (ScriptedImporter) -> (artifact id: '48226e11b1a8bdebdc97e9f701ae8c1a') in 0.0039499 seconds
Number of updated asset objects reloaded before import = 0Number of asset objects unloaded after import = 0

========================================================================
Received Import Request.
  Time since last request: 0.000014 seconds.
  path: Packages/com.unity.shadergraph/Editor/Generation/Targets/BuiltIn/Editor/ShaderGraph/Includes/PBRDeferredPass.hlsl
  artifactKey: Guid(12263a5b80a209c44ae6188994252ecd) Importer(2089858483,b0f066a214c2f5e87bad3c948f4d605d)
Start importing Packages/com.unity.shadergraph/Editor/Generation/Targets/BuiltIn/Editor/ShaderGraph/Includes/PBRDeferredPass.hlsl using Guid(12263a5b80a209c44ae6188994252ecd) Importer(2089858483,b0f066a214c2f5e87bad3c948f4d605d) (ScriptedImporter) -> (artifact id: '46b4c9bacef26a7d2125e7ca57c8b6be') in 0.0040449 seconds
Number of updated asset objects reloaded before import = 0Number of asset objects unloaded after import = 1

========================================================================
Received Import Request.
  Time since last request: 0.000015 seconds.
  path: Packages/com.unity.render-pipelines.universal/Shaders/PostProcessing/StopNaN.shader
  artifactKey: Guid(1121bb4e615ca3c48b214e79e841e823) Importer(2089858483,b0f066a214c2f5e87bad3c948f4d605d)
Start importing Packages/com.unity.render-pipelines.universal/Shaders/PostProcessing/StopNaN.shader using Guid(1121bb4e615ca3c48b214e79e841e823) Importer(2089858483,b0f066a214c2f5e87bad3c948f4d605d) (ScriptedImporter) -> (artifact id: '4a041d201a8eaaf9f5d72f47838081ae') in 0.0046639 seconds
Number of updated asset objects reloaded before import = 0Number of asset objects unloaded after import = 0

========================================================================
Received Import Request.
  Time since last request: 0.000022 seconds.
  path: Packages/com.unity.shadergraph/Editor/Data/Nodes/Utility/Logic/AnyNode.cs
  artifactKey: Guid(f3d072ddeeee848848f2e59dbb5cf1d9) Importer(2089858483,b0f066a214c2f5e87bad3c948f4d605d)
Start importing Packages/com.unity.shadergraph/Editor/Data/Nodes/Utility/Logic/AnyNode.cs using Guid(f3d072ddeeee848848f2e59dbb5cf1d9) Importer(2089858483,b0f066a214c2f5e87bad3c948f4d605d) (ScriptedImporter) -> (artifact id: 'df8b1eee9fabd2b30988fe252afeb19d') in 0.0038527 seconds
Number of updated asset objects reloaded before import = 0Number of asset objects unloaded after import = 0

========================================================================
Received Import Request.
  Time since last request: 0.000013 seconds.
  path: Packages/com.unity.render-pipelines.universal/ShaderLibrary/UniversalDOTSInstancing.hlsl
  artifactKey: Guid(91bd1404255c4cb28a6c81f20300308f) Importer(2089858483,b0f066a214c2f5e87bad3c948f4d605d)
Start importing Packages/com.unity.render-pipelines.universal/ShaderLibrary/UniversalDOTSInstancing.hlsl using Guid(91bd1404255c4cb28a6c81f20300308f) Importer(2089858483,b0f066a214c2f5e87bad3c948f4d605d) (ScriptedImporter) -> (artifact id: 'c7c45397b37d29b8867dd4d559623dcc') in 0.0040793 seconds
Number of updated asset objects reloaded before import = 0Number of asset objects unloaded after import = 1

========================================================================
Received Import Request.
  Time since last request: 0.000013 seconds.
  path: Packages/com.unity.render-pipelines.universal/Editor/SceneTemplates/Basic.scenetemplate
  artifactKey: Guid(3f9cc3f14b0454fa7b997b33a99d539f) Importer(2089858483,b0f066a214c2f5e87bad3c948f4d605d)
Start importing Packages/com.unity.render-pipelines.universal/Editor/SceneTemplates/Basic.scenetemplate using Guid(3f9cc3f14b0454fa7b997b33a99d539f) Importer(2089858483,b0f066a214c2f5e87bad3c948f4d605d) (ScriptedImporter) -> (artifact id: '3acd5e9a9fc418f950d0d941e48385f4') in 0.019569 seconds
Number of updated asset objects reloaded before import = 0Number of asset objects unloaded after import = 3

========================================================================
Received Import Request.
  Time since last request: 0.000020 seconds.
  path: Packages/com.unity.shadergraph/Editor/Drawing/Views/FloatField.cs
  artifactKey: Guid(f1ab7cad0fa94639990c801ecf80bff2) Importer(2089858483,b0f066a214c2f5e87bad3c948f4d605d)
Start importing Packages/com.unity.shadergraph/Editor/Drawing/Views/FloatField.cs using Guid(f1ab7cad0fa94639990c801ecf80bff2) Importer(2089858483,b0f066a214c2f5e87bad3c948f4d605d) (ScriptedImporter) -> (artifact id: '71678886bd40e55770b3a0813e4adcc0') in 0.0040776 seconds
Number of updated asset objects reloaded before import = 0Number of asset objects unloaded after import = 0

========================================================================
Received Import Request.
  Time since last request: 0.000014 seconds.
  path: Packages/com.unity.shadergraph/Editor/Drawing/Inspector/PropertyDrawers/Vector4PropertyDrawer.cs
  artifactKey: Guid(55f775cc6637496c92d1b8df4030ada4) Importer(2089858483,b0f066a214c2f5e87bad3c948f4d605d)
Start importing Packages/com.unity.shadergraph/Editor/Drawing/Inspector/PropertyDrawers/Vector4PropertyDrawer.cs using Guid(55f775cc6637496c92d1b8df4030ada4) Importer(2089858483,b0f066a214c2f5e87bad3c948f4d605d) (ScriptedImporter) -> (artifact id: '4fd97cc8f42b5a9faa2bc633cf9106a1') in 0.0033146 seconds
Number of updated asset objects reloaded before import = 0Number of asset objects unloaded after import = 0

========================================================================
Received Import Request.
  Time since last request: 0.000015 seconds.
  path: Packages/com.unity.render-pipelines.universal/Editor/VFXGraph/Shaders/Templates/ParticleMeshesLit/PassGBuffer.template
  artifactKey: Guid(268a144f637cfd343e3952cf770998d5) Importer(2089858483,b0f066a214c2f5e87bad3c948f4d605d)
Start importing Packages/com.unity.render-pipelines.universal/Editor/VFXGraph/Shaders/Templates/ParticleMeshesLit/PassGBuffer.template using Guid(268a144f637cfd343e3952cf770998d5) Importer(2089858483,b0f066a214c2f5e87bad3c948f4d605d) (ScriptedImporter) -> (artifact id: '31149040a645c7cd832be0ef8fbc7b46') in 0.0031022 seconds
Number of updated asset objects reloaded before import = 0Number of asset objects unloaded after import = 1

========================================================================
Received Import Request.
  Time since last request: 0.000021 seconds.
  path: Packages/com.unity.render-pipelines.universal/Editor/VFXGraph/Shaders/Templates/VFXParticleLinesSW.template
  artifactKey: Guid(349d67d896d33a54181e800b229b65ec) Importer(2089858483,b0f066a214c2f5e87bad3c948f4d605d)
Start importing Packages/com.unity.render-pipelines.universal/Editor/VFXGraph/Shaders/Templates/VFXParticleLinesSW.template using Guid(349d67d896d33a54181e800b229b65ec) Importer(2089858483,b0f066a214c2f5e87bad3c948f4d605d) (ScriptedImporter) -> (artifact id: 'a0b00a2b5ecbbae57e934e5959736fcf') in 0.003182 seconds
Number of updated asset objects reloaded before import = 0Number of asset objects unloaded after import = 1

========================================================================
Received Import Request.
  Time since last request: 0.000013 seconds.
  path: Packages/com.unity.shadergraph/Editor/Generation/Targets/BuiltIn/Editor/AssetPostProcessors/ShaderGraphMaterialsUpdater.cs
  artifactKey: Guid(96dcdfbd3dc811444976b0a1cebe8444) Importer(2089858483,b0f066a214c2f5e87bad3c948f4d605d)
Start importing Packages/com.unity.shadergraph/Editor/Generation/Targets/BuiltIn/Editor/AssetPostProcessors/ShaderGraphMaterialsUpdater.cs using Guid(96dcdfbd3dc811444976b0a1cebe8444) Importer(2089858483,b0f066a214c2f5e87bad3c948f4d605d) (ScriptedImporter) -> (artifact id: '5efcabad0e4d5e20f6dc41a43f851c68') in 0.0033892 seconds
Number of updated asset objects reloaded before import = 0Number of asset objects unloaded after import = 0

========================================================================
Received Import Request.
  Time since last request: 0.000015 seconds.
  path: Packages/com.unity.render-pipelines.universal-config/Tests/Editor/ConfigurationTest.cs
  artifactKey: Guid(28cb5284b30f27f43acfde7190ececc6) Importer(2089858483,b0f066a214c2f5e87bad3c948f4d605d)
Start importing Packages/com.unity.render-pipelines.universal-config/Tests/Editor/ConfigurationTest.cs using Guid(28cb5284b30f27f43acfde7190ececc6) Importer(2089858483,b0f066a214c2f5e87bad3c948f4d605d) (ScriptedImporter) -> (artifact id: 'c889bd663e9b5d118f426aa1779f3ddd') in 0.0032664 seconds
Number of updated asset objects reloaded before import = 0Number of asset objects unloaded after import = 0

========================================================================
Received Import Request.
  Time since last request: 0.000017 seconds.
  path: Packages/com.unity.render-pipelines.universal/Tests/Editor/EditorTests.cs
  artifactKey: Guid(42af586c09f391941a2a8a7bd5164b31) Importer(2089858483,b0f066a214c2f5e87bad3c948f4d605d)
Start importing Packages/com.unity.render-pipelines.universal/Tests/Editor/EditorTests.cs using Guid(42af586c09f391941a2a8a7bd5164b31) Importer(2089858483,b0f066a214c2f5e87bad3c948f4d605d) (ScriptedImporter) -> (artifact id: '93df6f0b56007de81e87a3b352685873') in 0.0033442 seconds
Number of updated asset objects reloaded before import = 0Number of asset objects unloaded after import = 0

========================================================================
Received Import Request.
  Time since last request: 0.000015 seconds.
  path: Packages/com.unity.render-pipelines.universal/Editor/Converter/converter_editor.uss
  artifactKey: Guid(0356b27d63ed56a4c9b6fa5b729c89f8) Importer(2089858483,b0f066a214c2f5e87bad3c948f4d605d)
Start importing Packages/com.unity.render-pipelines.universal/Editor/Converter/converter_editor.uss using Guid(0356b27d63ed56a4c9b6fa5b729c89f8) Importer(2089858483,b0f066a214c2f5e87bad3c948f4d605d) (ScriptedImporter) -> (artifact id: 'ced39650c850f160b47b4a91c68c02c6') in 0.0043346 seconds
Number of updated asset objects reloaded before import = 0Number of asset objects unloaded after import = 1

========================================================================
Received Import Request.
  Time since last request: 0.000014 seconds.
  path: Packages/com.unity.render-pipelines.universal/Shaders/DepthOnlyPass.hlsl
  artifactKey: Guid(0acd4fdbcf0cf654a9cdf3e9ccc2edce) Importer(2089858483,b0f066a214c2f5e87bad3c948f4d605d)
Start importing Packages/com.unity.render-pipelines.universal/Shaders/DepthOnlyPass.hlsl using Guid(0acd4fdbcf0cf654a9cdf3e9ccc2edce) Importer(2089858483,b0f066a214c2f5e87bad3c948f4d605d) (ScriptedImporter) -> (artifact id: '6e7bc8aa1552229205220ce9f37f2f96') in 0.0032749 seconds
Number of updated asset objects reloaded before import = 0Number of asset objects unloaded after import = 1

========================================================================
Received Import Request.
  Time since last request: 0.000022 seconds.
  path: Packages/com.unity.shadergraph/Editor/Data/Nodes/ShaderStage.cs
  artifactKey: Guid(02d8af4c3fb9404ba3d6689c815c18d2) Importer(2089858483,b0f066a214c2f5e87bad3c948f4d605d)
Start importing Packages/com.unity.shadergraph/Editor/Data/Nodes/ShaderStage.cs using Guid(02d8af4c3fb9404ba3d6689c815c18d2) Importer(2089858483,b0f066a214c2f5e87bad3c948f4d605d) (ScriptedImporter) -> (artifact id: '1eb8538f12a88321c888f81a014ef7f2') in 0.003437 seconds
Number of updated asset objects reloaded before import = 0Number of asset objects unloaded after import = 0

========================================================================
Received Import Request.
  Time since last request: 0.000014 seconds.
  path: Packages/com.unity.shadergraph/Editor/Resources/Styles/Controls/DielectricSpecularControlView.uss
  artifactKey: Guid(b6e0d19d1d9f531419f20cd97c102ad5) Importer(2089858483,b0f066a214c2f5e87bad3c948f4d605d)
Start importing Packages/com.unity.shadergraph/Editor/Resources/Styles/Controls/DielectricSpecularControlView.uss using Guid(b6e0d19d1d9f531419f20cd97c102ad5) Importer(2089858483,b0f066a214c2f5e87bad3c948f4d605d) (ScriptedImporter) -> (artifact id: 'bac41de1a7e56fa6ffd572533cb980ce') in 0.0041479 seconds
Number of updated asset objects reloaded before import = 0Number of asset objects unloaded after import = 1

========================================================================
Received Import Request.
  Time since last request: 0.000013 seconds.
  path: Packages/com.unity.render-pipelines.universal/Runtime/Decal/DBuffer/DBufferClear.shader
  artifactKey: Guid(f056d8bd2a1c7e44e9729144b4c70395) Importer(2089858483,b0f066a214c2f5e87bad3c948f4d605d)
Start importing Packages/com.unity.render-pipelines.universal/Runtime/Decal/DBuffer/DBufferClear.shader using Guid(f056d8bd2a1c7e44e9729144b4c70395) Importer(2089858483,b0f066a214c2f5e87bad3c948f4d605d) (ScriptedImporter) -> (artifact id: '481d5700caa9b1b428cdf1949e5a47fe') in 0.0049266 seconds
Number of updated asset objects reloaded before import = 0Number of asset objects unloaded after import = 0

========================================================================
Received Import Request.
  Time since last request: 0.000015 seconds.
  path: Packages/com.unity.shadergraph/Editor/Generation/Targets/Canvas/AssetCallbacks/CreateCanvasShadergraph.cs
  artifactKey: Guid(77f0b7eb337d453f907ab78780c7372e) Importer(2089858483,b0f066a214c2f5e87bad3c948f4d605d)
Start importing Packages/com.unity.shadergraph/Editor/Generation/Targets/Canvas/AssetCallbacks/CreateCanvasShadergraph.cs using Guid(77f0b7eb337d453f907ab78780c7372e) Importer(2089858483,b0f066a214c2f5e87bad3c948f4d605d) (ScriptedImporter) -> (artifact id: '4b0e8e121ed6bbeabb18ac9cfa4f2a10') in 0.0036172 seconds
Number of updated asset objects reloaded before import = 0Number of asset objects unloaded after import = 0

========================================================================
Received Import Request.
  Time since last request: 0.000014 seconds.
  path: Packages/com.unity.shadergraph/Editor/Data/Nodes/Math/Advanced/NormalizeNode.cs
  artifactKey: Guid(7eb73d726827e2c41ae4d68018bc97e1) Importer(2089858483,b0f066a214c2f5e87bad3c948f4d605d)
Start importing Packages/com.unity.shadergraph/Editor/Data/Nodes/Math/Advanced/NormalizeNode.cs using Guid(7eb73d726827e2c41ae4d68018bc97e1) Importer(2089858483,b0f066a214c2f5e87bad3c948f4d605d) (ScriptedImporter) -> (artifact id: 'fa22bd3d8b854b34c117b59e3570520c') in 0.0033277 seconds
Number of updated asset objects reloaded before import = 0Number of asset objects unloaded after import = 0

========================================================================
Received Import Request.
  Time since last request: 0.000016 seconds.
  path: Packages/com.unity.render-pipelines.universal/Runtime/ShadowCulling.cs
  artifactKey: Guid(a67c0bc2587298b44bc7bee9f923e8da) Importer(2089858483,b0f066a214c2f5e87bad3c948f4d605d)
Start importing Packages/com.unity.render-pipelines.universal/Runtime/ShadowCulling.cs using Guid(a67c0bc2587298b44bc7bee9f923e8da) Importer(2089858483,b0f066a214c2f5e87bad3c948f4d605d) (ScriptedImporter) -> (artifact id: '0ee3dbe73cb6a5c4cb498e405cde2d6e') in 0.0036812 seconds
Number of updated asset objects reloaded before import = 0Number of asset objects unloaded after import = 0

========================================================================
Received Import Request.
  Time since last request: 0.000023 seconds.
  path: Packages/com.unity.render-pipelines.universal/Textures/SMAA/SearchTex.tga
  artifactKey: Guid(51eee22c2a633ef4aada830eed57c3fd) Importer(2089858483,b0f066a214c2f5e87bad3c948f4d605d)
Start importing Packages/com.unity.render-pipelines.universal/Textures/SMAA/SearchTex.tga using Guid(51eee22c2a633ef4aada830eed57c3fd) Importer(2089858483,b0f066a214c2f5e87bad3c948f4d605d) (ScriptedImporter) -> (artifact id: 'a4714a39299c18b261b3cc5591c606c9') in 0.0061303 seconds
Number of updated asset objects reloaded before import = 0Number of asset objects unloaded after import = 0

========================================================================
Received Import Request.
  Time since last request: 0.000013 seconds.
  path: Packages/com.unity.shadergraph/Editor/Data/Nodes/Input/Lighting/AmbientNode.cs
  artifactKey: Guid(0f9e9a126b4ecf24d81258763ac4a64d) Importer(2089858483,b0f066a214c2f5e87bad3c948f4d605d)
Start importing Packages/com.unity.shadergraph/Editor/Data/Nodes/Input/Lighting/AmbientNode.cs using Guid(0f9e9a126b4ecf24d81258763ac4a64d) Importer(2089858483,b0f066a214c2f5e87bad3c948f4d605d) (ScriptedImporter) -> (artifact id: '3159a30ebb025cfd9f53321a69df710a') in 0.003369 seconds
Number of updated asset objects reloaded before import = 0Number of asset objects unloaded after import = 0

========================================================================
Received Import Request.
  Time since last request: 0.000013 seconds.
  path: Packages/com.unity.shadergraph/Editor/Drawing/Inspector/PropertyDrawers/EnumPropertyDrawer.cs
  artifactKey: Guid(f08c6b905c574da0b669976fa5353fa8) Importer(2089858483,b0f066a214c2f5e87bad3c948f4d605d)
Start importing Packages/com.unity.shadergraph/Editor/Drawing/Inspector/PropertyDrawers/EnumPropertyDrawer.cs using Guid(f08c6b905c574da0b669976fa5353fa8) Importer(2089858483,b0f066a214c2f5e87bad3c948f4d605d) (ScriptedImporter) -> (artifact id: '4f5360f7a318895e15ac39043fb6e48d') in 0.0032693 seconds
Number of updated asset objects reloaded before import = 0Number of asset objects unloaded after import = 0

========================================================================
Received Import Request.
  Time since last request: 0.000014 seconds.
  path: Packages/com.unity.shadergraph/Editor/Drawing/Views/Slots/LabelSlotControlView.cs
  artifactKey: Guid(b7e0bdc2deb5a43aca74fd1e84c94cfa) Importer(2089858483,b0f066a214c2f5e87bad3c948f4d605d)
Start importing Packages/com.unity.shadergraph/Editor/Drawing/Views/Slots/LabelSlotControlView.cs using Guid(b7e0bdc2deb5a43aca74fd1e84c94cfa) Importer(2089858483,b0f066a214c2f5e87bad3c948f4d605d) (ScriptedImporter) -> (artifact id: 'e50ebaf622c541e200bb62dcd00702eb') in 0.0032534 seconds
Number of updated asset objects reloaded before import = 0Number of asset objects unloaded after import = 0

========================================================================
Received Import Request.
  Time since last request: 0.000015 seconds.
  path: Packages/com.unity.shadergraph/Editor/Data/Nodes/Math/Interpolation/InverseLerpNode.cs
  artifactKey: Guid(25857c1c6903f40f382b8857bba28668) Importer(2089858483,b0f066a214c2f5e87bad3c948f4d605d)
Start importing Packages/com.unity.shadergraph/Editor/Data/Nodes/Math/Interpolation/InverseLerpNode.cs using Guid(25857c1c6903f40f382b8857bba28668) Importer(2089858483,b0f066a214c2f5e87bad3c948f4d605d) (ScriptedImporter) -> (artifact id: 'a9b529ce2e2f3ddd375ca36f9d4c8e12') in 0.0036686 seconds
Number of updated asset objects reloaded before import = 0Number of asset objects unloaded after import = 0

========================================================================
Received Import Request.
  Time since last request: 0.000016 seconds.
  path: Packages/com.unity.shadergraph/Editor/Data/Nodes/Math/Derivative/DDXNode.cs
  artifactKey: Guid(f13ae4db3be37ef4bbb46a37782ecd1a) Importer(2089858483,b0f066a214c2f5e87bad3c948f4d605d)
Start importing Packages/com.unity.shadergraph/Editor/Data/Nodes/Math/Derivative/DDXNode.cs using Guid(f13ae4db3be37ef4bbb46a37782ecd1a) Importer(2089858483,b0f066a214c2f5e87bad3c948f4d605d) (ScriptedImporter) -> (artifact id: 'd95fbe056c3e801bf969dcc0c28e157e') in 0.0034587 seconds
Number of updated asset objects reloaded before import = 0Number of asset objects unloaded after import = 0

========================================================================
Received Import Request.
  Time since last request: 0.000023 seconds.
  path: Packages/com.unity.render-pipelines.universal/Runtime/2D/Data/Textures/FalloffLookupTexture.png
  artifactKey: Guid(5688ab254e4c0634f8d6c8e0792331ca) Importer(2089858483,b0f066a214c2f5e87bad3c948f4d605d)
Start importing Packages/com.unity.render-pipelines.universal/Runtime/2D/Data/Textures/FalloffLookupTexture.png using Guid(5688ab254e4c0634f8d6c8e0792331ca) Importer(2089858483,b0f066a214c2f5e87bad3c948f4d605d) (ScriptedImporter) -> (artifact id: 'ef5be9f1b65847b39bca5ccd197c18fb') in 0.0080294 seconds
Number of updated asset objects reloaded before import = 0Number of asset objects unloaded after import = 1

========================================================================
Received Import Request.
  Time since last request: 0.000017 seconds.
  path: Packages/com.unity.render-pipelines.universal/Runtime/Tiling/TileSize.cs
  artifactKey: Guid(c7b4abc88bafe43ecb5380692ea7e4fe) Importer(2089858483,b0f066a214c2f5e87bad3c948f4d605d)
Start importing Packages/com.unity.render-pipelines.universal/Runtime/Tiling/TileSize.cs using Guid(c7b4abc88bafe43ecb5380692ea7e4fe) Importer(2089858483,b0f066a214c2f5e87bad3c948f4d605d) (ScriptedImporter) -> (artifact id: 'cb96fc09bc80d9e6f2b517bbac0dff53') in 0.0040769 seconds
Number of updated asset objects reloaded before import = 0Number of asset objects unloaded after import = 0

========================================================================
Received Import Request.
  Time since last request: 0.000014 seconds.
  path: Packages/com.unity.render-pipelines.universal/Editor/EditorUtils.cs
  artifactKey: Guid(6da1e646299b347c0895ca5f21f8c47c) Importer(2089858483,b0f066a214c2f5e87bad3c948f4d605d)
Start importing Packages/com.unity.render-pipelines.universal/Editor/EditorUtils.cs using Guid(6da1e646299b347c0895ca5f21f8c47c) Importer(2089858483,b0f066a214c2f5e87bad3c948f4d605d) (ScriptedImporter) -> (artifact id: 'd153dcbee3776c86fa084c7c4889bda0') in 0.0037548 seconds
Number of updated asset objects reloaded before import = 0Number of asset objects unloaded after import = 0

========================================================================
Received Import Request.
  Time since last request: 0.000016 seconds.
  path: Packages/com.unity.render-pipelines.universal/Tests/Editor/URPGlobalSettingsMigrationTests/URPMigrationTestBase.cs
  artifactKey: Guid(5ba968f279bea7d43b6009ea349dae70) Importer(2089858483,b0f066a214c2f5e87bad3c948f4d605d)
Start importing Packages/com.unity.render-pipelines.universal/Tests/Editor/URPGlobalSettingsMigrationTests/URPMigrationTestBase.cs using Guid(5ba968f279bea7d43b6009ea349dae70) Importer(2089858483,b0f066a214c2f5e87bad3c948f4d605d) (ScriptedImporter) -> (artifact id: 'f2a518206f5b336c851de338b3107578') in 0.0033636 seconds
Number of updated asset objects reloaded before import = 0Number of asset objects unloaded after import = 0

========================================================================
Received Import Request.
  Time since last request: 0.000013 seconds.
  path: Packages/com.unity.render-pipelines.universal/Editor/2D/Overrides/Unity.RenderPipelines.Universal.2D.Editor.Overrides.asmdef
  artifactKey: Guid(71872915d7faaaf47a5587bce19d5214) Importer(2089858483,b0f066a214c2f5e87bad3c948f4d605d)
Start importing Packages/com.unity.render-pipelines.universal/Editor/2D/Overrides/Unity.RenderPipelines.Universal.2D.Editor.Overrides.asmdef using Guid(71872915d7faaaf47a5587bce19d5214) Importer(2089858483,b0f066a214c2f5e87bad3c948f4d605d) (ScriptedImporter) -> (artifact id: '189fd8f6da02f3d6ce368ea8d6d1a505') in 0.0038234 seconds
Number of updated asset objects reloaded before import = 0Number of asset objects unloaded after import = 1

========================================================================
Received Import Request.
  Time since last request: 0.000018 seconds.
  path: Packages/com.unity.render-pipelines.universal/Runtime/UniversalAdditionalCameraData.deprecated.cs
  artifactKey: Guid(7cb68769fca9417c86969e0d765738c2) Importer(2089858483,b0f066a214c2f5e87bad3c948f4d605d)
Start importing Packages/com.unity.render-pipelines.universal/Runtime/UniversalAdditionalCameraData.deprecated.cs using Guid(7cb68769fca9417c86969e0d765738c2) Importer(2089858483,b0f066a214c2f5e87bad3c948f4d605d) (ScriptedImporter) -> (artifact id: '3cb1ee04a0fea1243f860a297369f6d8') in 0.0034041 seconds
Number of updated asset objects reloaded before import = 0Number of asset objects unloaded after import = 0

========================================================================
Received Import Request.
  Time since last request: 0.000022 seconds.
  path: Packages/com.unity.render-pipelines.universal/Runtime/FrameData/UniversalResourceData.cs
  artifactKey: Guid(eeb1feab11794b99b3f42243ad341369) Importer(2089858483,b0f066a214c2f5e87bad3c948f4d605d)
Start importing Packages/com.unity.render-pipelines.universal/Runtime/FrameData/UniversalResourceData.cs using Guid(eeb1feab11794b99b3f42243ad341369) Importer(2089858483,b0f066a214c2f5e87bad3c948f4d605d) (ScriptedImporter) -> (artifact id: '7dc9a249943b88b408d9163e18342255') in 0.0035489 seconds
Number of updated asset objects reloaded before import = 0Number of asset objects unloaded after import = 0

========================================================================
Received Import Request.
  Time since last request: 0.000016 seconds.
  path: Packages/com.unity.render-pipelines.universal/Shaders/PostProcessing/TemporalAA.shader
  artifactKey: Guid(9c70c1a35ff15f340b38ea84842358bf) Importer(2089858483,b0f066a214c2f5e87bad3c948f4d605d)
Start importing Packages/com.unity.render-pipelines.universal/Shaders/PostProcessing/TemporalAA.shader using Guid(9c70c1a35ff15f340b38ea84842358bf) Importer(2089858483,b0f066a214c2f5e87bad3c948f4d605d) (ScriptedImporter) -> (artifact id: 'ec0a49572740dcdac49651cdc9c29f7d') in 0.0040836 seconds
Number of updated asset objects reloaded before import = 0Number of asset objects unloaded after import = 0

========================================================================
Received Import Request.
  Time since last request: 0.000014 seconds.
  path: Packages/com.unity.render-pipelines.universal/Runtime/RendererFeatures/ScreenSpaceShadows.cs
  artifactKey: Guid(e32e72b6a3f58a24c9033e2b9275eea0) Importer(2089858483,b0f066a214c2f5e87bad3c948f4d605d)
Start importing Packages/com.unity.render-pipelines.universal/Runtime/RendererFeatures/ScreenSpaceShadows.cs using Guid(e32e72b6a3f58a24c9033e2b9275eea0) Importer(2089858483,b0f066a214c2f5e87bad3c948f4d605d) (ScriptedImporter) -> (artifact id: '68988e8b5f4953fdcfac2c3a28cab8cf') in 0.0034098 seconds
Number of updated asset objects reloaded before import = 0Number of asset objects unloaded after import = 0

========================================================================
Received Import Request.
  Time since last request: 0.000016 seconds.
  path: Packages/com.unity.render-pipelines.universal/Shaders/Shaders.cs
  artifactKey: Guid(573710bd101f2514f932ace958059d6a) Importer(2089858483,b0f066a214c2f5e87bad3c948f4d605d)
Start importing Packages/com.unity.render-pipelines.universal/Shaders/Shaders.cs using Guid(573710bd101f2514f932ace958059d6a) Importer(2089858483,b0f066a214c2f5e87bad3c948f4d605d) (ScriptedImporter) -> (artifact id: 'c8671780537f42945a000a018af3ec00') in 0.0033212 seconds
Number of updated asset objects reloaded before import = 0Number of asset objects unloaded after import = 0

========================================================================
Received Import Request.
  Time since last request: 0.000016 seconds.
  path: Packages/com.unity.render-pipelines.universal/Editor/VFXGraph/VFXURPLitMeshOutput.cs
  artifactKey: Guid(7f7a196c2fc0e28498f906f9af84b44f) Importer(2089858483,b0f066a214c2f5e87bad3c948f4d605d)
Start importing Packages/com.unity.render-pipelines.universal/Editor/VFXGraph/VFXURPLitMeshOutput.cs using Guid(7f7a196c2fc0e28498f906f9af84b44f) Importer(2089858483,b0f066a214c2f5e87bad3c948f4d605d) (ScriptedImporter) -> (artifact id: 'ee1c9599793f54cddf0f98ef35a019d9') in 0.0044152 seconds
Number of updated asset objects reloaded before import = 0Number of asset objects unloaded after import = 0

========================================================================
Received Import Request.
  Time since last request: 0.000015 seconds.
  path: Packages/com.unity.render-pipelines.universal/Editor/2D/Converter/ParametricToFreeformLightUpgrader.cs
  artifactKey: Guid(5f5877a9138882a4095ba0e997d19644) Importer(2089858483,b0f066a214c2f5e87bad3c948f4d605d)
Start importing Packages/com.unity.render-pipelines.universal/Editor/2D/Converter/ParametricToFreeformLightUpgrader.cs using Guid(5f5877a9138882a4095ba0e997d19644) Importer(2089858483,b0f066a214c2f5e87bad3c948f4d605d) (ScriptedImporter) -> (artifact id: '5ea0ebf7b69b5188e180718cc345f365') in 0.0038689 seconds
Number of updated asset objects reloaded before import = 0Number of asset objects unloaded after import = 0

========================================================================
Received Import Request.
  Time since last request: 0.000023 seconds.
  path: Packages/com.unity.render-pipelines.universal/Tests/Runtime/LightTests.cs
  artifactKey: Guid(3db6f9b04a31ea949aa7369a94fbbb8e) Importer(2089858483,b0f066a214c2f5e87bad3c948f4d605d)
Start importing Packages/com.unity.render-pipelines.universal/Tests/Runtime/LightTests.cs using Guid(3db6f9b04a31ea949aa7369a94fbbb8e) Importer(2089858483,b0f066a214c2f5e87bad3c948f4d605d) (ScriptedImporter) -> (artifact id: 'dfa377d06003fe5871ba966860941100') in 0.0035172 seconds
Number of updated asset objects reloaded before import = 0Number of asset objects unloaded after import = 0

========================================================================
Received Import Request.
  Time since last request: 0.000014 seconds.
  path: Packages/com.unity.render-pipelines.universal/Runtime/ShaderUtils.cs
  artifactKey: Guid(a59ed397e0917cd4aa1de2bb1495fead) Importer(2089858483,b0f066a214c2f5e87bad3c948f4d605d)
Start importing Packages/com.unity.render-pipelines.universal/Runtime/ShaderUtils.cs using Guid(a59ed397e0917cd4aa1de2bb1495fead) Importer(2089858483,b0f066a214c2f5e87bad3c948f4d605d) (ScriptedImporter) -> (artifact id: '7ab8028a3bf39c96c02494ba3bf9e077') in 0.0039294 seconds
Number of updated asset objects reloaded before import = 0Number of asset objects unloaded after import = 0

========================================================================
Received Import Request.
  Time since last request: 0.000013 seconds.
  path: Packages/com.unity.render-pipelines.universal/ShaderLibrary/UnityGBuffer.hlsl
  artifactKey: Guid(688ed6f8ef8246529e7fdd721e43d639) Importer(2089858483,b0f066a214c2f5e87bad3c948f4d605d)
Start importing Packages/com.unity.render-pipelines.universal/ShaderLibrary/UnityGBuffer.hlsl using Guid(688ed6f8ef8246529e7fdd721e43d639) Importer(2089858483,b0f066a214c2f5e87bad3c948f4d605d) (ScriptedImporter) -> (artifact id: 'f4b962cb17ae0605c1f6f08e14b1a102') in 0.0035173 seconds
Number of updated asset objects reloaded before import = 0Number of asset objects unloaded after import = 1

========================================================================
Received Import Request.
  Time since last request: 0.000013 seconds.
  path: Packages/com.unity.render-pipelines.universal/Runtime/Materials/FullscreenInvertColors.mat
  artifactKey: Guid(78a08787ca30045abb69f6f7dd878e09) Importer(2089858483,b0f066a214c2f5e87bad3c948f4d605d)
Start importing Packages/com.unity.render-pipelines.universal/Runtime/Materials/FullscreenInvertColors.mat using Guid(78a08787ca30045abb69f6f7dd878e09) Importer(2089858483,b0f066a214c2f5e87bad3c948f4d605d) (ScriptedImporter) -> (artifact id: '3380693ec55707f632cb15ac018783d5') in 0.005817 seconds
Number of updated asset objects reloaded before import = 0Number of asset objects unloaded after import = 2

========================================================================
Received Import Request.
  Time since last request: 0.000014 seconds.
  path: Packages/com.unity.render-pipelines.universal/Editor/Converter/PPv2/EffectConverters/ColorGradingConverter.cs
  artifactKey: Guid(c93687e52abd628448c8f7666b1dbd23) Importer(2089858483,b0f066a214c2f5e87bad3c948f4d605d)
Start importing Packages/com.unity.render-pipelines.universal/Editor/Converter/PPv2/EffectConverters/ColorGradingConverter.cs using Guid(c93687e52abd628448c8f7666b1dbd23) Importer(2089858483,b0f066a214c2f5e87bad3c948f4d605d) (ScriptedImporter) -> (artifact id: '9727ed3fdc6cab919e66cc5a32b5d7db') in 0.0037086 seconds
Number of updated asset objects reloaded before import = 0Number of asset objects unloaded after import = 0

========================================================================
Received Import Request.
  Time since last request: 0.000016 seconds.
  path: Packages/com.unity.render-pipelines.universal/Runtime/RendererFeatures/SurfaceCacheGI/SurfaceCacheCore/Estimation.hlsl
  artifactKey: Guid(6d141c681d76ebf4a954f3cbee57173c) Importer(2089858483,b0f066a214c2f5e87bad3c948f4d605d)
Start importing Packages/com.unity.render-pipelines.universal/Runtime/RendererFeatures/SurfaceCacheGI/SurfaceCacheCore/Estimation.hlsl using Guid(6d141c681d76ebf4a954f3cbee57173c) Importer(2089858483,b0f066a214c2f5e87bad3c948f4d605d) (ScriptedImporter) -> (artifact id: 'f6ab12cf41087a6351465b4d74cb8add') in 0.004591 seconds
Number of updated asset objects reloaded before import = 0Number of asset objects unloaded after import = 1

========================================================================
Received Import Request.
  Time since last request: 0.000025 seconds.
  path: Packages/com.unity.render-pipelines.universal/Runtime/RendererFeatures/SurfaceCacheGI/ScreenResolveUpsampling.compute
  artifactKey: Guid(7c302ee1d7410a6458981a5f329520b4) Importer(2089858483,b0f066a214c2f5e87bad3c948f4d605d)
Start importing Packages/com.unity.render-pipelines.universal/Runtime/RendererFeatures/SurfaceCacheGI/ScreenResolveUpsampling.compute using Guid(7c302ee1d7410a6458981a5f329520b4) Importer(2089858483,b0f066a214c2f5e87bad3c948f4d605d) (ScriptedImporter) -> (artifact id: '690511ea2036fe017f0f071ac90191b1') in 0.0049238 seconds
Number of updated asset objects reloaded before import = 0Number of asset objects unloaded after import = 1

========================================================================
Received Import Request.
  Time since last request: 0.000013 seconds.
  path: Packages/com.unity.render-pipelines.universal/Textures/FilmGrain/Large02.png
  artifactKey: Guid(5cdee82a77d13994f83b8fdabed7c301) Importer(2089858483,b0f066a214c2f5e87bad3c948f4d605d)
Start importing Packages/com.unity.render-pipelines.universal/Textures/FilmGrain/Large02.png using Guid(5cdee82a77d13994f83b8fdabed7c301) Importer(2089858483,b0f066a214c2f5e87bad3c948f4d605d) (ScriptedImporter) -> (artifact id: 'c3584efd0ce61bbd56c2e132ecf716be') in 0.0064414 seconds
Number of updated asset objects reloaded before import = 0Number of asset objects unloaded after import = 0

========================================================================
Received Import Request.
  Time since last request: 0.000013 seconds.
  path: Packages/com.unity.render-pipelines.universal/Editor/Camera/UniversalRenderPipelineSerializedCamera.cs
  artifactKey: Guid(f5d95b75d9613694da53d274b0ea27c0) Importer(2089858483,b0f066a214c2f5e87bad3c948f4d605d)
Start importing Packages/com.unity.render-pipelines.universal/Editor/Camera/UniversalRenderPipelineSerializedCamera.cs using Guid(f5d95b75d9613694da53d274b0ea27c0) Importer(2089858483,b0f066a214c2f5e87bad3c948f4d605d) (ScriptedImporter) -> (artifact id: '375347d18cc867a92e788c0539baa9c4') in 0.0052468 seconds
Number of updated asset objects reloaded before import = 0Number of asset objects unloaded after import = 0

========================================================================
Received Import Request.
  Time since last request: 0.000012 seconds.
  path: Packages/com.unity.render-pipelines.universal/Editor/VFXGraph/VFXAbstractParticleURPLitOutput.cs
  artifactKey: Guid(893e125e5d746cf4aaaf5f9a269a1f56) Importer(2089858483,b0f066a214c2f5e87bad3c948f4d605d)
Start importing Packages/com.unity.render-pipelines.universal/Editor/VFXGraph/VFXAbstractParticleURPLitOutput.cs using Guid(893e125e5d746cf4aaaf5f9a269a1f56) Importer(2089858483,b0f066a214c2f5e87bad3c948f4d605d) (ScriptedImporter) -> (artifact id: '5ecd20a58968bde9edabb6e983fc2a22') in 0.0036141 seconds
Number of updated asset objects reloaded before import = 0Number of asset objects unloaded after import = 0

========================================================================
Received Import Request.
  Time since last request: 0.000013 seconds.
  path: Packages/com.unity.render-pipelines.universal/Editor/VFXGraph/Shaders/VFXDecalVaryings.template
  artifactKey: Guid(5fa2eae08a4a4852be54781bb3cf5736) Importer(2089858483,b0f066a214c2f5e87bad3c948f4d605d)
Start importing Packages/com.unity.render-pipelines.universal/Editor/VFXGraph/Shaders/VFXDecalVaryings.template using Guid(5fa2eae08a4a4852be54781bb3cf5736) Importer(2089858483,b0f066a214c2f5e87bad3c948f4d605d) (ScriptedImporter) -> (artifact id: '37b2142507b163051615d7db1754323c') in 0.0035725 seconds
Number of updated asset objects reloaded before import = 0Number of asset objects unloaded after import = 1

========================================================================
Received Import Request.
  Time since last request: 0.000016 seconds.
  path: Packages/com.unity.render-pipelines.universal/Shaders/Terrain/TerrainLitDepthNormalsPass.hlsl
  artifactKey: Guid(7b6328a4b0ed14a9ea5e0629d7c7966c) Importer(2089858483,b0f066a214c2f5e87bad3c948f4d605d)
Start importing Packages/com.unity.render-pipelines.universal/Shaders/Terrain/TerrainLitDepthNormalsPass.hlsl using Guid(7b6328a4b0ed14a9ea5e0629d7c7966c) Importer(2089858483,b0f066a214c2f5e87bad3c948f4d605d) (ScriptedImporter) -> (artifact id: '489acea21b5d3eea80f7548c11bbbd0c') in 0.0035358 seconds
Number of updated asset objects reloaded before import = 0Number of asset objects unloaded after import = 1

========================================================================
Received Import Request.
  Time since last request: 0.000021 seconds.
  path: Packages/com.unity.render-pipelines.universal/Runtime/RenderingLayerUtils.cs
  artifactKey: Guid(9970fa110f6e0904eabc7780d79a96ae) Importer(2089858483,b0f066a214c2f5e87bad3c948f4d605d)
Start importing Packages/com.unity.render-pipelines.universal/Runtime/RenderingLayerUtils.cs using Guid(9970fa110f6e0904eabc7780d79a96ae) Importer(2089858483,b0f066a214c2f5e87bad3c948f4d605d) (ScriptedImporter) -> (artifact id: 'd022ed9eeff5857608a861510534af27') in 0.0034422 seconds
Number of updated asset objects reloaded before import = 0Number of asset objects unloaded after import = 0

========================================================================
Received Import Request.
  Time since last request: 0.000013 seconds.
  path: Packages/com.unity.render-pipelines.universal/Editor/ShaderGraph/GraphTemplates/2D/1_2D Sprite Unlit.shadergraph
  artifactKey: Guid(25a0ebb4827f3cc47a1af2c79005f65b) Importer(2089858483,b0f066a214c2f5e87bad3c948f4d605d)
Start importing Packages/com.unity.render-pipelines.universal/Editor/ShaderGraph/GraphTemplates/2D/1_2D Sprite Unlit.shadergraph using Guid(25a0ebb4827f3cc47a1af2c79005f65b) Importer(2089858483,b0f066a214c2f5e87bad3c948f4d605d) (ScriptedImporter) -> (artifact id: '0206390bc969a51281e80c038b2dbadc') in 0.0086284 seconds
Number of updated asset objects reloaded before import = 0Number of asset objects unloaded after import = 4

========================================================================
Received Import Request.
  Time since last request: 0.000013 seconds.
  path: Packages/com.unity.render-pipelines.universal/Editor/2D/Converter/BuiltInToURP2DMaterialUpgrader.cs
  artifactKey: Guid(265ffa21109c3e74b82d8703941368db) Importer(2089858483,b0f066a214c2f5e87bad3c948f4d605d)
Start importing Packages/com.unity.render-pipelines.universal/Editor/2D/Converter/BuiltInToURP2DMaterialUpgrader.cs using Guid(265ffa21109c3e74b82d8703941368db) Importer(2089858483,b0f066a214c2f5e87bad3c948f4d605d) (ScriptedImporter) -> (artifact id: '2a967fd3b98f5a5e8a3a066c30ddfb26') in 0.0038956 seconds
Number of updated asset objects reloaded before import = 0Number of asset objects unloaded after import = 0

========================================================================
Received Import Request.
  Time since last request: 0.000013 seconds.
  path: Packages/com.unity.render-pipelines.universal/Editor/VFXGraph/Shaders/Templates/ParticleLines/PassForward2D.template
  artifactKey: Guid(f3ec7f3c24cdbba49986aa6478b5867f) Importer(2089858483,b0f066a214c2f5e87bad3c948f4d605d)
Start importing Packages/com.unity.render-pipelines.universal/Editor/VFXGraph/Shaders/Templates/ParticleLines/PassForward2D.template using Guid(f3ec7f3c24cdbba49986aa6478b5867f) Importer(2089858483,b0f066a214c2f5e87bad3c948f4d605d) (ScriptedImporter) -> (artifact id: '05aacf6d75e0fa82cd08c5a8cacb17d3') in 0.004166 seconds
Number of updated asset objects reloaded before import = 0Number of asset objects unloaded after import = 1

========================================================================
Received Import Request.
  Time since last request: 0.000015 seconds.
  path: Packages/com.unity.render-pipelines.universal/Tests/Editor/EditorTests_URPDisabled.cs
  artifactKey: Guid(2cc7528ffe326894bb487b2ead9059fa) Importer(2089858483,b0f066a214c2f5e87bad3c948f4d605d)
Start importing Packages/com.unity.render-pipelines.universal/Tests/Editor/EditorTests_URPDisabled.cs using Guid(2cc7528ffe326894bb487b2ead9059fa) Importer(2089858483,b0f066a214c2f5e87bad3c948f4d605d) (ScriptedImporter) -> (artifact id: 'ea2c4a5b2467b5ff09cb6f4df720454e') in 0.0037138 seconds
Number of updated asset objects reloaded before import = 0Number of asset objects unloaded after import = 0

========================================================================
Received Import Request.
  Time since last request: 0.000018 seconds.
  path: Packages/com.unity.render-pipelines.universal/Runtime/2D/Shadows/ShadowCaster2D.cs
  artifactKey: Guid(7db70e0ea77f5ac47a8f4565a9406397) Importer(2089858483,b0f066a214c2f5e87bad3c948f4d605d)
Start importing Packages/com.unity.render-pipelines.universal/Runtime/2D/Shadows/ShadowCaster2D.cs using Guid(7db70e0ea77f5ac47a8f4565a9406397) Importer(2089858483,b0f066a214c2f5e87bad3c948f4d605d) (ScriptedImporter) -> (artifact id: 'e251bd20e7143dadeb7f08bd82ddd93f') in 0.0038505 seconds
Number of updated asset objects reloaded before import = 0Number of asset objects unloaded after import = 0

========================================================================
Received Import Request.
  Time since last request: 0.000023 seconds.
  path: Packages/com.unity.render-pipelines.universal/Editor/2D/ShaderGraph/Nodes/LightTextureNode.cs
  artifactKey: Guid(e9aa28223a914899adffca20c1ff4226) Importer(2089858483,b0f066a214c2f5e87bad3c948f4d605d)
Start importing Packages/com.unity.render-pipelines.universal/Editor/2D/ShaderGraph/Nodes/LightTextureNode.cs using Guid(e9aa28223a914899adffca20c1ff4226) Importer(2089858483,b0f066a214c2f5e87bad3c948f4d605d) (ScriptedImporter) -> (artifact id: 'cf316255456f0a08b7ef28d3e6dbd77d') in 0.0035142 seconds
Number of updated asset objects reloaded before import = 0Number of asset objects unloaded after import = 0

========================================================================
Received Import Request.
  Time since last request: 0.000013 seconds.
  path: Packages/com.unity.shadergraph/Editor/Data/Nodes/Math/Advanced/PosterizeNode.cs
  artifactKey: Guid(4322ad8d0cd83df47afd741a6b97d57b) Importer(2089858483,b0f066a214c2f5e87bad3c948f4d605d)
Start importing Packages/com.unity.shadergraph/Editor/Data/Nodes/Math/Advanced/PosterizeNode.cs using Guid(4322ad8d0cd83df47afd741a6b97d57b) Importer(2089858483,b0f066a214c2f5e87bad3c948f4d605d) (ScriptedImporter) -> (artifact id: 'c94140cd2cf0e49f758324857d31f13d') in 0.0037087 seconds
Number of updated asset objects reloaded before import = 0Number of asset objects unloaded after import = 0

========================================================================
Received Import Request.
  Time since last request: 0.000013 seconds.
  path: Packages/com.unity.render-pipelines.universal/Tests/Runtime/Unity.RenderPipelines.Universal.Runtime.Tests.asmdef
  artifactKey: Guid(bc3b0daec27db604caf7fec37e54bf6d) Importer(2089858483,b0f066a214c2f5e87bad3c948f4d605d)
Start importing Packages/com.unity.render-pipelines.universal/Tests/Runtime/Unity.RenderPipelines.Universal.Runtime.Tests.asmdef using Guid(bc3b0daec27db604caf7fec37e54bf6d) Importer(2089858483,b0f066a214c2f5e87bad3c948f4d605d) (ScriptedImporter) -> (artifact id: 'cc4773f16b4f880ac1e0ab8768c20194') in 0.0039125 seconds
Number of updated asset objects reloaded before import = 0Number of asset objects unloaded after import = 1

========================================================================
Received Import Request.
  Time since last request: 0.000015 seconds.
  path: Packages/com.unity.render-pipelines.universal/Editor/RendererFeatures/OnTilePostProcessFeatureEditor.cs
  artifactKey: Guid(f5d299eb05d633847b9327742901f749) Importer(2089858483,b0f066a214c2f5e87bad3c948f4d605d)
Start importing Packages/com.unity.render-pipelines.universal/Editor/RendererFeatures/OnTilePostProcessFeatureEditor.cs using Guid(f5d299eb05d633847b9327742901f749) Importer(2089858483,b0f066a214c2f5e87bad3c948f4d605d) (ScriptedImporter) -> (artifact id: '8a697ec8bf34e8021d95f1b601140b6f') in 0.0036353 seconds
Number of updated asset objects reloaded before import = 0Number of asset objects unloaded after import = 0

========================================================================
Received Import Request.
  Time since last request: 0.000013 seconds.
  path: Packages/com.unity.shadergraph/Editor/Resources/Styles/ShaderPort.uss
  artifactKey: Guid(736551d82e9cda54b8f6f606ebc6de27) Importer(2089858483,b0f066a214c2f5e87bad3c948f4d605d)
Start importing Packages/com.unity.shadergraph/Editor/Resources/Styles/ShaderPort.uss using Guid(736551d82e9cda54b8f6f606ebc6de27) Importer(2089858483,b0f066a214c2f5e87bad3c948f4d605d) (ScriptedImporter) -> (artifact id: '937e522aa5202357cb5bb320de580f68') in 0.0082535 seconds
Number of updated asset objects reloaded before import = 0Number of asset objects unloaded after import = 1

========================================================================
Received Import Request.
  Time since last request: 0.000021 seconds.
  path: Packages/com.unity.render-pipelines.universal/Runtime/FrameData/UniversalPostProcessingData.cs
  artifactKey: Guid(154f2df7349f45fa897e03ab12ec09b4) Importer(2089858483,b0f066a214c2f5e87bad3c948f4d605d)
Start importing Packages/com.unity.render-pipelines.universal/Runtime/FrameData/UniversalPostProcessingData.cs using Guid(154f2df7349f45fa897e03ab12ec09b4) Importer(2089858483,b0f066a214c2f5e87bad3c948f4d605d) (ScriptedImporter) -> (artifact id: '1b6219667cafc55c508896bcf1c0ce94') in 0.0037464 seconds
Number of updated asset objects reloaded before import = 0Number of asset objects unloaded after import = 0

========================================================================
Received Import Request.
  Time since last request: 0.000022 seconds.
  path: Packages/com.unity.render-pipelines.universal/ShaderLibrary/DeclareRenderingLayerTexture.hlsl
  artifactKey: Guid(6db8433897838284fa5c7571f3088db8) Importer(2089858483,b0f066a214c2f5e87bad3c948f4d605d)
Start importing Packages/com.unity.render-pipelines.universal/ShaderLibrary/DeclareRenderingLayerTexture.hlsl using Guid(6db8433897838284fa5c7571f3088db8) Importer(2089858483,b0f066a214c2f5e87bad3c948f4d605d) (ScriptedImporter) -> (artifact id: '8aa8c50ee2c6ca9a0dfcd7e4c4fcacb9') in 0.0034229 seconds
Number of updated asset objects reloaded before import = 0Number of asset objects unloaded after import = 1

========================================================================
Received Import Request.
  Time since last request: 0.000015 seconds.
  path: Packages/com.unity.shadergraph/Editor/Resources/GraphView/Nodes/NodeChevronLeft.png
  artifactKey: Guid(fb2ebd29216e958449e2ce6f37fde61d) Importer(2089858483,b0f066a214c2f5e87bad3c948f4d605d)
Start importing Packages/com.unity.shadergraph/Editor/Resources/GraphView/Nodes/NodeChevronLeft.png using Guid(fb2ebd29216e958449e2ce6f37fde61d) Importer(2089858483,b0f066a214c2f5e87bad3c948f4d605d) (ScriptedImporter) -> (artifact id: 'b30bba0c05b7971b7249e4a369723f56') in 0.0076832 seconds
Number of updated asset objects reloaded before import = 0Number of asset objects unloaded after import = 1

========================================================================
Received Import Request.
  Time since last request: 0.000014 seconds.
  path: Packages/com.unity.render-pipelines.universal/Runtime/Tiling/LightMinMaxZJob.cs
  artifactKey: Guid(c7144b5b3e5194263a2f290811e97974) Importer(2089858483,b0f066a214c2f5e87bad3c948f4d605d)
Start importing Packages/com.unity.render-pipelines.universal/Runtime/Tiling/LightMinMaxZJob.cs using Guid(c7144b5b3e5194263a2f290811e97974) Importer(2089858483,b0f066a214c2f5e87bad3c948f4d605d) (ScriptedImporter) -> (artifact id: '6dc00f582b62e9327f6e99c06ffc4205') in 0.0052504 seconds
Number of updated asset objects reloaded before import = 0Number of asset objects unloaded after import = 0

========================================================================
Received Import Request.
  Time since last request: 0.000013 seconds.
  path: Packages/com.unity.render-pipelines.universal/Editor/ShaderGraph/GraphTemplates/Fullscreen Basic URP.shadergraph
  artifactKey: Guid(df41eefe8c13d444ca890dddbbc61f8d) Importer(2089858483,b0f066a214c2f5e87bad3c948f4d605d)
Start importing Packages/com.unity.render-pipelines.universal/Editor/ShaderGraph/GraphTemplates/Fullscreen Basic URP.shadergraph using Guid(df41eefe8c13d444ca890dddbbc61f8d) Importer(2089858483,b0f066a214c2f5e87bad3c948f4d605d) (ScriptedImporter) -> (artifact id: 'a75475a3d6b242b8de8bd051f79a514e') in 0.0074045 seconds
Number of updated asset objects reloaded before import = 0Number of asset objects unloaded after import = 4

========================================================================
Received Import Request.
  Time since last request: 0.000016 seconds.
  path: Packages/com.unity.shadergraph/Editor/Data/Nodes/Math/Round/FloorNode.cs
  artifactKey: Guid(8d1b4bf99b86c474f8a0bcb2015cf3da) Importer(2089858483,b0f066a214c2f5e87bad3c948f4d605d)
Start importing Packages/com.unity.shadergraph/Editor/Data/Nodes/Math/Round/FloorNode.cs using Guid(8d1b4bf99b86c474f8a0bcb2015cf3da) Importer(2089858483,b0f066a214c2f5e87bad3c948f4d605d) (ScriptedImporter) -> (artifact id: 'e4b12dbc774cacb418bb9e8792b4607c') in 0.0036486 seconds
Number of updated asset objects reloaded before import = 0Number of asset objects unloaded after import = 0

========================================================================
Received Import Request.
  Time since last request: 0.000015 seconds.
  path: Packages/com.unity.shadergraph/Editor/Data/Nodes/AbstractMaterialNode.cs
  artifactKey: Guid(a4da4d7c02dcbdd4f9ef2d3b1106879a) Importer(2089858483,b0f066a214c2f5e87bad3c948f4d605d)
Start importing Packages/com.unity.shadergraph/Editor/Data/Nodes/AbstractMaterialNode.cs using Guid(a4da4d7c02dcbdd4f9ef2d3b1106879a) Importer(2089858483,b0f066a214c2f5e87bad3c948f4d605d) (ScriptedImporter) -> (artifact id: 'eaf99fdc563d875f02b587aa6efd5b05') in 0.0045652 seconds
Number of updated asset objects reloaded before import = 0Number of asset objects unloaded after import = 0

========================================================================
Received Import Request.
  Time since last request: 0.000023 seconds.
  path: Packages/com.unity.shadergraph/Editor/Generation/Targets/Terrain/ITerrainSubTarget.cs
  artifactKey: Guid(6c7b0d6938274680abce33db36ae1598) Importer(2089858483,b0f066a214c2f5e87bad3c948f4d605d)
Start importing Packages/com.unity.shadergraph/Editor/Generation/Targets/Terrain/ITerrainSubTarget.cs using Guid(6c7b0d6938274680abce33db36ae1598) Importer(2089858483,b0f066a214c2f5e87bad3c948f4d605d) (ScriptedImporter) -> (artifact id: '14b5c86df2ad95bd95878445824acbe3') in 0.0035406 seconds
Number of updated asset objects reloaded before import = 0Number of asset objects unloaded after import = 0

========================================================================
Received Import Request.
  Time since last request: 0.000014 seconds.
  path: Packages/com.unity.render-pipelines.universal/Runtime/2D/Light2D.cs
  artifactKey: Guid(073797afb82c5a1438f328866b10b3f0) Importer(2089858483,b0f066a214c2f5e87bad3c948f4d605d)
Start importing Packages/com.unity.render-pipelines.universal/Runtime/2D/Light2D.cs using Guid(073797afb82c5a1438f328866b10b3f0) Importer(2089858483,b0f066a214c2f5e87bad3c948f4d605d) (ScriptedImporter) -> (artifact id: '50f1c5fda691a789f98237e72a6c0e6f') in 0.0036666 seconds
Number of updated asset objects reloaded before import = 0Number of asset objects unloaded after import = 0

========================================================================
Received Import Request.
  Time since last request: 0.000013 seconds.
  path: Packages/com.unity.render-pipelines.universal/Shaders/LitInput.hlsl
  artifactKey: Guid(c46f85bf266d7496d9b3659acfbdc711) Importer(2089858483,b0f066a214c2f5e87bad3c948f4d605d)
Start importing Packages/com.unity.render-pipelines.universal/Shaders/LitInput.hlsl using Guid(c46f85bf266d7496d9b3659acfbdc711) Importer(2089858483,b0f066a214c2f5e87bad3c948f4d605d) (ScriptedImporter) -> (artifact id: 'b40216068369840ef9cdfb72434219c9') in 0.0033018 seconds
Number of updated asset objects reloaded before import = 0Number of asset objects unloaded after import = 1

========================================================================
Received Import Request.
  Time since last request: 0.000012 seconds.
  path: Packages/com.unity.shadergraph/Editor/Data/Nodes/Input/Geometry/TangentVectorNode.cs
  artifactKey: Guid(9e8bd6ff1eba8ea4589ec534a00f4767) Importer(2089858483,b0f066a214c2f5e87bad3c948f4d605d)
Start importing Packages/com.unity.shadergraph/Editor/Data/Nodes/Input/Geometry/TangentVectorNode.cs using Guid(9e8bd6ff1eba8ea4589ec534a00f4767) Importer(2089858483,b0f066a214c2f5e87bad3c948f4d605d) (ScriptedImporter) -> (artifact id: '5f4004b5b27b83f3b70b51eccd47a843') in 0.0033818 seconds
Number of updated asset objects reloaded before import = 0Number of asset objects unloaded after import = 0

========================================================================
Received Import Request.
  Time since last request: 0.000014 seconds.
  path: Packages/com.unity.render-pipelines.universal/Textures/FilmGrain/Medium03.png
  artifactKey: Guid(9930fb4528622b34687b00bbe6883de7) Importer(2089858483,b0f066a214c2f5e87bad3c948f4d605d)
Start importing Packages/com.unity.render-pipelines.universal/Textures/FilmGrain/Medium03.png using Guid(9930fb4528622b34687b00bbe6883de7) Importer(2089858483,b0f066a214c2f5e87bad3c948f4d605d) (ScriptedImporter) -> (artifact id: 'f5784d718fe4b9f69ea7435609749825') in 0.007087 seconds
Number of updated asset objects reloaded before import = 0Number of asset objects unloaded after import = 0

========================================================================
Received Import Request.
  Time since last request: 0.000016 seconds.
  path: Packages/com.unity.render-pipelines.universal/Editor/2D/LightBatchingDebugger/LightBatchingDebugger.cs
  artifactKey: Guid(3f0281a9a104946b4b845f0338560878) Importer(2089858483,b0f066a214c2f5e87bad3c948f4d605d)
Start importing Packages/com.unity.render-pipelines.universal/Editor/2D/LightBatchingDebugger/LightBatchingDebugger.cs using Guid(3f0281a9a104946b4b845f0338560878) Importer(2089858483,b0f066a214c2f5e87bad3c948f4d605d) (ScriptedImporter) -> (artifact id: '8aba7f5a2ea14cf6e79029b43c55bfc9') in 0.0054585 seconds
Number of updated asset objects reloaded before import = 0Number of asset objects unloaded after import = 0

========================================================================
Received Import Request.
  Time since last request: 0.000022 seconds.
  path: Packages/com.unity.shadergraph/Editor/Generation/Targets/BuiltIn/ShaderLibrary/SurfaceData.hlsl
  artifactKey: Guid(88329a10539cce1418e6aa8c8b62c896) Importer(2089858483,b0f066a214c2f5e87bad3c948f4d605d)
Start importing Packages/com.unity.shadergraph/Editor/Generation/Targets/BuiltIn/ShaderLibrary/SurfaceData.hlsl using Guid(88329a10539cce1418e6aa8c8b62c896) Importer(2089858483,b0f066a214c2f5e87bad3c948f4d605d) (ScriptedImporter) -> (artifact id: '2e5e2c4e2468c40df567fe27ed5ca0d4') in 0.0043577 seconds
Number of updated asset objects reloaded before import = 0Number of asset objects unloaded after import = 1

========================================================================
Received Import Request.
  Time since last request: 0.000013 seconds.
  path: Packages/com.unity.render-pipelines.universal/Editor/VFXGraph/Shaders/Templates/VFXParticleURPDecal.template
  artifactKey: Guid(c7a8c3a8c44540639fe72b8ba1c8d176) Importer(2089858483,b0f066a214c2f5e87bad3c948f4d605d)
Start importing Packages/com.unity.render-pipelines.universal/Editor/VFXGraph/Shaders/Templates/VFXParticleURPDecal.template using Guid(c7a8c3a8c44540639fe72b8ba1c8d176) Importer(2089858483,b0f066a214c2f5e87bad3c948f4d605d) (ScriptedImporter) -> (artifact id: 'a9e3d3d04e5554f02be0ba539da74a8e') in 0.003555 seconds
Number of updated asset objects reloaded before import = 0Number of asset objects unloaded after import = 1

========================================================================
Received Import Request.
  Time since last request: 0.000012 seconds.
  path: Packages/com.unity.shadergraph/Editor/Resources/Styles/Controls/MultiIntegerSlotControlView.uss
  artifactKey: Guid(da559d27fc411114ab78e3561b55270a) Importer(2089858483,b0f066a214c2f5e87bad3c948f4d605d)
Start importing Packages/com.unity.shadergraph/Editor/Resources/Styles/Controls/MultiIntegerSlotControlView.uss using Guid(da559d27fc411114ab78e3561b55270a) Importer(2089858483,b0f066a214c2f5e87bad3c948f4d605d) (ScriptedImporter) -> (artifact id: '3c6091812b17dd20f0ba511762189893') in 0.0053355 seconds
Number of updated asset objects reloaded before import = 0Number of asset objects unloaded after import = 1

========================================================================
Received Import Request.
  Time since last request: 0.000013 seconds.
  path: Packages/com.unity.render-pipelines.universal/Tests/Runtime/DecalTests.cs
  artifactKey: Guid(e8d6afcb728d4974abc7ecfec3d77a6d) Importer(2089858483,b0f066a214c2f5e87bad3c948f4d605d)
Start importing Packages/com.unity.render-pipelines.universal/Tests/Runtime/DecalTests.cs using Guid(e8d6afcb728d4974abc7ecfec3d77a6d) Importer(2089858483,b0f066a214c2f5e87bad3c948f4d605d) (ScriptedImporter) -> (artifact id: '913a6fbedecec58afa64db6bdf4ccffb') in 0.0040181 seconds
Number of updated asset objects reloaded before import = 0Number of asset objects unloaded after import = 0

========================================================================
Received Import Request.
  Time since last request: 0.000013 seconds.
  path: Packages/com.unity.render-pipelines.universal/Editor/ShaderGUI/Shaders/BakedLitShader.cs
  artifactKey: Guid(8176ef27c50d1485084b4ab6f1554353) Importer(2089858483,b0f066a214c2f5e87bad3c948f4d605d)
Start importing Packages/com.unity.render-pipelines.universal/Editor/ShaderGUI/Shaders/BakedLitShader.cs using Guid(8176ef27c50d1485084b4ab6f1554353) Importer(2089858483,b0f066a214c2f5e87bad3c948f4d605d) (ScriptedImporter) -> (artifact id: 'b7f177c74e44dc40792711efc4963554') in 0.0040822 seconds
Number of updated asset objects reloaded before import = 0Number of asset objects unloaded after import = 0

========================================================================
Received Import Request.
  Time since last request: 0.000016 seconds.
  path: Packages/com.unity.render-pipelines.universal/ShaderLibrary/LightCookie/LightCookieTypes.hlsl
  artifactKey: Guid(394c5e9a352f74e998cb797d7aa461d4) Importer(2089858483,b0f066a214c2f5e87bad3c948f4d605d)
Start importing Packages/com.unity.render-pipelines.universal/ShaderLibrary/LightCookie/LightCookieTypes.hlsl using Guid(394c5e9a352f74e998cb797d7aa461d4) Importer(2089858483,b0f066a214c2f5e87bad3c948f4d605d) (ScriptedImporter) -> (artifact id: '5f7e7c10511a6b10dbe97ad38e696fb2') in 0.0037896 seconds
Number of updated asset objects reloaded before import = 0Number of asset objects unloaded after import = 1

========================================================================
Received Import Request.
  Time since last request: 0.000023 seconds.
  path: Packages/com.unity.shadergraph/Editor/Data/Interfaces/Graph/SlotReference.cs
  artifactKey: Guid(a7b6f306850f6cc449bc71d8d2384146) Importer(2089858483,b0f066a214c2f5e87bad3c948f4d605d)
Start importing Packages/com.unity.shadergraph/Editor/Data/Interfaces/Graph/SlotReference.cs using Guid(a7b6f306850f6cc449bc71d8d2384146) Importer(2089858483,b0f066a214c2f5e87bad3c948f4d605d) (ScriptedImporter) -> (artifact id: '3f1c792433e39e6cd665da0e164cd907') in 0.0039377 seconds
Number of updated asset objects reloaded before import = 0Number of asset objects unloaded after import = 0

========================================================================
Received Import Request.
  Time since last request: 0.000014 seconds.
  path: Packages/com.unity.shadergraph/Editor/Generation/Targets/BuiltIn/ShaderLibrary/Shim/UIShim.hlsl
  artifactKey: Guid(0807df336df54b879e1b97aa9306c0da) Importer(2089858483,b0f066a214c2f5e87bad3c948f4d605d)
Start importing Packages/com.unity.shadergraph/Editor/Generation/Targets/BuiltIn/ShaderLibrary/Shim/UIShim.hlsl using Guid(0807df336df54b879e1b97aa9306c0da) Importer(2089858483,b0f066a214c2f5e87bad3c948f4d605d) (ScriptedImporter) -> (artifact id: 'f2e1d9ea4f9c77715c2aa10e54f5a3c3') in 0.0034774 seconds
Number of updated asset objects reloaded before import = 0Number of asset objects unloaded after import = 1

========================================================================
Received Import Request.
  Time since last request: 0.000013 seconds.
  path: Packages/com.unity.shadergraph/Editor/Resources/Styles/RedirectNode.uss
  artifactKey: Guid(e1a4e0aa330ca2f43b4625b248a0539e) Importer(2089858483,b0f066a214c2f5e87bad3c948f4d605d)
Start importing Packages/com.unity.shadergraph/Editor/Resources/Styles/RedirectNode.uss using Guid(e1a4e0aa330ca2f43b4625b248a0539e) Importer(2089858483,b0f066a214c2f5e87bad3c948f4d605d) (ScriptedImporter) -> (artifact id: 'd70fe4eb71a39ffc32c9a2f6b50304f5') in 0.0044228 seconds
Number of updated asset objects reloaded before import = 0Number of asset objects unloaded after import = 1

========================================================================
Received Import Request.
  Time since last request: 0.000013 seconds.
  path: Packages/com.unity.shadergraph/Editor/Drawing/Inspector/PropertyDrawers/FloatPropertyDrawer.cs
  artifactKey: Guid(d316720413684b89abb49286f25a4e94) Importer(2089858483,b0f066a214c2f5e87bad3c948f4d605d)
Start importing Packages/com.unity.shadergraph/Editor/Drawing/Inspector/PropertyDrawers/FloatPropertyDrawer.cs using Guid(d316720413684b89abb49286f25a4e94) Importer(2089858483,b0f066a214c2f5e87bad3c948f4d605d) (ScriptedImporter) -> (artifact id: '9b056caa0c76aa93baa79f3c8031c761') in 0.003556 seconds
Number of updated asset objects reloaded before import = 0Number of asset objects unloaded after import = 0

========================================================================
Received Import Request.
  Time since last request: 0.000014 seconds.
  path: Packages/com.unity.shadergraph/Editor/Drawing/Inspector/PropertyDrawers/PositionNodePropertyDrawer.cs
  artifactKey: Guid(5a49cf3652c693645931ba8ef38e8e1e) Importer(2089858483,b0f066a214c2f5e87bad3c948f4d605d)
Start importing Packages/com.unity.shadergraph/Editor/Drawing/Inspector/PropertyDrawers/PositionNodePropertyDrawer.cs using Guid(5a49cf3652c693645931ba8ef38e8e1e) Importer(2089858483,b0f066a214c2f5e87bad3c948f4d605d) (ScriptedImporter) -> (artifact id: '24e8ba797701bc7e844ac3a000e4d456') in 0.0036057 seconds
Number of updated asset objects reloaded before import = 0Number of asset objects unloaded after import = 0

========================================================================
Received Import Request.
  Time since last request: 0.000016 seconds.
  path: Packages/com.unity.shadergraph/Editor/Data/Nodes/Utility/RedirectNodeData.cs
  artifactKey: Guid(b70493ee47ef82b46be4fe3568b0bb2d) Importer(2089858483,b0f066a214c2f5e87bad3c948f4d605d)
Start importing Packages/com.unity.shadergraph/Editor/Data/Nodes/Utility/RedirectNodeData.cs using Guid(b70493ee47ef82b46be4fe3568b0bb2d) Importer(2089858483,b0f066a214c2f5e87bad3c948f4d605d) (ScriptedImporter) -> (artifact id: 'bb9fb8c39ed355f591be4f55cab0402c') in 0.0036219 seconds
Number of updated asset objects reloaded before import = 0Number of asset objects unloaded after import = 0

========================================================================
Received Import Request.
  Time since last request: 0.000025 seconds.
  path: Packages/com.unity.shadergraph/Editor/Generation/Targets/CustomRenderTexture/CustomTextureSubTarget.cs
  artifactKey: Guid(5b2d4724a38a5485ba5e7dc2f7d86f1a) Importer(2089858483,b0f066a214c2f5e87bad3c948f4d605d)
Start importing Packages/com.unity.shadergraph/Editor/Generation/Targets/CustomRenderTexture/CustomTextureSubTarget.cs using Guid(5b2d4724a38a5485ba5e7dc2f7d86f1a) Importer(2089858483,b0f066a214c2f5e87bad3c948f4d605d) (ScriptedImporter) -> (artifact id: 'ef4735b4ea23098c0862847a0c7a8be5') in 0.0037613 seconds
Number of updated asset objects reloaded before import = 0Number of asset objects unloaded after import = 0

========================================================================
Received Import Request.
  Time since last request: 0.000014 seconds.
  path: Packages/com.unity.modules.physics2d/package.json
  artifactKey: Guid(f7a8357347c80dc69c08d0b1a05e2122) Importer(2089858483,b0f066a214c2f5e87bad3c948f4d605d)
Start importing Packages/com.unity.modules.physics2d/package.json using Guid(f7a8357347c80dc69c08d0b1a05e2122) Importer(2089858483,b0f066a214c2f5e87bad3c948f4d605d) (ScriptedImporter) -> (artifact id: '9223e048313308509d958111e96ba242') in 0.0058318 seconds
Number of updated asset objects reloaded before import = 0Number of asset objects unloaded after import = 1

========================================================================
Received Import Request.
  Time since last request: 0.000013 seconds.
  path: Packages/com.unity.shadergraph/Editor/Resources/Icons/SettingsIcons_hover@2x.png
  artifactKey: Guid(b1b079d053c3d0c41952dadf32a89ffd) Importer(2089858483,b0f066a214c2f5e87bad3c948f4d605d)
Start importing Packages/com.unity.shadergraph/Editor/Resources/Icons/SettingsIcons_hover@2x.png using Guid(b1b079d053c3d0c41952dadf32a89ffd) Importer(2089858483,b0f066a214c2f5e87bad3c948f4d605d) (ScriptedImporter) -> (artifact id: '8877bc2d2355f7f32367c78828e073de') in 0.0073246 seconds
Number of updated asset objects reloaded before import = 0Number of asset objects unloaded after import = 1

========================================================================
Received Import Request.
  Time since last request: 0.000013 seconds.
  path: Packages/com.unity.shadergraph/Editor/Data/Nodes/Input/Scene/SceneDepthNode.cs
  artifactKey: Guid(f8e0a75d065844105a06ca48151adb7b) Importer(2089858483,b0f066a214c2f5e87bad3c948f4d605d)
Start importing Packages/com.unity.shadergraph/Editor/Data/Nodes/Input/Scene/SceneDepthNode.cs using Guid(f8e0a75d065844105a06ca48151adb7b) Importer(2089858483,b0f066a214c2f5e87bad3c948f4d605d) (ScriptedImporter) -> (artifact id: '9b035c2388c7403ba9bd499ec62539af') in 0.0038098 seconds
Number of updated asset objects reloaded before import = 0Number of asset objects unloaded after import = 0

========================================================================
Received Import Request.
  Time since last request: 0.000012 seconds.
  path: Packages/com.unity.render-pipelines.universal/Editor/ShaderGraph/AssetCallbacks/CreateLitShaderGraph.cs
  artifactKey: Guid(aab9add076be9364aaee067b3c0e3910) Importer(2089858483,b0f066a214c2f5e87bad3c948f4d605d)
Start importing Packages/com.unity.render-pipelines.universal/Editor/ShaderGraph/AssetCallbacks/CreateLitShaderGraph.cs using Guid(aab9add076be9364aaee067b3c0e3910) Importer(2089858483,b0f066a214c2f5e87bad3c948f4d605d) (ScriptedImporter) -> (artifact id: '59b763cb0eb965d6ba33b5435f35e344') in 0.0041123 seconds
Number of updated asset objects reloaded before import = 0Number of asset objects unloaded after import = 0

========================================================================
Received Import Request.
  Time since last request: 0.000016 seconds.
  path: Packages/com.unity.render-pipelines.universal/Shaders/Utils/CoreBlitColorAndDepth.shader
  artifactKey: Guid(d104b2fc1ca6445babb8e90b0758136b) Importer(2089858483,b0f066a214c2f5e87bad3c948f4d605d)
Start importing Packages/com.unity.render-pipelines.universal/Shaders/Utils/CoreBlitColorAndDepth.shader using Guid(d104b2fc1ca6445babb8e90b0758136b) Importer(2089858483,b0f066a214c2f5e87bad3c948f4d605d) (ScriptedImporter) -> (artifact id: '29a88a7a2ce9dc2214b7451fbd7de24c') in 0.0041177 seconds
Number of updated asset objects reloaded before import = 0Number of asset objects unloaded after import = 0

========================================================================
Received Import Request.
  Time since last request: 0.000022 seconds.
  path: Packages/com.unity.render-pipelines.universal/Runtime/Data/UniversalRendererData.asset
  artifactKey: Guid(ba6e69114eba6af4585b7b850051b2d9) Importer(2089858483,b0f066a214c2f5e87bad3c948f4d605d)
Start importing Packages/com.unity.render-pipelines.universal/Runtime/Data/UniversalRendererData.asset using Guid(ba6e69114eba6af4585b7b850051b2d9) Importer(2089858483,b0f066a214c2f5e87bad3c948f4d605d) (ScriptedImporter) -> (artifact id: 'f64d8868efbdfb0591ff0ee442036c26') in 0.0189974 seconds
Number of updated asset objects reloaded before import = 0Number of asset objects unloaded after import = 1

========================================================================
Received Import Request.
  Time since last request: 0.000013 seconds.
  path: Packages/com.unity.render-pipelines.universal/Editor/ShaderGUI/ShadingModels/LitGUI.cs
  artifactKey: Guid(b33851187d4324530b9f7abfe14d0137) Importer(2089858483,b0f066a214c2f5e87bad3c948f4d605d)
Start importing Packages/com.unity.render-pipelines.universal/Editor/ShaderGUI/ShadingModels/LitGUI.cs using Guid(b33851187d4324530b9f7abfe14d0137) Importer(2089858483,b0f066a214c2f5e87bad3c948f4d605d) (ScriptedImporter) -> (artifact id: 'e6bbcf7bacb09a85862c97a69d2c20c2') in 0.0033436 seconds
Number of updated asset objects reloaded before import = 0Number of asset objects unloaded after import = 0

========================================================================
Received Import Request.
  Time since last request: 0.000014 seconds.
  path: Packages/com.unity.render-pipelines.universal/Shaders/2D/Include/LightingUtility.hlsl
  artifactKey: Guid(931e5ffca47cea54783e99bf989216b5) Importer(2089858483,b0f066a214c2f5e87bad3c948f4d605d)
Start importing Packages/com.unity.render-pipelines.universal/Shaders/2D/Include/LightingUtility.hlsl using Guid(931e5ffca47cea54783e99bf989216b5) Importer(2089858483,b0f066a214c2f5e87bad3c948f4d605d) (ScriptedImporter) -> (artifact id: 'cf1dd4913cd141d8ed246d540fc4a390') in 0.0033325 seconds
Number of updated asset objects reloaded before import = 0Number of asset objects unloaded after import = 1

========================================================================
Received Import Request.
  Time since last request: 0.000014 seconds.
  path: Packages/com.unity.render-pipelines.universal/Runtime/Memory/PinnedArray.cs
  artifactKey: Guid(8e137341e98d40119699d4357b618a46) Importer(2089858483,b0f066a214c2f5e87bad3c948f4d605d)
Start importing Packages/com.unity.render-pipelines.universal/Runtime/Memory/PinnedArray.cs using Guid(8e137341e98d40119699d4357b618a46) Importer(2089858483,b0f066a214c2f5e87bad3c948f4d605d) (ScriptedImporter) -> (artifact id: '34db7fef07a65eb38ecf96b09b26501b') in 0.0031055 seconds
Number of updated asset objects reloaded before import = 0Number of asset objects unloaded after import = 0

========================================================================
Received Import Request.
  Time since last request: 0.000013 seconds.
  path: Packages/com.unity.render-pipelines.universal/Editor/ShaderGraph/Includes/UnlitGBufferPass.hlsl
  artifactKey: Guid(73b8a22390b7d43f7803cb609e674fe6) Importer(2089858483,b0f066a214c2f5e87bad3c948f4d605d)
Start importing Packages/com.unity.render-pipelines.universal/Editor/ShaderGraph/Includes/UnlitGBufferPass.hlsl using Guid(73b8a22390b7d43f7803cb609e674fe6) Importer(2089858483,b0f066a214c2f5e87bad3c948f4d605d) (ScriptedImporter) -> (artifact id: '4ee44354e2d5ef57b2257d69d1c94523') in 0.0036813 seconds
Number of updated asset objects reloaded before import = 0Number of asset objects unloaded after import = 1

========================================================================
Received Import Request.
  Time since last request: 0.000016 seconds.
  path: Packages/com.unity.render-pipelines.universal/ShaderLibrary/DeclareDepthTexture.hlsl
  artifactKey: Guid(ff20ba0133cd2904ebf470aedb16e9a2) Importer(2089858483,b0f066a214c2f5e87bad3c948f4d605d)
Start importing Packages/com.unity.render-pipelines.universal/ShaderLibrary/DeclareDepthTexture.hlsl using Guid(ff20ba0133cd2904ebf470aedb16e9a2) Importer(2089858483,b0f066a214c2f5e87bad3c948f4d605d) (ScriptedImporter) -> (artifact id: 'dc07d3885c14d88ef994c2b38f8c9779') in 0.0034273 seconds
Number of updated asset objects reloaded before import = 0Number of asset objects unloaded after import = 1

========================================================================
Received Import Request.
  Time since last request: 0.000022 seconds.
  path: Packages/com.unity.render-pipelines.universal/Textures/BlueNoise256/LDR_LLL1_5.png
  artifactKey: Guid(3302065f671a8450b82c9ddf07426f3a) Importer(2089858483,b0f066a214c2f5e87bad3c948f4d605d)
Start importing Packages/com.unity.render-pipelines.universal/Textures/BlueNoise256/LDR_LLL1_5.png using Guid(3302065f671a8450b82c9ddf07426f3a) Importer(2089858483,b0f066a214c2f5e87bad3c948f4d605d) (ScriptedImporter) -> (artifact id: 'd6d88a0a33d526d09a2f68b8f4bb58b0') in 0.0067536 seconds
Number of updated asset objects reloaded before import = 0Number of asset objects unloaded after import = 0

========================================================================
Received Import Request.
  Time since last request: 0.000015 seconds.
  path: Packages/com.unity.shadergraph/Tests/Editor/UnitTests/PixelShaderNodeTests.cs
  artifactKey: Guid(caaa2ea3bc3f57c429e630f9324ac930) Importer(2089858483,b0f066a214c2f5e87bad3c948f4d605d)
Start importing Packages/com.unity.shadergraph/Tests/Editor/UnitTests/PixelShaderNodeTests.cs using Guid(caaa2ea3bc3f57c429e630f9324ac930) Importer(2089858483,b0f066a214c2f5e87bad3c948f4d605d) (ScriptedImporter) -> (artifact id: '2faba1cee18478024d2f98a0c2f56835') in 0.0037439 seconds
Number of updated asset objects reloaded before import = 0Number of asset objects unloaded after import = 0

========================================================================
Received Import Request.
  Time since last request: 0.000013 seconds.
  path: Packages/com.unity.shadergraph/GraphTemplates/Subgraphs/Terrain/Unpack Material.shadersubgraph
  artifactKey: Guid(62cd44aa2d94fa442942547943d2b24a) Importer(2089858483,b0f066a214c2f5e87bad3c948f4d605d)
Start importing Packages/com.unity.shadergraph/GraphTemplates/Subgraphs/Terrain/Unpack Material.shadersubgraph using Guid(62cd44aa2d94fa442942547943d2b24a) Importer(2089858483,b0f066a214c2f5e87bad3c948f4d605d) (ScriptedImporter) -> (artifact id: '984b42ae07c428ec0b0d10d5f16639a6') in 0.0054979 seconds
Number of updated asset objects reloaded before import = 0Number of asset objects unloaded after import = 1

========================================================================
Received Import Request.
  Time since last request: 0.000013 seconds.
  path: Packages/com.unity.shadergraph/Editor/Resources/Styles/PropertySheet.uss
  artifactKey: Guid(acd20f0eca2b65544b43e657d5d713fe) Importer(2089858483,b0f066a214c2f5e87bad3c948f4d605d)
Start importing Packages/com.unity.shadergraph/Editor/Resources/Styles/PropertySheet.uss using Guid(acd20f0eca2b65544b43e657d5d713fe) Importer(2089858483,b0f066a214c2f5e87bad3c948f4d605d) (ScriptedImporter) -> (artifact id: '6a09d780a1658160d9fad1bb4cb570ed') in 0.0041633 seconds
Number of updated asset objects reloaded before import = 0Number of asset objects unloaded after import = 1

========================================================================
Received Import Request.
  Time since last request: 0.000013 seconds.
  path: Packages/com.unity.shadergraph/Editor/Generation/Targets/CustomRenderTexture/CustomTextureSize.cs
  artifactKey: Guid(9f969f68890032b439714ed42dc032ff) Importer(2089858483,b0f066a214c2f5e87bad3c948f4d605d)
Start importing Packages/com.unity.shadergraph/Editor/Generation/Targets/CustomRenderTexture/CustomTextureSize.cs using Guid(9f969f68890032b439714ed42dc032ff) Importer(2089858483,b0f066a214c2f5e87bad3c948f4d605d) (ScriptedImporter) -> (artifact id: '2328ad4c29a661914efeec0f9f39bd2c') in 0.0048242 seconds
Number of updated asset objects reloaded before import = 0Number of asset objects unloaded after import = 0

========================================================================
Received Import Request.
  Time since last request: 0.000017 seconds.
  path: Packages/com.unity.render-pipelines.universal/Runtime/Decal/Entities/DecalSkipCulledSystem.cs
  artifactKey: Guid(ad9384b4a85870d429d445bbad3ed38d) Importer(2089858483,b0f066a214c2f5e87bad3c948f4d605d)
Start importing Packages/com.unity.render-pipelines.universal/Runtime/Decal/Entities/DecalSkipCulledSystem.cs using Guid(ad9384b4a85870d429d445bbad3ed38d) Importer(2089858483,b0f066a214c2f5e87bad3c948f4d605d) (ScriptedImporter) -> (artifact id: 'ea3ae94f7d26a3e8f7342b0a2b4ed945') in 0.0045168 seconds
Number of updated asset objects reloaded before import = 0Number of asset objects unloaded after import = 0

========================================================================
Received Import Request.
  Time since last request: 0.000023 seconds.
  path: Packages/com.unity.render-pipelines.universal/Runtime/Overrides/Tonemapping.cs
  artifactKey: Guid(97c23e3b12dc18c42a140437e53d3951) Importer(2089858483,b0f066a214c2f5e87bad3c948f4d605d)
Start importing Packages/com.unity.render-pipelines.universal/Runtime/Overrides/Tonemapping.cs using Guid(97c23e3b12dc18c42a140437e53d3951) Importer(2089858483,b0f066a214c2f5e87bad3c948f4d605d) (ScriptedImporter) -> (artifact id: '0477644e17cf0885dbc7c24b2086a9b2') in 0.003139 seconds
Number of updated asset objects reloaded before import = 0Number of asset objects unloaded after import = 0

========================================================================
Received Import Request.
  Time since last request: 0.000014 seconds.
  path: Packages/com.unity.render-pipelines.universal/Shaders/Debug/HDRDebugView.shader
  artifactKey: Guid(573620ae32aec764abd4d728906d2587) Importer(2089858483,b0f066a214c2f5e87bad3c948f4d605d)
Start importing Packages/com.unity.render-pipelines.universal/Shaders/Debug/HDRDebugView.shader using Guid(573620ae32aec764abd4d728906d2587) Importer(2089858483,b0f066a214c2f5e87bad3c948f4d605d) (ScriptedImporter) -> (artifact id: 'b78f5bff848d7a8860fe6f0c732f0b8b') in 0.0038662 seconds
Number of updated asset objects reloaded before import = 0Number of asset objects unloaded after import = 0

========================================================================
Received Import Request.
  Time since last request: 0.000016 seconds.
  path: Packages/com.unity.shadergraph/Editor/Resources/GraphView/Nodes/BlackboardFieldExposed.png
  artifactKey: Guid(2e8113252e9a1b245a81dc384ae86446) Importer(2089858483,b0f066a214c2f5e87bad3c948f4d605d)
Start importing Packages/com.unity.shadergraph/Editor/Resources/GraphView/Nodes/BlackboardFieldExposed.png using Guid(2e8113252e9a1b245a81dc384ae86446) Importer(2089858483,b0f066a214c2f5e87bad3c948f4d605d) (ScriptedImporter) -> (artifact id: '953d1417ff27575f2f9a3057f51c1900') in 0.0078402 seconds
Number of updated asset objects reloaded before import = 0Number of asset objects unloaded after import = 1

========================================================================
Received Import Request.
  Time since last request: 0.000014 seconds.
  path: Packages/com.unity.render-pipelines.universal/Editor/AssetPostProcessors/FBXMaterialDescriptionPreprocessor.cs
  artifactKey: Guid(17ea29e638a319a48b6ec0f98c462d7e) Importer(2089858483,b0f066a214c2f5e87bad3c948f4d605d)
Start importing Packages/com.unity.render-pipelines.universal/Editor/AssetPostProcessors/FBXMaterialDescriptionPreprocessor.cs using Guid(17ea29e638a319a48b6ec0f98c462d7e) Importer(2089858483,b0f066a214c2f5e87bad3c948f4d605d) (ScriptedImporter) -> (artifact id: 'a1cc5e4f80fba63686c7f5060b41ec67') in 0.0036188 seconds
Number of updated asset objects reloaded before import = 0Number of asset objects unloaded after import = 0

========================================================================
Received Import Request.
  Time since last request: 0.000014 seconds.
  path: Packages/com.unity.render-pipelines.universal/Shaders/Particles/ParticlesDepthNormalsPass.hlsl
  artifactKey: Guid(637c27b6fe6224a06b2b066769d0a6e6) Importer(2089858483,b0f066a214c2f5e87bad3c948f4d605d)
Start importing Packages/com.unity.render-pipelines.universal/Shaders/Particles/ParticlesDepthNormalsPass.hlsl using Guid(637c27b6fe6224a06b2b066769d0a6e6) Importer(2089858483,b0f066a214c2f5e87bad3c948f4d605d) (ScriptedImporter) -> (artifact id: 'b6a1802e011dfd8d4344372b1971abec') in 0.0032563 seconds
Number of updated asset objects reloaded before import = 0Number of asset objects unloaded after import = 1

========================================================================
Received Import Request.
  Time since last request: 0.000016 seconds.
  path: Packages/com.unity.render-pipelines.universal/Editor/2D/Converter/BuiltInAndURP3DTo2DMaterialUpgrader.cs
  artifactKey: Guid(fed0ca29658777447b2eedcce144000b) Importer(2089858483,b0f066a214c2f5e87bad3c948f4d605d)
Start importing Packages/com.unity.render-pipelines.universal/Editor/2D/Converter/BuiltInAndURP3DTo2DMaterialUpgrader.cs using Guid(fed0ca29658777447b2eedcce144000b) Importer(2089858483,b0f066a214c2f5e87bad3c948f4d605d) (ScriptedImporter) -> (artifact id: 'e24b3bff3a0b08f97d57e15b64751b1f') in 0.0033837 seconds
Number of updated asset objects reloaded before import = 0Number of asset objects unloaded after import = 0

========================================================================
Received Import Request.
  Time since last request: 0.000022 seconds.
  path: Packages/com.unity.render-pipelines.universal/Tests/Editor/PostProcessDataTests/PostProcessDataAnalyticsTests.cs
  artifactKey: Guid(6472bf1a81592fe41a53a321e920bf6f) Importer(2089858483,b0f066a214c2f5e87bad3c948f4d605d)
Start importing Packages/com.unity.render-pipelines.universal/Tests/Editor/PostProcessDataTests/PostProcessDataAnalyticsTests.cs using Guid(6472bf1a81592fe41a53a321e920bf6f) Importer(2089858483,b0f066a214c2f5e87bad3c948f4d605d) (ScriptedImporter) -> (artifact id: '89565ea8fa989278e5d3a6828988e628') in 0.0032281 seconds
Number of updated asset objects reloaded before import = 0Number of asset objects unloaded after import = 0

========================================================================
Received Import Request.
  Time since last request: 0.000016 seconds.
  path: Packages/com.unity.render-pipelines.universal/Shaders/Nature/SpeedTree9_URP.shadergraph
  artifactKey: Guid(cbd3e1cc4ae141c42a30e33b4d666a61) Importer(2089858483,b0f066a214c2f5e87bad3c948f4d605d)
Start importing Packages/com.unity.render-pipelines.universal/Shaders/Nature/SpeedTree9_URP.shadergraph using Guid(cbd3e1cc4ae141c42a30e33b4d666a61) Importer(2089858483,b0f066a214c2f5e87bad3c948f4d605d) (ScriptedImporter) -> (artifact id: 'f5c33fcc9ab6a94fa020d0d0a7bdad62') in 0.0106353 seconds
Number of updated asset objects reloaded before import = 0Number of asset objects unloaded after import = 0

========================================================================
Received Import Request.
  Time since last request: 0.000013 seconds.
  path: Packages/com.unity.render-pipelines.universal/Runtime/2D/Rendergraph/GlobalPropertiesPass.cs
  artifactKey: Guid(3c49b0c9c0fdfac469942832f71ce5b1) Importer(2089858483,b0f066a214c2f5e87bad3c948f4d605d)
Start importing Packages/com.unity.render-pipelines.universal/Runtime/2D/Rendergraph/GlobalPropertiesPass.cs using Guid(3c49b0c9c0fdfac469942832f71ce5b1) Importer(2089858483,b0f066a214c2f5e87bad3c948f4d605d) (ScriptedImporter) -> (artifact id: 'c0b5deb98178a893c30c4fe6070b0e0f') in 0.0037017 seconds
Number of updated asset objects reloaded before import = 0Number of asset objects unloaded after import = 0

========================================================================
Received Import Request.
  Time since last request: 0.000015 seconds.
  path: Packages/com.unity.shadergraph/Editor/Data/Nodes/Math/Wave/NoiseSineWaveNode.cs
  artifactKey: Guid(ee4eb305b2f727b47bbac99de0772c18) Importer(2089858483,b0f066a214c2f5e87bad3c948f4d605d)
Start importing Packages/com.unity.shadergraph/Editor/Data/Nodes/Math/Wave/NoiseSineWaveNode.cs using Guid(ee4eb305b2f727b47bbac99de0772c18) Importer(2089858483,b0f066a214c2f5e87bad3c948f4d605d) (ScriptedImporter) -> (artifact id: 'e5ebae785812cce63c2623ab163a25bc') in 0.0043742 seconds
Number of updated asset objects reloaded before import = 0Number of asset objects unloaded after import = 0

========================================================================
Received Import Request.
  Time since last request: 0.000014 seconds.
  path: Packages/com.unity.shadergraph/Editor/Generation/Descriptors/BlockFieldDescriptor.cs
  artifactKey: Guid(82f47029c21684be390696599c52fb76) Importer(2089858483,b0f066a214c2f5e87bad3c948f4d605d)
Start importing Packages/com.unity.shadergraph/Editor/Generation/Descriptors/BlockFieldDescriptor.cs using Guid(82f47029c21684be390696599c52fb76) Importer(2089858483,b0f066a214c2f5e87bad3c948f4d605d) (ScriptedImporter) -> (artifact id: '7f5e2c0746740ef0a4790eb55272738c') in 0.003439 seconds
Number of updated asset objects reloaded before import = 0Number of asset objects unloaded after import = 0

========================================================================
Received Import Request.
  Time since last request: 0.000016 seconds.
  path: Packages/com.unity.shadergraph/Editor/Data/Legacy/SpriteUnlitMasterNode1.cs
  artifactKey: Guid(3de89e7ea2afdda4ab5d861d4ab2e329) Importer(2089858483,b0f066a214c2f5e87bad3c948f4d605d)
Start importing Packages/com.unity.shadergraph/Editor/Data/Legacy/SpriteUnlitMasterNode1.cs using Guid(3de89e7ea2afdda4ab5d861d4ab2e329) Importer(2089858483,b0f066a214c2f5e87bad3c948f4d605d) (ScriptedImporter) -> (artifact id: '1475e19e6c8ef7887df265cb9c354bfb') in 0.0034389 seconds
Number of updated asset objects reloaded before import = 0Number of asset objects unloaded after import = 0

========================================================================
Received Import Request.
  Time since last request: 0.000027 seconds.
  path: Packages/com.unity.shadergraph/Editor/Generation/Collections/AssetCollection.cs
  artifactKey: Guid(08492a28bc5e6d34e866bd3805598835) Importer(2089858483,b0f066a214c2f5e87bad3c948f4d605d)
Start importing Packages/com.unity.shadergraph/Editor/Generation/Collections/AssetCollection.cs using Guid(08492a28bc5e6d34e866bd3805598835) Importer(2089858483,b0f066a214c2f5e87bad3c948f4d605d) (ScriptedImporter) -> (artifact id: 'a49fc8d33325aa9cccfc2da2c3aea95a') in 0.0036316 seconds
Number of updated asset objects reloaded before import = 0Number of asset objects unloaded after import = 0

========================================================================
Received Import Request.
  Time since last request: 0.000016 seconds.
  path: Packages/com.unity.render-pipelines.universal/Shaders/Terrain/TerrainDetailLit.shader
  artifactKey: Guid(f6783ab646d374f94b199774402a5144) Importer(2089858483,b0f066a214c2f5e87bad3c948f4d605d)
Start importing Packages/com.unity.render-pipelines.universal/Shaders/Terrain/TerrainDetailLit.shader using Guid(f6783ab646d374f94b199774402a5144) Importer(2089858483,b0f066a214c2f5e87bad3c948f4d605d) (ScriptedImporter) -> (artifact id: 'e14ffa635e565ade39d62af88df40e16') in 0.0039712 seconds
Number of updated asset objects reloaded before import = 0Number of asset objects unloaded after import = 0

========================================================================
Received Import Request.
  Time since last request: 0.000013 seconds.
  path: Packages/com.unity.shadergraph/Editor/Data/Nodes/Utility/Logic/IsNanNode.cs
  artifactKey: Guid(0e15b8359c9db4d0ea27f4deab94137e) Importer(2089858483,b0f066a214c2f5e87bad3c948f4d605d)
Start importing Packages/com.unity.shadergraph/Editor/Data/Nodes/Utility/Logic/IsNanNode.cs using Guid(0e15b8359c9db4d0ea27f4deab94137e) Importer(2089858483,b0f066a214c2f5e87bad3c948f4d605d) (ScriptedImporter) -> (artifact id: '1fbc22b10e4138b84d46f03c5b0ac77b') in 0.0036009 seconds
Number of updated asset objects reloaded before import = 0Number of asset objects unloaded after import = 0

========================================================================
Received Import Request.
  Time since last request: 0.000014 seconds.
  path: Packages/com.unity.render-pipelines.universal/Editor/ShaderGUI/Shaders/LitShader.cs
  artifactKey: Guid(a72ab9c46e7987c40bcd48bcf9e7c0dd) Importer(2089858483,b0f066a214c2f5e87bad3c948f4d605d)
Start importing Packages/com.unity.render-pipelines.universal/Editor/ShaderGUI/Shaders/LitShader.cs using Guid(a72ab9c46e7987c40bcd48bcf9e7c0dd) Importer(2089858483,b0f066a214c2f5e87bad3c948f4d605d) (ScriptedImporter) -> (artifact id: '16b659f0b2273bca3ad3c75d0e70750b') in 0.0037207 seconds
Number of updated asset objects reloaded before import = 0Number of asset objects unloaded after import = 0

========================================================================
Received Import Request.
  Time since last request: 0.000014 seconds.
  path: Packages/com.unity.render-pipelines.universal/Runtime/StencilUsage.cs
  artifactKey: Guid(650505b0a35f6314a8a49c1f2fccaeaa) Importer(2089858483,b0f066a214c2f5e87bad3c948f4d605d)
Start importing Packages/com.unity.render-pipelines.universal/Runtime/StencilUsage.cs using Guid(650505b0a35f6314a8a49c1f2fccaeaa) Importer(2089858483,b0f066a214c2f5e87bad3c948f4d605d) (ScriptedImporter) -> (artifact id: '0bb0c557ec538fe2f01e2d323aa9ccde') in 0.003621 seconds
Number of updated asset objects reloaded before import = 0Number of asset objects unloaded after import = 0

========================================================================
Received Import Request.
  Time since last request: 0.000014 seconds.
  path: Packages/com.unity.shadergraph/Editor/Drawing/MaterialEditor/ShaderGraphPropertyDrawers.cs
  artifactKey: Guid(a9a20ac22e230f948bd6d202f1bfd00e) Importer(2089858483,b0f066a214c2f5e87bad3c948f4d605d)
Start importing Packages/com.unity.shadergraph/Editor/Drawing/MaterialEditor/ShaderGraphPropertyDrawers.cs using Guid(a9a20ac22e230f948bd6d202f1bfd00e) Importer(2089858483,b0f066a214c2f5e87bad3c948f4d605d) (ScriptedImporter) -> (artifact id: '7814ab3d6ec98715cf4850866b60b11d') in 0.0034018 seconds
Number of updated asset objects reloaded before import = 0Number of asset objects unloaded after import = 0

========================================================================
Received Import Request.
  Time since last request: 0.000022 seconds.
  path: Packages/com.unity.shadergraph/Editor/Data/Nodes/UV/ParallaxMappingNode.cs
  artifactKey: Guid(296397d582e70314a9aec3252db586ad) Importer(2089858483,b0f066a214c2f5e87bad3c948f4d605d)
Start importing Packages/com.unity.shadergraph/Editor/Data/Nodes/UV/ParallaxMappingNode.cs using Guid(296397d582e70314a9aec3252db586ad) Importer(2089858483,b0f066a214c2f5e87bad3c948f4d605d) (ScriptedImporter) -> (artifact id: '512d2f2cc3bca878cbc269a4fb97483c') in 0.0037106 seconds
Number of updated asset objects reloaded before import = 0Number of asset objects unloaded after import = 0

========================================================================
Received Import Request.
  Time since last request: 0.000013 seconds.
  path: Packages/com.unity.render-pipelines.universal/Tests/Editor/RenderPassCullingTests.cs
  artifactKey: Guid(da9d116cbd3a95840aeb4f28ba5146da) Importer(2089858483,b0f066a214c2f5e87bad3c948f4d605d)
Start importing Packages/com.unity.render-pipelines.universal/Tests/Editor/RenderPassCullingTests.cs using Guid(da9d116cbd3a95840aeb4f28ba5146da) Importer(2089858483,b0f066a214c2f5e87bad3c948f4d605d) (ScriptedImporter) -> (artifact id: '6c7abdf71fe2176dd8096cc578e288f4') in 0.0039068 seconds
Number of updated asset objects reloaded before import = 0Number of asset objects unloaded after import = 0

========================================================================
Received Import Request.
  Time since last request: 0.000014 seconds.
  path: Packages/com.unity.shadergraph/Editor/Drawing/Manipulators/WindowDraggable.cs
  artifactKey: Guid(604681490aa779348a355368c95cfcf5) Importer(2089858483,b0f066a214c2f5e87bad3c948f4d605d)
Start importing Packages/com.unity.shadergraph/Editor/Drawing/Manipulators/WindowDraggable.cs using Guid(604681490aa779348a355368c95cfcf5) Importer(2089858483,b0f066a214c2f5e87bad3c948f4d605d) (ScriptedImporter) -> (artifact id: '9382ab905f9b68cee07d4df0d50dfadc') in 0.0036113 seconds
Number of updated asset objects reloaded before import = 0Number of asset objects unloaded after import = 0

========================================================================
Received Import Request.
  Time since last request: 0.000014 seconds.
  path: Packages/com.unity.render-pipelines.universal/ShaderLibrary/Shadows.hlsl
  artifactKey: Guid(5cb845b7decdb4db6a7fcc676b127b6d) Importer(2089858483,b0f066a214c2f5e87bad3c948f4d605d)
Start importing Packages/com.unity.render-pipelines.universal/ShaderLibrary/Shadows.hlsl using Guid(5cb845b7decdb4db6a7fcc676b127b6d) Importer(2089858483,b0f066a214c2f5e87bad3c948f4d605d) (ScriptedImporter) -> (artifact id: '07f2973d39f17b2443c911e919dbf332') in 0.0036007 seconds
Number of updated asset objects reloaded before import = 0Number of asset objects unloaded after import = 1

========================================================================
Received Import Request.
  Time since last request: 0.000014 seconds.
  path: Packages/com.unity.render-pipelines.universal/Editor/2D/Light2DEditorUtility.cs
  artifactKey: Guid(62e1d3960d9dba84780a633cbb9f63c2) Importer(2089858483,b0f066a214c2f5e87bad3c948f4d605d)
Start importing Packages/com.unity.render-pipelines.universal/Editor/2D/Light2DEditorUtility.cs using Guid(62e1d3960d9dba84780a633cbb9f63c2) Importer(2089858483,b0f066a214c2f5e87bad3c948f4d605d) (ScriptedImporter) -> (artifact id: '73dab20d61a406a809a616a3e2a0e480') in 0.0052916 seconds
Number of updated asset objects reloaded before import = 0Number of asset objects unloaded after import = 0

========================================================================
Received Import Request.
  Time since last request: 0.000015 seconds.
  path: Packages/com.unity.render-pipelines.universal/ShaderLibrary/ObjectMotionVectors.hlsl
  artifactKey: Guid(6d239a0044031854a817ab72a66ce766) Importer(2089858483,b0f066a214c2f5e87bad3c948f4d605d)
Start importing Packages/com.unity.render-pipelines.universal/ShaderLibrary/ObjectMotionVectors.hlsl using Guid(6d239a0044031854a817ab72a66ce766) Importer(2089858483,b0f066a214c2f5e87bad3c948f4d605d) (ScriptedImporter) -> (artifact id: '322549548865fd350811b46f48017dde') in 0.0035129 seconds
Number of updated asset objects reloaded before import = 0Number of asset objects unloaded after import = 1

========================================================================
Received Import Request.
  Time since last request: 0.000023 seconds.
  path: Packages/com.unity.shadergraph/Editor/Drawing/Colors/CategoryColors.cs
  artifactKey: Guid(93e3298dd3de748f18fe0a2c486c15f5) Importer(2089858483,b0f066a214c2f5e87bad3c948f4d605d)
Start importing Packages/com.unity.shadergraph/Editor/Drawing/Colors/CategoryColors.cs using Guid(93e3298dd3de748f18fe0a2c486c15f5) Importer(2089858483,b0f066a214c2f5e87bad3c948f4d605d) (ScriptedImporter) -> (artifact id: 'e6e9366e6fb992af2a432bd18bdbaca3') in 0.0037854 seconds
Number of updated asset objects reloaded before import = 0Number of asset objects unloaded after import = 0

========================================================================
Received Import Request.
  Time since last request: 0.000013 seconds.
  path: Packages/com.unity.render-pipelines.universal/Editor/Analytics/AssetReimporterAnalytic.cs
  artifactKey: Guid(e6b197b525ca7a545aa2c6a4d0cd6190) Importer(2089858483,b0f066a214c2f5e87bad3c948f4d605d)
Start importing Packages/com.unity.render-pipelines.universal/Editor/Analytics/AssetReimporterAnalytic.cs using Guid(e6b197b525ca7a545aa2c6a4d0cd6190) Importer(2089858483,b0f066a214c2f5e87bad3c948f4d605d) (ScriptedImporter) -> (artifact id: 'a360f1faf484a93ee2d7ee2f55c11ea1') in 0.0036448 seconds
Number of updated asset objects reloaded before import = 0Number of asset objects unloaded after import = 0

========================================================================
Received Import Request.
  Time since last request: 0.000013 seconds.
  path: Packages/com.unity.render-pipelines.universal/Runtime/RenderTargetHandle.cs
  artifactKey: Guid(d7a47b64c248a9448845c28f15c6ca10) Importer(2089858483,b0f066a214c2f5e87bad3c948f4d605d)
Start importing Packages/com.unity.render-pipelines.universal/Runtime/RenderTargetHandle.cs using Guid(d7a47b64c248a9448845c28f15c6ca10) Importer(2089858483,b0f066a214c2f5e87bad3c948f4d605d) (ScriptedImporter) -> (artifact id: '61b709fbdb01b01bd1815da74bd0c9cb') in 0.0033038 seconds
Number of updated asset objects reloaded before import = 0Number of asset objects unloaded after import = 0

========================================================================
Received Import Request.
  Time since last request: 0.000016 seconds.
  path: Packages/com.unity.shadergraph/Editor/Resources/Styles/Controls/PopupControlView.uss
  artifactKey: Guid(5632d12a476944a4c96410178f559fd3) Importer(2089858483,b0f066a214c2f5e87bad3c948f4d605d)
Start importing Packages/com.unity.shadergraph/Editor/Resources/Styles/Controls/PopupControlView.uss using Guid(5632d12a476944a4c96410178f559fd3) Importer(2089858483,b0f066a214c2f5e87bad3c948f4d605d) (ScriptedImporter) -> (artifact id: '01768c3a8121b14f43934e5ba57b6507') in 0.0042065 seconds
Number of updated asset objects reloaded before import = 0Number of asset objects unloaded after import = 1

========================================================================
Received Import Request.
  Time since last request: 0.000013 seconds.
  path: Packages/com.unity.render-pipelines.universal/Editor/Converter/Converters.cs
  artifactKey: Guid(3b0b271613f343246a84ba7a171df9dc) Importer(2089858483,b0f066a214c2f5e87bad3c948f4d605d)
Start importing Packages/com.unity.render-pipelines.universal/Editor/Converter/Converters.cs using Guid(3b0b271613f343246a84ba7a171df9dc) Importer(2089858483,b0f066a214c2f5e87bad3c948f4d605d) (ScriptedImporter) -> (artifact id: '0064ae47af0ebfa6a6d62a9d22e5ef66') in 0.0033692 seconds
Number of updated asset objects reloaded before import = 0Number of asset objects unloaded after import = 0

========================================================================
Received Import Request.
  Time since last request: 0.000016 seconds.
  path: Packages/com.unity.render-pipelines.universal/Runtime/2D/Shadows/CompositeShadowCaster2D.cs
  artifactKey: Guid(38f48a8d66b2adc46887f23a3a88ac01) Importer(2089858483,b0f066a214c2f5e87bad3c948f4d605d)
Start importing Packages/com.unity.render-pipelines.universal/Runtime/2D/Shadows/CompositeShadowCaster2D.cs using Guid(38f48a8d66b2adc46887f23a3a88ac01) Importer(2089858483,b0f066a214c2f5e87bad3c948f4d605d) (ScriptedImporter) -> (artifact id: '1e1044948781263a1ad667939329582d') in 0.003422 seconds
Number of updated asset objects reloaded before import = 0Number of asset objects unloaded after import = 0

========================================================================
Received Import Request.
  Time since last request: 0.000024 seconds.
  path: Packages/com.unity.render-pipelines.universal/Editor/2D/ShaderGraph/Targets/UniversalMeshUnlitInfo.cs
  artifactKey: Guid(de06e51a002915c43a237aa558ee66e7) Importer(2089858483,b0f066a214c2f5e87bad3c948f4d605d)
Start importing Packages/com.unity.render-pipelines.universal/Editor/2D/ShaderGraph/Targets/UniversalMeshUnlitInfo.cs using Guid(de06e51a002915c43a237aa558ee66e7) Importer(2089858483,b0f066a214c2f5e87bad3c948f4d605d) (ScriptedImporter) -> (artifact id: 'ca3eafea06c6ff19fe445105a41371e0') in 0.0032884 seconds
Number of updated asset objects reloaded before import = 0Number of asset objects unloaded after import = 0

========================================================================
Received Import Request.
  Time since last request: 0.000014 seconds.
  path: Packages/com.unity.render-pipelines.universal/Runtime/Overrides/ShadowsMidtonesHighlights.cs
  artifactKey: Guid(558a8e2b6826cf840aae193990ba9f2e) Importer(2089858483,b0f066a214c2f5e87bad3c948f4d605d)
Start importing Packages/com.unity.render-pipelines.universal/Runtime/Overrides/ShadowsMidtonesHighlights.cs using Guid(558a8e2b6826cf840aae193990ba9f2e) Importer(2089858483,b0f066a214c2f5e87bad3c948f4d605d) (ScriptedImporter) -> (artifact id: 'e2e5c5be9b0775d5e904e3ee7e33e084') in 0.0039766 seconds
Number of updated asset objects reloaded before import = 0Number of asset objects unloaded after import = 0

========================================================================
Received Import Request.
  Time since last request: 0.000015 seconds.
  path: Packages/com.unity.render-pipelines.universal/Editor/2D/ShaderGraph/Targets/UniversalMeshLitInfo.cs
  artifactKey: Guid(1d05733e1c6394a479c53e1428a543dd) Importer(2089858483,b0f066a214c2f5e87bad3c948f4d605d)
Start importing Packages/com.unity.render-pipelines.universal/Editor/2D/ShaderGraph/Targets/UniversalMeshLitInfo.cs using Guid(1d05733e1c6394a479c53e1428a543dd) Importer(2089858483,b0f066a214c2f5e87bad3c948f4d605d) (ScriptedImporter) -> (artifact id: '1d1194f1aa5b568954e1493597814e89') in 0.0035762 seconds
Number of updated asset objects reloaded before import = 0Number of asset objects unloaded after import = 0

========================================================================
Received Import Request.
  Time since last request: 0.000014 seconds.
  path: Packages/com.unity.render-pipelines.universal/Shaders/2D/Include/ShadowProjectVertex.hlsl
  artifactKey: Guid(97832dc646b4fb4498bf5aa61e366c13) Importer(2089858483,b0f066a214c2f5e87bad3c948f4d605d)
Start importing Packages/com.unity.render-pipelines.universal/Shaders/2D/Include/ShadowProjectVertex.hlsl using Guid(97832dc646b4fb4498bf5aa61e366c13) Importer(2089858483,b0f066a214c2f5e87bad3c948f4d605d) (ScriptedImporter) -> (artifact id: '5042953262eb417639d67e473fd7a28e') in 0.0033418 seconds
Number of updated asset objects reloaded before import = 0Number of asset objects unloaded after import = 1

========================================================================
Received Import Request.
  Time since last request: 0.000020 seconds.
  path: Packages/com.unity.render-pipelines.universal/Editor/Tools/MaterialUpgrader/UniversalSpeedTree8MaterialUpgrader.cs
  artifactKey: Guid(a699ef0a455ff0440a0fe9b1689ec566) Importer(2089858483,b0f066a214c2f5e87bad3c948f4d605d)
Start importing Packages/com.unity.render-pipelines.universal/Editor/Tools/MaterialUpgrader/UniversalSpeedTree8MaterialUpgrader.cs using Guid(a699ef0a455ff0440a0fe9b1689ec566) Importer(2089858483,b0f066a214c2f5e87bad3c948f4d605d) (ScriptedImporter) -> (artifact id: '11e07cd0079bd8ebce193a9dcc57bb0b') in 0.0034827 seconds
Number of updated asset objects reloaded before import = 0Number of asset objects unloaded after import = 0

========================================================================
Received Import Request.
  Time since last request: 0.000017 seconds.
  path: Packages/com.unity.shadergraph/Editor/Drawing/Colors/HeatmapColors.cs
  artifactKey: Guid(9e5535934dd6493c82014583d0eadfa3) Importer(2089858483,b0f066a214c2f5e87bad3c948f4d605d)
Start importing Packages/com.unity.shadergraph/Editor/Drawing/Colors/HeatmapColors.cs using Guid(9e5535934dd6493c82014583d0eadfa3) Importer(2089858483,b0f066a214c2f5e87bad3c948f4d605d) (ScriptedImporter) -> (artifact id: '29b41c13584eef28ecb075c191e3d72b') in 0.0043672 seconds
Number of updated asset objects reloaded before import = 0Number of asset objects unloaded after import = 0

========================================================================
Received Import Request.
  Time since last request: 0.000022 seconds.
  path: Packages/com.unity.shadergraph/Tests/Editor/UnitTests/StackTests.cs
  artifactKey: Guid(c3d530710b610d649acafae8f38156d7) Importer(2089858483,b0f066a214c2f5e87bad3c948f4d605d)
Start importing Packages/com.unity.shadergraph/Tests/Editor/UnitTests/StackTests.cs using Guid(c3d530710b610d649acafae8f38156d7) Importer(2089858483,b0f066a214c2f5e87bad3c948f4d605d) (ScriptedImporter) -> (artifact id: 'caf64a3e8f1a164f1d56582aba9c92b8') in 0.0032529 seconds
Number of updated asset objects reloaded before import = 0Number of asset objects unloaded after import = 0

========================================================================
Received Import Request.
  Time since last request: 0.000020 seconds.
  path: Packages/com.unity.shadergraph/Editor/Drawing/Views/ShaderPort.cs
  artifactKey: Guid(96f5a3d0303d4d9395a450dcce906110) Importer(2089858483,b0f066a214c2f5e87bad3c948f4d605d)
Start importing Packages/com.unity.shadergraph/Editor/Drawing/Views/ShaderPort.cs using Guid(96f5a3d0303d4d9395a450dcce906110) Importer(2089858483,b0f066a214c2f5e87bad3c948f4d605d) (ScriptedImporter) -> (artifact id: 'ff64d5b12b8a35833c6ccb58affdfb7b') in 0.0036891 seconds
Number of updated asset objects reloaded before import = 0Number of asset objects unloaded after import = 0

========================================================================
Received Import Request.
  Time since last request: 0.000015 seconds.
  path: Packages/com.unity.shadergraph/Editor/Resources/Styles/InspectorView.uss
  artifactKey: Guid(485099284bca84dcfbf9af86eb599f6f) Importer(2089858483,b0f066a214c2f5e87bad3c948f4d605d)
Start importing Packages/com.unity.shadergraph/Editor/Resources/Styles/InspectorView.uss using Guid(485099284bca84dcfbf9af86eb599f6f) Importer(2089858483,b0f066a214c2f5e87bad3c948f4d605d) (ScriptedImporter) -> (artifact id: '72cd088eaf65096e20e9ec1404e9f3d1') in 0.0041471 seconds
Number of updated asset objects reloaded before import = 0Number of asset objects unloaded after import = 1

========================================================================
Received Import Request.
  Time since last request: 0.000015 seconds.
  path: Packages/com.unity.shadergraph/Editor/Drawing/Views/StickyNote.cs
  artifactKey: Guid(d292685fd85281e4c8227eede0e9f090) Importer(2089858483,b0f066a214c2f5e87bad3c948f4d605d)
Start importing Packages/com.unity.shadergraph/Editor/Drawing/Views/StickyNote.cs using Guid(d292685fd85281e4c8227eede0e9f090) Importer(2089858483,b0f066a214c2f5e87bad3c948f4d605d) (ScriptedImporter) -> (artifact id: 'ab8bb88a0bf32b4da7b5cce33c5fec00') in 0.0035473 seconds
Number of updated asset objects reloaded before import = 0Number of asset objects unloaded after import = 0

========================================================================
Received Import Request.
  Time since last request: 0.000015 seconds.
  path: Packages/com.unity.shadergraph/Editor/Resources/Styles/PortInputView.uss
  artifactKey: Guid(1cea6b2114919574aac870488908a2e0) Importer(2089858483,b0f066a214c2f5e87bad3c948f4d605d)
Start importing Packages/com.unity.shadergraph/Editor/Resources/Styles/PortInputView.uss using Guid(1cea6b2114919574aac870488908a2e0) Importer(2089858483,b0f066a214c2f5e87bad3c948f4d605d) (ScriptedImporter) -> (artifact id: '65afbc07d15c6569d2bd421a145390f7') in 0.0054545 seconds
Number of updated asset objects reloaded before import = 0Number of asset objects unloaded after import = 1

========================================================================
Received Import Request.
  Time since last request: 0.000017 seconds.
  path: Packages/com.unity.shadergraph/Editor/Drawing/Views/GraphSubWindow.cs
  artifactKey: Guid(275dd8c834214250ac83d2a4eeab3660) Importer(2089858483,b0f066a214c2f5e87bad3c948f4d605d)
Start importing Packages/com.unity.shadergraph/Editor/Drawing/Views/GraphSubWindow.cs using Guid(275dd8c834214250ac83d2a4eeab3660) Importer(2089858483,b0f066a214c2f5e87bad3c948f4d605d) (ScriptedImporter) -> (artifact id: 'b1759ae449321b5badd706bdea5bb5a3') in 0.0037774 seconds
Number of updated asset objects reloaded before import = 0Number of asset objects unloaded after import = 0

========================================================================
Received Import Request.
  Time since last request: 0.000022 seconds.
  path: Packages/com.unity.shadergraph/Editor/Resources/GraphView/Nodes/PreviewExpand@2x.png
  artifactKey: Guid(88995b00867befb41adaada22f8abc21) Importer(2089858483,b0f066a214c2f5e87bad3c948f4d605d)
Start importing Packages/com.unity.shadergraph/Editor/Resources/GraphView/Nodes/PreviewExpand@2x.png using Guid(88995b00867befb41adaada22f8abc21) Importer(2089858483,b0f066a214c2f5e87bad3c948f4d605d) (ScriptedImporter) -> (artifact id: 'eaed92b4259346d9d531a3a5bb418ea4') in 0.0081822 seconds
Number of updated asset objects reloaded before import = 0Number of asset objects unloaded after import = 1

========================================================================
Received Import Request.
  Time since last request: 0.000012 seconds.
  path: Packages/com.unity.render-pipelines.universal/ShaderLibrary/AmbientOcclusion.hlsl
  artifactKey: Guid(1c0cb2353d9a4debbc61e650002843f4) Importer(2089858483,b0f066a214c2f5e87bad3c948f4d605d)
Start importing Packages/com.unity.render-pipelines.universal/ShaderLibrary/AmbientOcclusion.hlsl using Guid(1c0cb2353d9a4debbc61e650002843f4) Importer(2089858483,b0f066a214c2f5e87bad3c948f4d605d) (ScriptedImporter) -> (artifact id: '55b488a03bf72ad98021cdcc61286aa8') in 0.0041593 seconds
Number of updated asset objects reloaded before import = 0Number of asset objects unloaded after import = 1

========================================================================
Received Import Request.
  Time since last request: 0.000013 seconds.
  path: Packages/com.unity.render-pipelines.universal/Textures/FilmGrain/Large01.png
  artifactKey: Guid(fd2fd78b392986e42a12df2177d3b89c) Importer(2089858483,b0f066a214c2f5e87bad3c948f4d605d)
Start importing Packages/com.unity.render-pipelines.universal/Textures/FilmGrain/Large01.png using Guid(fd2fd78b392986e42a12df2177d3b89c) Importer(2089858483,b0f066a214c2f5e87bad3c948f4d605d) (ScriptedImporter) -> (artifact id: 'b9a2f1a9bc77474aec7727533d327554') in 0.0080192 seconds
Number of updated asset objects reloaded before import = 0Number of asset objects unloaded after import = 0

========================================================================
Received Import Request.
  Time since last request: 0.000014 seconds.
  path: Packages/com.unity.render-pipelines.universal/Editor/ShaderGraph/Includes/LightingMetaPass.hlsl
  artifactKey: Guid(9b897418a23a04642a054cf9daa3bf54) Importer(2089858483,b0f066a214c2f5e87bad3c948f4d605d)
Start importing Packages/com.unity.render-pipelines.universal/Editor/ShaderGraph/Includes/LightingMetaPass.hlsl using Guid(9b897418a23a04642a054cf9daa3bf54) Importer(2089858483,b0f066a214c2f5e87bad3c948f4d605d) (ScriptedImporter) -> (artifact id: '157e494030df53468fa03f0e53a2181c') in 0.0031918 seconds
Number of updated asset objects reloaded before import = 0Number of asset objects unloaded after import = 1

========================================================================
Received Prepare
Begin MonoManager ReloadAssembly
[Licensing::Client] Successfully resolved entitlement details
- Loaded All Assemblies, in  0.663 seconds
Refreshing native plugins compatible for Editor in 1.66 ms, found 4 plugins.
Native extension for iOS target not found
Native extension for WindowsStandalone target not found
Native extension for WebGL target not found
[Package Manager] Failed to launch server process. Reason: Unity was launched with the -noUpm command-line argument
[Package Manager] Unable to send message (not connected to server process).
[Package Manager] Cannot connect to Unity Package Manager local server
[Package Manager] Failed to launch server process. Reason: Unity was launched with the -noUpm command-line argument
[Package Manager] Unable to send message (not connected to server process).
[Package Manager] Cannot connect to Unity Package Manager local server
ScheduleIndexationOnStartup MainProcess:False IndexOnStartup:True
Mono: successfully reloaded assembly
- Finished resetting the current domain, in  0.607 seconds
Domain Reload Profiling: 1267ms
	BeginReloadAssembly (182ms)
		ExecutionOrderSort (0ms)
		DisableScriptedObjects (5ms)
		BackupInstance (0ms)
		ReleaseScriptingObjects (0ms)
		CreateAndSetChildDomain (44ms)
	RebuildCommonClasses (30ms)
	RebuildNativeTypeToScriptingClass (11ms)
	initialDomainReloadingComplete (29ms)
	LoadAllAssembliesAndSetupDomain (409ms)
		LoadAssemblies (315ms)
		RebuildTransferFunctionScriptingTraits (0ms)
		AnalyzeDomain (174ms)
			TypeCache.Refresh (6ms)
				TypeCache.ScanAssembly (0ms)
			BuildScriptInfoCaches (159ms)
			ResolveRequiredComponents (6ms)
	FinalizeReload (607ms)
		ReleaseScriptCaches (0ms)
		RebuildScriptCaches (0ms)
		SetupLoadedEditorAssemblies (466ms)
			LogAssemblyErrors (0ms)
			InitializePlatformSupportModulesInManaged (8ms)
			SetLoadedEditorAssemblies (4ms)
			BeforeProcessingInitializeOnLoad (124ms)
			ProcessInitializeOnLoadAttributes (269ms)
			ProcessInitializeOnLoadMethodAttributes (54ms)
			AfterProcessingInitializeOnLoad (6ms)
			EditorAssembliesLoaded (0ms)
		ExecutionOrderSort2 (0ms)
		AwakeInstancesAfterBackupRestoration (14ms)
Refreshing native plugins compatible for Editor in 2.12 ms, found 4 plugins.
Preloading 0 native plugins for Editor in 0.00 ms.
Unloading 16 Unused Serialized files (Serialized files now loaded: 0)
Unloading 6541 unused Assets / (5.1 MB). Loaded Objects now: 7314.
Memory consumption went from 166.5 MB to 161.4 MB.
Total: 9.555400 ms (FindLiveObjects: 0.649900 ms CreateObjectMapping: 0.774200 ms MarkObjects: 5.028000 ms  DeleteObjects: 3.102500 ms)

Prepare: number of updated asset objects reloaded= 0
========================================================================
Received Prepare
Begin MonoManager ReloadAssembly
- Loaded All Assemblies, in  0.663 seconds
Refreshing native plugins compatible for Editor in 1.71 ms, found 4 plugins.
Native extension for iOS target not found
Native extension for WindowsStandalone target not found
Native extension for WebGL target not found
[Package Manager] Failed to launch server process. Reason: Unity was launched with the -noUpm command-line argument
[Package Manager] Unable to send message (not connected to server process).
[Package Manager] Cannot connect to Unity Package Manager local server
[Package Manager] Failed to launch server process. Reason: Unity was launched with the -noUpm command-line argument
[Package Manager] Unable to send message (not connected to server process).
[Package Manager] Cannot connect to Unity Package Manager local server
ScheduleIndexationOnStartup MainProcess:False IndexOnStartup:True
Mono: successfully reloaded assembly
- Finished resetting the current domain, in  0.612 seconds
Domain Reload Profiling: 1273ms
	BeginReloadAssembly (174ms)
		ExecutionOrderSort (0ms)
		DisableScriptedObjects (6ms)
		BackupInstance (0ms)
		ReleaseScriptingObjects (0ms)
		CreateAndSetChildDomain (38ms)
	RebuildCommonClasses (30ms)
	RebuildNativeTypeToScriptingClass (11ms)
	initialDomainReloadingComplete (28ms)
	LoadAllAssembliesAndSetupDomain (418ms)
		LoadAssemblies (316ms)
		RebuildTransferFunctionScriptingTraits (0ms)
		AnalyzeDomain (181ms)
			TypeCache.Refresh (6ms)
				TypeCache.ScanAssembly (0ms)
			BuildScriptInfoCaches (165ms)
			ResolveRequiredComponents (6ms)
	FinalizeReload (612ms)
		ReleaseScriptCaches (0ms)
		RebuildScriptCaches (0ms)
		SetupLoadedEditorAssemblies (480ms)
			LogAssemblyErrors (0ms)
			InitializePlatformSupportModulesInManaged (8ms)
			SetLoadedEditorAssemblies (4ms)
			BeforeProcessingInitializeOnLoad (126ms)
			ProcessInitializeOnLoadAttributes (270ms)
			ProcessInitializeOnLoadMethodAttributes (63ms)
			AfterProcessingInitializeOnLoad (7ms)
			EditorAssembliesLoaded (0ms)
		ExecutionOrderSort2 (0ms)
		AwakeInstancesAfterBackupRestoration (18ms)
Refreshing native plugins compatible for Editor in 1.77 ms, found 4 plugins.
Preloading 0 native plugins for Editor in 0.00 ms.
Unloading 16 Unused Serialized files (Serialized files now loaded: 0)
Unloading 6512 unused Assets / (3.9 MB). Loaded Objects now: 7317.
Memory consumption went from 169.0 MB to 165.1 MB.
Total: 9.844900 ms (FindLiveObjects: 0.668600 ms CreateObjectMapping: 0.833300 ms MarkObjects: 6.106200 ms  DeleteObjects: 2.236200 ms)

Prepare: number of updated asset objects reloaded= 0
========================================================================
Received Prepare
Begin MonoManager ReloadAssembly
[Licensing::Client] Successfully resolved entitlement details
- Loaded All Assemblies, in  0.664 seconds
Refreshing native plugins compatible for Editor in 1.53 ms, found 4 plugins.
Native extension for iOS target not found
Native extension for WindowsStandalone target not found
Native extension for WebGL target not found
[Package Manager] Failed to launch server process. Reason: Unity was launched with the -noUpm command-line argument
[Package Manager] Unable to send message (not connected to server process).
[Package Manager] Cannot connect to Unity Package Manager local server
[Package Manager] Failed to launch server process. Reason: Unity was launched with the -noUpm command-line argument
[Package Manager] Unable to send message (not connected to server process).
[Package Manager] Cannot connect to Unity Package Manager local server
ScheduleIndexationOnStartup MainProcess:False IndexOnStartup:True
Mono: successfully reloaded assembly
- Finished resetting the current domain, in  0.585 seconds
Domain Reload Profiling: 1247ms
	BeginReloadAssembly (178ms)
		ExecutionOrderSort (0ms)
		DisableScriptedObjects (6ms)
		BackupInstance (0ms)
		ReleaseScriptingObjects (0ms)
		CreateAndSetChildDomain (39ms)
	RebuildCommonClasses (30ms)
	RebuildNativeTypeToScriptingClass (11ms)
	initialDomainReloadingComplete (28ms)
	LoadAllAssembliesAndSetupDomain (416ms)
		LoadAssemblies (316ms)
		RebuildTransferFunctionScriptingTraits (0ms)
		AnalyzeDomain (179ms)
			TypeCache.Refresh (6ms)
				TypeCache.ScanAssembly (0ms)
			BuildScriptInfoCaches (163ms)
			ResolveRequiredComponents (6ms)
	FinalizeReload (585ms)
		ReleaseScriptCaches (0ms)
		RebuildScriptCaches (0ms)
		SetupLoadedEditorAssemblies (458ms)
			LogAssemblyErrors (0ms)
			InitializePlatformSupportModulesInManaged (8ms)
			SetLoadedEditorAssemblies (5ms)
			BeforeProcessingInitializeOnLoad (124ms)
			ProcessInitializeOnLoadAttributes (262ms)
			ProcessInitializeOnLoadMethodAttributes (52ms)
			AfterProcessingInitializeOnLoad (6ms)
			EditorAssembliesLoaded (0ms)
		ExecutionOrderSort2 (0ms)
		AwakeInstancesAfterBackupRestoration (14ms)
Refreshing native plugins compatible for Editor in 1.69 ms, found 4 plugins.
Preloading 0 native plugins for Editor in 0.00 ms.
Unloading 16 Unused Serialized files (Serialized files now loaded: 0)
Unloading 6512 unused Assets / (4.4 MB). Loaded Objects now: 7320.
Memory consumption went from 171.7 MB to 167.4 MB.
Total: 9.121900 ms (FindLiveObjects: 0.620600 ms CreateObjectMapping: 0.789700 ms MarkObjects: 5.326300 ms  DeleteObjects: 2.384500 ms)

Prepare: number of updated asset objects reloaded= 0
========================================================================
Received Prepare
Begin MonoManager ReloadAssembly
- Loaded All Assemblies, in  0.662 seconds
Refreshing native plugins compatible for Editor in 1.60 ms, found 4 plugins.
Native extension for iOS target not found
Native extension for WindowsStandalone target not found
Native extension for WebGL target not found
[Package Manager] Failed to launch server process. Reason: Unity was launched with the -noUpm command-line argument
[Package Manager] Unable to send message (not connected to server process).
[Package Manager] Cannot connect to Unity Package Manager local server
[Package Manager] Failed to launch server process. Reason: Unity was launched with the -noUpm command-line argument
[Package Manager] Unable to send message (not connected to server process).
[Package Manager] Cannot connect to Unity Package Manager local server
ScheduleIndexationOnStartup MainProcess:False IndexOnStartup:True
Mono: successfully reloaded assembly
- Finished resetting the current domain, in  0.589 seconds
Domain Reload Profiling: 1248ms
	BeginReloadAssembly (174ms)
		ExecutionOrderSort (0ms)
		DisableScriptedObjects (5ms)
		BackupInstance (0ms)
		ReleaseScriptingObjects (0ms)
		CreateAndSetChildDomain (37ms)
	RebuildCommonClasses (31ms)
	RebuildNativeTypeToScriptingClass (11ms)
	initialDomainReloadingComplete (28ms)
	LoadAllAssembliesAndSetupDomain (415ms)
		LoadAssemblies (317ms)
		RebuildTransferFunctionScriptingTraits (0ms)
		AnalyzeDomain (180ms)
			TypeCache.Refresh (6ms)
				TypeCache.ScanAssembly (0ms)
			BuildScriptInfoCaches (164ms)
			ResolveRequiredComponents (6ms)
	FinalizeReload (589ms)
		ReleaseScriptCaches (0ms)
		RebuildScriptCaches (0ms)
		SetupLoadedEditorAssemblies (456ms)
			LogAssemblyErrors (0ms)
			InitializePlatformSupportModulesInManaged (8ms)
			SetLoadedEditorAssemblies (4ms)
			BeforeProcessingInitializeOnLoad (124ms)
			ProcessInitializeOnLoadAttributes (259ms)
			ProcessInitializeOnLoadMethodAttributes (55ms)
			AfterProcessingInitializeOnLoad (6ms)
			EditorAssembliesLoaded (0ms)
		ExecutionOrderSort2 (0ms)
		AwakeInstancesAfterBackupRestoration (14ms)
Refreshing native plugins compatible for Editor in 1.87 ms, found 4 plugins.
Preloading 0 native plugins for Editor in 0.00 ms.
Unloading 16 Unused Serialized files (Serialized files now loaded: 0)
Unloading 6512 unused Assets / (4.0 MB). Loaded Objects now: 7323.
Memory consumption went from 174.5 MB to 170.5 MB.
Total: 8.364000 ms (FindLiveObjects: 0.723500 ms CreateObjectMapping: 0.499600 ms MarkObjects: 5.040200 ms  DeleteObjects: 2.100000 ms)

Prepare: number of updated asset objects reloaded= 0
========================================================================
Received Prepare
Begin MonoManager ReloadAssembly
- Loaded All Assemblies, in  0.656 seconds
Refreshing native plugins compatible for Editor in 1.57 ms, found 4 plugins.
Native extension for iOS target not found
Native extension for WindowsStandalone target not found
Native extension for WebGL target not found
[Package Manager] Failed to launch server process. Reason: Unity was launched with the -noUpm command-line argument
[Package Manager] Unable to send message (not connected to server process).
[Package Manager] Cannot connect to Unity Package Manager local server
[Package Manager] Failed to launch server process. Reason: Unity was launched with the -noUpm command-line argument
[Package Manager] Unable to send message (not connected to server process).
[Package Manager] Cannot connect to Unity Package Manager local server
ScheduleIndexationOnStartup MainProcess:False IndexOnStartup:True
Mono: successfully reloaded assembly
- Finished resetting the current domain, in  0.587 seconds
Domain Reload Profiling: 1240ms
	BeginReloadAssembly (168ms)
		ExecutionOrderSort (0ms)
		DisableScriptedObjects (6ms)
		BackupInstance (0ms)
		ReleaseScriptingObjects (0ms)
		CreateAndSetChildDomain (37ms)
	RebuildCommonClasses (30ms)
	RebuildNativeTypeToScriptingClass (11ms)
	initialDomainReloadingComplete (28ms)
	LoadAllAssembliesAndSetupDomain (415ms)
		LoadAssemblies (312ms)
		RebuildTransferFunctionScriptingTraits (0ms)
		AnalyzeDomain (180ms)
			TypeCache.Refresh (6ms)
				TypeCache.ScanAssembly (0ms)
			BuildScriptInfoCaches (163ms)
			ResolveRequiredComponents (6ms)
	FinalizeReload (588ms)
		ReleaseScriptCaches (0ms)
		RebuildScriptCaches (0ms)
		SetupLoadedEditorAssemblies (456ms)
			LogAssemblyErrors (0ms)
			InitializePlatformSupportModulesInManaged (8ms)
			SetLoadedEditorAssemblies (4ms)
			BeforeProcessingInitializeOnLoad (124ms)
			ProcessInitializeOnLoadAttributes (258ms)
			ProcessInitializeOnLoadMethodAttributes (54ms)
			AfterProcessingInitializeOnLoad (7ms)
			EditorAssembliesLoaded (0ms)
		ExecutionOrderSort2 (0ms)
		AwakeInstancesAfterBackupRestoration (14ms)
Refreshing native plugins compatible for Editor in 1.95 ms, found 4 plugins.
Preloading 0 native plugins for Editor in 0.00 ms.
Unloading 16 Unused Serialized files (Serialized files now loaded: 0)
Unloading 6512 unused Assets / (3.8 MB). Loaded Objects now: 7326.
Memory consumption went from 177.3 MB to 173.5 MB.
Total: 7.905900 ms (FindLiveObjects: 0.696000 ms CreateObjectMapping: 0.406800 ms MarkObjects: 4.787300 ms  DeleteObjects: 2.015100 ms)

Prepare: number of updated asset objects reloaded= 0
========================================================================
Received Prepare
Begin MonoManager ReloadAssembly
[Licensing::Client] Successfully resolved entitlement details
- Loaded All Assemblies, in  0.661 seconds
Refreshing native plugins compatible for Editor in 1.64 ms, found 4 plugins.
Native extension for iOS target not found
Native extension for WindowsStandalone target not found
Native extension for WebGL target not found
[Package Manager] Failed to launch server process. Reason: Unity was launched with the -noUpm command-line argument
[Package Manager] Unable to send message (not connected to server process).
[Package Manager] Cannot connect to Unity Package Manager local server
[Package Manager] Failed to launch server process. Reason: Unity was launched with the -noUpm command-line argument
[Package Manager] Unable to send message (not connected to server process).
[Package Manager] Cannot connect to Unity Package Manager local server
ScheduleIndexationOnStartup MainProcess:False IndexOnStartup:True
Mono: successfully reloaded assembly
- Finished resetting the current domain, in  0.593 seconds
Domain Reload Profiling: 1251ms
	BeginReloadAssembly (175ms)
		ExecutionOrderSort (0ms)
		DisableScriptedObjects (6ms)
		BackupInstance (0ms)
		ReleaseScriptingObjects (0ms)
		CreateAndSetChildDomain (41ms)
	RebuildCommonClasses (30ms)
	RebuildNativeTypeToScriptingClass (11ms)
	initialDomainReloadingComplete (29ms)
	LoadAllAssembliesAndSetupDomain (413ms)
		LoadAssemblies (311ms)
		RebuildTransferFunctionScriptingTraits (0ms)
		AnalyzeDomain (180ms)
			TypeCache.Refresh (6ms)
				TypeCache.ScanAssembly (0ms)
			BuildScriptInfoCaches (164ms)
			ResolveRequiredComponents (6ms)
	FinalizeReload (594ms)
		ReleaseScriptCaches (0ms)
		RebuildScriptCaches (0ms)
		SetupLoadedEditorAssemblies (461ms)
			LogAssemblyErrors (0ms)
			InitializePlatformSupportModulesInManaged (8ms)
			SetLoadedEditorAssemblies (5ms)
			BeforeProcessingInitializeOnLoad (124ms)
			ProcessInitializeOnLoadAttributes (266ms)
			ProcessInitializeOnLoadMethodAttributes (52ms)
			AfterProcessingInitializeOnLoad (6ms)
			EditorAssembliesLoaded (0ms)
		ExecutionOrderSort2 (0ms)
		AwakeInstancesAfterBackupRestoration (13ms)
Refreshing native plugins compatible for Editor in 1.53 ms, found 4 plugins.
Preloading 0 native plugins for Editor in 0.00 ms.
Unloading 16 Unused Serialized files (Serialized files now loaded: 0)
Unloading 6512 unused Assets / (3.4 MB). Loaded Objects now: 7329.
Memory consumption went from 180.1 MB to 176.6 MB.
Total: 7.510500 ms (FindLiveObjects: 0.767900 ms CreateObjectMapping: 0.420100 ms MarkObjects: 4.563100 ms  DeleteObjects: 1.758200 ms)

Prepare: number of updated asset objects reloaded= 0
========================================================================
Received Prepare
Begin MonoManager ReloadAssembly
- Loaded All Assemblies, in  0.660 seconds
Refreshing native plugins compatible for Editor in 1.43 ms, found 4 plugins.
Native extension for iOS target not found
Native extension for WindowsStandalone target not found
Native extension for WebGL target not found
[Package Manager] Failed to launch server process. Reason: Unity was launched with the -noUpm command-line argument
[Package Manager] Unable to send message (not connected to server process).
[Package Manager] Cannot connect to Unity Package Manager local server
[Package Manager] Failed to launch server process. Reason: Unity was launched with the -noUpm command-line argument
[Package Manager] Unable to send message (not connected to server process).
[Package Manager] Cannot connect to Unity Package Manager local server
ScheduleIndexationOnStartup MainProcess:False IndexOnStartup:True
Mono: successfully reloaded assembly
- Finished resetting the current domain, in  0.591 seconds
Domain Reload Profiling: 1248ms
	BeginReloadAssembly (172ms)
		ExecutionOrderSort (0ms)
		DisableScriptedObjects (5ms)
		BackupInstance (0ms)
		ReleaseScriptingObjects (0ms)
		CreateAndSetChildDomain (35ms)
	RebuildCommonClasses (30ms)
	RebuildNativeTypeToScriptingClass (11ms)
	initialDomainReloadingComplete (31ms)
	LoadAllAssembliesAndSetupDomain (413ms)
		LoadAssemblies (314ms)
		RebuildTransferFunctionScriptingTraits (0ms)
		AnalyzeDomain (180ms)
			TypeCache.Refresh (6ms)
				TypeCache.ScanAssembly (0ms)
			BuildScriptInfoCaches (165ms)
			ResolveRequiredComponents (6ms)
	FinalizeReload (591ms)
		ReleaseScriptCaches (0ms)
		RebuildScriptCaches (0ms)
		SetupLoadedEditorAssemblies (461ms)
			LogAssemblyErrors (0ms)
			InitializePlatformSupportModulesInManaged (8ms)
			SetLoadedEditorAssemblies (4ms)
			BeforeProcessingInitializeOnLoad (122ms)
			ProcessInitializeOnLoadAttributes (261ms)
			ProcessInitializeOnLoadMethodAttributes (58ms)
			AfterProcessingInitializeOnLoad (7ms)
			EditorAssembliesLoaded (0ms)
		ExecutionOrderSort2 (0ms)
		AwakeInstancesAfterBackupRestoration (13ms)
Refreshing native plugins compatible for Editor in 1.78 ms, found 4 plugins.
Preloading 0 native plugins for Editor in 0.00 ms.
Unloading 16 Unused Serialized files (Serialized files now loaded: 0)
Unloading 6512 unused Assets / (4.7 MB). Loaded Objects now: 7332.
Memory consumption went from 182.9 MB to 178.1 MB.
Total: 8.962900 ms (FindLiveObjects: 0.800500 ms CreateObjectMapping: 0.328600 ms MarkObjects: 5.076800 ms  DeleteObjects: 2.756400 ms)

Prepare: number of updated asset objects reloaded= 0
========================================================================
Received Import Request.
  Time since last request: 349.985778 seconds.
  path: Assets/Prefabs
  artifactKey: Guid(5fc492c614f6d3c44bbb15ad9aeaa18b) Importer(815301076,1909f56bfc062723c751e8b465ee728b)
Start importing Assets/Prefabs using Guid(5fc492c614f6d3c44bbb15ad9aeaa18b) Importer(815301076,1909f56bfc062723c751e8b465ee728b) (PreviewImporter) -> (artifact id: '37ca88b91efe89915c3b3930e1e05864') in 0.0019381 seconds
Number of updated asset objects reloaded before import = 0Number of asset objects unloaded after import = 0

========================================================================
Received Import Request.
  Time since last request: 4.657551 seconds.
  path: Assets/Prefabs/Platforms
  artifactKey: Guid(79ed63fef487c634384d16248039e154) Importer(815301076,1909f56bfc062723c751e8b465ee728b)
Start importing Assets/Prefabs/Platforms using Guid(79ed63fef487c634384d16248039e154) Importer(815301076,1909f56bfc062723c751e8b465ee728b) (PreviewImporter) -> (artifact id: '158762c41f54db4b59ed0649b03fec14') in 0.0005592 seconds
Number of updated asset objects reloaded before import = 0Number of asset objects unloaded after import = 0

========================================================================
Received Import Request.
  Time since last request: 0.933077 seconds.
  path: Assets/Prefabs/Platforms
  artifactKey: Guid(79ed63fef487c634384d16248039e154) Importer(2089858483,b0f066a214c2f5e87bad3c948f4d605d)
Start importing Assets/Prefabs/Platforms using Guid(79ed63fef487c634384d16248039e154) Importer(2089858483,b0f066a214c2f5e87bad3c948f4d605d) (ScriptedImporter) -> (artifact id: 'eaeb1f776630d0ccdd0b3c1a0e7a1902') in 0.0359599 seconds
Number of updated asset objects reloaded before import = 0Number of asset objects unloaded after import = 1

========================================================================
Received Import Request.
  Time since last request: 2.539797 seconds.
  path: Assets/Prefabs/Platforms/Flip Platform.prefab
  artifactKey: Guid(f7b041dc934c6b14a97b6bdb230a794d) Importer(815301076,1909f56bfc062723c751e8b465ee728b)
Start importing Assets/Prefabs/Platforms/Flip Platform.prefab using Guid(f7b041dc934c6b14a97b6bdb230a794d) Importer(815301076,1909f56bfc062723c751e8b465ee728b) (PreviewImporter) -> (artifact id: '0a6b1f1d01bc52f6f281b701d055975b') in 0.4136192 seconds
Number of updated asset objects reloaded before import = 0Number of asset objects unloaded after import = 17

========================================================================
Received Import Request.
  Time since last request: 0.512127 seconds.
  path: Assets/Prefabs/Platforms/Flip Platform.prefab
  artifactKey: Guid(f7b041dc934c6b14a97b6bdb230a794d) Importer(2089858483,b0f066a214c2f5e87bad3c948f4d605d)
Start importing Assets/Prefabs/Platforms/Flip Platform.prefab using Guid(f7b041dc934c6b14a97b6bdb230a794d) Importer(2089858483,b0f066a214c2f5e87bad3c948f4d605d) (ScriptedImporter) -> (artifact id: '89d7e2a588526def13295f38fbfb4980') in 0.0338384 seconds
Number of updated asset objects reloaded before import = 0Number of asset objects unloaded after import = 15

========================================================================
Received Import Request.
  Time since last request: 27.411262 seconds.
  path: Assets/Prefabs/Platforms/Pass Through Platform.prefab
  artifactKey: Guid(a481c772ef006d8428e4c0b5b9721eaf) Importer(815301076,1909f56bfc062723c751e8b465ee728b)
Start importing Assets/Prefabs/Platforms/Pass Through Platform.prefab using Guid(a481c772ef006d8428e4c0b5b9721eaf) Importer(815301076,1909f56bfc062723c751e8b465ee728b) (PreviewImporter) -> (artifact id: '33c59982941d17f610ba33c5bca314e0') in 0.0096858 seconds
Number of updated asset objects reloaded before import = 0Number of asset objects unloaded after import = 8

========================================================================
Received Import Request.
  Time since last request: 0.937711 seconds.
  path: Assets/Prefabs/Platforms/Pass Through Platform.prefab
  artifactKey: Guid(a481c772ef006d8428e4c0b5b9721eaf) Importer(2089858483,b0f066a214c2f5e87bad3c948f4d605d)
Start importing Assets/Prefabs/Platforms/Pass Through Platform.prefab using Guid(a481c772ef006d8428e4c0b5b9721eaf) Importer(2089858483,b0f066a214c2f5e87bad3c948f4d605d) (ScriptedImporter) -> (artifact id: 'f9629cf5fbecc4e205c0dc1878f49ca9') in 0.0235255 seconds
Number of updated asset objects reloaded before import = 0Number of asset objects unloaded after import = 8

========================================================================
Received Import Request.
  Time since last request: 17.324686 seconds.
  path: Assets/Prefabs/Doors/Enter Door.prefab
  artifactKey: Guid(d2b6fc99e9ed5434fb9aee63a6c7d025) Importer(815301076,1909f56bfc062723c751e8b465ee728b)
Start importing Assets/Prefabs/Doors/Enter Door.prefab using Guid(d2b6fc99e9ed5434fb9aee63a6c7d025) Importer(815301076,1909f56bfc062723c751e8b465ee728b) (PreviewImporter) -> (artifact id: 'b1f075009e676815744e6984957afb9f') in 0.0085515 seconds
Number of updated asset objects reloaded before import = 0Number of asset objects unloaded after import = 8

========================================================================
Received Import Request.
  Time since last request: 170.064910 seconds.
  path: Assets/Prefabs/Platforms/Flip Platform.prefab
  artifactKey: Guid(f7b041dc934c6b14a97b6bdb230a794d) Importer(815301076,1909f56bfc062723c751e8b465ee728b)
Start importing Assets/Prefabs/Platforms/Flip Platform.prefab using Guid(f7b041dc934c6b14a97b6bdb230a794d) Importer(815301076,1909f56bfc062723c751e8b465ee728b) (PreviewImporter) -> (artifact id: 'c5346b186ed09f511d6ab5864b848f8d') in 0.0105517 seconds
Number of updated asset objects reloaded before import = 0Number of asset objects unloaded after import = 17

========================================================================
Received Import Request.
  Time since last request: 0.938025 seconds.
  path: Assets/Prefabs/Platforms/Flip Platform.prefab
  artifactKey: Guid(f7b041dc934c6b14a97b6bdb230a794d) Importer(2089858483,b0f066a214c2f5e87bad3c948f4d605d)
Start importing Assets/Prefabs/Platforms/Flip Platform.prefab using Guid(f7b041dc934c6b14a97b6bdb230a794d) Importer(2089858483,b0f066a214c2f5e87bad3c948f4d605d) (ScriptedImporter) -> (artifact id: 'b4cb21ba3248082db23dbb771b158a9d') in 0.0042822 seconds
Number of updated asset objects reloaded before import = 0Number of asset objects unloaded after import = 15

========================================================================
Received Prepare
Begin MonoManager ReloadAssembly
[Licensing::Client] Successfully resolved entitlement details
- Loaded All Assemblies, in  0.694 seconds
Refreshing native plugins compatible for Editor in 1.45 ms, found 4 plugins.
Native extension for iOS target not found
Native extension for WindowsStandalone target not found
Native extension for WebGL target not found
[Package Manager] Failed to launch server process. Reason: Unity was launched with the -noUpm command-line argument
[Package Manager] Unable to send message (not connected to server process).
[Package Manager] Cannot connect to Unity Package Manager local server
[Package Manager] Failed to launch server process. Reason: Unity was launched with the -noUpm command-line argument
[Package Manager] Unable to send message (not connected to server process).
[Package Manager] Cannot connect to Unity Package Manager local server
ScheduleIndexationOnStartup MainProcess:False IndexOnStartup:True
Mono: successfully reloaded assembly
- Finished resetting the current domain, in  0.586 seconds
Domain Reload Profiling: 1277ms
	BeginReloadAssembly (200ms)
		ExecutionOrderSort (0ms)
		DisableScriptedObjects (24ms)
		BackupInstance (0ms)
		ReleaseScriptingObjects (0ms)
		CreateAndSetChildDomain (48ms)
	RebuildCommonClasses (30ms)
	RebuildNativeTypeToScriptingClass (11ms)
	initialDomainReloadingComplete (29ms)
	LoadAllAssembliesAndSetupDomain (421ms)
		LoadAssemblies (315ms)
		RebuildTransferFunctionScriptingTraits (0ms)
		AnalyzeDomain (183ms)
			TypeCache.Refresh (6ms)
				TypeCache.ScanAssembly (0ms)
			BuildScriptInfoCaches (168ms)
			ResolveRequiredComponents (6ms)
	FinalizeReload (587ms)
		ReleaseScriptCaches (0ms)
		RebuildScriptCaches (0ms)
		SetupLoadedEditorAssemblies (461ms)
			LogAssemblyErrors (0ms)
			InitializePlatformSupportModulesInManaged (8ms)
			SetLoadedEditorAssemblies (4ms)
			BeforeProcessingInitializeOnLoad (124ms)
			ProcessInitializeOnLoadAttributes (264ms)
			ProcessInitializeOnLoadMethodAttributes (55ms)
			AfterProcessingInitializeOnLoad (6ms)
			EditorAssembliesLoaded (0ms)
		ExecutionOrderSort2 (0ms)
		AwakeInstancesAfterBackupRestoration (13ms)
Refreshing native plugins compatible for Editor in 1.50 ms, found 4 plugins.
Preloading 0 native plugins for Editor in 0.00 ms.
Unloading 16 Unused Serialized files (Serialized files now loaded: 0)
Unloading 6513 unused Assets / (4.2 MB). Loaded Objects now: 7366.
Memory consumption went from 180.3 MB to 176.1 MB.
Total: 8.028200 ms (FindLiveObjects: 0.631700 ms CreateObjectMapping: 0.767900 ms MarkObjects: 4.657200 ms  DeleteObjects: 1.971000 ms)

Prepare: number of updated asset objects reloaded= 0
========================================================================
Received Prepare
Begin MonoManager ReloadAssembly
- Loaded All Assemblies, in  0.655 seconds
Refreshing native plugins compatible for Editor in 1.45 ms, found 4 plugins.
Native extension for iOS target not found
Native extension for WindowsStandalone target not found
Native extension for WebGL target not found
[Package Manager] Failed to launch server process. Reason: Unity was launched with the -noUpm command-line argument
[Package Manager] Unable to send message (not connected to server process).
[Package Manager] Cannot connect to Unity Package Manager local server
[Package Manager] Failed to launch server process. Reason: Unity was launched with the -noUpm command-line argument
[Package Manager] Unable to send message (not connected to server process).
[Package Manager] Cannot connect to Unity Package Manager local server
ScheduleIndexationOnStartup MainProcess:False IndexOnStartup:True
Mono: successfully reloaded assembly
- Finished resetting the current domain, in  0.597 seconds
Domain Reload Profiling: 1250ms
	BeginReloadAssembly (169ms)
		ExecutionOrderSort (0ms)
		DisableScriptedObjects (6ms)
		BackupInstance (0ms)
		ReleaseScriptingObjects (0ms)
		CreateAndSetChildDomain (37ms)
	RebuildCommonClasses (31ms)
	RebuildNativeTypeToScriptingClass (11ms)
	initialDomainReloadingComplete (30ms)
	LoadAllAssembliesAndSetupDomain (411ms)
		LoadAssemblies (306ms)
		RebuildTransferFunctionScriptingTraits (0ms)
		AnalyzeDomain (181ms)
			TypeCache.Refresh (6ms)
				TypeCache.ScanAssembly (0ms)
			BuildScriptInfoCaches (166ms)
			ResolveRequiredComponents (6ms)
	FinalizeReload (597ms)
		ReleaseScriptCaches (0ms)
		RebuildScriptCaches (0ms)
		SetupLoadedEditorAssemblies (467ms)
			LogAssemblyErrors (0ms)
			InitializePlatformSupportModulesInManaged (8ms)
			SetLoadedEditorAssemblies (4ms)
			BeforeProcessingInitializeOnLoad (123ms)
			ProcessInitializeOnLoadAttributes (267ms)
			ProcessInitializeOnLoadMethodAttributes (57ms)
			AfterProcessingInitializeOnLoad (6ms)
			EditorAssembliesLoaded (0ms)
		ExecutionOrderSort2 (0ms)
		AwakeInstancesAfterBackupRestoration (14ms)
Refreshing native plugins compatible for Editor in 1.82 ms, found 4 plugins.
Preloading 0 native plugins for Editor in 0.00 ms.
Unloading 16 Unused Serialized files (Serialized files now loaded: 0)
Unloading 6512 unused Assets / (4.1 MB). Loaded Objects now: 7369.
Memory consumption went from 183.0 MB to 178.9 MB.
Total: 7.846300 ms (FindLiveObjects: 0.643400 ms CreateObjectMapping: 0.321400 ms MarkObjects: 4.675200 ms  DeleteObjects: 2.205400 ms)

Prepare: number of updated asset objects reloaded= 0
========================================================================
Received Prepare
Begin MonoManager ReloadAssembly
[Licensing::Client] Successfully resolved entitlement details
- Loaded All Assemblies, in  0.668 seconds
Refreshing native plugins compatible for Editor in 1.72 ms, found 4 plugins.
Native extension for iOS target not found
Native extension for WindowsStandalone target not found
Native extension for WebGL target not found
[Package Manager] Failed to launch server process. Reason: Unity was launched with the -noUpm command-line argument
[Package Manager] Unable to send message (not connected to server process).
[Package Manager] Cannot connect to Unity Package Manager local server
[Package Manager] Failed to launch server process. Reason: Unity was launched with the -noUpm command-line argument
[Package Manager] Unable to send message (not connected to server process).
[Package Manager] Cannot connect to Unity Package Manager local server
ScheduleIndexationOnStartup MainProcess:False IndexOnStartup:True
Mono: successfully reloaded assembly
- Finished resetting the current domain, in  0.587 seconds
Domain Reload Profiling: 1252ms
	BeginReloadAssembly (178ms)
		ExecutionOrderSort (0ms)
		DisableScriptedObjects (5ms)
		BackupInstance (0ms)
		ReleaseScriptingObjects (0ms)
		CreateAndSetChildDomain (40ms)
	RebuildCommonClasses (30ms)
	RebuildNativeTypeToScriptingClass (11ms)
	initialDomainReloadingComplete (29ms)
	LoadAllAssembliesAndSetupDomain (417ms)
		LoadAssemblies (317ms)
		RebuildTransferFunctionScriptingTraits (0ms)
		AnalyzeDomain (180ms)
			TypeCache.Refresh (6ms)
				TypeCache.ScanAssembly (0ms)
			BuildScriptInfoCaches (165ms)
			ResolveRequiredComponents (6ms)
	FinalizeReload (587ms)
		ReleaseScriptCaches (0ms)
		RebuildScriptCaches (0ms)
		SetupLoadedEditorAssemblies (458ms)
			LogAssemblyErrors (0ms)
			InitializePlatformSupportModulesInManaged (8ms)
			SetLoadedEditorAssemblies (4ms)
			BeforeProcessingInitializeOnLoad (123ms)
			ProcessInitializeOnLoadAttributes (264ms)
			ProcessInitializeOnLoadMethodAttributes (52ms)
			AfterProcessingInitializeOnLoad (6ms)
			EditorAssembliesLoaded (0ms)
		ExecutionOrderSort2 (0ms)
		AwakeInstancesAfterBackupRestoration (14ms)
Refreshing native plugins compatible for Editor in 1.63 ms, found 4 plugins.
Preloading 0 native plugins for Editor in 0.00 ms.
Unloading 16 Unused Serialized files (Serialized files now loaded: 0)
Unloading 6512 unused Assets / (4.1 MB). Loaded Objects now: 7372.
Memory consumption went from 185.7 MB to 181.6 MB.
Total: 7.878900 ms (FindLiveObjects: 0.692700 ms CreateObjectMapping: 0.772200 ms MarkObjects: 4.671900 ms  DeleteObjects: 1.741200 ms)

Prepare: number of updated asset objects reloaded= 0
========================================================================
Received Import Request.
  Time since last request: 105.850415 seconds.
  path: Assets/Scripts/Player
  artifactKey: Guid(d5c874aedb7719946b12040b88ab78b6) Importer(815301076,1909f56bfc062723c751e8b465ee728b)
Start importing Assets/Scripts/Player using Guid(d5c874aedb7719946b12040b88ab78b6) Importer(815301076,1909f56bfc062723c751e8b465ee728b) (PreviewImporter) -> (artifact id: '6239c28f9b819e12575b55b7163d4ec9') in 0.0045349 seconds
Number of updated asset objects reloaded before import = 0Number of asset objects unloaded after import = 0

========================================================================
Received Import Request.
  Time since last request: 1.464777 seconds.
  path: Assets/Scripts/Player/PlayerController.cs
  artifactKey: Guid(3a28dff4d9d124c4fbb277a88ba9cecb) Importer(815301076,1909f56bfc062723c751e8b465ee728b)
Start importing Assets/Scripts/Player/PlayerController.cs using Guid(3a28dff4d9d124c4fbb277a88ba9cecb) Importer(815301076,1909f56bfc062723c751e8b465ee728b) (PreviewImporter) -> (artifact id: 'f75bc43988c4728405dec3fd93ffc8e5') in 0.0005432 seconds
Number of updated asset objects reloaded before import = 0Number of asset objects unloaded after import = 0

========================================================================
Received Prepare
Refreshing native plugins compatible for Editor in 2.30 ms, found 4 plugins.
Preloading 0 native plugins for Editor in 0.00 ms.
Unloading 16 Unused Serialized files (Serialized files now loaded: 0)
Unloading 6501 unused Assets / (3.9 MB). Loaded Objects now: 7372.
Memory consumption went from 180.4 MB to 176.5 MB.
Total: 11.597800 ms (FindLiveObjects: 1.011400 ms CreateObjectMapping: 1.054400 ms MarkObjects: 7.237800 ms  DeleteObjects: 2.293600 ms)

Prepare: number of updated asset objects reloaded= 0
========================================================================
Received Prepare
Begin MonoManager ReloadAssembly
[Licensing::Client] Successfully resolved entitlement details
- Loaded All Assemblies, in  0.681 seconds
Refreshing native plugins compatible for Editor in 1.44 ms, found 4 plugins.
Native extension for iOS target not found
Native extension for WindowsStandalone target not found
Native extension for WebGL target not found
[Package Manager] Failed to launch server process. Reason: Unity was launched with the -noUpm command-line argument
[Package Manager] Unable to send message (not connected to server process).
[Package Manager] Cannot connect to Unity Package Manager local server
[Package Manager] Failed to launch server process. Reason: Unity was launched with the -noUpm command-line argument
[Package Manager] Unable to send message (not connected to server process).
[Package Manager] Cannot connect to Unity Package Manager local server
ScheduleIndexationOnStartup MainProcess:False IndexOnStartup:True
Mono: successfully reloaded assembly
- Finished resetting the current domain, in  0.571 seconds
Domain Reload Profiling: 1249ms
	BeginReloadAssembly (182ms)
		ExecutionOrderSort (0ms)
		DisableScriptedObjects (5ms)
		BackupInstance (0ms)
		ReleaseScriptingObjects (0ms)
		CreateAndSetChildDomain (42ms)
	RebuildCommonClasses (32ms)
	RebuildNativeTypeToScriptingClass (11ms)
	initialDomainReloadingComplete (30ms)
	LoadAllAssembliesAndSetupDomain (423ms)
		LoadAssemblies (322ms)
		RebuildTransferFunctionScriptingTraits (0ms)
		AnalyzeDomain (184ms)
			TypeCache.Refresh (8ms)
				TypeCache.ScanAssembly (0ms)
			BuildScriptInfoCaches (167ms)
			ResolveRequiredComponents (6ms)
	FinalizeReload (571ms)
		ReleaseScriptCaches (0ms)
		RebuildScriptCaches (0ms)
		SetupLoadedEditorAssemblies (443ms)
			LogAssemblyErrors (0ms)
			InitializePlatformSupportModulesInManaged (8ms)
			SetLoadedEditorAssemblies (5ms)
			BeforeProcessingInitializeOnLoad (123ms)
			ProcessInitializeOnLoadAttributes (250ms)
			ProcessInitializeOnLoadMethodAttributes (52ms)
			AfterProcessingInitializeOnLoad (6ms)
			EditorAssembliesLoaded (0ms)
		ExecutionOrderSort2 (0ms)
		AwakeInstancesAfterBackupRestoration (14ms)
Refreshing native plugins compatible for Editor in 1.54 ms, found 4 plugins.
Preloading 0 native plugins for Editor in 0.00 ms.
Unloading 16 Unused Serialized files (Serialized files now loaded: 0)
Unloading 6512 unused Assets / (3.8 MB). Loaded Objects now: 7375.
Memory consumption went from 183.0 MB to 179.2 MB.
Total: 6.645600 ms (FindLiveObjects: 0.614500 ms CreateObjectMapping: 0.343900 ms MarkObjects: 4.144200 ms  DeleteObjects: 1.542700 ms)

Prepare: number of updated asset objects reloaded= 0
========================================================================
Received Import Request.
  Time since last request: 165.141684 seconds.
  path: Assets/Scripts/Player/PlayerController.cs
  artifactKey: Guid(3a28dff4d9d124c4fbb277a88ba9cecb) Importer(2089858483,b0f066a214c2f5e87bad3c948f4d605d)
Start importing Assets/Scripts/Player/PlayerController.cs using Guid(3a28dff4d9d124c4fbb277a88ba9cecb) Importer(2089858483,b0f066a214c2f5e87bad3c948f4d605d) (ScriptedImporter) -> (artifact id: '6ad650bee4c043068df333b03c02994c') in 0.0608427 seconds
Number of updated asset objects reloaded before import = 0Number of asset objects unloaded after import = 0

========================================================================
Received Import Request.
  Time since last request: 4.428707 seconds.
  path: Assets/Scripts/Checkpoints
  artifactKey: Guid(0d11e8498c528364fa0dcf06b04a064e) Importer(815301076,1909f56bfc062723c751e8b465ee728b)
Start importing Assets/Scripts/Checkpoints using Guid(0d11e8498c528364fa0dcf06b04a064e) Importer(815301076,1909f56bfc062723c751e8b465ee728b) (PreviewImporter) -> (artifact id: 'adb326dfab7e251a6eba6931ea874623') in 0.0006582 seconds
Number of updated asset objects reloaded before import = 0Number of asset objects unloaded after import = 0

========================================================================
Received Import Request.
  Time since last request: 0.919486 seconds.
  path: Assets/Scripts/Checkpoints
  artifactKey: Guid(0d11e8498c528364fa0dcf06b04a064e) Importer(2089858483,b0f066a214c2f5e87bad3c948f4d605d)
Start importing Assets/Scripts/Checkpoints using Guid(0d11e8498c528364fa0dcf06b04a064e) Importer(2089858483,b0f066a214c2f5e87bad3c948f4d605d) (ScriptedImporter) -> (artifact id: '49453b861388b1fdff3b606060d1d348') in 0.0036112 seconds
Number of updated asset objects reloaded before import = 0Number of asset objects unloaded after import = 1

========================================================================
Received Import Request.
  Time since last request: 7.038557 seconds.
  path: Assets/Scripts/Platforms
  artifactKey: Guid(3d96196f600a10f4ba128e7f3a7f2350) Importer(815301076,1909f56bfc062723c751e8b465ee728b)
Start importing Assets/Scripts/Platforms using Guid(3d96196f600a10f4ba128e7f3a7f2350) Importer(815301076,1909f56bfc062723c751e8b465ee728b) (PreviewImporter) -> (artifact id: 'd31298453b1656f5b63e5549fb68a80a') in 0.0005547 seconds
Number of updated asset objects reloaded before import = 0Number of asset objects unloaded after import = 0

========================================================================
Received Import Request.
  Time since last request: 0.933531 seconds.
  path: Assets/Scripts/Platforms
  artifactKey: Guid(3d96196f600a10f4ba128e7f3a7f2350) Importer(2089858483,b0f066a214c2f5e87bad3c948f4d605d)
Start importing Assets/Scripts/Platforms using Guid(3d96196f600a10f4ba128e7f3a7f2350) Importer(2089858483,b0f066a214c2f5e87bad3c948f4d605d) (ScriptedImporter) -> (artifact id: '259b02019c326d56d06b9ec00552646a') in 0.002952 seconds
Number of updated asset objects reloaded before import = 0Number of asset objects unloaded after import = 1

========================================================================
Received Import Request.
  Time since last request: 0.495997 seconds.
  path: Assets/Scripts/FlipPlatform.cs
  artifactKey: Guid(cf78859caf4e7ba41a47236bfd611f80) Importer(815301076,1909f56bfc062723c751e8b465ee728b)
Start importing Assets/Scripts/FlipPlatform.cs using Guid(cf78859caf4e7ba41a47236bfd611f80) Importer(815301076,1909f56bfc062723c751e8b465ee728b) (PreviewImporter) -> (artifact id: '0cb1604e107424211bfafb0ecc3e7aa1') in 0.0005576 seconds
Number of updated asset objects reloaded before import = 0Number of asset objects unloaded after import = 0

========================================================================
Received Prepare
Refreshing native plugins compatible for Editor in 1.65 ms, found 4 plugins.
Preloading 0 native plugins for Editor in 0.00 ms.
Unloading 16 Unused Serialized files (Serialized files now loaded: 0)
Unloading 6501 unused Assets / (3.6 MB). Loaded Objects now: 7375.
Memory consumption went from 180.5 MB to 176.9 MB.
Total: 6.748300 ms (FindLiveObjects: 0.631700 ms CreateObjectMapping: 0.323300 ms MarkObjects: 4.274100 ms  DeleteObjects: 1.518900 ms)

Prepare: number of updated asset objects reloaded= 0
========================================================================
Received Import Request.
  Time since last request: 1.840682 seconds.
  path: Assets/Scripts/Platforms/Platform.cs
  artifactKey: Guid(0cd243db310e96b44836f8eab5475f72) Importer(2089858483,b0f066a214c2f5e87bad3c948f4d605d)
Start importing Assets/Scripts/Platforms/Platform.cs using Guid(0cd243db310e96b44836f8eab5475f72) Importer(2089858483,b0f066a214c2f5e87bad3c948f4d605d) (ScriptedImporter) -> (artifact id: 'e1a4d4dc510a9129ba6496da67549c77') in 0.0031975 seconds
Number of updated asset objects reloaded before import = 0Number of asset objects unloaded after import = 0

========================================================================
Received Prepare
Refreshing native plugins compatible for Editor in 1.81 ms, found 4 plugins.
Preloading 0 native plugins for Editor in 0.00 ms.
Unloading 16 Unused Serialized files (Serialized files now loaded: 0)
Unloading 6501 unused Assets / (3.5 MB). Loaded Objects now: 7375.
Memory consumption went from 180.5 MB to 177.1 MB.
Total: 7.319500 ms (FindLiveObjects: 0.645500 ms CreateObjectMapping: 0.357500 ms MarkObjects: 4.469400 ms  DeleteObjects: 1.846700 ms)

Prepare: number of updated asset objects reloaded= 0
========================================================================
Received Import Request.
  Time since last request: 12.381642 seconds.
  path: Assets/Scripts/Player/PlayerController.cs
  artifactKey: Guid(3a28dff4d9d124c4fbb277a88ba9cecb) Importer(2089858483,b0f066a214c2f5e87bad3c948f4d605d)
Start importing Assets/Scripts/Player/PlayerController.cs using Guid(3a28dff4d9d124c4fbb277a88ba9cecb) Importer(2089858483,b0f066a214c2f5e87bad3c948f4d605d) (ScriptedImporter) -> (artifact id: 'c1f270c75b7e332029bb2567037478fd') in 0.0035694 seconds
Number of updated asset objects reloaded before import = 0Number of asset objects unloaded after import = 0

========================================================================
Received Prepare
Refreshing native plugins compatible for Editor in 1.59 ms, found 4 plugins.
Preloading 0 native plugins for Editor in 0.00 ms.
Unloading 16 Unused Serialized files (Serialized files now loaded: 0)
Unloading 6502 unused Assets / (3.8 MB). Loaded Objects now: 7376.
Memory consumption went from 180.5 MB to 176.8 MB.
Total: 7.365100 ms (FindLiveObjects: 0.712100 ms CreateObjectMapping: 0.718600 ms MarkObjects: 4.273100 ms  DeleteObjects: 1.660800 ms)

Prepare: number of updated asset objects reloaded= 0
========================================================================
Received Import Request.
  Time since last request: 4.852349 seconds.
  path: Assets/Scripts/Checkpoints/CheckPoint.cs
  artifactKey: Guid(9600e114904e6fa4b90151fcdcc48172) Importer(815301076,1909f56bfc062723c751e8b465ee728b)
Start importing Assets/Scripts/Checkpoints/CheckPoint.cs using Guid(9600e114904e6fa4b90151fcdcc48172) Importer(815301076,1909f56bfc062723c751e8b465ee728b) (PreviewImporter) -> (artifact id: 'c493d6e3acfada5b8eea31ab6f6e19d2') in 0.0005299 seconds
Number of updated asset objects reloaded before import = 0Number of asset objects unloaded after import = 0

========================================================================
Received Import Request.
  Time since last request: 0.582852 seconds.
  path: Assets/Scripts/Checkpoints/CheckPoint.cs
  artifactKey: Guid(9600e114904e6fa4b90151fcdcc48172) Importer(2089858483,b0f066a214c2f5e87bad3c948f4d605d)
Start importing Assets/Scripts/Checkpoints/CheckPoint.cs using Guid(9600e114904e6fa4b90151fcdcc48172) Importer(2089858483,b0f066a214c2f5e87bad3c948f4d605d) (ScriptedImporter) -> (artifact id: '57b7d75a2a04ceaedcb1b615cec0d31a') in 0.0035293 seconds
Number of updated asset objects reloaded before import = 0Number of asset objects unloaded after import = 0

========================================================================
Received Prepare
Refreshing native plugins compatible for Editor in 1.98 ms, found 4 plugins.
Preloading 0 native plugins for Editor in 0.00 ms.
Unloading 16 Unused Serialized files (Serialized files now loaded: 0)
Unloading 6502 unused Assets / (3.6 MB). Loaded Objects now: 7376.
Memory consumption went from 180.5 MB to 176.9 MB.
Total: 9.993400 ms (FindLiveObjects: 0.754100 ms CreateObjectMapping: 0.838400 ms MarkObjects: 6.339100 ms  DeleteObjects: 2.061100 ms)

Prepare: number of updated asset objects reloaded= 0
========================================================================
Received Import Request.
  Time since last request: 82.939253 seconds.
  path: Assets/Scripts/Checkpoints/CheckPoint.cs
  artifactKey: Guid(9600e114904e6fa4b90151fcdcc48172) Importer(815301076,1909f56bfc062723c751e8b465ee728b)
Start importing Assets/Scripts/Checkpoints/CheckPoint.cs using Guid(9600e114904e6fa4b90151fcdcc48172) Importer(815301076,1909f56bfc062723c751e8b465ee728b) (PreviewImporter) -> (artifact id: '2eeee1bdfe7e728d92105818a5280ab8') in 0.0006749 seconds
Number of updated asset objects reloaded before import = 0Number of asset objects unloaded after import = 0

========================================================================
Received Import Request.
  Time since last request: 0.672859 seconds.
  path: Assets/Scripts/Checkpoints/CheckPoint.cs
  artifactKey: Guid(9600e114904e6fa4b90151fcdcc48172) Importer(2089858483,b0f066a214c2f5e87bad3c948f4d605d)
Start importing Assets/Scripts/Checkpoints/CheckPoint.cs using Guid(9600e114904e6fa4b90151fcdcc48172) Importer(2089858483,b0f066a214c2f5e87bad3c948f4d605d) (ScriptedImporter) -> (artifact id: '7ef46d1add031852e41f957868267123') in 0.0042874 seconds
Number of updated asset objects reloaded before import = 0Number of asset objects unloaded after import = 0

========================================================================
Received Prepare
Refreshing native plugins compatible for Editor in 2.42 ms, found 4 plugins.
Preloading 0 native plugins for Editor in 0.00 ms.
Unloading 16 Unused Serialized files (Serialized files now loaded: 0)
Unloading 6502 unused Assets / (4.4 MB). Loaded Objects now: 7376.
Memory consumption went from 180.5 MB to 176.1 MB.
Total: 8.944800 ms (FindLiveObjects: 0.667400 ms CreateObjectMapping: 0.779000 ms MarkObjects: 5.018900 ms  DeleteObjects: 2.479100 ms)

Prepare: number of updated asset objects reloaded= 0
========================================================================
Received Import Request.
  Time since last request: 33.357095 seconds.
  path: Assets/Scripts/Player/PlayerController.cs
  artifactKey: Guid(3a28dff4d9d124c4fbb277a88ba9cecb) Importer(2089858483,b0f066a214c2f5e87bad3c948f4d605d)
Start importing Assets/Scripts/Player/PlayerController.cs using Guid(3a28dff4d9d124c4fbb277a88ba9cecb) Importer(2089858483,b0f066a214c2f5e87bad3c948f4d605d) (ScriptedImporter) -> (artifact id: '7d2b8329cfd9f12511dab7d081ac58d6') in 0.0045382 seconds
Number of updated asset objects reloaded before import = 0Number of asset objects unloaded after import = 0

========================================================================
Received Prepare
Begin MonoManager ReloadAssembly
[Licensing::Client] Successfully resolved entitlement details
- Loaded All Assemblies, in  0.678 seconds
Refreshing native plugins compatible for Editor in 1.80 ms, found 4 plugins.
Native extension for iOS target not found
Native extension for WindowsStandalone target not found
Native extension for WebGL target not found
[Package Manager] Failed to launch server process. Reason: Unity was launched with the -noUpm command-line argument
[Package Manager] Unable to send message (not connected to server process).
[Package Manager] Cannot connect to Unity Package Manager local server
[Package Manager] Failed to launch server process. Reason: Unity was launched with the -noUpm command-line argument
[Package Manager] Unable to send message (not connected to server process).
[Package Manager] Cannot connect to Unity Package Manager local server
ScheduleIndexationOnStartup MainProcess:False IndexOnStartup:True
Mono: successfully reloaded assembly
- Finished resetting the current domain, in  0.667 seconds
Domain Reload Profiling: 1343ms
	BeginReloadAssembly (180ms)
		ExecutionOrderSort (0ms)
		DisableScriptedObjects (5ms)
		BackupInstance (0ms)
		ReleaseScriptingObjects (0ms)
		CreateAndSetChildDomain (38ms)
	RebuildCommonClasses (37ms)
	RebuildNativeTypeToScriptingClass (11ms)
	initialDomainReloadingComplete (28ms)
	LoadAllAssembliesAndSetupDomain (420ms)
		LoadAssemblies (324ms)
		RebuildTransferFunctionScriptingTraits (0ms)
		AnalyzeDomain (182ms)
			TypeCache.Refresh (8ms)
				TypeCache.ScanAssembly (0ms)
			BuildScriptInfoCaches (164ms)
			ResolveRequiredComponents (6ms)
	FinalizeReload (667ms)
		ReleaseScriptCaches (0ms)
		RebuildScriptCaches (0ms)
		SetupLoadedEditorAssemblies (513ms)
			LogAssemblyErrors (0ms)
			InitializePlatformSupportModulesInManaged (10ms)
			SetLoadedEditorAssemblies (5ms)
			BeforeProcessingInitializeOnLoad (138ms)
			ProcessInitializeOnLoadAttributes (292ms)
			ProcessInitializeOnLoadMethodAttributes (61ms)
			AfterProcessingInitializeOnLoad (7ms)
			EditorAssembliesLoaded (0ms)
		ExecutionOrderSort2 (0ms)
		AwakeInstancesAfterBackupRestoration (17ms)
Refreshing native plugins compatible for Editor in 1.95 ms, found 4 plugins.
Preloading 0 native plugins for Editor in 0.00 ms.
Unloading 16 Unused Serialized files (Serialized files now loaded: 0)
Unloading 6513 unused Assets / (4.7 MB). Loaded Objects now: 7379.
Memory consumption went from 180.4 MB to 175.7 MB.
Total: 8.663400 ms (FindLiveObjects: 0.768000 ms CreateObjectMapping: 0.689100 ms MarkObjects: 4.908400 ms  DeleteObjects: 2.297300 ms)

Prepare: number of updated asset objects reloaded= 0
========================================================================
Received Import Request.
  Time since last request: 25.237326 seconds.
  path: Assets/Prefabs/Checkpoints
  artifactKey: Guid(1fdebb276ba83684d8484a1942d784f4) Importer(815301076,1909f56bfc062723c751e8b465ee728b)
Start importing Assets/Prefabs/Checkpoints using Guid(1fdebb276ba83684d8484a1942d784f4) Importer(815301076,1909f56bfc062723c751e8b465ee728b) (PreviewImporter) -> (artifact id: 'be0d1d1e05808ce40bb6b1a4163bc051') in 0.0019434 seconds
Number of updated asset objects reloaded before import = 0Number of asset objects unloaded after import = 0

========================================================================
Received Import Request.
  Time since last request: 0.921031 seconds.
  path: Assets/Prefabs/Checkpoints
  artifactKey: Guid(1fdebb276ba83684d8484a1942d784f4) Importer(2089858483,b0f066a214c2f5e87bad3c948f4d605d)
Start importing Assets/Prefabs/Checkpoints using Guid(1fdebb276ba83684d8484a1942d784f4) Importer(2089858483,b0f066a214c2f5e87bad3c948f4d605d) (ScriptedImporter) -> (artifact id: '336cea36136d51ee451b84924ce3dee6') in 0.0356022 seconds
Number of updated asset objects reloaded before import = 0Number of asset objects unloaded after import = 1

========================================================================
Received Prepare
Begin MonoManager ReloadAssembly
[Licensing::Client] Successfully resolved entitlement details
- Loaded All Assemblies, in  0.660 seconds
Refreshing native plugins compatible for Editor in 1.74 ms, found 4 plugins.
Native extension for iOS target not found
Native extension for WindowsStandalone target not found
Native extension for WebGL target not found
[Package Manager] Failed to launch server process. Reason: Unity was launched with the -noUpm command-line argument
[Package Manager] Unable to send message (not connected to server process).
[Package Manager] Cannot connect to Unity Package Manager local server
[Package Manager] Failed to launch server process. Reason: Unity was launched with the -noUpm command-line argument
[Package Manager] Unable to send message (not connected to server process).
[Package Manager] Cannot connect to Unity Package Manager local server
ScheduleIndexationOnStartup MainProcess:False IndexOnStartup:True
Mono: successfully reloaded assembly
- Finished resetting the current domain, in  0.584 seconds
Domain Reload Profiling: 1242ms
	BeginReloadAssembly (172ms)
		ExecutionOrderSort (0ms)
		DisableScriptedObjects (5ms)
		BackupInstance (0ms)
		ReleaseScriptingObjects (0ms)
		CreateAndSetChildDomain (37ms)
	RebuildCommonClasses (30ms)
	RebuildNativeTypeToScriptingClass (11ms)
	initialDomainReloadingComplete (28ms)
	LoadAllAssembliesAndSetupDomain (417ms)
		LoadAssemblies (315ms)
		RebuildTransferFunctionScriptingTraits (0ms)
		AnalyzeDomain (180ms)
			TypeCache.Refresh (6ms)
				TypeCache.ScanAssembly (0ms)
			BuildScriptInfoCaches (165ms)
			ResolveRequiredComponents (6ms)
	FinalizeReload (585ms)
		ReleaseScriptCaches (0ms)
		RebuildScriptCaches (0ms)
		SetupLoadedEditorAssemblies (454ms)
			LogAssemblyErrors (0ms)
			InitializePlatformSupportModulesInManaged (8ms)
			SetLoadedEditorAssemblies (5ms)
			BeforeProcessingInitializeOnLoad (124ms)
			ProcessInitializeOnLoadAttributes (260ms)
			ProcessInitializeOnLoadMethodAttributes (51ms)
			AfterProcessingInitializeOnLoad (6ms)
			EditorAssembliesLoaded (0ms)
		ExecutionOrderSort2 (0ms)
		AwakeInstancesAfterBackupRestoration (15ms)
Refreshing native plugins compatible for Editor in 1.79 ms, found 4 plugins.
Preloading 0 native plugins for Editor in 0.00 ms.
Unloading 16 Unused Serialized files (Serialized files now loaded: 0)
Unloading 6513 unused Assets / (4.2 MB). Loaded Objects now: 7382.
Memory consumption went from 180.4 MB to 176.3 MB.
Total: 8.170300 ms (FindLiveObjects: 0.633900 ms CreateObjectMapping: 0.713900 ms MarkObjects: 4.607400 ms  DeleteObjects: 2.214600 ms)

Prepare: number of updated asset objects reloaded= 0
========================================================================
Received Import Request.
  Time since last request: 288.897301 seconds.
  path: ProjectSettings/TagManager.asset
  artifactKey: Guid(00000000000000003000000000000000) Importer(815301076,1909f56bfc062723c751e8b465ee728b)
Start importing ProjectSettings/TagManager.asset using Guid(00000000000000003000000000000000) Importer(815301076,1909f56bfc062723c751e8b465ee728b) (PreviewImporter) -> (artifact id: 'bada5169252ed058c86cd7f63fa8b5bf') in 0.017657 seconds
Number of updated asset objects reloaded before import = 0Number of asset objects unloaded after import = 0

========================================================================
Received Import Request.
  Time since last request: 32.821891 seconds.
  path: Assets/Prefabs/Platforms/Flip Platform.prefab
  artifactKey: Guid(f7b041dc934c6b14a97b6bdb230a794d) Importer(815301076,1909f56bfc062723c751e8b465ee728b)
Start importing Assets/Prefabs/Platforms/Flip Platform.prefab using Guid(f7b041dc934c6b14a97b6bdb230a794d) Importer(815301076,1909f56bfc062723c751e8b465ee728b) (PreviewImporter) -> (artifact id: '0ce84668e7b71a62233252b80645f9e4') in 0.3674886 seconds
Number of updated asset objects reloaded before import = 0Number of asset objects unloaded after import = 17

========================================================================
Received Import Request.
  Time since last request: 0.749235 seconds.
  path: Assets/Prefabs/Platforms/Flip Platform.prefab
  artifactKey: Guid(f7b041dc934c6b14a97b6bdb230a794d) Importer(815301076,1909f56bfc062723c751e8b465ee728b)
Start importing Assets/Prefabs/Platforms/Flip Platform.prefab using Guid(f7b041dc934c6b14a97b6bdb230a794d) Importer(815301076,1909f56bfc062723c751e8b465ee728b) (PreviewImporter) -> (artifact id: 'a54c7c8670dd92d1c5b1c50ec722fd36') in 0.0086519 seconds
Number of updated asset objects reloaded before import = 0Number of asset objects unloaded after import = 17

========================================================================
Received Import Request.
  Time since last request: 83.269765 seconds.
  path: Assets/Prefabs/Platforms/Flip Platform.prefab
  artifactKey: Guid(f7b041dc934c6b14a97b6bdb230a794d) Importer(2089858483,b0f066a214c2f5e87bad3c948f4d605d)
Start importing Assets/Prefabs/Platforms/Flip Platform.prefab using Guid(f7b041dc934c6b14a97b6bdb230a794d) Importer(2089858483,b0f066a214c2f5e87bad3c948f4d605d) (ScriptedImporter) -> (artifact id: '71e3e83cca211d40c676e8d0d814f116') in 0.0624289 seconds
Number of updated asset objects reloaded before import = 0Number of asset objects unloaded after import = 15

========================================================================
Received Import Request.
  Time since last request: 3.178258 seconds.
  path: Assets/Materials/CheckPoint.mat
  artifactKey: Guid(c46bffa655799ba489f3754655dd08a7) Importer(815301076,1909f56bfc062723c751e8b465ee728b)
Start importing Assets/Materials/CheckPoint.mat using Guid(c46bffa655799ba489f3754655dd08a7) Importer(815301076,1909f56bfc062723c751e8b465ee728b) (PreviewImporter) -> (artifact id: 'd939a0780d202decc387dbacd16b3dba') in 0.0214706 seconds
Number of updated asset objects reloaded before import = 0Number of asset objects unloaded after import = 1

========================================================================
Received Import Request.
  Time since last request: 0.915283 seconds.
  path: Assets/Materials/CheckPoint.mat
  artifactKey: Guid(c46bffa655799ba489f3754655dd08a7) Importer(2089858483,b0f066a214c2f5e87bad3c948f4d605d)
Start importing Assets/Materials/CheckPoint.mat using Guid(c46bffa655799ba489f3754655dd08a7) Importer(2089858483,b0f066a214c2f5e87bad3c948f4d605d) (ScriptedImporter) -> (artifact id: '603a89136b734a606fab7c3b34d46d16') in 0.0093252 seconds
Number of updated asset objects reloaded before import = 0Number of asset objects unloaded after import = 1

========================================================================
Received Prepare
Refreshing native plugins compatible for Editor in 1.78 ms, found 4 plugins.
Preloading 0 native plugins for Editor in 0.00 ms.
Unloading 16 Unused Serialized files (Serialized files now loaded: 0)
Unloading 6504 unused Assets / (4.3 MB). Loaded Objects now: 7527.
Memory consumption went from 185.8 MB to 181.5 MB.
Total: 12.123500 ms (FindLiveObjects: 0.711400 ms CreateObjectMapping: 0.294200 ms MarkObjects: 8.613900 ms  DeleteObjects: 2.503200 ms)

Prepare: number of updated asset objects reloaded= 0
========================================================================
Received Import Request.
  Time since last request: 435.315009 seconds.
  path: Assets/Scripts/Player/PlayerController.cs
  artifactKey: Guid(3a28dff4d9d124c4fbb277a88ba9cecb) Importer(2089858483,b0f066a214c2f5e87bad3c948f4d605d)
Start importing Assets/Scripts/Player/PlayerController.cs using Guid(3a28dff4d9d124c4fbb277a88ba9cecb) Importer(2089858483,b0f066a214c2f5e87bad3c948f4d605d) (ScriptedImporter) -> (artifact id: '6eb3944c099bfdf52cbe9fb8040272d5') in 0.0042951 seconds
Number of updated asset objects reloaded before import = 0Number of asset objects unloaded after import = 0

========================================================================
Received Prepare
Begin MonoManager ReloadAssembly
[Licensing::Client] Successfully resolved entitlement details
- Loaded All Assemblies, in  0.691 seconds
Refreshing native plugins compatible for Editor in 1.68 ms, found 4 plugins.
Native extension for iOS target not found
Native extension for WindowsStandalone target not found
Native extension for WebGL target not found
[Package Manager] Failed to launch server process. Reason: Unity was launched with the -noUpm command-line argument
[Package Manager] Unable to send message (not connected to server process).
[Package Manager] Cannot connect to Unity Package Manager local server
[Package Manager] Failed to launch server process. Reason: Unity was launched with the -noUpm command-line argument
[Package Manager] Unable to send message (not connected to server process).
[Package Manager] Cannot connect to Unity Package Manager local server
ScheduleIndexationOnStartup MainProcess:False IndexOnStartup:True
Mono: successfully reloaded assembly
- Finished resetting the current domain, in  0.589 seconds
Domain Reload Profiling: 1277ms
	BeginReloadAssembly (197ms)
		ExecutionOrderSort (0ms)
		DisableScriptedObjects (19ms)
		BackupInstance (0ms)
		ReleaseScriptingObjects (0ms)
		CreateAndSetChildDomain (47ms)
	RebuildCommonClasses (30ms)
	RebuildNativeTypeToScriptingClass (11ms)
	initialDomainReloadingComplete (29ms)
	LoadAllAssembliesAndSetupDomain (421ms)
		LoadAssemblies (316ms)
		RebuildTransferFunctionScriptingTraits (0ms)
		AnalyzeDomain (186ms)
			TypeCache.Refresh (8ms)
				TypeCache.ScanAssembly (0ms)
			BuildScriptInfoCaches (168ms)
			ResolveRequiredComponents (6ms)
	FinalizeReload (590ms)
		ReleaseScriptCaches (0ms)
		RebuildScriptCaches (0ms)
		SetupLoadedEditorAssemblies (457ms)
			LogAssemblyErrors (0ms)
			InitializePlatformSupportModulesInManaged (9ms)
			SetLoadedEditorAssemblies (5ms)
			BeforeProcessingInitializeOnLoad (126ms)
			ProcessInitializeOnLoadAttributes (259ms)
			ProcessInitializeOnLoadMethodAttributes (51ms)
			AfterProcessingInitializeOnLoad (7ms)
			EditorAssembliesLoaded (0ms)
		ExecutionOrderSort2 (0ms)
		AwakeInstancesAfterBackupRestoration (14ms)
Refreshing native plugins compatible for Editor in 1.72 ms, found 4 plugins.
Preloading 0 native plugins for Editor in 0.00 ms.
Unloading 16 Unused Serialized files (Serialized files now loaded: 0)
Unloading 6513 unused Assets / (4.3 MB). Loaded Objects now: 7438.
Memory consumption went from 180.9 MB to 176.6 MB.
Total: 7.855700 ms (FindLiveObjects: 0.622000 ms CreateObjectMapping: 0.672900 ms MarkObjects: 4.642500 ms  DeleteObjects: 1.917900 ms)

Prepare: number of updated asset objects reloaded= 0
========================================================================
Received Prepare
Refreshing native plugins compatible for Editor in 2.15 ms, found 4 plugins.
Preloading 0 native plugins for Editor in 0.00 ms.
Unloading 16 Unused Serialized files (Serialized files now loaded: 0)
Unloading 6502 unused Assets / (4.0 MB). Loaded Objects now: 7438.
Memory consumption went from 183.6 MB to 179.5 MB.
Total: 9.285000 ms (FindLiveObjects: 0.706300 ms CreateObjectMapping: 0.318300 ms MarkObjects: 6.256900 ms  DeleteObjects: 2.003000 ms)

Prepare: number of updated asset objects reloaded= 0
========================================================================
Received Prepare
Begin MonoManager ReloadAssembly
[Licensing::Client] Successfully resolved entitlement details
- Loaded All Assemblies, in  0.856 seconds
Refreshing native plugins compatible for Editor in 1.56 ms, found 4 plugins.
Native extension for iOS target not found
Native extension for WindowsStandalone target not found
Native extension for WebGL target not found
[Package Manager] Failed to launch server process. Reason: Unity was launched with the -noUpm command-line argument
[Package Manager] Unable to send message (not connected to server process).
[Package Manager] Cannot connect to Unity Package Manager local server
[Package Manager] Failed to launch server process. Reason: Unity was launched with the -noUpm command-line argument
[Package Manager] Unable to send message (not connected to server process).
[Package Manager] Cannot connect to Unity Package Manager local server
ScheduleIndexationOnStartup MainProcess:False IndexOnStartup:True
Mono: successfully reloaded assembly
- Finished resetting the current domain, in  0.627 seconds
Domain Reload Profiling: 1476ms
	BeginReloadAssembly (207ms)
		ExecutionOrderSort (0ms)
		DisableScriptedObjects (7ms)
		BackupInstance (0ms)
		ReleaseScriptingObjects (0ms)
		CreateAndSetChildDomain (44ms)
	RebuildCommonClasses (39ms)
	RebuildNativeTypeToScriptingClass (12ms)
	initialDomainReloadingComplete (35ms)
	LoadAllAssembliesAndSetupDomain (555ms)
		LoadAssemblies (388ms)
		RebuildTransferFunctionScriptingTraits (0ms)
		AnalyzeDomain (255ms)
			TypeCache.Refresh (9ms)
				TypeCache.ScanAssembly (0ms)
			BuildScriptInfoCaches (231ms)
			ResolveRequiredComponents (10ms)
	FinalizeReload (627ms)
		ReleaseScriptCaches (0ms)
		RebuildScriptCaches (0ms)
		SetupLoadedEditorAssemblies (488ms)
			LogAssemblyErrors (0ms)
			InitializePlatformSupportModulesInManaged (9ms)
			SetLoadedEditorAssemblies (5ms)
			BeforeProcessingInitializeOnLoad (134ms)
			ProcessInitializeOnLoadAttributes (282ms)
			ProcessInitializeOnLoadMethodAttributes (52ms)
			AfterProcessingInitializeOnLoad (6ms)
			EditorAssembliesLoaded (0ms)
		ExecutionOrderSort2 (0ms)
		AwakeInstancesAfterBackupRestoration (13ms)
Refreshing native plugins compatible for Editor in 1.72 ms, found 4 plugins.
Preloading 0 native plugins for Editor in 0.00 ms.
Unloading 16 Unused Serialized files (Serialized files now loaded: 0)
Unloading 6513 unused Assets / (4.1 MB). Loaded Objects now: 7441.
Memory consumption went from 186.2 MB to 182.1 MB.
Total: 8.034200 ms (FindLiveObjects: 0.664200 ms CreateObjectMapping: 0.810300 ms MarkObjects: 4.723400 ms  DeleteObjects: 1.835800 ms)

Prepare: number of updated asset objects reloaded= 0
========================================================================
Received Prepare
Begin MonoManager ReloadAssembly
- Loaded All Assemblies, in  0.680 seconds
Refreshing native plugins compatible for Editor in 1.59 ms, found 4 plugins.
Native extension for iOS target not found
Native extension for WindowsStandalone target not found
Native extension for WebGL target not found
[Package Manager] Failed to launch server process. Reason: Unity was launched with the -noUpm command-line argument
[Package Manager] Unable to send message (not connected to server process).
[Package Manager] Cannot connect to Unity Package Manager local server
[Package Manager] Failed to launch server process. Reason: Unity was launched with the -noUpm command-line argument
[Package Manager] Unable to send message (not connected to server process).
[Package Manager] Cannot connect to Unity Package Manager local server
ScheduleIndexationOnStartup MainProcess:False IndexOnStartup:True
Mono: successfully reloaded assembly
- Finished resetting the current domain, in  0.592 seconds
Domain Reload Profiling: 1269ms
	BeginReloadAssembly (184ms)
		ExecutionOrderSort (0ms)
		DisableScriptedObjects (6ms)
		BackupInstance (0ms)
		ReleaseScriptingObjects (0ms)
		CreateAndSetChildDomain (41ms)
	RebuildCommonClasses (31ms)
	RebuildNativeTypeToScriptingClass (12ms)
	initialDomainReloadingComplete (30ms)
	LoadAllAssembliesAndSetupDomain (419ms)
		LoadAssemblies (319ms)
		RebuildTransferFunctionScriptingTraits (0ms)
		AnalyzeDomain (184ms)
			TypeCache.Refresh (6ms)
				TypeCache.ScanAssembly (0ms)
			BuildScriptInfoCaches (168ms)
			ResolveRequiredComponents (6ms)
	FinalizeReload (592ms)
		ReleaseScriptCaches (0ms)
		RebuildScriptCaches (0ms)
		SetupLoadedEditorAssemblies (464ms)
			LogAssemblyErrors (0ms)
			InitializePlatformSupportModulesInManaged (8ms)
			SetLoadedEditorAssemblies (4ms)
			BeforeProcessingInitializeOnLoad (126ms)
			ProcessInitializeOnLoadAttributes (268ms)
			ProcessInitializeOnLoadMethodAttributes (52ms)
			AfterProcessingInitializeOnLoad (6ms)
			EditorAssembliesLoaded (0ms)
		ExecutionOrderSort2 (0ms)
		AwakeInstancesAfterBackupRestoration (13ms)
Refreshing native plugins compatible for Editor in 1.86 ms, found 4 plugins.
Preloading 0 native plugins for Editor in 0.00 ms.
Unloading 16 Unused Serialized files (Serialized files now loaded: 0)
Unloading 6513 unused Assets / (3.9 MB). Loaded Objects now: 7444.
Memory consumption went from 189.0 MB to 185.1 MB.
Total: 8.840800 ms (FindLiveObjects: 0.936100 ms CreateObjectMapping: 0.826500 ms MarkObjects: 4.957400 ms  DeleteObjects: 2.120100 ms)

Prepare: number of updated asset objects reloaded= 0
========================================================================
Received Prepare
Begin MonoManager ReloadAssembly
[Licensing::Client] Successfully resolved entitlement details
- Loaded All Assemblies, in  0.663 seconds
Refreshing native plugins compatible for Editor in 1.66 ms, found 4 plugins.
Native extension for iOS target not found
Native extension for WindowsStandalone target not found
Native extension for WebGL target not found
[Package Manager] Failed to launch server process. Reason: Unity was launched with the -noUpm command-line argument
[Package Manager] Unable to send message (not connected to server process).
[Package Manager] Cannot connect to Unity Package Manager local server
[Package Manager] Failed to launch server process. Reason: Unity was launched with the -noUpm command-line argument
[Package Manager] Unable to send message (not connected to server process).
[Package Manager] Cannot connect to Unity Package Manager local server
ScheduleIndexationOnStartup MainProcess:False IndexOnStartup:True
Mono: successfully reloaded assembly
- Finished resetting the current domain, in  0.587 seconds
Domain Reload Profiling: 1248ms
	BeginReloadAssembly (175ms)
		ExecutionOrderSort (0ms)
		DisableScriptedObjects (5ms)
		BackupInstance (0ms)
		ReleaseScriptingObjects (0ms)
		CreateAndSetChildDomain (39ms)
	RebuildCommonClasses (30ms)
	RebuildNativeTypeToScriptingClass (11ms)
	initialDomainReloadingComplete (30ms)
	LoadAllAssembliesAndSetupDomain (414ms)
		LoadAssemblies (311ms)
		RebuildTransferFunctionScriptingTraits (0ms)
		AnalyzeDomain (182ms)
			TypeCache.Refresh (6ms)
				TypeCache.ScanAssembly (0ms)
			BuildScriptInfoCaches (166ms)
			ResolveRequiredComponents (6ms)
	FinalizeReload (587ms)
		ReleaseScriptCaches (0ms)
		RebuildScriptCaches (0ms)
		SetupLoadedEditorAssemblies (461ms)
			LogAssemblyErrors (0ms)
			InitializePlatformSupportModulesInManaged (8ms)
			SetLoadedEditorAssemblies (4ms)
			BeforeProcessingInitializeOnLoad (124ms)
			ProcessInitializeOnLoadAttributes (263ms)
			ProcessInitializeOnLoadMethodAttributes (54ms)
			AfterProcessingInitializeOnLoad (7ms)
			EditorAssembliesLoaded (0ms)
		ExecutionOrderSort2 (0ms)
		AwakeInstancesAfterBackupRestoration (14ms)
Refreshing native plugins compatible for Editor in 1.92 ms, found 4 plugins.
Preloading 0 native plugins for Editor in 0.00 ms.
Unloading 16 Unused Serialized files (Serialized files now loaded: 0)
Unloading 6513 unused Assets / (4.4 MB). Loaded Objects now: 7447.
Memory consumption went from 191.6 MB to 187.3 MB.
Total: 8.799700 ms (FindLiveObjects: 0.749100 ms CreateObjectMapping: 0.750800 ms MarkObjects: 4.965600 ms  DeleteObjects: 2.333300 ms)

Prepare: number of updated asset objects reloaded= 0
========================================================================
Received Import Request.
  Time since last request: 312.517308 seconds.
  path: Assets/Scripts/Player/GroundCheck.cs
  artifactKey: Guid(40a473f9fcbdd3b49b94e61ed5fea267) Importer(815301076,1909f56bfc062723c751e8b465ee728b)
Start importing Assets/Scripts/Player/GroundCheck.cs using Guid(40a473f9fcbdd3b49b94e61ed5fea267) Importer(815301076,1909f56bfc062723c751e8b465ee728b) (PreviewImporter) -> (artifact id: '95229461a7e3e1490039c727b1fd4050') in 0.0048131 seconds
Number of updated asset objects reloaded before import = 0Number of asset objects unloaded after import = 0

========================================================================
Received Prepare
Refreshing native plugins compatible for Editor in 2.38 ms, found 4 plugins.
Preloading 0 native plugins for Editor in 0.00 ms.
Unloading 16 Unused Serialized files (Serialized files now loaded: 0)
Unloading 6502 unused Assets / (4.4 MB). Loaded Objects now: 7447.
Memory consumption went from 181.0 MB to 176.6 MB.
Total: 9.487100 ms (FindLiveObjects: 1.142300 ms CreateObjectMapping: 0.700700 ms MarkObjects: 5.169600 ms  DeleteObjects: 2.474000 ms)

Prepare: number of updated asset objects reloaded= 0
========================================================================
Received Prepare
Begin MonoManager ReloadAssembly
- Loaded All Assemblies, in  0.672 seconds
Refreshing native plugins compatible for Editor in 1.62 ms, found 4 plugins.
Native extension for iOS target not found
Native extension for WindowsStandalone target not found
Native extension for WebGL target not found
[Package Manager] Failed to launch server process. Reason: Unity was launched with the -noUpm command-line argument
[Package Manager] Unable to send message (not connected to server process).
[Package Manager] Cannot connect to Unity Package Manager local server
[Package Manager] Failed to launch server process. Reason: Unity was launched with the -noUpm command-line argument
[Package Manager] Unable to send message (not connected to server process).
[Package Manager] Cannot connect to Unity Package Manager local server
ScheduleIndexationOnStartup MainProcess:False IndexOnStartup:True
Mono: successfully reloaded assembly
- Finished resetting the current domain, in  0.617 seconds
Domain Reload Profiling: 1286ms
	BeginReloadAssembly (180ms)
		ExecutionOrderSort (0ms)
		DisableScriptedObjects (5ms)
		BackupInstance (0ms)
		ReleaseScriptingObjects (0ms)
		CreateAndSetChildDomain (40ms)
	RebuildCommonClasses (31ms)
	RebuildNativeTypeToScriptingClass (11ms)
	initialDomainReloadingComplete (29ms)
	LoadAllAssembliesAndSetupDomain (417ms)
		LoadAssemblies (318ms)
		RebuildTransferFunctionScriptingTraits (0ms)
		AnalyzeDomain (183ms)
			TypeCache.Refresh (8ms)
				TypeCache.ScanAssembly (0ms)
			BuildScriptInfoCaches (165ms)
			ResolveRequiredComponents (6ms)
	FinalizeReload (617ms)
		ReleaseScriptCaches (0ms)
		RebuildScriptCaches (0ms)
		SetupLoadedEditorAssemblies (472ms)
			LogAssemblyErrors (0ms)
			InitializePlatformSupportModulesInManaged (10ms)
			SetLoadedEditorAssemblies (6ms)
			BeforeProcessingInitializeOnLoad (130ms)
			ProcessInitializeOnLoadAttributes (267ms)
			ProcessInitializeOnLoadMethodAttributes (53ms)
			AfterProcessingInitializeOnLoad (6ms)
			EditorAssembliesLoaded (0ms)
		ExecutionOrderSort2 (0ms)
		AwakeInstancesAfterBackupRestoration (14ms)
Refreshing native plugins compatible for Editor in 1.66 ms, found 4 plugins.
Preloading 0 native plugins for Editor in 0.00 ms.
Unloading 16 Unused Serialized files (Serialized files now loaded: 0)
Unloading 6513 unused Assets / (3.9 MB). Loaded Objects now: 7450.
Memory consumption went from 183.6 MB to 179.7 MB.
Total: 7.196300 ms (FindLiveObjects: 0.643400 ms CreateObjectMapping: 0.364000 ms MarkObjects: 4.560700 ms  DeleteObjects: 1.627600 ms)

Prepare: number of updated asset objects reloaded= 0
========================================================================
Received Prepare
Begin MonoManager ReloadAssembly
[Licensing::Client] Successfully resolved entitlement details
- Loaded All Assemblies, in  0.666 seconds
Refreshing native plugins compatible for Editor in 2.04 ms, found 4 plugins.
Native extension for iOS target not found
Native extension for WindowsStandalone target not found
Native extension for WebGL target not found
[Package Manager] Failed to launch server process. Reason: Unity was launched with the -noUpm command-line argument
[Package Manager] Unable to send message (not connected to server process).
[Package Manager] Cannot connect to Unity Package Manager local server
[Package Manager] Failed to launch server process. Reason: Unity was launched with the -noUpm command-line argument
[Package Manager] Unable to send message (not connected to server process).
[Package Manager] Cannot connect to Unity Package Manager local server
ScheduleIndexationOnStartup MainProcess:False IndexOnStartup:True
Mono: successfully reloaded assembly
- Finished resetting the current domain, in  0.587 seconds
Domain Reload Profiling: 1250ms
	BeginReloadAssembly (172ms)
		ExecutionOrderSort (0ms)
		DisableScriptedObjects (5ms)
		BackupInstance (0ms)
		ReleaseScriptingObjects (0ms)
		CreateAndSetChildDomain (36ms)
	RebuildCommonClasses (32ms)
	RebuildNativeTypeToScriptingClass (11ms)
	initialDomainReloadingComplete (32ms)
	LoadAllAssembliesAndSetupDomain (416ms)
		LoadAssemblies (312ms)
		RebuildTransferFunctionScriptingTraits (0ms)
		AnalyzeDomain (181ms)
			TypeCache.Refresh (6ms)
				TypeCache.ScanAssembly (0ms)
			BuildScriptInfoCaches (166ms)
			ResolveRequiredComponents (6ms)
	FinalizeReload (588ms)
		ReleaseScriptCaches (0ms)
		RebuildScriptCaches (0ms)
		SetupLoadedEditorAssemblies (461ms)
			LogAssemblyErrors (0ms)
			InitializePlatformSupportModulesInManaged (8ms)
			SetLoadedEditorAssemblies (5ms)
			BeforeProcessingInitializeOnLoad (126ms)
			ProcessInitializeOnLoadAttributes (264ms)
			ProcessInitializeOnLoadMethodAttributes (52ms)
			AfterProcessingInitializeOnLoad (6ms)
			EditorAssembliesLoaded (0ms)
		ExecutionOrderSort2 (0ms)
		AwakeInstancesAfterBackupRestoration (13ms)
Refreshing native plugins compatible for Editor in 1.62 ms, found 4 plugins.
Preloading 0 native plugins for Editor in 0.00 ms.
Unloading 16 Unused Serialized files (Serialized files now loaded: 0)
Unloading 6513 unused Assets / (3.9 MB). Loaded Objects now: 7453.
Memory consumption went from 186.3 MB to 182.4 MB.
Total: 8.054000 ms (FindLiveObjects: 0.706600 ms CreateObjectMapping: 0.328900 ms MarkObjects: 5.196300 ms  DeleteObjects: 1.821200 ms)

Prepare: number of updated asset objects reloaded= 0
========================================================================
Received Prepare
Refreshing native plugins compatible for Editor in 2.04 ms, found 4 plugins.
Preloading 0 native plugins for Editor in 0.00 ms.
Unloading 16 Unused Serialized files (Serialized files now loaded: 0)
Unloading 6502 unused Assets / (4.1 MB). Loaded Objects now: 7453.
Memory consumption went from 189.2 MB to 185.1 MB.
Total: 9.821400 ms (FindLiveObjects: 1.183600 ms CreateObjectMapping: 1.141300 ms MarkObjects: 4.810800 ms  DeleteObjects: 2.684700 ms)

Prepare: number of updated asset objects reloaded= 0
========================================================================
Received Prepare
Begin MonoManager ReloadAssembly
- Loaded All Assemblies, in  0.788 seconds
Refreshing native plugins compatible for Editor in 1.92 ms, found 4 plugins.
Native extension for iOS target not found
Native extension for WindowsStandalone target not found
Native extension for WebGL target not found
[Package Manager] Failed to launch server process. Reason: Unity was launched with the -noUpm command-line argument
[Package Manager] Unable to send message (not connected to server process).
[Package Manager] Cannot connect to Unity Package Manager local server
[Package Manager] Failed to launch server process. Reason: Unity was launched with the -noUpm command-line argument
[Package Manager] Unable to send message (not connected to server process).
[Package Manager] Cannot connect to Unity Package Manager local server
ScheduleIndexationOnStartup MainProcess:False IndexOnStartup:True
Mono: successfully reloaded assembly
- Finished resetting the current domain, in  0.588 seconds
Domain Reload Profiling: 1371ms
	BeginReloadAssembly (200ms)
		ExecutionOrderSort (0ms)
		DisableScriptedObjects (6ms)
		BackupInstance (0ms)
		ReleaseScriptingObjects (0ms)
		CreateAndSetChildDomain (48ms)
	RebuildCommonClasses (47ms)
	RebuildNativeTypeToScriptingClass (17ms)
	initialDomainReloadingComplete (38ms)
	LoadAllAssembliesAndSetupDomain (481ms)
		LoadAssemblies (350ms)
		RebuildTransferFunctionScriptingTraits (0ms)
		AnalyzeDomain (210ms)
			TypeCache.Refresh (9ms)
				TypeCache.ScanAssembly (0ms)
			BuildScriptInfoCaches (188ms)
			ResolveRequiredComponents (9ms)
	FinalizeReload (588ms)
		ReleaseScriptCaches (0ms)
		RebuildScriptCaches (0ms)
		SetupLoadedEditorAssemblies (453ms)
			LogAssemblyErrors (0ms)
			InitializePlatformSupportModulesInManaged (8ms)
			SetLoadedEditorAssemblies (5ms)
			BeforeProcessingInitializeOnLoad (126ms)
			ProcessInitializeOnLoadAttributes (258ms)
			ProcessInitializeOnLoadMethodAttributes (49ms)
			AfterProcessingInitializeOnLoad (6ms)
			EditorAssembliesLoaded (0ms)
		ExecutionOrderSort2 (0ms)
		AwakeInstancesAfterBackupRestoration (13ms)
Refreshing native plugins compatible for Editor in 1.69 ms, found 4 plugins.
Preloading 0 native plugins for Editor in 0.00 ms.
Unloading 16 Unused Serialized files (Serialized files now loaded: 0)
Unloading 6513 unused Assets / (4.0 MB). Loaded Objects now: 7456.
Memory consumption went from 191.8 MB to 187.7 MB.
Total: 7.705400 ms (FindLiveObjects: 0.621000 ms CreateObjectMapping: 0.654400 ms MarkObjects: 4.618800 ms  DeleteObjects: 1.810800 ms)

Prepare: number of updated asset objects reloaded= 0
========================================================================
Received Prepare
Refreshing native plugins compatible for Editor in 2.20 ms, found 4 plugins.
Preloading 0 native plugins for Editor in 0.00 ms.
Unloading 16 Unused Serialized files (Serialized files now loaded: 0)
Unloading 6502 unused Assets / (3.7 MB). Loaded Objects now: 7456.
Memory consumption went from 194.6 MB to 190.9 MB.
Total: 7.973300 ms (FindLiveObjects: 0.954100 ms CreateObjectMapping: 0.392000 ms MarkObjects: 4.701000 ms  DeleteObjects: 1.925700 ms)

Prepare: number of updated asset objects reloaded= 0
========================================================================
Received Prepare
Begin MonoManager ReloadAssembly
[Licensing::Client] Successfully resolved entitlement details
- Loaded All Assemblies, in  0.940 seconds
Refreshing native plugins compatible for Editor in 2.25 ms, found 4 plugins.
Native extension for iOS target not found
Native extension for WindowsStandalone target not found
Native extension for WebGL target not found
[Package Manager] Failed to launch server process. Reason: Unity was launched with the -noUpm command-line argument
[Package Manager] Unable to send message (not connected to server process).
[Package Manager] Cannot connect to Unity Package Manager local server
[Package Manager] Failed to launch server process. Reason: Unity was launched with the -noUpm command-line argument
[Package Manager] Unable to send message (not connected to server process).
[Package Manager] Cannot connect to Unity Package Manager local server
ScheduleIndexationOnStartup MainProcess:False IndexOnStartup:True
Mono: successfully reloaded assembly
- Finished resetting the current domain, in  0.765 seconds
Domain Reload Profiling: 1700ms
	BeginReloadAssembly (227ms)
		ExecutionOrderSort (0ms)
		DisableScriptedObjects (6ms)
		BackupInstance (0ms)
		ReleaseScriptingObjects (0ms)
		CreateAndSetChildDomain (49ms)
	RebuildCommonClasses (39ms)
	RebuildNativeTypeToScriptingClass (14ms)
	initialDomainReloadingComplete (41ms)
	LoadAllAssembliesAndSetupDomain (613ms)
		LoadAssemblies (423ms)
		RebuildTransferFunctionScriptingTraits (0ms)
		AnalyzeDomain (295ms)
			TypeCache.Refresh (10ms)
				TypeCache.ScanAssembly (0ms)
			BuildScriptInfoCaches (271ms)
			ResolveRequiredComponents (9ms)
	FinalizeReload (765ms)
		ReleaseScriptCaches (0ms)
		RebuildScriptCaches (0ms)
		SetupLoadedEditorAssemblies (611ms)
			LogAssemblyErrors (0ms)
			InitializePlatformSupportModulesInManaged (8ms)
			SetLoadedEditorAssemblies (5ms)
			BeforeProcessingInitializeOnLoad (168ms)
			ProcessInitializeOnLoadAttributes (352ms)
			ProcessInitializeOnLoadMethodAttributes (70ms)
			AfterProcessingInitializeOnLoad (8ms)
			EditorAssembliesLoaded (0ms)
		ExecutionOrderSort2 (0ms)
		AwakeInstancesAfterBackupRestoration (19ms)
Refreshing native plugins compatible for Editor in 2.14 ms, found 4 plugins.
Preloading 0 native plugins for Editor in 0.00 ms.
Unloading 16 Unused Serialized files (Serialized files now loaded: 0)
Unloading 6513 unused Assets / (3.8 MB). Loaded Objects now: 7459.
Memory consumption went from 197.3 MB to 193.5 MB.
Total: 7.483200 ms (FindLiveObjects: 0.647800 ms CreateObjectMapping: 0.374200 ms MarkObjects: 4.497700 ms  DeleteObjects: 1.963000 ms)

Prepare: number of updated asset objects reloaded= 0
========================================================================
Received Prepare
Refreshing native plugins compatible for Editor in 2.48 ms, found 4 plugins.
Preloading 0 native plugins for Editor in 0.00 ms.
Unloading 16 Unused Serialized files (Serialized files now loaded: 0)
Unloading 6502 unused Assets / (4.7 MB). Loaded Objects now: 7459.
Memory consumption went from 200.1 MB to 195.4 MB.
Total: 11.218200 ms (FindLiveObjects: 0.677100 ms CreateObjectMapping: 0.860200 ms MarkObjects: 6.632900 ms  DeleteObjects: 3.047200 ms)

Prepare: number of updated asset objects reloaded= 0
========================================================================
Received Prepare
Begin MonoManager ReloadAssembly
[Licensing::Client] Successfully resolved entitlement details
- Loaded All Assemblies, in  0.817 seconds
Refreshing native plugins compatible for Editor in 2.50 ms, found 4 plugins.
Native extension for iOS target not found
Native extension for WindowsStandalone target not found
Native extension for WebGL target not found
[Package Manager] Failed to launch server process. Reason: Unity was launched with the -noUpm command-line argument
[Package Manager] Unable to send message (not connected to server process).
[Package Manager] Cannot connect to Unity Package Manager local server
[Package Manager] Failed to launch server process. Reason: Unity was launched with the -noUpm command-line argument
[Package Manager] Unable to send message (not connected to server process).
[Package Manager] Cannot connect to Unity Package Manager local server
ScheduleIndexationOnStartup MainProcess:False IndexOnStartup:True
Mono: successfully reloaded assembly
- Finished resetting the current domain, in  0.698 seconds
Domain Reload Profiling: 1511ms
	BeginReloadAssembly (208ms)
		ExecutionOrderSort (0ms)
		DisableScriptedObjects (6ms)
		BackupInstance (0ms)
		ReleaseScriptingObjects (0ms)
		CreateAndSetChildDomain (49ms)
	RebuildCommonClasses (48ms)
	RebuildNativeTypeToScriptingClass (11ms)
	initialDomainReloadingComplete (31ms)
	LoadAllAssembliesAndSetupDomain (515ms)
		LoadAssemblies (355ms)
		RebuildTransferFunctionScriptingTraits (0ms)
		AnalyzeDomain (242ms)
			TypeCache.Refresh (11ms)
				TypeCache.ScanAssembly (0ms)
			BuildScriptInfoCaches (221ms)
			ResolveRequiredComponents (6ms)
	FinalizeReload (698ms)
		ReleaseScriptCaches (0ms)
		RebuildScriptCaches (0ms)
		SetupLoadedEditorAssemblies (524ms)
			LogAssemblyErrors (0ms)
			InitializePlatformSupportModulesInManaged (12ms)
			SetLoadedEditorAssemblies (7ms)
			BeforeProcessingInitializeOnLoad (168ms)
			ProcessInitializeOnLoadAttributes (278ms)
			ProcessInitializeOnLoadMethodAttributes (52ms)
			AfterProcessingInitializeOnLoad (6ms)
			EditorAssembliesLoaded (0ms)
		ExecutionOrderSort2 (0ms)
		AwakeInstancesAfterBackupRestoration (13ms)
Refreshing native plugins compatible for Editor in 1.73 ms, found 4 plugins.
Preloading 0 native plugins for Editor in 0.00 ms.
Unloading 16 Unused Serialized files (Serialized files now loaded: 0)
Unloading 6513 unused Assets / (4.3 MB). Loaded Objects now: 7462.
Memory consumption went from 202.8 MB to 198.5 MB.
Total: 8.009000 ms (FindLiveObjects: 0.652700 ms CreateObjectMapping: 0.681000 ms MarkObjects: 4.696100 ms  DeleteObjects: 1.978700 ms)

Prepare: number of updated asset objects reloaded= 0
========================================================================
Received Prepare
Refreshing native plugins compatible for Editor in 1.90 ms, found 4 plugins.
Preloading 0 native plugins for Editor in 0.00 ms.
Unloading 16 Unused Serialized files (Serialized files now loaded: 0)
Unloading 6502 unused Assets / (4.1 MB). Loaded Objects now: 7462.
Memory consumption went from 205.7 MB to 201.6 MB.
Total: 8.039100 ms (FindLiveObjects: 0.737500 ms CreateObjectMapping: 0.838700 ms MarkObjects: 4.410400 ms  DeleteObjects: 2.052100 ms)

Prepare: number of updated asset objects reloaded= 0
========================================================================
Received Prepare
Begin MonoManager ReloadAssembly
- Loaded All Assemblies, in  0.675 seconds
Refreshing native plugins compatible for Editor in 1.46 ms, found 4 plugins.
Native extension for iOS target not found
Native extension for WindowsStandalone target not found
Native extension for WebGL target not found
[Package Manager] Failed to launch server process. Reason: Unity was launched with the -noUpm command-line argument
[Package Manager] Unable to send message (not connected to server process).
[Package Manager] Cannot connect to Unity Package Manager local server
[Package Manager] Failed to launch server process. Reason: Unity was launched with the -noUpm command-line argument
[Package Manager] Unable to send message (not connected to server process).
[Package Manager] Cannot connect to Unity Package Manager local server
ScheduleIndexationOnStartup MainProcess:False IndexOnStartup:True
Mono: successfully reloaded assembly
- Finished resetting the current domain, in  0.619 seconds
Domain Reload Profiling: 1292ms
	BeginReloadAssembly (182ms)
		ExecutionOrderSort (0ms)
		DisableScriptedObjects (5ms)
		BackupInstance (0ms)
		ReleaseScriptingObjects (0ms)
		CreateAndSetChildDomain (43ms)
	RebuildCommonClasses (31ms)
	RebuildNativeTypeToScriptingClass (11ms)
	initialDomainReloadingComplete (29ms)
	LoadAllAssembliesAndSetupDomain (421ms)
		LoadAssemblies (319ms)
		RebuildTransferFunctionScriptingTraits (0ms)
		AnalyzeDomain (184ms)
			TypeCache.Refresh (8ms)
				TypeCache.ScanAssembly (0ms)
			BuildScriptInfoCaches (166ms)
			ResolveRequiredComponents (6ms)
	FinalizeReload (619ms)
		ReleaseScriptCaches (0ms)
		RebuildScriptCaches (0ms)
		SetupLoadedEditorAssemblies (482ms)
			LogAssemblyErrors (0ms)
			InitializePlatformSupportModulesInManaged (9ms)
			SetLoadedEditorAssemblies (5ms)
			BeforeProcessingInitializeOnLoad (138ms)
			ProcessInitializeOnLoadAttributes (273ms)
			ProcessInitializeOnLoadMethodAttributes (52ms)
			AfterProcessingInitializeOnLoad (6ms)
			EditorAssembliesLoaded (0ms)
		ExecutionOrderSort2 (0ms)
		AwakeInstancesAfterBackupRestoration (15ms)
Refreshing native plugins compatible for Editor in 1.64 ms, found 4 plugins.
Preloading 0 native plugins for Editor in 0.00 ms.
Unloading 16 Unused Serialized files (Serialized files now loaded: 0)
Unloading 6513 unused Assets / (4.5 MB). Loaded Objects now: 7465.
Memory consumption went from 208.3 MB to 203.8 MB.
Total: 9.079500 ms (FindLiveObjects: 0.730100 ms CreateObjectMapping: 0.997600 ms MarkObjects: 5.079000 ms  DeleteObjects: 2.272400 ms)

Prepare: number of updated asset objects reloaded= 0
========================================================================
Received Prepare
Begin MonoManager ReloadAssembly
- Loaded All Assemblies, in  0.670 seconds
Refreshing native plugins compatible for Editor in 1.45 ms, found 4 plugins.
Native extension for iOS target not found
Native extension for WindowsStandalone target not found
Native extension for WebGL target not found
[Package Manager] Failed to launch server process. Reason: Unity was launched with the -noUpm command-line argument
[Package Manager] Unable to send message (not connected to server process).
[Package Manager] Cannot connect to Unity Package Manager local server
[Package Manager] Failed to launch server process. Reason: Unity was launched with the -noUpm command-line argument
[Package Manager] Unable to send message (not connected to server process).
[Package Manager] Cannot connect to Unity Package Manager local server
ScheduleIndexationOnStartup MainProcess:False IndexOnStartup:True
Mono: successfully reloaded assembly
- Finished resetting the current domain, in  0.591 seconds
Domain Reload Profiling: 1258ms
	BeginReloadAssembly (175ms)
		ExecutionOrderSort (0ms)
		DisableScriptedObjects (5ms)
		BackupInstance (0ms)
		ReleaseScriptingObjects (0ms)
		CreateAndSetChildDomain (38ms)
	RebuildCommonClasses (32ms)
	RebuildNativeTypeToScriptingClass (13ms)
	initialDomainReloadingComplete (29ms)
	LoadAllAssembliesAndSetupDomain (419ms)
		LoadAssemblies (314ms)
		RebuildTransferFunctionScriptingTraits (0ms)
		AnalyzeDomain (183ms)
			TypeCache.Refresh (6ms)
				TypeCache.ScanAssembly (0ms)
			BuildScriptInfoCaches (168ms)
			ResolveRequiredComponents (6ms)
	FinalizeReload (591ms)
		ReleaseScriptCaches (0ms)
		RebuildScriptCaches (0ms)
		SetupLoadedEditorAssemblies (463ms)
			LogAssemblyErrors (0ms)
			InitializePlatformSupportModulesInManaged (8ms)
			SetLoadedEditorAssemblies (5ms)
			BeforeProcessingInitializeOnLoad (129ms)
			ProcessInitializeOnLoadAttributes (262ms)
			ProcessInitializeOnLoadMethodAttributes (52ms)
			AfterProcessingInitializeOnLoad (6ms)
			EditorAssembliesLoaded (0ms)
		ExecutionOrderSort2 (0ms)
		AwakeInstancesAfterBackupRestoration (14ms)
Refreshing native plugins compatible for Editor in 1.67 ms, found 4 plugins.
Preloading 0 native plugins for Editor in 0.00 ms.
Unloading 16 Unused Serialized files (Serialized files now loaded: 0)
Unloading 6513 unused Assets / (3.8 MB). Loaded Objects now: 7468.
Memory consumption went from 211.1 MB to 207.3 MB.
Total: 7.457900 ms (FindLiveObjects: 0.672300 ms CreateObjectMapping: 0.747000 ms MarkObjects: 4.229300 ms  DeleteObjects: 1.808900 ms)

Prepare: number of updated asset objects reloaded= 0
========================================================================
Received Prepare
Refreshing native plugins compatible for Editor in 2.31 ms, found 4 plugins.
Preloading 0 native plugins for Editor in 0.00 ms.
Unloading 16 Unused Serialized files (Serialized files now loaded: 0)
Unloading 6502 unused Assets / (4.5 MB). Loaded Objects now: 7468.
Memory consumption went from 214.0 MB to 209.5 MB.
Total: 11.152300 ms (FindLiveObjects: 1.013900 ms CreateObjectMapping: 0.757500 ms MarkObjects: 7.087100 ms  DeleteObjects: 2.293200 ms)

Prepare: number of updated asset objects reloaded= 0
========================================================================
Received Prepare
Begin MonoManager ReloadAssembly
[Licensing::Client] Successfully resolved entitlement details
- Loaded All Assemblies, in  0.841 seconds
Refreshing native plugins compatible for Editor in 1.64 ms, found 4 plugins.
Native extension for iOS target not found
Native extension for WindowsStandalone target not found
Native extension for WebGL target not found
[Package Manager] Failed to launch server process. Reason: Unity was launched with the -noUpm command-line argument
[Package Manager] Unable to send message (not connected to server process).
[Package Manager] Cannot connect to Unity Package Manager local server
[Package Manager] Failed to launch server process. Reason: Unity was launched with the -noUpm command-line argument
[Package Manager] Unable to send message (not connected to server process).
[Package Manager] Cannot connect to Unity Package Manager local server
ScheduleIndexationOnStartup MainProcess:False IndexOnStartup:True
Mono: successfully reloaded assembly
- Finished resetting the current domain, in  0.623 seconds
Domain Reload Profiling: 1458ms
	BeginReloadAssembly (201ms)
		ExecutionOrderSort (0ms)
		DisableScriptedObjects (7ms)
		BackupInstance (0ms)
		ReleaseScriptingObjects (0ms)
		CreateAndSetChildDomain (45ms)
	RebuildCommonClasses (31ms)
	RebuildNativeTypeToScriptingClass (11ms)
	initialDomainReloadingComplete (37ms)
	LoadAllAssembliesAndSetupDomain (554ms)
		LoadAssemblies (387ms)
		RebuildTransferFunctionScriptingTraits (0ms)
		AnalyzeDomain (251ms)
			TypeCache.Refresh (9ms)
				TypeCache.ScanAssembly (0ms)
			BuildScriptInfoCaches (228ms)
			ResolveRequiredComponents (9ms)
	FinalizeReload (623ms)
		ReleaseScriptCaches (0ms)
		RebuildScriptCaches (0ms)
		SetupLoadedEditorAssemblies (482ms)
			LogAssemblyErrors (0ms)
			InitializePlatformSupportModulesInManaged (9ms)
			SetLoadedEditorAssemblies (5ms)
			BeforeProcessingInitializeOnLoad (137ms)
			ProcessInitializeOnLoadAttributes (271ms)
			ProcessInitializeOnLoadMethodAttributes (53ms)
			AfterProcessingInitializeOnLoad (6ms)
			EditorAssembliesLoaded (0ms)
		ExecutionOrderSort2 (0ms)
		AwakeInstancesAfterBackupRestoration (14ms)
Refreshing native plugins compatible for Editor in 1.67 ms, found 4 plugins.
Preloading 0 native plugins for Editor in 0.00 ms.
Unloading 16 Unused Serialized files (Serialized files now loaded: 0)
Unloading 6513 unused Assets / (4.4 MB). Loaded Objects now: 7471.
Memory consumption went from 216.6 MB to 212.2 MB.
Total: 8.414700 ms (FindLiveObjects: 0.737600 ms CreateObjectMapping: 0.845300 ms MarkObjects: 4.728300 ms  DeleteObjects: 2.103000 ms)

Prepare: number of updated asset objects reloaded= 0
