[Licensing::Module] Trying to connect to existing licensing client channel...
Built from '6000.3/staging' branch; Version is '6000.3.22f1 (1c726e1fb402) revision 1864302'; Using compiler version '194234433'; Build Type 'Release'
OS: 'Windows 11  (10.0.26200) Professional' Language: 'en' Physical Memory: 65447 MB
[Licensing::IpcConnector] Successfully connected to: "LicenseClient-finge" at "2026-09-04T03:53:23.036535Z"
BatchMode: 1, IsHumanControllingUs: 0, StartBugReporterOnCrash: 0, Is64bit: 1
System  architecture: x64
Process architecture: x64
Date: 2026-09-04T03:53:23Z

COMMAND LINE ARGUMENTS:
C:\Program Files\Unity\Hub\Editor\6000.3.22f1\Editor\Unity.exe
-adb2
-batchMode
-noUpm
-name
AssetImportWorker9
-projectPath
C:/Users/finge/OneDrive/Documents/Unity/The-Adventures-of-Organic-Green-Non-GMO-Quadrilateral-main
-logFile
Logs/AssetImportWorker9.log
-srvPort
17226
-parentPid
25220
-analyticsCloudUserId
20067347476411
-analyticsCloudProjectId
3be8e2df-b871-44b7-b6e6-52f57caf8acf
-analyticsLocalProjectId
1eb061af8fd5f7849937f7d6628a000d
-editorAnalyticsEnabled
1
-cbmEditorLicense
b52a59ac02f18f577f1932697603f49108bdb3e5
-cbmMachineId
b3DWQg0hQQ76W2b8Gj6u97/T1wU=
-licensingIpc
LicenseClient-finge
-job-worker-count
11
-background-job-worker-count
8
-gc-helper-count
1
-name
AssetImport
Successfully changed project path to: C:/Users/finge/OneDrive/Documents/Unity/The-Adventures-of-Organic-Green-Non-GMO-Quadrilateral-main
C:/Users/finge/OneDrive/Documents/Unity/The-Adventures-of-Organic-Green-Non-GMO-Quadrilateral-main
[UnityMemory] Configuration Parameters - Can be set up in boot.config
    "memorysetup-temp-allocator-size-nav-mesh-worker=65536"
    "memorysetup-temp-allocator-size-audio-worker=65536"
    "memorysetup-temp-allocator-size-gfx=262144"
    "memorysetup-allocator-temp-initial-block-size-main=262144"
    "memorysetup-allocator-temp-initial-block-size-worker=262144"
    "memorysetup-temp-allocator-size-background-worker=32768"
    "memorysetup-temp-allocator-size-job-worker=262144"
    "memorysetup-temp-allocator-size-preload-manager=33554432"
    "memorysetup-temp-allocator-size-gi-baking-worker=262144"
    "memorysetup-temp-allocator-size-gi-baking-worker=262144"
    "memorysetup-temp-allocator-size-gi-baking-worker=262144"
    "memorysetup-temp-allocator-size-gi-baking-worker=262144"
    "memorysetup-temp-allocator-size-gi-baking-worker=262144"
    "memorysetup-bucket-allocator-granularity=16"
    "memorysetup-bucket-allocator-bucket-count=8"
    "memorysetup-bucket-allocator-block-size=33554432"
    "memorysetup-bucket-allocator-block-count=8"
    "memorysetup-main-allocator-block-size=16777216"
    "memorysetup-thread-allocator-block-size=16777216"
    "memorysetup-gfx-main-allocator-block-size=16777216"
    "memorysetup-gfx-thread-allocator-block-size=16777216"
    "memorysetup-cache-allocator-block-size=4194304"
    "memorysetup-typetree-allocator-block-size=2097152"
    "memorysetup-profiler-bucket-allocator-granularity=16"
    "memorysetup-profiler-bucket-allocator-bucket-count=8"
    "memorysetup-profiler-bucket-allocator-block-size=33554432"
    "memorysetup-profiler-bucket-allocator-block-count=8"
    "memorysetup-profiler-allocator-block-size=16777216"
    "memorysetup-profiler-editor-allocator-block-size=1048576"
    "memorysetup-temp-allocator-size-main=16777216"
    "memorysetup-job-temp-allocator-block-size=2097152"
    "memorysetup-job-temp-allocator-block-size-background=1048576"
    "memorysetup-job-temp-allocator-reduction-small-platforms=262144"
    "memorysetup-temp-allocator-size-cloud-worker=32768"
Player connection [28540]  Target information:

Player connection [28540]  * "[IP] 172.20.10.10 [Port] 0 [Flags] 2 [Guid] 263456720 [EditorId] 263456720 [Version] 1048832 [Id] WindowsEditor(7,Zacharys-PC) [Debug] 1 [PackageName] WindowsEditor [ProjectName] Editor" 

Player connection [28540] Host joined multi-casting on [225.0.0.222:54997]...
Player connection [28540] Host joined alternative multi-casting on [225.0.0.222:34997]...
JobSystem: Creating JobQueue using job-worker-count value 11
Input System module state changed to: Initialized.
[Physics::Module] Initialized fallback backend.
[Physics::Module] Id: 0xdecafbad
Library Redirect Path: Library/
[Physics::Module] Selected backend.
[Physics::Module] Name: PhysX
[Physics::Module] Id: 0xf2b8ea05
[Physics::Module] SDK Version: 4.1.2
[Physics::Module] Integration Version: 1.0.0
[Physics::Module] Threading Mode: Multi-Threaded
Refreshing native plugins compatible for Editor in 3.54 ms, found 4 plugins.
Preloading 0 native plugins for Editor in 0.00 ms.
Initialize engine version: 6000.3.22f1 (1c726e1fb402)
[Subsystems] Discovering subsystems at path C:/Program Files/Unity/Hub/Editor/6000.3.22f1/Editor/Data/Resources/UnitySubsystems
[Subsystems] Discovering subsystems at path C:/Users/finge/OneDrive/Documents/Unity/The-Adventures-of-Organic-Green-Non-GMO-Quadrilateral-main/Assets
GfxDevice: creating device client; kGfxThreadingModeNonThreaded
d3d12: failed to query info queue interface (0x80004002).
Direct3D:
    Version:         Direct3D 12 [level 12.2]
    Renderer:        AMD Radeon RX 9060 XT (ID=0x7590)
    Vendor:          ATI
    VRAM:            16304 MB
    App VRAM Budget: 15459 MB
    Driver:          32.0.22042.14002
Initialize mono
Mono path[0] = 'C:/Program Files/Unity/Hub/Editor/6000.3.22f1/Editor/Data/Managed'
Mono path[1] = 'C:/Program Files/Unity/Hub/Editor/6000.3.22f1/Editor/Data/MonoBleedingEdge/lib/mono/unityjit-win32'
Mono config path = 'C:/Program Files/Unity/Hub/Editor/6000.3.22f1/Editor/Data/MonoBleedingEdge/etc'
Using monoOptions --debugger-agent=transport=dt_socket,embedding=1,server=y,suspend=n,address=127.0.0.1:56068
Begin MonoManager ReloadAssembly
Registering precompiled unity dll's ...
Register platform support module: C:/Program Files/Unity/Hub/Editor/6000.3.22f1/Editor/Data/PlaybackEngines/WebGLSupport/UnityEditor.WebGL.Extensions.dll
Register platform support module: C:/Program Files/Unity/Hub/Editor/6000.3.22f1/Editor/Data/PlaybackEngines/WindowsStandaloneSupport/UnityEditor.WindowsStandalone.Extensions.dll
[Licensing::Module] Licensing is not yet initialized.
[Licensing::Client] Error: HandshakeResponse reported an error:
	ResponseCode: 505
	ResponseStatus: Unsupported protocol version '1.18.1'.
[Licensing::Module] Error: Failed to handshake to channel: "LicenseClient-finge"
[Licensing::IpcConnector] LicenseClient-finge channel disconnected successfully.
[Licensing::IpcConnector] Successfully connected to: "LicenseClient-finge-6000.3.22" at "2026-09-04T03:53:25.079512Z"
[Licensing::Client] Code 10 while verifying Licensing Client signature (process Id: 25584, path: "C:/Program Files/Unity/Hub/Editor/6000.3.22f1/Editor/Data/Resources/Licensing/Client/Unity.Licensing.Client.exe")
[Licensing::Module] LicensingClient has failed validation; ignoring
[Licensing::Client] Handshaking with LicensingClient:
  Version:                 1.18.1+9fbee8e
  Session Id:              4777cc68e882433bb4437bb7ae423629
  Correlation Id:          e792f06d7035df6ec57ba10a1486fc4f
  External correlation Id: 2131540673548741726
  Machine Id:              b3DWQg0hQQ76W2b8Gj6u97/T1wU=
[Licensing::Module] Successfully connected to LicensingClient on channel: "LicenseClient-finge-6000.3.22" (connect: 0.00s, validation: 0.00s, handshake: 0.01s)
[Licensing::IpcConnector] Successfully connected to: "LicenseClient-finge-6000.3.22-notifications" at "2026-09-04T03:53:25.0884991Z"
[Licensing::Module] Licensing Background thread has ended after 2.05s
[Licensing::Module] Licensing is initialized (took 1.13s).
[Licensing::Client] Successfully resolved entitlement details
[Licensing::Module] License group:
  Id: 20067347476411-UnityPersXXXX
  Product: Unity Personal
  Type: Assigned
  Expiration: Unlimited
Register platform support module: C:/Program Files/Unity/Hub/Editor/6000.3.22f1/Editor/Data/PlaybackEngines/iOSSupport/UnityEditor.iOS.Extensions.dll
Registered in 1.136563 seconds.
- Loaded All Assemblies, in  1.568 seconds
[usbmuxd] Start listen thread
[usbmuxd] Listen thread started
[usbmuxd] Send listen message
Native extension for iOS target not found
Native extension for WindowsStandalone target not found
Native extension for WebGL target not found
Package Manager log level set to [2]
[Package Manager] Failed to launch server process. Reason: Unity was launched with the -noUpm command-line argument
[Package Manager] Unable to send message (not connected to server process).
[Package Manager] Cannot connect to Unity Package Manager local server
ScheduleIndexationOnStartup MainProcess:False IndexOnStartup:True
Mono: successfully reloaded assembly
- Finished resetting the current domain, in  0.375 seconds
Domain Reload Profiling: 1939ms
	BeginReloadAssembly (151ms)
		ExecutionOrderSort (0ms)
		DisableScriptedObjects (0ms)
		BackupInstance (0ms)
		ReleaseScriptingObjects (0ms)
		CreateAndSetChildDomain (1ms)
	RebuildCommonClasses (46ms)
	RebuildNativeTypeToScriptingClass (17ms)
	initialDomainReloadingComplete (1185ms)
	LoadAllAssembliesAndSetupDomain (164ms)
		LoadAssemblies (147ms)
		RebuildTransferFunctionScriptingTraits (0ms)
		AnalyzeDomain (160ms)
			TypeCache.Refresh (159ms)
				TypeCache.ScanAssembly (146ms)
			BuildScriptInfoCaches (0ms)
			ResolveRequiredComponents (0ms)
	FinalizeReload (376ms)
		ReleaseScriptCaches (0ms)
		RebuildScriptCaches (0ms)
		SetupLoadedEditorAssemblies (331ms)
			LogAssemblyErrors (0ms)
			InitializePlatformSupportModulesInManaged (63ms)
			SetLoadedEditorAssemblies (4ms)
			BeforeProcessingInitializeOnLoad (76ms)
			ProcessInitializeOnLoadAttributes (122ms)
			ProcessInitializeOnLoadMethodAttributes (66ms)
			AfterProcessingInitializeOnLoad (0ms)
			EditorAssembliesLoaded (0ms)
		ExecutionOrderSort2 (0ms)
		AwakeInstancesAfterBackupRestoration (0ms)
[Licensing::Client] Successfully resolved entitlement details
========================================================================
Worker process is ready to serve import requests
Import Worker Mode flag is 0x00
Begin MonoManager ReloadAssembly
- Loaded All Assemblies, in  0.909 seconds
Refreshing native plugins compatible for Editor in 1.88 ms, found 4 plugins.
Native extension for iOS target not found
Native extension for WindowsStandalone target not found
Native extension for WebGL target not found
[Package Manager] Failed to launch server process. Reason: Unity was launched with the -noUpm command-line argument
[Package Manager] Unable to send message (not connected to server process).
[Package Manager] Cannot connect to Unity Package Manager local server
Refreshing native plugins compatible for Editor in 1.79 ms, found 4 plugins.
[Package Manager] Failed to launch server process. Reason: Unity was launched with the -noUpm command-line argument
[Package Manager] Unable to send message (not connected to server process).
[Package Manager] Cannot connect to Unity Package Manager local server
ScheduleIndexationOnStartup MainProcess:False IndexOnStartup:True
Mono: successfully reloaded assembly
- Finished resetting the current domain, in  0.765 seconds
Domain Reload Profiling: 1665ms
	BeginReloadAssembly (192ms)
		ExecutionOrderSort (0ms)
		DisableScriptedObjects (6ms)
		BackupInstance (0ms)
		ReleaseScriptingObjects (0ms)
		CreateAndSetChildDomain (35ms)
	RebuildCommonClasses (40ms)
	RebuildNativeTypeToScriptingClass (13ms)
	initialDomainReloadingComplete (49ms)
	LoadAllAssembliesAndSetupDomain (606ms)
		LoadAssemblies (412ms)
		RebuildTransferFunctionScriptingTraits (0ms)
		AnalyzeDomain (295ms)
			TypeCache.Refresh (202ms)
				TypeCache.ScanAssembly (184ms)
			BuildScriptInfoCaches (82ms)
			ResolveRequiredComponents (7ms)
	FinalizeReload (766ms)
		ReleaseScriptCaches (0ms)
		RebuildScriptCaches (0ms)
		SetupLoadedEditorAssemblies (563ms)
			LogAssemblyErrors (0ms)
			InitializePlatformSupportModulesInManaged (9ms)
			SetLoadedEditorAssemblies (4ms)
			BeforeProcessingInitializeOnLoad (149ms)
			ProcessInitializeOnLoadAttributes (331ms)
			ProcessInitializeOnLoadMethodAttributes (61ms)
			AfterProcessingInitializeOnLoad (8ms)
			EditorAssembliesLoaded (0ms)
		ExecutionOrderSort2 (0ms)
		AwakeInstancesAfterBackupRestoration (7ms)
Launched and connected shader compiler UnityShaderCompiler.exe after 0.01 seconds
Refreshing native plugins compatible for Editor in 1.96 ms, found 4 plugins.
Preloading 0 native plugins for Editor in 0.00 ms.
Unloading 16 Unused Serialized files (Serialized files now loaded: 0)
Curl error 3: URL rejected: Malformed input to a URL function
Unloading 6516 unused Assets / (4.7 MB). Loaded Objects now: 7297.
Memory consumption went from 158.4 MB to 153.7 MB.
Total: 8.647000 ms (FindLiveObjects: 0.722300 ms CreateObjectMapping: 0.307600 ms MarkObjects: 5.189000 ms  DeleteObjects: 2.427400 ms)

========================================================================
Received Import Request.
  Time since last request: 12531.301088 seconds.
  path: Packages/com.unity.inputsystem/InputSystem/Runtime/Plugins/PlayerInput/DefaultInputActions.inputactions
  artifactKey: Guid(ca9f5fa95ffab41fb9a615ab714db018) Importer(2089858483,b0f066a214c2f5e87bad3c948f4d605d)
Start importing Packages/com.unity.inputsystem/InputSystem/Runtime/Plugins/PlayerInput/DefaultInputActions.inputactions using Guid(ca9f5fa95ffab41fb9a615ab714db018) Importer(2089858483,b0f066a214c2f5e87bad3c948f4d605d) (ScriptedImporter) -> (artifact id: 'bfc44cd3f99078c2cee68cf510c8c914') in 0.2057537 seconds
Number of updated asset objects reloaded before import = 0Number of asset objects unloaded after import = 16

========================================================================
Received Import Request.
  Time since last request: 0.000020 seconds.
  path: Packages/com.unity.visualscripting/Runtime/VisualScripting.Core/Ensure/EnsureThat.Reflection.cs
  artifactKey: Guid(6d3eb5476e2f942a3b1c91279e874020) Importer(2089858483,b0f066a214c2f5e87bad3c948f4d605d)
Start importing Packages/com.unity.visualscripting/Runtime/VisualScripting.Core/Ensure/EnsureThat.Reflection.cs using Guid(6d3eb5476e2f942a3b1c91279e874020) Importer(2089858483,b0f066a214c2f5e87bad3c948f4d605d) (ScriptedImporter) -> (artifact id: '0bf64eb084ce2014eb66146b58e59471') in 0.0155985 seconds
Number of updated asset objects reloaded before import = 0Number of asset objects unloaded after import = 0

========================================================================
Received Import Request.
  Time since last request: 0.000024 seconds.
  path: Packages/com.unity.visualscripting/Editor/VisualScripting.Core/Utilities/SearchUtility.cs
  artifactKey: Guid(f985966dd0b9243ad8a285f709cfa520) Importer(2089858483,b0f066a214c2f5e87bad3c948f4d605d)
Start importing Packages/com.unity.visualscripting/Editor/VisualScripting.Core/Utilities/SearchUtility.cs using Guid(f985966dd0b9243ad8a285f709cfa520) Importer(2089858483,b0f066a214c2f5e87bad3c948f4d605d) (ScriptedImporter) -> (artifact id: 'a5d35e2c2f56b504e83dbf9430824bad') in 0.0033 seconds
Number of updated asset objects reloaded before import = 0Number of asset objects unloaded after import = 0

========================================================================
Received Import Request.
  Time since last request: 0.457011 seconds.
  path: Packages/com.unity.visualscripting/Runtime/VisualScripting.Core/Graphs/IGraphElement.cs
  artifactKey: Guid(cfe804b1243f445bdb36ab6c3360de35) Importer(2089858483,b0f066a214c2f5e87bad3c948f4d605d)
Start importing Packages/com.unity.visualscripting/Runtime/VisualScripting.Core/Graphs/IGraphElement.cs using Guid(cfe804b1243f445bdb36ab6c3360de35) Importer(2089858483,b0f066a214c2f5e87bad3c948f4d605d) (ScriptedImporter) -> (artifact id: '71f241870cbba39ec05233e38bb4cb8c') in 0.0191368 seconds
Number of updated asset objects reloaded before import = 0Number of asset objects unloaded after import = 0

========================================================================
Received Import Request.
  Time since last request: 0.000013 seconds.
  path: Packages/com.unity.visualscripting/Runtime/VisualScripting.Flow/Ports/ValueOutput.cs
  artifactKey: Guid(bd46e493293084cb4ad0597463418259) Importer(2089858483,b0f066a214c2f5e87bad3c948f4d605d)
Start importing Packages/com.unity.visualscripting/Runtime/VisualScripting.Flow/Ports/ValueOutput.cs using Guid(bd46e493293084cb4ad0597463418259) Importer(2089858483,b0f066a214c2f5e87bad3c948f4d605d) (ScriptedImporter) -> (artifact id: 'fdace0c88ca22804f9a62e63fc0ef7df') in 0.0043459 seconds
Number of updated asset objects reloaded before import = 0Number of asset objects unloaded after import = 0

========================================================================
Received Import Request.
  Time since last request: 0.000014 seconds.
  path: Packages/com.unity.visualscripting/Runtime/VisualScripting.Core/Reflection/TypeName.cs
  artifactKey: Guid(13bd0b2b84cd782408ba37c684c50988) Importer(2089858483,b0f066a214c2f5e87bad3c948f4d605d)
Start importing Packages/com.unity.visualscripting/Runtime/VisualScripting.Core/Reflection/TypeName.cs using Guid(13bd0b2b84cd782408ba37c684c50988) Importer(2089858483,b0f066a214c2f5e87bad3c948f4d605d) (ScriptedImporter) -> (artifact id: '5e61384e5ef248c2c160183ac61ad534') in 0.0038048 seconds
Number of updated asset objects reloaded before import = 0Number of asset objects unloaded after import = 0

========================================================================
Received Import Request.
  Time since last request: 0.000021 seconds.
  path: Packages/com.unity.visualscripting/Runtime/VisualScripting.Flow/Properties/AssemblyInfo.cs
  artifactKey: Guid(9352cf6c13d4f4197ac7bace3eedd11e) Importer(2089858483,b0f066a214c2f5e87bad3c948f4d605d)
Start importing Packages/com.unity.visualscripting/Runtime/VisualScripting.Flow/Properties/AssemblyInfo.cs using Guid(9352cf6c13d4f4197ac7bace3eedd11e) Importer(2089858483,b0f066a214c2f5e87bad3c948f4d605d) (ScriptedImporter) -> (artifact id: '5e5b902a2b26dd1dc6031aaca042abf2') in 0.0035871 seconds
Number of updated asset objects reloaded before import = 0Number of asset objects unloaded after import = 0

========================================================================
Received Import Request.
  Time since last request: 0.000014 seconds.
  path: Packages/com.unity.visualscripting/Runtime/VisualScripting.Core/Reflection/TypesMatching.cs
  artifactKey: Guid(f775daa8bfc69495ca472b905c44a3a1) Importer(2089858483,b0f066a214c2f5e87bad3c948f4d605d)
Start importing Packages/com.unity.visualscripting/Runtime/VisualScripting.Core/Reflection/TypesMatching.cs using Guid(f775daa8bfc69495ca472b905c44a3a1) Importer(2089858483,b0f066a214c2f5e87bad3c948f4d605d) (ScriptedImporter) -> (artifact id: 'e949da875541324d5dd05b22405b8d4f') in 0.003654 seconds
Number of updated asset objects reloaded before import = 0Number of asset objects unloaded after import = 0

========================================================================
Received Import Request.
  Time since last request: 0.000016 seconds.
  path: Packages/com.unity.visualscripting/Editor/VisualScripting.Core/Inspection/Primitives/DiscreteNumberInspector.cs
  artifactKey: Guid(0e1f82045b2644ac48cf04e03d05cb97) Importer(2089858483,b0f066a214c2f5e87bad3c948f4d605d)
Start importing Packages/com.unity.visualscripting/Editor/VisualScripting.Core/Inspection/Primitives/DiscreteNumberInspector.cs using Guid(0e1f82045b2644ac48cf04e03d05cb97) Importer(2089858483,b0f066a214c2f5e87bad3c948f4d605d) (ScriptedImporter) -> (artifact id: '09d5100941a9b06f1ebdd000198e59c1') in 0.0036605 seconds
Number of updated asset objects reloaded before import = 0Number of asset objects unloaded after import = 0

========================================================================
Received Import Request.
  Time since last request: 0.000013 seconds.
  path: Packages/com.unity.visualscripting/Runtime/VisualScripting.Core/Unity/SingletonAttribute.cs
  artifactKey: Guid(733f8c95b5e9f45d69dc6e292d5367c8) Importer(2089858483,b0f066a214c2f5e87bad3c948f4d605d)
Start importing Packages/com.unity.visualscripting/Runtime/VisualScripting.Core/Unity/SingletonAttribute.cs using Guid(733f8c95b5e9f45d69dc6e292d5367c8) Importer(2089858483,b0f066a214c2f5e87bad3c948f4d605d) (ScriptedImporter) -> (artifact id: 'f2de2da1c749459247af7c1515bee44b') in 0.0041639 seconds
Number of updated asset objects reloaded before import = 0Number of asset objects unloaded after import = 0

========================================================================
Received Import Request.
  Time since last request: 0.000013 seconds.
  path: Packages/com.unity.visualscripting/Runtime/VisualScripting.Core/Platforms/IAotStubbable.cs
  artifactKey: Guid(575479e672c3948eebd1d284a05b742a) Importer(2089858483,b0f066a214c2f5e87bad3c948f4d605d)
Start importing Packages/com.unity.visualscripting/Runtime/VisualScripting.Core/Platforms/IAotStubbable.cs using Guid(575479e672c3948eebd1d284a05b742a) Importer(2089858483,b0f066a214c2f5e87bad3c948f4d605d) (ScriptedImporter) -> (artifact id: '9a90d70cc9b6c8781e9391e7e79ccc68') in 0.003429 seconds
Number of updated asset objects reloaded before import = 0Number of asset objects unloaded after import = 0

========================================================================
Received Import Request.
  Time since last request: 0.000016 seconds.
  path: Packages/com.unity.visualscripting/Editor/VisualScripting.Core/Inspection/Other/DictionaryAssetEditor.cs
  artifactKey: Guid(a11d31e32a7a548efb97931180aa2523) Importer(2089858483,b0f066a214c2f5e87bad3c948f4d605d)
Start importing Packages/com.unity.visualscripting/Editor/VisualScripting.Core/Inspection/Other/DictionaryAssetEditor.cs using Guid(a11d31e32a7a548efb97931180aa2523) Importer(2089858483,b0f066a214c2f5e87bad3c948f4d605d) (ScriptedImporter) -> (artifact id: 'c225669ae037dbd2fcc3f1a7ea65e79d') in 0.0037563 seconds
Number of updated asset objects reloaded before import = 0Number of asset objects unloaded after import = 0

========================================================================
Received Import Request.
  Time since last request: 0.000021 seconds.
  path: Packages/com.unity.visualscripting/Runtime/VisualScripting.Flow/Framework/MissingType.cs
  artifactKey: Guid(3dc65ac6712541c586dbafa60214e23e) Importer(2089858483,b0f066a214c2f5e87bad3c948f4d605d)
Start importing Packages/com.unity.visualscripting/Runtime/VisualScripting.Flow/Framework/MissingType.cs using Guid(3dc65ac6712541c586dbafa60214e23e) Importer(2089858483,b0f066a214c2f5e87bad3c948f4d605d) (ScriptedImporter) -> (artifact id: 'caeafc1d4253b44c548d839e3cbd2bb6') in 0.003801 seconds
Number of updated asset objects reloaded before import = 0Number of asset objects unloaded after import = 0

========================================================================
Received Import Request.
  Time since last request: 0.000014 seconds.
  path: Packages/com.unity.visualscripting/Runtime/VisualScripting.Core/Serialization/ISerializationDepender.cs
  artifactKey: Guid(ab267aba735c944839ba79767a1955e9) Importer(2089858483,b0f066a214c2f5e87bad3c948f4d605d)
Start importing Packages/com.unity.visualscripting/Runtime/VisualScripting.Core/Serialization/ISerializationDepender.cs using Guid(ab267aba735c944839ba79767a1955e9) Importer(2089858483,b0f066a214c2f5e87bad3c948f4d605d) (ScriptedImporter) -> (artifact id: '7f38707b9c123c8d4544c4463b350256') in 0.0038011 seconds
Number of updated asset objects reloaded before import = 0Number of asset objects unloaded after import = 0

========================================================================
Received Import Request.
  Time since last request: 0.000015 seconds.
  path: Packages/com.unity.visualscripting/Runtime/VisualScripting.Core/Platforms/PlatformUtility.cs
  artifactKey: Guid(08d9ed1d4cca646fe82744e02c3ad1cc) Importer(2089858483,b0f066a214c2f5e87bad3c948f4d605d)
Start importing Packages/com.unity.visualscripting/Runtime/VisualScripting.Core/Platforms/PlatformUtility.cs using Guid(08d9ed1d4cca646fe82744e02c3ad1cc) Importer(2089858483,b0f066a214c2f5e87bad3c948f4d605d) (ScriptedImporter) -> (artifact id: '0eb00f3acf797fb666eefc1d24bd5616') in 0.0039908 seconds
Number of updated asset objects reloaded before import = 0Number of asset objects unloaded after import = 0

========================================================================
Received Import Request.
  Time since last request: 0.000015 seconds.
  path: Packages/com.unity.visualscripting/Runtime/VisualScripting.Flow/Ports/IUnitOutputPortDefinition.cs
  artifactKey: Guid(2bcda4e39d6514aae9e35205bd64bdb2) Importer(2089858483,b0f066a214c2f5e87bad3c948f4d605d)
Start importing Packages/com.unity.visualscripting/Runtime/VisualScripting.Flow/Ports/IUnitOutputPortDefinition.cs using Guid(2bcda4e39d6514aae9e35205bd64bdb2) Importer(2089858483,b0f066a214c2f5e87bad3c948f4d605d) (ScriptedImporter) -> (artifact id: '632ae50a8fe422f1b823ba98cf638b70') in 0.004159 seconds
Number of updated asset objects reloaded before import = 0Number of asset objects unloaded after import = 0

========================================================================
Received Import Request.
  Time since last request: 0.000016 seconds.
  path: Packages/com.unity.visualscripting/Runtime/VisualScripting.Flow/Ports/ControlOutputDefinition.cs
  artifactKey: Guid(2a676fd081381487380127c5eb603392) Importer(2089858483,b0f066a214c2f5e87bad3c948f4d605d)
Start importing Packages/com.unity.visualscripting/Runtime/VisualScripting.Flow/Ports/ControlOutputDefinition.cs using Guid(2a676fd081381487380127c5eb603392) Importer(2089858483,b0f066a214c2f5e87bad3c948f4d605d) (ScriptedImporter) -> (artifact id: '3471c8b0b267e3f269e3f85e948cfa12') in 0.0036703 seconds
Number of updated asset objects reloaded before import = 0Number of asset objects unloaded after import = 0

========================================================================
Received Import Request.
  Time since last request: 0.000016 seconds.
  path: Packages/com.unity.visualscripting/Runtime/VisualScripting.Core/Serialization/ISerializationDependency.cs
  artifactKey: Guid(74cb3a48f49084b4ea7970304b3889a9) Importer(2089858483,b0f066a214c2f5e87bad3c948f4d605d)
Start importing Packages/com.unity.visualscripting/Runtime/VisualScripting.Core/Serialization/ISerializationDependency.cs using Guid(74cb3a48f49084b4ea7970304b3889a9) Importer(2089858483,b0f066a214c2f5e87bad3c948f4d605d) (ScriptedImporter) -> (artifact id: 'd9ea5c2b454a2bd58955839ce5378324') in 0.0039581 seconds
Number of updated asset objects reloaded before import = 0Number of asset objects unloaded after import = 0

========================================================================
Received Import Request.
  Time since last request: 0.000023 seconds.
  path: Packages/com.unity.visualscripting/Runtime/VisualScripting.Core/Unity/LudiqScriptableObject.cs
  artifactKey: Guid(b257eddef63bb4088bc8cb60712c1801) Importer(2089858483,b0f066a214c2f5e87bad3c948f4d605d)
Start importing Packages/com.unity.visualscripting/Runtime/VisualScripting.Core/Unity/LudiqScriptableObject.cs using Guid(b257eddef63bb4088bc8cb60712c1801) Importer(2089858483,b0f066a214c2f5e87bad3c948f4d605d) (ScriptedImporter) -> (artifact id: 'd56cf0497df57cb6e2654e7ea1d21066') in 0.0035827 seconds
Number of updated asset objects reloaded before import = 0Number of asset objects unloaded after import = 0

========================================================================
Received Import Request.
  Time since last request: 0.000015 seconds.
  path: Packages/com.unity.visualscripting/Runtime/VisualScripting.Core/Macros/Macro.cs
  artifactKey: Guid(1ab7f5ef907064fa1b582dcf410c5dc3) Importer(2089858483,b0f066a214c2f5e87bad3c948f4d605d)
Start importing Packages/com.unity.visualscripting/Runtime/VisualScripting.Core/Macros/Macro.cs using Guid(1ab7f5ef907064fa1b582dcf410c5dc3) Importer(2089858483,b0f066a214c2f5e87bad3c948f4d605d) (ScriptedImporter) -> (artifact id: '20808561219bb1b9380d46a229592150') in 0.0034396 seconds
Number of updated asset objects reloaded before import = 0Number of asset objects unloaded after import = 0

========================================================================
Received Import Request.
  Time since last request: 0.000014 seconds.
  path: Packages/com.unity.visualscripting/Runtime/VisualScripting.Core/Reflection/IAttributeProvider.cs
  artifactKey: Guid(823de046c493643b397faa358568303a) Importer(2089858483,b0f066a214c2f5e87bad3c948f4d605d)
Start importing Packages/com.unity.visualscripting/Runtime/VisualScripting.Core/Reflection/IAttributeProvider.cs using Guid(823de046c493643b397faa358568303a) Importer(2089858483,b0f066a214c2f5e87bad3c948f4d605d) (ScriptedImporter) -> (artifact id: '7fc06ac78adaa83f20b2a7b1936ef788') in 0.0036701 seconds
Number of updated asset objects reloaded before import = 0Number of asset objects unloaded after import = 0

========================================================================
Received Import Request.
  Time since last request: 0.000016 seconds.
  path: Packages/com.unity.visualscripting/Runtime/VisualScripting.Core/Reflection/MemberUtility.cs
  artifactKey: Guid(e6d26ae946da54f7494be766b3890929) Importer(2089858483,b0f066a214c2f5e87bad3c948f4d605d)
Start importing Packages/com.unity.visualscripting/Runtime/VisualScripting.Core/Reflection/MemberUtility.cs using Guid(e6d26ae946da54f7494be766b3890929) Importer(2089858483,b0f066a214c2f5e87bad3c948f4d605d) (ScriptedImporter) -> (artifact id: '0bda789984ff95bb08fa17824edf5696') in 0.003974 seconds
Number of updated asset objects reloaded before import = 0Number of asset objects unloaded after import = 0

========================================================================
Received Import Request.
  Time since last request: 0.000019 seconds.
  path: Packages/com.unity.visualscripting/Runtime/VisualScripting.Core/Pooling/HashSetPool.cs
  artifactKey: Guid(4775483b5fa10443292f1bd03d6cdf3d) Importer(2089858483,b0f066a214c2f5e87bad3c948f4d605d)
Start importing Packages/com.unity.visualscripting/Runtime/VisualScripting.Core/Pooling/HashSetPool.cs using Guid(4775483b5fa10443292f1bd03d6cdf3d) Importer(2089858483,b0f066a214c2f5e87bad3c948f4d605d) (ScriptedImporter) -> (artifact id: 'cef1d580724b7e5adb6fa26ed0ff49bb') in 0.0035832 seconds
Number of updated asset objects reloaded before import = 0Number of asset objects unloaded after import = 0

========================================================================
Received Import Request.
  Time since last request: 0.000017 seconds.
  path: Packages/com.unity.visualscripting/Runtime/VisualScripting.Core/Utilities/Empty.cs
  artifactKey: Guid(cefc61f3b485d4f83b7932574b4b3130) Importer(2089858483,b0f066a214c2f5e87bad3c948f4d605d)
Start importing Packages/com.unity.visualscripting/Runtime/VisualScripting.Core/Utilities/Empty.cs using Guid(cefc61f3b485d4f83b7932574b4b3130) Importer(2089858483,b0f066a214c2f5e87bad3c948f4d605d) (ScriptedImporter) -> (artifact id: '3c3cf30eb243c5a197b0690aa2bda25d') in 0.0030845 seconds
Number of updated asset objects reloaded before import = 0Number of asset objects unloaded after import = 0

========================================================================
Received Import Request.
  Time since last request: 0.000021 seconds.
  path: Packages/com.unity.visualscripting/Runtime/VisualScripting.Flow/EditorBinding/UnitOrderAttribute.cs
  artifactKey: Guid(d3e4ca0c5150d447abfbdc84355362b9) Importer(2089858483,b0f066a214c2f5e87bad3c948f4d605d)
Start importing Packages/com.unity.visualscripting/Runtime/VisualScripting.Flow/EditorBinding/UnitOrderAttribute.cs using Guid(d3e4ca0c5150d447abfbdc84355362b9) Importer(2089858483,b0f066a214c2f5e87bad3c948f4d605d) (ScriptedImporter) -> (artifact id: 'f8a48224da8b0d1caa8443b1e2195ff9') in 0.0042345 seconds
Number of updated asset objects reloaded before import = 0Number of asset objects unloaded after import = 0

========================================================================
Received Import Request.
  Time since last request: 0.000012 seconds.
  path: Packages/com.unity.visualscripting/Editor/VisualScripting.Core/Dependencies/SQLite/SQLite.cs
  artifactKey: Guid(6ef3738cc5ade4aa7916b4c10da33abf) Importer(2089858483,b0f066a214c2f5e87bad3c948f4d605d)
Start importing Packages/com.unity.visualscripting/Editor/VisualScripting.Core/Dependencies/SQLite/SQLite.cs using Guid(6ef3738cc5ade4aa7916b4c10da33abf) Importer(2089858483,b0f066a214c2f5e87bad3c948f4d605d) (ScriptedImporter) -> (artifact id: 'b6d79e7a23c245981c952d064c29a510') in 0.0035239 seconds
Number of updated asset objects reloaded before import = 0Number of asset objects unloaded after import = 0

========================================================================
Received Import Request.
  Time since last request: 0.000014 seconds.
  path: Packages/com.unity.visualscripting/Runtime/VisualScripting.Core/Graphs/MergedGraphElementCollection.cs
  artifactKey: Guid(12ce731cce6f947049d4c6d825a29c3d) Importer(2089858483,b0f066a214c2f5e87bad3c948f4d605d)
Start importing Packages/com.unity.visualscripting/Runtime/VisualScripting.Core/Graphs/MergedGraphElementCollection.cs using Guid(12ce731cce6f947049d4c6d825a29c3d) Importer(2089858483,b0f066a214c2f5e87bad3c948f4d605d) (ScriptedImporter) -> (artifact id: 'df6b8384e56a9e4eb24010b6ade2271f') in 0.0045222 seconds
Number of updated asset objects reloaded before import = 0Number of asset objects unloaded after import = 0

========================================================================
Received Import Request.
  Time since last request: 0.000013 seconds.
  path: Packages/com.unity.visualscripting/Runtime/VisualScripting.Core/Utilities/LinqUtility.cs
  artifactKey: Guid(16c818a2cfc334b38b238142c08478ce) Importer(2089858483,b0f066a214c2f5e87bad3c948f4d605d)
Start importing Packages/com.unity.visualscripting/Runtime/VisualScripting.Core/Utilities/LinqUtility.cs using Guid(16c818a2cfc334b38b238142c08478ce) Importer(2089858483,b0f066a214c2f5e87bad3c948f4d605d) (ScriptedImporter) -> (artifact id: '7bfb4dbaf27d3eec3e56bf8000341b4c') in 0.0055023 seconds
Number of updated asset objects reloaded before import = 0Number of asset objects unloaded after import = 0

========================================================================
Received Import Request.
  Time since last request: 0.000012 seconds.
  path: Packages/com.unity.visualscripting/Runtime/VisualScripting.Core/Profiling/ProfiledSegmentCollection.cs
  artifactKey: Guid(779cf47f045cf4a49b1862f4d115f23b) Importer(2089858483,b0f066a214c2f5e87bad3c948f4d605d)
Start importing Packages/com.unity.visualscripting/Runtime/VisualScripting.Core/Profiling/ProfiledSegmentCollection.cs using Guid(779cf47f045cf4a49b1862f4d115f23b) Importer(2089858483,b0f066a214c2f5e87bad3c948f4d605d) (ScriptedImporter) -> (artifact id: '9ba5438b25d4cfddf0fc188947660a4c') in 0.0053748 seconds
Number of updated asset objects reloaded before import = 0Number of asset objects unloaded after import = 0

========================================================================
Received Import Request.
  Time since last request: 0.000015 seconds.
  path: Packages/com.unity.visualscripting/Editor/VisualScripting.Core/Dependencies/ReorderableList/IReorderableListAdaptor.cs
  artifactKey: Guid(eea538402138b40fcac2e38902cd19cd) Importer(2089858483,b0f066a214c2f5e87bad3c948f4d605d)
Start importing Packages/com.unity.visualscripting/Editor/VisualScripting.Core/Dependencies/ReorderableList/IReorderableListAdaptor.cs using Guid(eea538402138b40fcac2e38902cd19cd) Importer(2089858483,b0f066a214c2f5e87bad3c948f4d605d) (ScriptedImporter) -> (artifact id: '3a2ee90862b8a8f5cc0dca37696be26f') in 0.0042554 seconds
Number of updated asset objects reloaded before import = 0Number of asset objects unloaded after import = 0

========================================================================
Received Import Request.
  Time since last request: 0.000023 seconds.
  path: Packages/com.unity.visualscripting/Runtime/VisualScripting.Core/Serialization/SerializationData.cs
  artifactKey: Guid(feb071ad285b241749d00ecf6335cb61) Importer(2089858483,b0f066a214c2f5e87bad3c948f4d605d)
Start importing Packages/com.unity.visualscripting/Runtime/VisualScripting.Core/Serialization/SerializationData.cs using Guid(feb071ad285b241749d00ecf6335cb61) Importer(2089858483,b0f066a214c2f5e87bad3c948f4d605d) (ScriptedImporter) -> (artifact id: '4819979f2610e12e3ea1184648eb19fd') in 0.0044812 seconds
Number of updated asset objects reloaded before import = 0Number of asset objects unloaded after import = 0

========================================================================
Received Import Request.
  Time since last request: 0.000013 seconds.
  path: Packages/com.unity.visualscripting/Runtime/VisualScripting.Flow/EditorBinding/UnitTitleAttribute.cs
  artifactKey: Guid(37d3ce74ab2f0451db3e7823e0305c2a) Importer(2089858483,b0f066a214c2f5e87bad3c948f4d605d)
Start importing Packages/com.unity.visualscripting/Runtime/VisualScripting.Flow/EditorBinding/UnitTitleAttribute.cs using Guid(37d3ce74ab2f0451db3e7823e0305c2a) Importer(2089858483,b0f066a214c2f5e87bad3c948f4d605d) (ScriptedImporter) -> (artifact id: '57e4f38525618ca3550dae8e5c1bdd2d') in 0.003879 seconds
Number of updated asset objects reloaded before import = 0Number of asset objects unloaded after import = 0

========================================================================
Received Import Request.
  Time since last request: 0.000013 seconds.
  path: Packages/com.unity.visualscripting/Runtime/VisualScripting.Flow/Ports/IUnitPort.cs
  artifactKey: Guid(6e0dbaf00deee4148b904e8ed0da959e) Importer(2089858483,b0f066a214c2f5e87bad3c948f4d605d)
Start importing Packages/com.unity.visualscripting/Runtime/VisualScripting.Flow/Ports/IUnitPort.cs using Guid(6e0dbaf00deee4148b904e8ed0da959e) Importer(2089858483,b0f066a214c2f5e87bad3c948f4d605d) (ScriptedImporter) -> (artifact id: '171cd0de49066a7a3b7613912d2fdcff') in 0.0035205 seconds
Number of updated asset objects reloaded before import = 0Number of asset objects unloaded after import = 0

========================================================================
Received Import Request.
  Time since last request: 0.000012 seconds.
  path: Packages/com.unity.visualscripting/Runtime/VisualScripting.Core/Serialization/Serialization.cs
  artifactKey: Guid(676514219067342ecad392d89dedb5d4) Importer(2089858483,b0f066a214c2f5e87bad3c948f4d605d)
Start importing Packages/com.unity.visualscripting/Runtime/VisualScripting.Core/Serialization/Serialization.cs using Guid(676514219067342ecad392d89dedb5d4) Importer(2089858483,b0f066a214c2f5e87bad3c948f4d605d) (ScriptedImporter) -> (artifact id: '9b29c92fb027e802fc48e5fe2503ca10') in 0.0033197 seconds
Number of updated asset objects reloaded before import = 0Number of asset objects unloaded after import = 0

========================================================================
Received Import Request.
  Time since last request: 0.000016 seconds.
  path: Packages/com.unity.visualscripting/Runtime/VisualScripting.Core/Variables/VariablesSaver.cs
  artifactKey: Guid(559342c7f4b384dca87c44931ae7a8d4) Importer(2089858483,b0f066a214c2f5e87bad3c948f4d605d)
Start importing Packages/com.unity.visualscripting/Runtime/VisualScripting.Core/Variables/VariablesSaver.cs using Guid(559342c7f4b384dca87c44931ae7a8d4) Importer(2089858483,b0f066a214c2f5e87bad3c948f4d605d) (ScriptedImporter) -> (artifact id: 'ee08dfbef10e811c6900f67233fbf836') in 0.0044454 seconds
Number of updated asset objects reloaded before import = 0Number of asset objects unloaded after import = 1

========================================================================
Received Import Request.
  Time since last request: 0.000017 seconds.
  path: Packages/com.unity.visualscripting/Runtime/VisualScripting.Core/Machines/Machine.cs
  artifactKey: Guid(9cabf1f594a6040b5b185332031bb80e) Importer(2089858483,b0f066a214c2f5e87bad3c948f4d605d)
Start importing Packages/com.unity.visualscripting/Runtime/VisualScripting.Core/Machines/Machine.cs using Guid(9cabf1f594a6040b5b185332031bb80e) Importer(2089858483,b0f066a214c2f5e87bad3c948f4d605d) (ScriptedImporter) -> (artifact id: '615e3dbd5ae9186ff397fef797970b1e') in 0.0031018 seconds
Number of updated asset objects reloaded before import = 0Number of asset objects unloaded after import = 0

========================================================================
Received Import Request.
  Time since last request: 1.403140 seconds.
  path: Packages/com.unity.visualscripting/Editor/VisualScripting.Core/Inspection/Primitives/StringInspector.cs
  artifactKey: Guid(7bd1a4340f988427c9760c4824afb566) Importer(2089858483,b0f066a214c2f5e87bad3c948f4d605d)
Start importing Packages/com.unity.visualscripting/Editor/VisualScripting.Core/Inspection/Primitives/StringInspector.cs using Guid(7bd1a4340f988427c9760c4824afb566) Importer(2089858483,b0f066a214c2f5e87bad3c948f4d605d) (ScriptedImporter) -> (artifact id: 'c5e247639a6d399ea5d87048346bb2d4') in 0.0043264 seconds
Number of updated asset objects reloaded before import = 0Number of asset objects unloaded after import = 0

========================================================================
Received Import Request.
  Time since last request: 0.000015 seconds.
  path: Packages/com.unity.visualscripting/Editor/VisualScripting.Flow/Plugin/Changelogs/Changelog_1_4_3.cs
  artifactKey: Guid(3587d6da02ecd4f56976a4e635866bcd) Importer(2089858483,b0f066a214c2f5e87bad3c948f4d605d)
Start importing Packages/com.unity.visualscripting/Editor/VisualScripting.Flow/Plugin/Changelogs/Changelog_1_4_3.cs using Guid(3587d6da02ecd4f56976a4e635866bcd) Importer(2089858483,b0f066a214c2f5e87bad3c948f4d605d) (ScriptedImporter) -> (artifact id: '5198301daedfa157dbda8fa7bfa6e90a') in 0.0041844 seconds
Number of updated asset objects reloaded before import = 0Number of asset objects unloaded after import = 0

========================================================================
Received Import Request.
  Time since last request: 0.000020 seconds.
  path: Packages/com.unity.visualscripting/Editor/VisualScripting.Core/Plugin/Migrations/Migration_1_6_to_1_7.cs
  artifactKey: Guid(2dae996166af70e49b6652932ddbedcd) Importer(2089858483,b0f066a214c2f5e87bad3c948f4d605d)
Start importing Packages/com.unity.visualscripting/Editor/VisualScripting.Core/Plugin/Migrations/Migration_1_6_to_1_7.cs using Guid(2dae996166af70e49b6652932ddbedcd) Importer(2089858483,b0f066a214c2f5e87bad3c948f4d605d) (ScriptedImporter) -> (artifact id: 'e99f6d911e96f3eccd61a756ae3ac5ed') in 0.0036389 seconds
Number of updated asset objects reloaded before import = 0Number of asset objects unloaded after import = 0

========================================================================
Received Import Request.
  Time since last request: 0.000015 seconds.
  path: Packages/com.unity.visualscripting/Editor/VisualScripting.Flow/Framework/Codebase/LiteralDescriptor.cs
  artifactKey: Guid(8860fae1979174c008fe0d7a3e525089) Importer(2089858483,b0f066a214c2f5e87bad3c948f4d605d)
Start importing Packages/com.unity.visualscripting/Editor/VisualScripting.Flow/Framework/Codebase/LiteralDescriptor.cs using Guid(8860fae1979174c008fe0d7a3e525089) Importer(2089858483,b0f066a214c2f5e87bad3c948f4d605d) (ScriptedImporter) -> (artifact id: '1e3344b04090afae6ef02adfe221d3b3') in 0.0034634 seconds
Number of updated asset objects reloaded before import = 0Number of asset objects unloaded after import = 0

========================================================================
Received Import Request.
  Time since last request: 0.000012 seconds.
  path: Packages/com.unity.visualscripting/Editor/VisualScripting.Core/Plugin/Changelogs/Changelog_1_3_0.cs
  artifactKey: Guid(a6fb76c72b5d847cba0072c4c58c2106) Importer(2089858483,b0f066a214c2f5e87bad3c948f4d605d)
Start importing Packages/com.unity.visualscripting/Editor/VisualScripting.Core/Plugin/Changelogs/Changelog_1_3_0.cs using Guid(a6fb76c72b5d847cba0072c4c58c2106) Importer(2089858483,b0f066a214c2f5e87bad3c948f4d605d) (ScriptedImporter) -> (artifact id: '7e60f49c1c022776f684a7a43630b897') in 0.0036182 seconds
Number of updated asset objects reloaded before import = 0Number of asset objects unloaded after import = 0

========================================================================
Received Import Request.
  Time since last request: 0.000015 seconds.
  path: Packages/com.unity.visualscripting/Editor/VisualScripting.Flow/Framework/Codebase/InvokeMemberDescriptor.cs
  artifactKey: Guid(efe957c61ae624ee2bfbcccad6c40b02) Importer(2089858483,b0f066a214c2f5e87bad3c948f4d605d)
Start importing Packages/com.unity.visualscripting/Editor/VisualScripting.Flow/Framework/Codebase/InvokeMemberDescriptor.cs using Guid(efe957c61ae624ee2bfbcccad6c40b02) Importer(2089858483,b0f066a214c2f5e87bad3c948f4d605d) (ScriptedImporter) -> (artifact id: 'c1d17ae2b7d7a1f04af5d6f161d539f0') in 0.0039963 seconds
Number of updated asset objects reloaded before import = 0Number of asset objects unloaded after import = 0

========================================================================
Received Import Request.
  Time since last request: 0.000015 seconds.
  path: Packages/com.unity.visualscripting/Editor/VisualScripting.Core/Inspection/Unity/VectorInspector.cs
  artifactKey: Guid(86801c1d462894752a04b4b93d0250bc) Importer(2089858483,b0f066a214c2f5e87bad3c948f4d605d)
Start importing Packages/com.unity.visualscripting/Editor/VisualScripting.Core/Inspection/Unity/VectorInspector.cs using Guid(86801c1d462894752a04b4b93d0250bc) Importer(2089858483,b0f066a214c2f5e87bad3c948f4d605d) (ScriptedImporter) -> (artifact id: '49d9e3ca2f6c1973f44e6fc4c8984b38') in 0.0036488 seconds
Number of updated asset objects reloaded before import = 0Number of asset objects unloaded after import = 0

========================================================================
Received Import Request.
  Time since last request: 0.000018 seconds.
  path: Packages/com.unity.visualscripting/Editor/VisualScripting.Flow/Framework/Control/SelectOnIntegerDescriptor.cs
  artifactKey: Guid(219311327f63045b68b424f66c8738e5) Importer(2089858483,b0f066a214c2f5e87bad3c948f4d605d)
Start importing Packages/com.unity.visualscripting/Editor/VisualScripting.Flow/Framework/Control/SelectOnIntegerDescriptor.cs using Guid(219311327f63045b68b424f66c8738e5) Importer(2089858483,b0f066a214c2f5e87bad3c948f4d605d) (ScriptedImporter) -> (artifact id: '3383753921490fc6bc1ab7dbfbd44946') in 0.0035782 seconds
Number of updated asset objects reloaded before import = 0Number of asset objects unloaded after import = 0

========================================================================
Received Import Request.
  Time since last request: 0.000029 seconds.
  path: Packages/com.unity.visualscripting/Editor/VisualScripting.Flow/Framework/Codebase/CreateStructDescriptor.cs
  artifactKey: Guid(4eda0cc90c769438e8a22e872e15bf9a) Importer(2089858483,b0f066a214c2f5e87bad3c948f4d605d)
Start importing Packages/com.unity.visualscripting/Editor/VisualScripting.Flow/Framework/Codebase/CreateStructDescriptor.cs using Guid(4eda0cc90c769438e8a22e872e15bf9a) Importer(2089858483,b0f066a214c2f5e87bad3c948f4d605d) (ScriptedImporter) -> (artifact id: '79c6509e83b741907be767883c3026cd') in 0.0035013 seconds
Number of updated asset objects reloaded before import = 0Number of asset objects unloaded after import = 0

========================================================================
Received Import Request.
  Time since last request: 0.000018 seconds.
  path: Packages/com.unity.visualscripting/Editor/VisualScripting.Core/Plugin/Migrations/Migration_1_4_5_to_1_4_6.cs
  artifactKey: Guid(2ed16725e340b4df2b34729d800f140c) Importer(2089858483,b0f066a214c2f5e87bad3c948f4d605d)
Start importing Packages/com.unity.visualscripting/Editor/VisualScripting.Core/Plugin/Migrations/Migration_1_4_5_to_1_4_6.cs using Guid(2ed16725e340b4df2b34729d800f140c) Importer(2089858483,b0f066a214c2f5e87bad3c948f4d605d) (ScriptedImporter) -> (artifact id: 'e42f234f21174ab1b3feff83c68f2428') in 0.0035511 seconds
Number of updated asset objects reloaded before import = 0Number of asset objects unloaded after import = 0

========================================================================
Received Import Request.
  Time since last request: 0.000016 seconds.
  path: Packages/com.unity.visualscripting/Editor/VisualScripting.Core/Interface/Licenses/License.CCA3.cs
  artifactKey: Guid(81f5de5cab87c46a6b35c95e3293e424) Importer(2089858483,b0f066a214c2f5e87bad3c948f4d605d)
Start importing Packages/com.unity.visualscripting/Editor/VisualScripting.Core/Interface/Licenses/License.CCA3.cs using Guid(81f5de5cab87c46a6b35c95e3293e424) Importer(2089858483,b0f066a214c2f5e87bad3c948f4d605d) (ScriptedImporter) -> (artifact id: '03062217fa2d0d72402f22ad3e57e247') in 0.0036324 seconds
Number of updated asset objects reloaded before import = 0Number of asset objects unloaded after import = 0

========================================================================
Received Import Request.
  Time since last request: 0.000016 seconds.
  path: Packages/com.unity.visualscripting/Editor/VisualScripting.Core/Plugin/Acknowledgements/Acknowledgement_Iconmonstr.cs
  artifactKey: Guid(9f79d342f010943d4ba954eba455a85d) Importer(2089858483,b0f066a214c2f5e87bad3c948f4d605d)
Start importing Packages/com.unity.visualscripting/Editor/VisualScripting.Core/Plugin/Acknowledgements/Acknowledgement_Iconmonstr.cs using Guid(9f79d342f010943d4ba954eba455a85d) Importer(2089858483,b0f066a214c2f5e87bad3c948f4d605d) (ScriptedImporter) -> (artifact id: '6313504d96a5b9e0bb6edb5b1934ea45') in 0.0035072 seconds
Number of updated asset objects reloaded before import = 0Number of asset objects unloaded after import = 0

========================================================================
Received Import Request.
  Time since last request: 0.000015 seconds.
  path: Packages/com.unity.visualscripting/Editor/VisualScripting.Core/Windows/AboutWindow/AboutablePage.cs
  artifactKey: Guid(3b771a374985f491095b3fc2ffdd1c72) Importer(2089858483,b0f066a214c2f5e87bad3c948f4d605d)
Start importing Packages/com.unity.visualscripting/Editor/VisualScripting.Core/Windows/AboutWindow/AboutablePage.cs using Guid(3b771a374985f491095b3fc2ffdd1c72) Importer(2089858483,b0f066a214c2f5e87bad3c948f4d605d) (ScriptedImporter) -> (artifact id: '942f07a368df441f26bd1426b78e5ca1') in 0.003393 seconds
Number of updated asset objects reloaded before import = 0Number of asset objects unloaded after import = 0

========================================================================
Received Import Request.
  Time since last request: 0.000021 seconds.
  path: Packages/com.unity.visualscripting/Editor/VisualScripting.Core/Interface/Fuzzy/FuzzyOptionAttribute.cs
  artifactKey: Guid(4826d0beab92e472fb2eaf9c95515fc4) Importer(2089858483,b0f066a214c2f5e87bad3c948f4d605d)
Start importing Packages/com.unity.visualscripting/Editor/VisualScripting.Core/Interface/Fuzzy/FuzzyOptionAttribute.cs using Guid(4826d0beab92e472fb2eaf9c95515fc4) Importer(2089858483,b0f066a214c2f5e87bad3c948f4d605d) (ScriptedImporter) -> (artifact id: '981624921344fb1f55b70738d75a05d6') in 0.0039522 seconds
Number of updated asset objects reloaded before import = 0Number of asset objects unloaded after import = 0

========================================================================
Received Import Request.
  Time since last request: 0.000027 seconds.
  path: Packages/com.unity.visualscripting/Editor/VisualScripting.Core/Inspection/Root/LudiqScriptableObjectEditor.cs
  artifactKey: Guid(0c29738afb9604ca2a41ec679f8877a9) Importer(2089858483,b0f066a214c2f5e87bad3c948f4d605d)
Start importing Packages/com.unity.visualscripting/Editor/VisualScripting.Core/Inspection/Root/LudiqScriptableObjectEditor.cs using Guid(0c29738afb9604ca2a41ec679f8877a9) Importer(2089858483,b0f066a214c2f5e87bad3c948f4d605d) (ScriptedImporter) -> (artifact id: 'bfbcd127a841e1ca5ccd86b59cf53c18') in 0.0034651 seconds
Number of updated asset objects reloaded before import = 0Number of asset objects unloaded after import = 0

========================================================================
Received Import Request.
  Time since last request: 0.000014 seconds.
  path: Packages/com.unity.visualscripting/Editor/VisualScripting.Core/Inspection/Special/CustomPropertyDrawerInspector.cs
  artifactKey: Guid(54399a1e83331450eb9e7b8d6e3a2213) Importer(2089858483,b0f066a214c2f5e87bad3c948f4d605d)
Start importing Packages/com.unity.visualscripting/Editor/VisualScripting.Core/Inspection/Special/CustomPropertyDrawerInspector.cs using Guid(54399a1e83331450eb9e7b8d6e3a2213) Importer(2089858483,b0f066a214c2f5e87bad3c948f4d605d) (ScriptedImporter) -> (artifact id: 'd4d90bc8975f40bd89abf41b17375ef4') in 0.0034571 seconds
Number of updated asset objects reloaded before import = 0Number of asset objects unloaded after import = 0

========================================================================
Received Import Request.
  Time since last request: 0.000014 seconds.
  path: Packages/com.unity.visualscripting/Editor/VisualScripting.Flow/Framework/Codebase/ExposeOption.cs
  artifactKey: Guid(e5deae2e654bb4bc086635b77b883b36) Importer(2089858483,b0f066a214c2f5e87bad3c948f4d605d)
Start importing Packages/com.unity.visualscripting/Editor/VisualScripting.Flow/Framework/Codebase/ExposeOption.cs using Guid(e5deae2e654bb4bc086635b77b883b36) Importer(2089858483,b0f066a214c2f5e87bad3c948f4d605d) (ScriptedImporter) -> (artifact id: '7cb5956a2ff2e6e8fa1fac5a5332527d') in 0.0032955 seconds
Number of updated asset objects reloaded before import = 0Number of asset objects unloaded after import = 0

========================================================================
Received Import Request.
  Time since last request: 0.000014 seconds.
  path: Packages/com.unity.visualscripting/Editor/VisualScripting.Flow/Framework/Nesting/NesterUnitDescriptor.cs
  artifactKey: Guid(4aa4ecc37c1a147c1b3658b615afb89a) Importer(2089858483,b0f066a214c2f5e87bad3c948f4d605d)
Start importing Packages/com.unity.visualscripting/Editor/VisualScripting.Flow/Framework/Nesting/NesterUnitDescriptor.cs using Guid(4aa4ecc37c1a147c1b3658b615afb89a) Importer(2089858483,b0f066a214c2f5e87bad3c948f4d605d) (ScriptedImporter) -> (artifact id: 'ed61a4486f41bd4df550f848a36f3389') in 0.0034113 seconds
Number of updated asset objects reloaded before import = 0Number of asset objects unloaded after import = 0

========================================================================
Received Import Request.
  Time since last request: 0.000015 seconds.
  path: Packages/com.unity.visualscripting/Editor/VisualScripting.Core/Inspection/Reflection/LooseAssemblyNameInspector.cs
  artifactKey: Guid(22e1b588253bd4d60961ee618290c67f) Importer(2089858483,b0f066a214c2f5e87bad3c948f4d605d)
Start importing Packages/com.unity.visualscripting/Editor/VisualScripting.Core/Inspection/Reflection/LooseAssemblyNameInspector.cs using Guid(22e1b588253bd4d60961ee618290c67f) Importer(2089858483,b0f066a214c2f5e87bad3c948f4d605d) (ScriptedImporter) -> (artifact id: '1dfe076f47f2022b65e91e9afdc1771b') in 0.0035376 seconds
Number of updated asset objects reloaded before import = 0Number of asset objects unloaded after import = 0

========================================================================
Received Import Request.
  Time since last request: 0.000017 seconds.
  path: Packages/com.unity.visualscripting/Editor/VisualScripting.Core/Plugin/Migrations/Migration_1_0_5_to_1_0_6.cs
  artifactKey: Guid(eb9647afc6f6d44debd0af3ef5828b88) Importer(2089858483,b0f066a214c2f5e87bad3c948f4d605d)
Start importing Packages/com.unity.visualscripting/Editor/VisualScripting.Core/Plugin/Migrations/Migration_1_0_5_to_1_0_6.cs using Guid(eb9647afc6f6d44debd0af3ef5828b88) Importer(2089858483,b0f066a214c2f5e87bad3c948f4d605d) (ScriptedImporter) -> (artifact id: '18af0b5ddc438eed78de25b9ad55de28') in 0.0032972 seconds
Number of updated asset objects reloaded before import = 0Number of asset objects unloaded after import = 0

========================================================================
Received Import Request.
  Time since last request: 0.000023 seconds.
  path: Packages/com.unity.visualscripting/Editor/VisualScripting.Flow/Framework/Time/WaitForFlowDescriptor.cs
  artifactKey: Guid(37ee537227ac94804ab3f383727f88d1) Importer(2089858483,b0f066a214c2f5e87bad3c948f4d605d)
Start importing Packages/com.unity.visualscripting/Editor/VisualScripting.Flow/Framework/Time/WaitForFlowDescriptor.cs using Guid(37ee537227ac94804ab3f383727f88d1) Importer(2089858483,b0f066a214c2f5e87bad3c948f4d605d) (ScriptedImporter) -> (artifact id: 'feb465cb60b4190dd910278e3d46bfe6') in 0.0044636 seconds
Number of updated asset objects reloaded before import = 0Number of asset objects unloaded after import = 0

========================================================================
Received Import Request.
  Time since last request: 0.000015 seconds.
  path: Packages/com.unity.visualscripting/Editor/VisualScripting.Core/Interface/Fonts/FontCollection.cs
  artifactKey: Guid(9f95b2a5684dd4db88557c5e666554d8) Importer(2089858483,b0f066a214c2f5e87bad3c948f4d605d)
Start importing Packages/com.unity.visualscripting/Editor/VisualScripting.Core/Interface/Fonts/FontCollection.cs using Guid(9f95b2a5684dd4db88557c5e666554d8) Importer(2089858483,b0f066a214c2f5e87bad3c948f4d605d) (ScriptedImporter) -> (artifact id: '9abd58c2b74ad795ece2dc76629f9d51') in 0.0033803 seconds
Number of updated asset objects reloaded before import = 0Number of asset objects unloaded after import = 0

========================================================================
Received Import Request.
  Time since last request: 0.000015 seconds.
  path: Packages/com.unity.visualscripting/Editor/VisualScripting.Core/Interface/Dropdowns/DropdownSeparator.cs
  artifactKey: Guid(84e29af8edc904b6cadc870d2fb37b45) Importer(2089858483,b0f066a214c2f5e87bad3c948f4d605d)
Start importing Packages/com.unity.visualscripting/Editor/VisualScripting.Core/Interface/Dropdowns/DropdownSeparator.cs using Guid(84e29af8edc904b6cadc870d2fb37b45) Importer(2089858483,b0f066a214c2f5e87bad3c948f4d605d) (ScriptedImporter) -> (artifact id: 'd52ae15495974b3d0ab5bc761f3407b1') in 0.0033497 seconds
Number of updated asset objects reloaded before import = 0Number of asset objects unloaded after import = 0

========================================================================
Received Import Request.
  Time since last request: 0.000014 seconds.
  path: Packages/com.unity.visualscripting/Editor/VisualScripting.Core/Inspection/Special/AutomaticReflectedInspector.cs
  artifactKey: Guid(7143c53fbfd0141e4bbedd6bb2f325ae) Importer(2089858483,b0f066a214c2f5e87bad3c948f4d605d)
Start importing Packages/com.unity.visualscripting/Editor/VisualScripting.Core/Inspection/Special/AutomaticReflectedInspector.cs using Guid(7143c53fbfd0141e4bbedd6bb2f325ae) Importer(2089858483,b0f066a214c2f5e87bad3c948f4d605d) (ScriptedImporter) -> (artifact id: 'eef40e935e00d89101aba727d7d464ca') in 0.00346 seconds
Number of updated asset objects reloaded before import = 0Number of asset objects unloaded after import = 0

========================================================================
Received Import Request.
  Time since last request: 0.000020 seconds.
  path: Packages/com.unity.visualscripting/Editor/VisualScripting.Flow/Plugin/Changelogs/Changelog_1_1_1.cs
  artifactKey: Guid(08967dce54aef4d0d8e4e8e367f28cd5) Importer(2089858483,b0f066a214c2f5e87bad3c948f4d605d)
Start importing Packages/com.unity.visualscripting/Editor/VisualScripting.Flow/Plugin/Changelogs/Changelog_1_1_1.cs using Guid(08967dce54aef4d0d8e4e8e367f28cd5) Importer(2089858483,b0f066a214c2f5e87bad3c948f4d605d) (ScriptedImporter) -> (artifact id: 'e2d1eade1dd3d8a8491f1ed42e18b051') in 0.0038281 seconds
Number of updated asset objects reloaded before import = 0Number of asset objects unloaded after import = 0

========================================================================
Received Import Request.
  Time since last request: 0.000017 seconds.
  path: Packages/com.unity.visualscripting/Editor/VisualScripting.Flow/Framework/Nesting/GraphOutputDescriptor.cs
  artifactKey: Guid(35060e71290cc46ada12a7b97ed06d3a) Importer(2089858483,b0f066a214c2f5e87bad3c948f4d605d)
Start importing Packages/com.unity.visualscripting/Editor/VisualScripting.Flow/Framework/Nesting/GraphOutputDescriptor.cs using Guid(35060e71290cc46ada12a7b97ed06d3a) Importer(2089858483,b0f066a214c2f5e87bad3c948f4d605d) (ScriptedImporter) -> (artifact id: '704fea392fcd6d5c0484cac460802218') in 0.0037369 seconds
Number of updated asset objects reloaded before import = 0Number of asset objects unloaded after import = 0

========================================================================
Received Import Request.
  Time since last request: 0.000025 seconds.
  path: Packages/com.unity.visualscripting/Editor/VisualScripting.Flow/Framework/Variables/SetVariableOption.cs
  artifactKey: Guid(cd2f617869e234f6cb53a5cd2a097fc3) Importer(2089858483,b0f066a214c2f5e87bad3c948f4d605d)
Start importing Packages/com.unity.visualscripting/Editor/VisualScripting.Flow/Framework/Variables/SetVariableOption.cs using Guid(cd2f617869e234f6cb53a5cd2a097fc3) Importer(2089858483,b0f066a214c2f5e87bad3c948f4d605d) (ScriptedImporter) -> (artifact id: 'e7c82876391b3fe980ccf990cab56c37') in 0.0037685 seconds
Number of updated asset objects reloaded before import = 0Number of asset objects unloaded after import = 0

========================================================================
Received Import Request.
  Time since last request: 0.000014 seconds.
  path: Packages/com.unity.visualscripting/Editor/VisualScripting.Flow/Framework/Control/ForAnalyser.cs
  artifactKey: Guid(4981e1df4d7142528afeec7ba28fbae3) Importer(2089858483,b0f066a214c2f5e87bad3c948f4d605d)
Start importing Packages/com.unity.visualscripting/Editor/VisualScripting.Flow/Framework/Control/ForAnalyser.cs using Guid(4981e1df4d7142528afeec7ba28fbae3) Importer(2089858483,b0f066a214c2f5e87bad3c948f4d605d) (ScriptedImporter) -> (artifact id: '69bfaa9e12447dfe8cd588d711cce5b8') in 0.0038331 seconds
Number of updated asset objects reloaded before import = 0Number of asset objects unloaded after import = 0

========================================================================
Received Import Request.
  Time since last request: 0.000013 seconds.
  path: Packages/com.unity.visualscripting/Editor/VisualScripting.Core/Windows/Sidebars/Sidebars.cs
  artifactKey: Guid(06b8f93aa2ba64eac9ee9a125109551b) Importer(2089858483,b0f066a214c2f5e87bad3c948f4d605d)
Start importing Packages/com.unity.visualscripting/Editor/VisualScripting.Core/Windows/Sidebars/Sidebars.cs using Guid(06b8f93aa2ba64eac9ee9a125109551b) Importer(2089858483,b0f066a214c2f5e87bad3c948f4d605d) (ScriptedImporter) -> (artifact id: '96520cb0fde70e7324efba293df3e825') in 0.0034511 seconds
Number of updated asset objects reloaded before import = 0Number of asset objects unloaded after import = 0

========================================================================
Received Import Request.
  Time since last request: 0.000014 seconds.
  path: Packages/com.unity.visualscripting/Editor/VisualScripting.Core/Widgets/Groups/GraphGroupEditor.cs
  artifactKey: Guid(209e93e288ea84609abf77605cd8474a) Importer(2089858483,b0f066a214c2f5e87bad3c948f4d605d)
Start importing Packages/com.unity.visualscripting/Editor/VisualScripting.Core/Widgets/Groups/GraphGroupEditor.cs using Guid(209e93e288ea84609abf77605cd8474a) Importer(2089858483,b0f066a214c2f5e87bad3c948f4d605d) (ScriptedImporter) -> (artifact id: '80c44d468be1f600c84a46f8fda1d924') in 0.0035721 seconds
Number of updated asset objects reloaded before import = 0Number of asset objects unloaded after import = 0

========================================================================
Received Import Request.
  Time since last request: 0.000015 seconds.
  path: Packages/com.unity.visualscripting/Editor/VisualScripting.Core/Interface/Fuzzy/FuzzyGroup.cs
  artifactKey: Guid(85acbc8bef66c4f4da1b54e0cef6d30d) Importer(2089858483,b0f066a214c2f5e87bad3c948f4d605d)
Start importing Packages/com.unity.visualscripting/Editor/VisualScripting.Core/Interface/Fuzzy/FuzzyGroup.cs using Guid(85acbc8bef66c4f4da1b54e0cef6d30d) Importer(2089858483,b0f066a214c2f5e87bad3c948f4d605d) (ScriptedImporter) -> (artifact id: '81cd9334ca5e36d6f79cd012edad4ddd') in 0.0034763 seconds
Number of updated asset objects reloaded before import = 0Number of asset objects unloaded after import = 0

========================================================================
Received Import Request.
  Time since last request: 0.000017 seconds.
  path: Packages/com.unity.visualscripting/Editor/VisualScripting.Flow/Framework/Nesting/GraphInputAnalyser.cs
  artifactKey: Guid(0d1c94c4f2d57434e9cbca40368ff9b7) Importer(2089858483,b0f066a214c2f5e87bad3c948f4d605d)
Start importing Packages/com.unity.visualscripting/Editor/VisualScripting.Flow/Framework/Nesting/GraphInputAnalyser.cs using Guid(0d1c94c4f2d57434e9cbca40368ff9b7) Importer(2089858483,b0f066a214c2f5e87bad3c948f4d605d) (ScriptedImporter) -> (artifact id: 'c1f8b263ea2f4e20fb56eeb7814a59a5') in 0.0036485 seconds
Number of updated asset objects reloaded before import = 0Number of asset objects unloaded after import = 0

========================================================================
Received Import Request.
  Time since last request: 0.000022 seconds.
  path: Packages/com.unity.visualscripting/Editor/VisualScripting.Flow/Plugin/Changelogs/Changelog_1_1_3.cs
  artifactKey: Guid(0693ad0717d1d4b5cb52b2779d2269a2) Importer(2089858483,b0f066a214c2f5e87bad3c948f4d605d)
Start importing Packages/com.unity.visualscripting/Editor/VisualScripting.Flow/Plugin/Changelogs/Changelog_1_1_3.cs using Guid(0693ad0717d1d4b5cb52b2779d2269a2) Importer(2089858483,b0f066a214c2f5e87bad3c948f4d605d) (ScriptedImporter) -> (artifact id: '8e52b22c377353b88903a59556e6f77f') in 0.003412 seconds
Number of updated asset objects reloaded before import = 0Number of asset objects unloaded after import = 0

========================================================================
Received Import Request.
  Time since last request: 4.048956 seconds.
  path: Packages/com.unity.collections/Unity.Collections/FixedString.tt
  artifactKey: Guid(0a845769eb1dc4f459f64e5c840d07de) Importer(2089858483,b0f066a214c2f5e87bad3c948f4d605d)
Start importing Packages/com.unity.collections/Unity.Collections/FixedString.tt using Guid(0a845769eb1dc4f459f64e5c840d07de) Importer(2089858483,b0f066a214c2f5e87bad3c948f4d605d) (ScriptedImporter) -> (artifact id: '185600610574f93fdc57970b376a523a') in 0.0041449 seconds
Number of updated asset objects reloaded before import = 0Number of asset objects unloaded after import = 1

========================================================================
Received Import Request.
  Time since last request: 0.000012 seconds.
  path: Packages/com.unity.visualscripting/Runtime/VisualScripting.Core/Listeners/MonoBehaviour/UnityOnMouseUpMessageListener.cs
  artifactKey: Guid(8eabcfe7821848de997cb10ce349c99c) Importer(2089858483,b0f066a214c2f5e87bad3c948f4d605d)
Start importing Packages/com.unity.visualscripting/Runtime/VisualScripting.Core/Listeners/MonoBehaviour/UnityOnMouseUpMessageListener.cs using Guid(8eabcfe7821848de997cb10ce349c99c) Importer(2089858483,b0f066a214c2f5e87bad3c948f4d605d) (ScriptedImporter) -> (artifact id: 'ba870ec016bba8c0e5d311b38eb8798e') in 0.0048164 seconds
Number of updated asset objects reloaded before import = 0Number of asset objects unloaded after import = 0

========================================================================
Received Import Request.
  Time since last request: 0.000012 seconds.
  path: Packages/com.unity.visualscripting/Runtime/VisualScripting.Core/Serialization/Converters/NamespaceConverter.cs
  artifactKey: Guid(e01cdd8435cb44f0c9756e6e0de8c548) Importer(2089858483,b0f066a214c2f5e87bad3c948f4d605d)
Start importing Packages/com.unity.visualscripting/Runtime/VisualScripting.Core/Serialization/Converters/NamespaceConverter.cs using Guid(e01cdd8435cb44f0c9756e6e0de8c548) Importer(2089858483,b0f066a214c2f5e87bad3c948f4d605d) (ScriptedImporter) -> (artifact id: 'bd955cd8d89d585404e1addd2a8a8254') in 0.0035654 seconds
Number of updated asset objects reloaded before import = 0Number of asset objects unloaded after import = 0

========================================================================
Received Import Request.
  Time since last request: 0.000013 seconds.
  path: Packages/com.unity.visualscripting/Runtime/VisualScripting.Core/Reflection/Optimization/InstanceActionInvoker_5.cs
  artifactKey: Guid(54f30904b03c44f228cbf104d937c369) Importer(2089858483,b0f066a214c2f5e87bad3c948f4d605d)
Start importing Packages/com.unity.visualscripting/Runtime/VisualScripting.Core/Reflection/Optimization/InstanceActionInvoker_5.cs using Guid(54f30904b03c44f228cbf104d937c369) Importer(2089858483,b0f066a214c2f5e87bad3c948f4d605d) (ScriptedImporter) -> (artifact id: 'f4ad6ea1ec1440d8daac7ac3b6cb8e3c') in 0.0032635 seconds
Number of updated asset objects reloaded before import = 0Number of asset objects unloaded after import = 0

========================================================================
Received Import Request.
  Time since last request: 0.000013 seconds.
  path: Packages/com.unity.visualscripting/Editor/VisualScripting.State/Plugin/Changelogs/Changelog_1_4_0.cs
  artifactKey: Guid(29a9c8f8714ef4a7a87311418ea65ed6) Importer(2089858483,b0f066a214c2f5e87bad3c948f4d605d)
Start importing Packages/com.unity.visualscripting/Editor/VisualScripting.State/Plugin/Changelogs/Changelog_1_4_0.cs using Guid(29a9c8f8714ef4a7a87311418ea65ed6) Importer(2089858483,b0f066a214c2f5e87bad3c948f4d605d) (ScriptedImporter) -> (artifact id: '1ba9b6b1008a9c062545a06579731d8c') in 0.0033852 seconds
Number of updated asset objects reloaded before import = 0Number of asset objects unloaded after import = 0

========================================================================
Received Import Request.
  Time since last request: 0.000017 seconds.
  path: Packages/com.unity.visualscripting/Runtime/VisualScripting.Core/Listeners/UI/UnityOnInputFieldEndEditMessageListener.cs
  artifactKey: Guid(2e81ef8a291145b4bd33aa51bbb6373a) Importer(2089858483,b0f066a214c2f5e87bad3c948f4d605d)
Start importing Packages/com.unity.visualscripting/Runtime/VisualScripting.Core/Listeners/UI/UnityOnInputFieldEndEditMessageListener.cs using Guid(2e81ef8a291145b4bd33aa51bbb6373a) Importer(2089858483,b0f066a214c2f5e87bad3c948f4d605d) (ScriptedImporter) -> (artifact id: 'c6750d3479ec9f182df8bf980bd7d575') in 0.0038961 seconds
Number of updated asset objects reloaded before import = 0Number of asset objects unloaded after import = 0

========================================================================
Received Import Request.
  Time since last request: 0.000018 seconds.
  path: Packages/com.unity.visualscripting/Runtime/VisualScripting.Core/Reflection/Optimization/StaticActionInvoker_4.cs
  artifactKey: Guid(e7fd49b5fad854cb09974df4282ea2d9) Importer(2089858483,b0f066a214c2f5e87bad3c948f4d605d)
Start importing Packages/com.unity.visualscripting/Runtime/VisualScripting.Core/Reflection/Optimization/StaticActionInvoker_4.cs using Guid(e7fd49b5fad854cb09974df4282ea2d9) Importer(2089858483,b0f066a214c2f5e87bad3c948f4d605d) (ScriptedImporter) -> (artifact id: 'b16e3e6330ba750163d7bd30ab5dce2c') in 0.0038886 seconds
Number of updated asset objects reloaded before import = 0Number of asset objects unloaded after import = 0

========================================================================
Received Import Request.
  Time since last request: 0.000014 seconds.
  path: Packages/com.unity.visualscripting/Runtime/VisualScripting.Core/Dependencies/FullSerializer/fsConverter.cs
  artifactKey: Guid(14260676d94004f02b41b5c7844458fe) Importer(2089858483,b0f066a214c2f5e87bad3c948f4d605d)
Start importing Packages/com.unity.visualscripting/Runtime/VisualScripting.Core/Dependencies/FullSerializer/fsConverter.cs using Guid(14260676d94004f02b41b5c7844458fe) Importer(2089858483,b0f066a214c2f5e87bad3c948f4d605d) (ScriptedImporter) -> (artifact id: 'ba3c25f904e821c804545e48e286a2f0') in 0.0055919 seconds
Number of updated asset objects reloaded before import = 0Number of asset objects unloaded after import = 0

========================================================================
Received Import Request.
  Time since last request: 0.000015 seconds.
  path: Packages/com.unity.visualscripting/Editor/VisualScripting.Flow/Plugin/Migrations/Migration_1_6_to_1_7.cs
  artifactKey: Guid(532cc1a3ad6b4fc9a789c713aa2314db) Importer(2089858483,b0f066a214c2f5e87bad3c948f4d605d)
Start importing Packages/com.unity.visualscripting/Editor/VisualScripting.Flow/Plugin/Migrations/Migration_1_6_to_1_7.cs using Guid(532cc1a3ad6b4fc9a789c713aa2314db) Importer(2089858483,b0f066a214c2f5e87bad3c948f4d605d) (ScriptedImporter) -> (artifact id: '5dfe08ac38cfebb86e76c5be4c719cef') in 0.0038532 seconds
Number of updated asset objects reloaded before import = 0Number of asset objects unloaded after import = 0

========================================================================
Received Import Request.
  Time since last request: 0.000013 seconds.
  path: Packages/com.unity.visualscripting/Runtime/VisualScripting.Core/Listeners/MonoBehaviour/UnityOnCollisionExitMessageListener.cs
  artifactKey: Guid(9bc69f9be4214506ad944fc53092b767) Importer(2089858483,b0f066a214c2f5e87bad3c948f4d605d)
Start importing Packages/com.unity.visualscripting/Runtime/VisualScripting.Core/Listeners/MonoBehaviour/UnityOnCollisionExitMessageListener.cs using Guid(9bc69f9be4214506ad944fc53092b767) Importer(2089858483,b0f066a214c2f5e87bad3c948f4d605d) (ScriptedImporter) -> (artifact id: '2c0242b5955fd60f3639e73e892b7ff0') in 0.0045633 seconds
Number of updated asset objects reloaded before import = 0Number of asset objects unloaded after import = 0

========================================================================
Received Import Request.
  Time since last request: 0.000014 seconds.
  path: Packages/com.unity.visualscripting/Runtime/VisualScripting.Core/Cloning/Cloners/ListCloner.cs
  artifactKey: Guid(cfddb429b323a4b0eb5bbfb7c5ef6ac0) Importer(2089858483,b0f066a214c2f5e87bad3c948f4d605d)
Start importing Packages/com.unity.visualscripting/Runtime/VisualScripting.Core/Cloning/Cloners/ListCloner.cs using Guid(cfddb429b323a4b0eb5bbfb7c5ef6ac0) Importer(2089858483,b0f066a214c2f5e87bad3c948f4d605d) (ScriptedImporter) -> (artifact id: '67ca34ccaf71462f8c23c6bf523e8fea') in 0.0045833 seconds
Number of updated asset objects reloaded before import = 0Number of asset objects unloaded after import = 0

========================================================================
Received Import Request.
  Time since last request: 0.000014 seconds.
  path: Packages/com.unity.visualscripting/Runtime/VisualScripting.Core/Listeners/UI/UnityOnDropdownValueChangedMessageListener.cs
  artifactKey: Guid(6f74fcfae4c849879f19488dcf898594) Importer(2089858483,b0f066a214c2f5e87bad3c948f4d605d)
Start importing Packages/com.unity.visualscripting/Runtime/VisualScripting.Core/Listeners/UI/UnityOnDropdownValueChangedMessageListener.cs using Guid(6f74fcfae4c849879f19488dcf898594) Importer(2089858483,b0f066a214c2f5e87bad3c948f4d605d) (ScriptedImporter) -> (artifact id: 'c053f3184be8023634409cb151722541') in 0.0036978 seconds
Number of updated asset objects reloaded before import = 0Number of asset objects unloaded after import = 0

========================================================================
Received Import Request.
  Time since last request: 0.000020 seconds.
  path: Packages/com.unity.visualscripting/Runtime/VisualScripting.Core/Listeners/UIInterfaces/UnityOnPointerEnterMessageListener.cs
  artifactKey: Guid(6e1f47c24d3c4f3b9250e1466951cff9) Importer(2089858483,b0f066a214c2f5e87bad3c948f4d605d)
Start importing Packages/com.unity.visualscripting/Runtime/VisualScripting.Core/Listeners/UIInterfaces/UnityOnPointerEnterMessageListener.cs using Guid(6e1f47c24d3c4f3b9250e1466951cff9) Importer(2089858483,b0f066a214c2f5e87bad3c948f4d605d) (ScriptedImporter) -> (artifact id: 'ae1b0bcefeb75a013cc1873e02eb49e3') in 0.003933 seconds
Number of updated asset objects reloaded before import = 0Number of asset objects unloaded after import = 0

========================================================================
Received Import Request.
  Time since last request: 0.000013 seconds.
  path: Packages/com.unity.visualscripting/Runtime/VisualScripting.Core/Reflection/Operators/OperatorException.cs
  artifactKey: Guid(46d4b046e765e4eeb8d73bbf9f5470ec) Importer(2089858483,b0f066a214c2f5e87bad3c948f4d605d)
Start importing Packages/com.unity.visualscripting/Runtime/VisualScripting.Core/Reflection/Operators/OperatorException.cs using Guid(46d4b046e765e4eeb8d73bbf9f5470ec) Importer(2089858483,b0f066a214c2f5e87bad3c948f4d605d) (ScriptedImporter) -> (artifact id: '6a4067fd0f373306a60dc5e615ede8aa') in 0.0038252 seconds
Number of updated asset objects reloaded before import = 0Number of asset objects unloaded after import = 0

========================================================================
Received Import Request.
  Time since last request: 0.000012 seconds.
  path: Packages/com.unity.visualscripting/Editor/VisualScripting.Flow/Plugin/Migrations/Migration_1_3_0_to_1_4_0.cs
  artifactKey: Guid(47dce94c9e7904b6fbac4e3f2f8a4949) Importer(2089858483,b0f066a214c2f5e87bad3c948f4d605d)
Start importing Packages/com.unity.visualscripting/Editor/VisualScripting.Flow/Plugin/Migrations/Migration_1_3_0_to_1_4_0.cs using Guid(47dce94c9e7904b6fbac4e3f2f8a4949) Importer(2089858483,b0f066a214c2f5e87bad3c948f4d605d) (ScriptedImporter) -> (artifact id: '980aa1c677e27c9687e76dacbf81c7f1') in 0.0046029 seconds
Number of updated asset objects reloaded before import = 0Number of asset objects unloaded after import = 0

========================================================================
Received Import Request.
  Time since last request: 0.000015 seconds.
  path: Packages/com.unity.visualscripting/Runtime/VisualScripting.Core/Reflection/Operators/GreaterThanOrEqualHandler.cs
  artifactKey: Guid(4bda3e694712447948a1601c78b37920) Importer(2089858483,b0f066a214c2f5e87bad3c948f4d605d)
Start importing Packages/com.unity.visualscripting/Runtime/VisualScripting.Core/Reflection/Operators/GreaterThanOrEqualHandler.cs using Guid(4bda3e694712447948a1601c78b37920) Importer(2089858483,b0f066a214c2f5e87bad3c948f4d605d) (ScriptedImporter) -> (artifact id: 'cf935790a12668444b74b51925fbe423') in 0.0044334 seconds
Number of updated asset objects reloaded before import = 0Number of asset objects unloaded after import = 0

========================================================================
Received Import Request.
  Time since last request: 0.000014 seconds.
  path: Packages/com.unity.visualscripting/Runtime/VisualScripting.Core/Listeners/UIInterfaces/UnityOnPointerExitMessageListener.cs
  artifactKey: Guid(43c48baefc484ce080c9eac92934e309) Importer(2089858483,b0f066a214c2f5e87bad3c948f4d605d)
Start importing Packages/com.unity.visualscripting/Runtime/VisualScripting.Core/Listeners/UIInterfaces/UnityOnPointerExitMessageListener.cs using Guid(43c48baefc484ce080c9eac92934e309) Importer(2089858483,b0f066a214c2f5e87bad3c948f4d605d) (ScriptedImporter) -> (artifact id: '3401ee8b8ca887e84eccf4b333247ce6') in 0.0057596 seconds
Number of updated asset objects reloaded before import = 0Number of asset objects unloaded after import = 0

========================================================================
Received Import Request.
  Time since last request: 0.000017 seconds.
  path: Packages/com.unity.visualscripting/Runtime/VisualScripting.Core/Reflection/Optimization/ReflectionFieldAccessor.cs
  artifactKey: Guid(2a04f80a14e674d8baadb6f7e1fa4941) Importer(2089858483,b0f066a214c2f5e87bad3c948f4d605d)
Start importing Packages/com.unity.visualscripting/Runtime/VisualScripting.Core/Reflection/Optimization/ReflectionFieldAccessor.cs using Guid(2a04f80a14e674d8baadb6f7e1fa4941) Importer(2089858483,b0f066a214c2f5e87bad3c948f4d605d) (ScriptedImporter) -> (artifact id: 'c31fea0ce66c5be8cc152ea34afb8a69') in 0.0043173 seconds
Number of updated asset objects reloaded before import = 0Number of asset objects unloaded after import = 0

========================================================================
Received Import Request.
  Time since last request: 0.000025 seconds.
  path: Packages/com.unity.visualscripting/Runtime/VisualScripting.Core/Reflection/Optimization/Func_6.cs
  artifactKey: Guid(20e8a9131c09f44bba4bc995a46bf45b) Importer(2089858483,b0f066a214c2f5e87bad3c948f4d605d)
Start importing Packages/com.unity.visualscripting/Runtime/VisualScripting.Core/Reflection/Optimization/Func_6.cs using Guid(20e8a9131c09f44bba4bc995a46bf45b) Importer(2089858483,b0f066a214c2f5e87bad3c948f4d605d) (ScriptedImporter) -> (artifact id: 'fea2cf80890189fbabc9b1f1e25efad5') in 0.0042621 seconds
Number of updated asset objects reloaded before import = 0Number of asset objects unloaded after import = 0

========================================================================
Received Import Request.
  Time since last request: 0.000013 seconds.
  path: Packages/com.unity.visualscripting/Runtime/VisualScripting.Core/Dependencies/FullSerializer/fsConfig.cs
  artifactKey: Guid(98d16b6826cab47639c1c29e2a9ed97d) Importer(2089858483,b0f066a214c2f5e87bad3c948f4d605d)
Start importing Packages/com.unity.visualscripting/Runtime/VisualScripting.Core/Dependencies/FullSerializer/fsConfig.cs using Guid(98d16b6826cab47639c1c29e2a9ed97d) Importer(2089858483,b0f066a214c2f5e87bad3c948f4d605d) (ScriptedImporter) -> (artifact id: 'ac1b344847409d3ceee97a42811648cd') in 0.0045132 seconds
Number of updated asset objects reloaded before import = 0Number of asset objects unloaded after import = 0

========================================================================
Received Import Request.
  Time since last request: 0.000016 seconds.
  path: Packages/com.unity.visualscripting/Runtime/VisualScripting.Core/EditorBinding/Inspector/InspectorWideAttribute.cs
  artifactKey: Guid(7262da3bf22f34c7f861d64f6f8ee6ff) Importer(2089858483,b0f066a214c2f5e87bad3c948f4d605d)
Start importing Packages/com.unity.visualscripting/Runtime/VisualScripting.Core/EditorBinding/Inspector/InspectorWideAttribute.cs using Guid(7262da3bf22f34c7f861d64f6f8ee6ff) Importer(2089858483,b0f066a214c2f5e87bad3c948f4d605d) (ScriptedImporter) -> (artifact id: 'f603dae780ddd2c12fdc3733265c8a5a') in 0.0043491 seconds
Number of updated asset objects reloaded before import = 0Number of asset objects unloaded after import = 0

========================================================================
Received Import Request.
  Time since last request: 0.000014 seconds.
  path: Packages/com.unity.visualscripting/Runtime/VisualScripting.Core/Listeners/UIInterfaces/UnityOnScrollMessageListener.cs
  artifactKey: Guid(be80c21df4be46ceb5784af3bea6aea7) Importer(2089858483,b0f066a214c2f5e87bad3c948f4d605d)
Start importing Packages/com.unity.visualscripting/Runtime/VisualScripting.Core/Listeners/UIInterfaces/UnityOnScrollMessageListener.cs using Guid(be80c21df4be46ceb5784af3bea6aea7) Importer(2089858483,b0f066a214c2f5e87bad3c948f4d605d) (ScriptedImporter) -> (artifact id: '7214b4a26da6de3ff59a2879dc55fb9f') in 0.0041301 seconds
Number of updated asset objects reloaded before import = 0Number of asset objects unloaded after import = 0

========================================================================
Received Import Request.
  Time since last request: 0.000015 seconds.
  path: Packages/com.unity.visualscripting/Runtime/VisualScripting.Core/Reflection/Optimization/InstanceActionInvoker_0.cs
  artifactKey: Guid(3ea8869778d444295a72b335d9b9b7bb) Importer(2089858483,b0f066a214c2f5e87bad3c948f4d605d)
Start importing Packages/com.unity.visualscripting/Runtime/VisualScripting.Core/Reflection/Optimization/InstanceActionInvoker_0.cs using Guid(3ea8869778d444295a72b335d9b9b7bb) Importer(2089858483,b0f066a214c2f5e87bad3c948f4d605d) (ScriptedImporter) -> (artifact id: '5f063a6e9ed416267111bbc3c55a8a89') in 0.0043575 seconds
Number of updated asset objects reloaded before import = 0Number of asset objects unloaded after import = 0

========================================================================
Received Import Request.
  Time since last request: 0.000019 seconds.
  path: Packages/com.unity.visualscripting/Runtime/VisualScripting.Core/Listeners/UIInterfaces/UnityOnPointerUpMessageListener.cs
  artifactKey: Guid(08201d8f66454a09a1c1ea0c55eb778d) Importer(2089858483,b0f066a214c2f5e87bad3c948f4d605d)
Start importing Packages/com.unity.visualscripting/Runtime/VisualScripting.Core/Listeners/UIInterfaces/UnityOnPointerUpMessageListener.cs using Guid(08201d8f66454a09a1c1ea0c55eb778d) Importer(2089858483,b0f066a214c2f5e87bad3c948f4d605d) (ScriptedImporter) -> (artifact id: 'f8f0250bda50848ede35d0ba7fc79638') in 0.0039152 seconds
Number of updated asset objects reloaded before import = 0Number of asset objects unloaded after import = 0

========================================================================
Received Import Request.
  Time since last request: 0.000057 seconds.
  path: Packages/com.unity.visualscripting/Runtime/VisualScripting.Core/Listeners/UIInterfaces/UnityOnSubmitMessageListener.cs
  artifactKey: Guid(4f50553705f24a9dbd72c9c6d45f61c1) Importer(2089858483,b0f066a214c2f5e87bad3c948f4d605d)
Start importing Packages/com.unity.visualscripting/Runtime/VisualScripting.Core/Listeners/UIInterfaces/UnityOnSubmitMessageListener.cs using Guid(4f50553705f24a9dbd72c9c6d45f61c1) Importer(2089858483,b0f066a214c2f5e87bad3c948f4d605d) (ScriptedImporter) -> (artifact id: 'adf95caae1e7424fe46a9807439495f5') in 0.0043072 seconds
Number of updated asset objects reloaded before import = 0Number of asset objects unloaded after import = 0

========================================================================
Received Import Request.
  Time since last request: 0.000015 seconds.
  path: Packages/com.unity.visualscripting/Runtime/VisualScripting.Core/Reflection/Optimization/StaticActionInvoker_3.cs
  artifactKey: Guid(2151421cf8d4e4fe9a3eadc5c7e0f02c) Importer(2089858483,b0f066a214c2f5e87bad3c948f4d605d)
Start importing Packages/com.unity.visualscripting/Runtime/VisualScripting.Core/Reflection/Optimization/StaticActionInvoker_3.cs using Guid(2151421cf8d4e4fe9a3eadc5c7e0f02c) Importer(2089858483,b0f066a214c2f5e87bad3c948f4d605d) (ScriptedImporter) -> (artifact id: 'b018f957db0a4e72d55ec1f7860324f4') in 0.004564 seconds
Number of updated asset objects reloaded before import = 0Number of asset objects unloaded after import = 0

========================================================================
Received Import Request.
  Time since last request: 0.000016 seconds.
  path: Packages/com.unity.visualscripting/Runtime/VisualScripting.Core/Reflection/Optimization/StaticActionInvokerBase.cs
  artifactKey: Guid(4540bef2d25fb4d4c8c0e06f3ddf9ba3) Importer(2089858483,b0f066a214c2f5e87bad3c948f4d605d)
Start importing Packages/com.unity.visualscripting/Runtime/VisualScripting.Core/Reflection/Optimization/StaticActionInvokerBase.cs using Guid(4540bef2d25fb4d4c8c0e06f3ddf9ba3) Importer(2089858483,b0f066a214c2f5e87bad3c948f4d605d) (ScriptedImporter) -> (artifact id: '688a3f3a48886630affefcd773f78503') in 0.0045855 seconds
Number of updated asset objects reloaded before import = 0Number of asset objects unloaded after import = 0

========================================================================
Received Import Request.
  Time since last request: 0.000014 seconds.
  path: Packages/com.unity.visualscripting/Editor/VisualScripting.State/Plugin/Changelogs/Changelog_1_4_1.cs
  artifactKey: Guid(8e8cdb556e8ed4b8e919d6d39e165125) Importer(2089858483,b0f066a214c2f5e87bad3c948f4d605d)
Start importing Packages/com.unity.visualscripting/Editor/VisualScripting.State/Plugin/Changelogs/Changelog_1_4_1.cs using Guid(8e8cdb556e8ed4b8e919d6d39e165125) Importer(2089858483,b0f066a214c2f5e87bad3c948f4d605d) (ScriptedImporter) -> (artifact id: '1cdfd47cc638f7572dab779e67851d94') in 0.0044526 seconds
Number of updated asset objects reloaded before import = 0Number of asset objects unloaded after import = 0

========================================================================
Received Import Request.
  Time since last request: 0.000015 seconds.
  path: Packages/com.unity.visualscripting/Runtime/VisualScripting.Core/Reflection/Optimization/StaticFieldAccessor.cs
  artifactKey: Guid(db920d8340c7a45b987f621ab41cee13) Importer(2089858483,b0f066a214c2f5e87bad3c948f4d605d)
Start importing Packages/com.unity.visualscripting/Runtime/VisualScripting.Core/Reflection/Optimization/StaticFieldAccessor.cs using Guid(db920d8340c7a45b987f621ab41cee13) Importer(2089858483,b0f066a214c2f5e87bad3c948f4d605d) (ScriptedImporter) -> (artifact id: 'd52785f4984e8e1ec984e7ea94488f83') in 0.004066 seconds
Number of updated asset objects reloaded before import = 0Number of asset objects unloaded after import = 0

========================================================================
Received Import Request.
  Time since last request: 0.000022 seconds.
  path: Packages/com.unity.visualscripting/Runtime/VisualScripting.Core/Listeners/MonoBehaviour/UnityOnMouseEnterMessageListener.cs
  artifactKey: Guid(ee9168bfd69340c28ec04b77b877228b) Importer(2089858483,b0f066a214c2f5e87bad3c948f4d605d)
Start importing Packages/com.unity.visualscripting/Runtime/VisualScripting.Core/Listeners/MonoBehaviour/UnityOnMouseEnterMessageListener.cs using Guid(ee9168bfd69340c28ec04b77b877228b) Importer(2089858483,b0f066a214c2f5e87bad3c948f4d605d) (ScriptedImporter) -> (artifact id: '130073b90a314e697721f25be1896b36') in 0.0035914 seconds
Number of updated asset objects reloaded before import = 0Number of asset objects unloaded after import = 0

========================================================================
Received Import Request.
  Time since last request: 0.000014 seconds.
  path: Packages/com.unity.visualscripting/Runtime/VisualScripting.Core/Reflection/Operators/AdditionHandler.cs
  artifactKey: Guid(f91a5b4b54ffb45f8a76cfa80c26b799) Importer(2089858483,b0f066a214c2f5e87bad3c948f4d605d)
Start importing Packages/com.unity.visualscripting/Runtime/VisualScripting.Core/Reflection/Operators/AdditionHandler.cs using Guid(f91a5b4b54ffb45f8a76cfa80c26b799) Importer(2089858483,b0f066a214c2f5e87bad3c948f4d605d) (ScriptedImporter) -> (artifact id: '1aebf6d4ae59596f6778658ea50c7aad') in 0.0038378 seconds
Number of updated asset objects reloaded before import = 0Number of asset objects unloaded after import = 0

========================================================================
Received Import Request.
  Time since last request: 0.000014 seconds.
  path: Packages/com.unity.visualscripting/Runtime/VisualScripting.Core/Reflection/Optimization/Action_6.cs
  artifactKey: Guid(637699a0545ee4284830c7149ad3bcf7) Importer(2089858483,b0f066a214c2f5e87bad3c948f4d605d)
Start importing Packages/com.unity.visualscripting/Runtime/VisualScripting.Core/Reflection/Optimization/Action_6.cs using Guid(637699a0545ee4284830c7149ad3bcf7) Importer(2089858483,b0f066a214c2f5e87bad3c948f4d605d) (ScriptedImporter) -> (artifact id: '36fa8ab6600198ba5f875e09342f2453') in 0.0036687 seconds
Number of updated asset objects reloaded before import = 0Number of asset objects unloaded after import = 0

========================================================================
Received Import Request.
  Time since last request: 0.000013 seconds.
  path: Packages/com.unity.visualscripting/Runtime/VisualScripting.Core/Reflection/Optimization/StaticInvokerBase.cs
  artifactKey: Guid(6524c4dc8454c45e7801798d0f9e8dd7) Importer(2089858483,b0f066a214c2f5e87bad3c948f4d605d)
Start importing Packages/com.unity.visualscripting/Runtime/VisualScripting.Core/Reflection/Optimization/StaticInvokerBase.cs using Guid(6524c4dc8454c45e7801798d0f9e8dd7) Importer(2089858483,b0f066a214c2f5e87bad3c948f4d605d) (ScriptedImporter) -> (artifact id: 'aa98c102228fb91ee1c1f1a3c96ed21d') in 0.0037963 seconds
Number of updated asset objects reloaded before import = 0Number of asset objects unloaded after import = 0

========================================================================
Received Import Request.
  Time since last request: 0.000014 seconds.
  path: Packages/com.unity.visualscripting/Runtime/VisualScripting.Core/Listeners/MonoBehaviour/UnityOnMouseOverMessageListener.cs
  artifactKey: Guid(19124ba62bea429c8d1b6efb5e4650c7) Importer(2089858483,b0f066a214c2f5e87bad3c948f4d605d)
Start importing Packages/com.unity.visualscripting/Runtime/VisualScripting.Core/Listeners/MonoBehaviour/UnityOnMouseOverMessageListener.cs using Guid(19124ba62bea429c8d1b6efb5e4650c7) Importer(2089858483,b0f066a214c2f5e87bad3c948f4d605d) (ScriptedImporter) -> (artifact id: '2376ccc25c951a897d9e3a7694b8d9cf') in 0.0037525 seconds
Number of updated asset objects reloaded before import = 0Number of asset objects unloaded after import = 0

========================================================================
Received Import Request.
  Time since last request: 0.000017 seconds.
  path: Packages/com.unity.visualscripting/Runtime/VisualScripting.Core/Listeners/MonoBehaviour/UnityOnTriggerExitMListener.cs
  artifactKey: Guid(9af27143956b4fc69a21afea18eb1a30) Importer(2089858483,b0f066a214c2f5e87bad3c948f4d605d)
Start importing Packages/com.unity.visualscripting/Runtime/VisualScripting.Core/Listeners/MonoBehaviour/UnityOnTriggerExitMListener.cs using Guid(9af27143956b4fc69a21afea18eb1a30) Importer(2089858483,b0f066a214c2f5e87bad3c948f4d605d) (ScriptedImporter) -> (artifact id: '868e81b2c9c3440ed88b08793354ce81') in 0.0037001 seconds
Number of updated asset objects reloaded before import = 0Number of asset objects unloaded after import = 0

========================================================================
Received Import Request.
  Time since last request: 0.000021 seconds.
  path: Packages/com.unity.collections/Unity.Collections.Tests/UnsafeParallelHashMapTests.cs
  artifactKey: Guid(ad64d0820d4d7924d9ffb4f53ad1b75e) Importer(2089858483,b0f066a214c2f5e87bad3c948f4d605d)
Start importing Packages/com.unity.collections/Unity.Collections.Tests/UnsafeParallelHashMapTests.cs using Guid(ad64d0820d4d7924d9ffb4f53ad1b75e) Importer(2089858483,b0f066a214c2f5e87bad3c948f4d605d) (ScriptedImporter) -> (artifact id: 'f2fea259cb8fcdc8110e0f0bf8fdde81') in 0.0034878 seconds
Number of updated asset objects reloaded before import = 0Number of asset objects unloaded after import = 0

========================================================================
Received Import Request.
  Time since last request: 0.000015 seconds.
  path: Packages/com.unity.render-pipelines.core/Editor/RenderGraph/RenderGraphViewer.PassTitleLabel.cs
  artifactKey: Guid(126a6e6aac144a1b9816f1c8e27b961b) Importer(2089858483,b0f066a214c2f5e87bad3c948f4d605d)
Start importing Packages/com.unity.render-pipelines.core/Editor/RenderGraph/RenderGraphViewer.PassTitleLabel.cs using Guid(126a6e6aac144a1b9816f1c8e27b961b) Importer(2089858483,b0f066a214c2f5e87bad3c948f4d605d) (ScriptedImporter) -> (artifact id: '4db88fa2172d2179f11a14cb668a5aa9') in 0.0032805 seconds
Number of updated asset objects reloaded before import = 0Number of asset objects unloaded after import = 0

========================================================================
Received Import Request.
  Time since last request: 0.000014 seconds.
  path: Packages/com.unity.render-pipelines.core/Runtime/Sampling/SobolData.cs
  artifactKey: Guid(3855c9e5913bd1e4f84f3bb238dc6c41) Importer(2089858483,b0f066a214c2f5e87bad3c948f4d605d)
Start importing Packages/com.unity.render-pipelines.core/Runtime/Sampling/SobolData.cs using Guid(3855c9e5913bd1e4f84f3bb238dc6c41) Importer(2089858483,b0f066a214c2f5e87bad3c948f4d605d) (ScriptedImporter) -> (artifact id: '27ba7eecb2de7239ba5a848d62035fef') in 0.0030462 seconds
Number of updated asset objects reloaded before import = 0Number of asset objects unloaded after import = 0

========================================================================
Received Import Request.
  Time since last request: 1.109192 seconds.
  path: Packages/com.unity.visualscripting/Runtime/VisualScripting.Flow/Dependencies/NCalc/EvaluationException.cs
  artifactKey: Guid(6499d38cb236f4d369ab2ce0e0585ecc) Importer(2089858483,b0f066a214c2f5e87bad3c948f4d605d)
Start importing Packages/com.unity.visualscripting/Runtime/VisualScripting.Flow/Dependencies/NCalc/EvaluationException.cs using Guid(6499d38cb236f4d369ab2ce0e0585ecc) Importer(2089858483,b0f066a214c2f5e87bad3c948f4d605d) (ScriptedImporter) -> (artifact id: '0f6dffab04a3e9f9927b841705a0cb47') in 0.0062292 seconds
Number of updated asset objects reloaded before import = 0Number of asset objects unloaded after import = 0

========================================================================
Received Import Request.
  Time since last request: 0.000013 seconds.
  path: Packages/com.unity.visualscripting/Runtime/VisualScripting.Flow/Framework/Graph/SetGraph.cs
  artifactKey: Guid(f8e5de80638a4adfa1d2630c14b86f4b) Importer(2089858483,b0f066a214c2f5e87bad3c948f4d605d)
Start importing Packages/com.unity.visualscripting/Runtime/VisualScripting.Flow/Framework/Graph/SetGraph.cs using Guid(f8e5de80638a4adfa1d2630c14b86f4b) Importer(2089858483,b0f066a214c2f5e87bad3c948f4d605d) (ScriptedImporter) -> (artifact id: '2e231b2dd2cf428862d8f24b8e2f961c') in 0.0037749 seconds
Number of updated asset objects reloaded before import = 0Number of asset objects unloaded after import = 0

========================================================================
Received Import Request.
  Time since last request: 0.000014 seconds.
  path: Packages/com.unity.visualscripting/Runtime/VisualScripting.Flow/Framework/Codebase/SetMember.cs
  artifactKey: Guid(768b8c19797414a6fbb77c9bfeb87c81) Importer(2089858483,b0f066a214c2f5e87bad3c948f4d605d)
Start importing Packages/com.unity.visualscripting/Runtime/VisualScripting.Flow/Framework/Codebase/SetMember.cs using Guid(768b8c19797414a6fbb77c9bfeb87c81) Importer(2089858483,b0f066a214c2f5e87bad3c948f4d605d) (ScriptedImporter) -> (artifact id: 'c59bdd0a365cf2ff7962a695e4dc3db5') in 0.0035864 seconds
Number of updated asset objects reloaded before import = 0Number of asset objects unloaded after import = 0

========================================================================
Received Import Request.
  Time since last request: 0.000013 seconds.
  path: Packages/com.unity.visualscripting/Editor/VisualScripting.Core/Plugin/Changelogs/LegacyLudiqGraphs/Changelog_1_2_3.cs
  artifactKey: Guid(f21f00f209cdd41b7a2b2f6c805ef05e) Importer(2089858483,b0f066a214c2f5e87bad3c948f4d605d)
Start importing Packages/com.unity.visualscripting/Editor/VisualScripting.Core/Plugin/Changelogs/LegacyLudiqGraphs/Changelog_1_2_3.cs using Guid(f21f00f209cdd41b7a2b2f6c805ef05e) Importer(2089858483,b0f066a214c2f5e87bad3c948f4d605d) (ScriptedImporter) -> (artifact id: 'c4c25bd1b457a27cce2bd4ab2b1f81ee') in 0.0036838 seconds
Number of updated asset objects reloaded before import = 0Number of asset objects unloaded after import = 0

========================================================================
Received Import Request.
  Time since last request: 0.000017 seconds.
  path: Packages/com.unity.visualscripting/Runtime/VisualScripting.Flow/Framework/Math/Round.cs
  artifactKey: Guid(ce9bcdc8594234a6b81f4f195a2664de) Importer(2089858483,b0f066a214c2f5e87bad3c948f4d605d)
Start importing Packages/com.unity.visualscripting/Runtime/VisualScripting.Flow/Framework/Math/Round.cs using Guid(ce9bcdc8594234a6b81f4f195a2664de) Importer(2089858483,b0f066a214c2f5e87bad3c948f4d605d) (ScriptedImporter) -> (artifact id: '9dc8e26e788b2811069ce6207df2a26e') in 0.0034975 seconds
Number of updated asset objects reloaded before import = 0Number of asset objects unloaded after import = 0

========================================================================
Received Import Request.
  Time since last request: 0.000022 seconds.
  path: Packages/com.unity.visualscripting/Editor/VisualScripting.Core/Plugin/Changelogs/LegacyLudiqCore/Changelog_1_0_0.cs
  artifactKey: Guid(4d5046bf8ada542e998a008e342a93ea) Importer(2089858483,b0f066a214c2f5e87bad3c948f4d605d)
Start importing Packages/com.unity.visualscripting/Editor/VisualScripting.Core/Plugin/Changelogs/LegacyLudiqCore/Changelog_1_0_0.cs using Guid(4d5046bf8ada542e998a008e342a93ea) Importer(2089858483,b0f066a214c2f5e87bad3c948f4d605d) (ScriptedImporter) -> (artifact id: '00ed672f7b12ce999e0455345c535e57') in 0.0044055 seconds
Number of updated asset objects reloaded before import = 0Number of asset objects unloaded after import = 0

========================================================================
Received Import Request.
  Time since last request: 0.000012 seconds.
  path: Packages/com.unity.visualscripting/Runtime/VisualScripting.Flow/Framework/Variables/IUnifiedVariableUnit.cs
  artifactKey: Guid(cd81366cc0bef48868ac1297ef8d00f6) Importer(2089858483,b0f066a214c2f5e87bad3c948f4d605d)
Start importing Packages/com.unity.visualscripting/Runtime/VisualScripting.Flow/Framework/Variables/IUnifiedVariableUnit.cs using Guid(cd81366cc0bef48868ac1297ef8d00f6) Importer(2089858483,b0f066a214c2f5e87bad3c948f4d605d) (ScriptedImporter) -> (artifact id: '92d3cf87841ac7d01cd33f73242dcad5') in 0.003596 seconds
Number of updated asset objects reloaded before import = 0Number of asset objects unloaded after import = 0

========================================================================
Received Import Request.
  Time since last request: 0.000015 seconds.
  path: Packages/com.unity.visualscripting/Runtime/VisualScripting.Flow/Framework/Control/SelectUnit_T.cs
  artifactKey: Guid(38ba506333a224b0da52d06c9c27e1f4) Importer(2089858483,b0f066a214c2f5e87bad3c948f4d605d)
Start importing Packages/com.unity.visualscripting/Runtime/VisualScripting.Flow/Framework/Control/SelectUnit_T.cs using Guid(38ba506333a224b0da52d06c9c27e1f4) Importer(2089858483,b0f066a214c2f5e87bad3c948f4d605d) (ScriptedImporter) -> (artifact id: 'f95591513467ecae5779d3827b10627e') in 0.0059854 seconds
Number of updated asset objects reloaded before import = 0Number of asset objects unloaded after import = 0

========================================================================
Received Import Request.
  Time since last request: 0.000013 seconds.
  path: Packages/com.unity.visualscripting/Runtime/VisualScripting.Flow/Framework/Logic/Negate.cs
  artifactKey: Guid(3a9d9573a891442d2bdd357c42147851) Importer(2089858483,b0f066a214c2f5e87bad3c948f4d605d)
Start importing Packages/com.unity.visualscripting/Runtime/VisualScripting.Flow/Framework/Logic/Negate.cs using Guid(3a9d9573a891442d2bdd357c42147851) Importer(2089858483,b0f066a214c2f5e87bad3c948f4d605d) (ScriptedImporter) -> (artifact id: '600151ec97e83493e1188ec59d078acd') in 0.0045058 seconds
Number of updated asset objects reloaded before import = 0Number of asset objects unloaded after import = 0

========================================================================
Received Import Request.
  Time since last request: 0.000013 seconds.
  path: Packages/com.unity.visualscripting/Editor/VisualScripting.Core/Plugin/Changelogs/LegacyLudiqGraphs/Changelog_1_4_0.cs
  artifactKey: Guid(a28779cb0a23d45e99974cbfa752905c) Importer(2089858483,b0f066a214c2f5e87bad3c948f4d605d)
Start importing Packages/com.unity.visualscripting/Editor/VisualScripting.Core/Plugin/Changelogs/LegacyLudiqGraphs/Changelog_1_4_0.cs using Guid(a28779cb0a23d45e99974cbfa752905c) Importer(2089858483,b0f066a214c2f5e87bad3c948f4d605d) (ScriptedImporter) -> (artifact id: '083f4137bafdddafcc3b1fe4b98aed3d') in 0.003934 seconds
Number of updated asset objects reloaded before import = 0Number of asset objects unloaded after import = 0

========================================================================
Received Import Request.
  Time since last request: 0.000017 seconds.
  path: Packages/com.unity.visualscripting/Runtime/VisualScripting.Core/Dependencies/FullSerializer/Internal/fsVersionedType.cs
  artifactKey: Guid(201c5a374fe1842a591c42128390be5c) Importer(2089858483,b0f066a214c2f5e87bad3c948f4d605d)
Start importing Packages/com.unity.visualscripting/Runtime/VisualScripting.Core/Dependencies/FullSerializer/Internal/fsVersionedType.cs using Guid(201c5a374fe1842a591c42128390be5c) Importer(2089858483,b0f066a214c2f5e87bad3c948f4d605d) (ScriptedImporter) -> (artifact id: 'bcd53c425cd70852a243a529a4b7aa7b') in 0.0039839 seconds
Number of updated asset objects reloaded before import = 0Number of asset objects unloaded after import = 0

========================================================================
Received Import Request.
  Time since last request: 0.000020 seconds.
  path: Packages/com.unity.visualscripting/Runtime/VisualScripting.Flow/Framework/Codebase/InvokeMember.cs
  artifactKey: Guid(89f8cd8ccb56d4a84b7f84d9819c7ca6) Importer(2089858483,b0f066a214c2f5e87bad3c948f4d605d)
Start importing Packages/com.unity.visualscripting/Runtime/VisualScripting.Flow/Framework/Codebase/InvokeMember.cs using Guid(89f8cd8ccb56d4a84b7f84d9819c7ca6) Importer(2089858483,b0f066a214c2f5e87bad3c948f4d605d) (ScriptedImporter) -> (artifact id: '309d4d5742270ceb6f8b6710869b3f2e') in 0.0038701 seconds
Number of updated asset objects reloaded before import = 0Number of asset objects unloaded after import = 0

========================================================================
Received Import Request.
  Time since last request: 0.000013 seconds.
  path: Packages/com.unity.visualscripting/Runtime/VisualScripting.Flow/Framework/Time/WaitUntilUnit.cs
  artifactKey: Guid(edb411d5c9d5e4a40a66972455d3f334) Importer(2089858483,b0f066a214c2f5e87bad3c948f4d605d)
Start importing Packages/com.unity.visualscripting/Runtime/VisualScripting.Flow/Framework/Time/WaitUntilUnit.cs using Guid(edb411d5c9d5e4a40a66972455d3f334) Importer(2089858483,b0f066a214c2f5e87bad3c948f4d605d) (ScriptedImporter) -> (artifact id: '15c537131c8019429b13f1581a1376ce') in 0.0035921 seconds
Number of updated asset objects reloaded before import = 0Number of asset objects unloaded after import = 0

========================================================================
Received Import Request.
  Time since last request: 0.000013 seconds.
  path: Packages/com.unity.visualscripting/Runtime/VisualScripting.Core/Dependencies/FullSerializer/Converters/fsKeyValuePairConverter.cs
  artifactKey: Guid(37bee35b01d89446581ee06eb78ab74e) Importer(2089858483,b0f066a214c2f5e87bad3c948f4d605d)
Start importing Packages/com.unity.visualscripting/Runtime/VisualScripting.Core/Dependencies/FullSerializer/Converters/fsKeyValuePairConverter.cs using Guid(37bee35b01d89446581ee06eb78ab74e) Importer(2089858483,b0f066a214c2f5e87bad3c948f4d605d) (ScriptedImporter) -> (artifact id: '1a5027d1ff828a3ec001c8df58fb8a18') in 0.0044575 seconds
Number of updated asset objects reloaded before import = 0Number of asset objects unloaded after import = 0

========================================================================
Received Import Request.
  Time since last request: 0.000014 seconds.
  path: Packages/com.unity.visualscripting/Runtime/VisualScripting.Flow/Framework/Control/Break.cs
  artifactKey: Guid(6b88f499ac51e4e2d8f1c0c092962494) Importer(2089858483,b0f066a214c2f5e87bad3c948f4d605d)
Start importing Packages/com.unity.visualscripting/Runtime/VisualScripting.Flow/Framework/Control/Break.cs using Guid(6b88f499ac51e4e2d8f1c0c092962494) Importer(2089858483,b0f066a214c2f5e87bad3c948f4d605d) (ScriptedImporter) -> (artifact id: '5459d48c299e60d31dc546db8e1b01cc') in 0.004744 seconds
Number of updated asset objects reloaded before import = 0Number of asset objects unloaded after import = 0

========================================================================
Received Import Request.
  Time since last request: 0.000012 seconds.
  path: Packages/com.unity.visualscripting/Runtime/VisualScripting.Flow/Framework/Nesting/GraphInput.cs
  artifactKey: Guid(1dae8c3432bf04c91bc877618e08117e) Importer(2089858483,b0f066a214c2f5e87bad3c948f4d605d)
Start importing Packages/com.unity.visualscripting/Runtime/VisualScripting.Flow/Framework/Nesting/GraphInput.cs using Guid(1dae8c3432bf04c91bc877618e08117e) Importer(2089858483,b0f066a214c2f5e87bad3c948f4d605d) (ScriptedImporter) -> (artifact id: '720bf15bbf5209cb94e68574ac67d0db') in 0.0041922 seconds
Number of updated asset objects reloaded before import = 0Number of asset objects unloaded after import = 0

========================================================================
Received Import Request.
  Time since last request: 0.000014 seconds.
  path: Packages/com.unity.visualscripting/Runtime/VisualScripting.Flow/Dependencies/NCalc/LogicalExpressionVisitor.cs
  artifactKey: Guid(6a2c35661d97146b2b302a94d1120f35) Importer(2089858483,b0f066a214c2f5e87bad3c948f4d605d)
Start importing Packages/com.unity.visualscripting/Runtime/VisualScripting.Flow/Dependencies/NCalc/LogicalExpressionVisitor.cs using Guid(6a2c35661d97146b2b302a94d1120f35) Importer(2089858483,b0f066a214c2f5e87bad3c948f4d605d) (ScriptedImporter) -> (artifact id: '6a77922aef3382dba6378de3e89b129a') in 0.004663 seconds
Number of updated asset objects reloaded before import = 0Number of asset objects unloaded after import = 0

========================================================================
Received Import Request.
  Time since last request: 0.000022 seconds.
  path: Packages/com.unity.visualscripting/Runtime/VisualScripting.State/Framework/Graph/HasStateGraph.cs
  artifactKey: Guid(fbd7b60c4f4a7497584ee8214f088e6e) Importer(2089858483,b0f066a214c2f5e87bad3c948f4d605d)
Start importing Packages/com.unity.visualscripting/Runtime/VisualScripting.State/Framework/Graph/HasStateGraph.cs using Guid(fbd7b60c4f4a7497584ee8214f088e6e) Importer(2089858483,b0f066a214c2f5e87bad3c948f4d605d) (ScriptedImporter) -> (artifact id: '78c045351114ac6443cb9fe4eafee013') in 0.0047853 seconds
Number of updated asset objects reloaded before import = 0Number of asset objects unloaded after import = 0

========================================================================
Received Import Request.
  Time since last request: 0.000013 seconds.
  path: Packages/com.unity.visualscripting/Runtime/VisualScripting.Flow/Framework/Logic/ExclusiveOr.cs
  artifactKey: Guid(c7e21c1f67cdd4ccd818755a0258d632) Importer(2089858483,b0f066a214c2f5e87bad3c948f4d605d)
Start importing Packages/com.unity.visualscripting/Runtime/VisualScripting.Flow/Framework/Logic/ExclusiveOr.cs using Guid(c7e21c1f67cdd4ccd818755a0258d632) Importer(2089858483,b0f066a214c2f5e87bad3c948f4d605d) (ScriptedImporter) -> (artifact id: '29b2cef86fc0db220aff723acd1cd10e') in 0.0039405 seconds
Number of updated asset objects reloaded before import = 0Number of asset objects unloaded after import = 0

========================================================================
Received Import Request.
  Time since last request: 0.000012 seconds.
  path: Packages/com.unity.visualscripting/Editor/VisualScripting.Core/Plugin/Changelogs/LegacyLudiqCore/Changelog_1_2_2.cs
  artifactKey: Guid(ba7b5d9cf997049849f07ae938ee8b78) Importer(2089858483,b0f066a214c2f5e87bad3c948f4d605d)
Start importing Packages/com.unity.visualscripting/Editor/VisualScripting.Core/Plugin/Changelogs/LegacyLudiqCore/Changelog_1_2_2.cs using Guid(ba7b5d9cf997049849f07ae938ee8b78) Importer(2089858483,b0f066a214c2f5e87bad3c948f4d605d) (ScriptedImporter) -> (artifact id: 'dcb71eaee5c1952c81b143fab1dd28d7') in 0.0035909 seconds
Number of updated asset objects reloaded before import = 0Number of asset objects unloaded after import = 0

========================================================================
Received Import Request.
  Time since last request: 0.000014 seconds.
  path: Packages/com.unity.visualscripting/Runtime/VisualScripting.Flow/Framework/Collections/LastItem.cs
  artifactKey: Guid(28353851bd6d5454b81b70b6720cd8f3) Importer(2089858483,b0f066a214c2f5e87bad3c948f4d605d)
Start importing Packages/com.unity.visualscripting/Runtime/VisualScripting.Flow/Framework/Collections/LastItem.cs using Guid(28353851bd6d5454b81b70b6720cd8f3) Importer(2089858483,b0f066a214c2f5e87bad3c948f4d605d) (ScriptedImporter) -> (artifact id: '6ed588ec38a0f598fc253a2feb52b5ca') in 0.004045 seconds
Number of updated asset objects reloaded before import = 0Number of asset objects unloaded after import = 0

========================================================================
Received Import Request.
  Time since last request: 0.000013 seconds.
  path: Packages/com.unity.visualscripting/Runtime/VisualScripting.Flow/Framework/Logic/Comparison.cs
  artifactKey: Guid(fbd0f6265057340c79ba4709013bc343) Importer(2089858483,b0f066a214c2f5e87bad3c948f4d605d)
Start importing Packages/com.unity.visualscripting/Runtime/VisualScripting.Flow/Framework/Logic/Comparison.cs using Guid(fbd0f6265057340c79ba4709013bc343) Importer(2089858483,b0f066a214c2f5e87bad3c948f4d605d) (ScriptedImporter) -> (artifact id: '8f444acb60f6c8eedbb4a2d240a5db48') in 0.0037457 seconds
Number of updated asset objects reloaded before import = 0Number of asset objects unloaded after import = 0

========================================================================
Received Import Request.
  Time since last request: 0.000015 seconds.
  path: Packages/com.unity.visualscripting/Editor/VisualScripting.Core/Plugin/Changelogs/LegacyLudiqCore/Changelog_1_4_13.cs
  artifactKey: Guid(77b5ada58b7944b10845007e13f78a5f) Importer(2089858483,b0f066a214c2f5e87bad3c948f4d605d)
Start importing Packages/com.unity.visualscripting/Editor/VisualScripting.Core/Plugin/Changelogs/LegacyLudiqCore/Changelog_1_4_13.cs using Guid(77b5ada58b7944b10845007e13f78a5f) Importer(2089858483,b0f066a214c2f5e87bad3c948f4d605d) (ScriptedImporter) -> (artifact id: '7edd435da39da3bf3eb8f8bc901b4f4b') in 0.004503 seconds
Number of updated asset objects reloaded before import = 0Number of asset objects unloaded after import = 0

========================================================================
Received Import Request.
  Time since last request: 0.000022 seconds.
  path: Packages/com.unity.visualscripting/Runtime/VisualScripting.Flow/Framework/Math/Subtract.cs
  artifactKey: Guid(1efe947ef683942f98e532c233dfa9d3) Importer(2089858483,b0f066a214c2f5e87bad3c948f4d605d)
Start importing Packages/com.unity.visualscripting/Runtime/VisualScripting.Flow/Framework/Math/Subtract.cs using Guid(1efe947ef683942f98e532c233dfa9d3) Importer(2089858483,b0f066a214c2f5e87bad3c948f4d605d) (ScriptedImporter) -> (artifact id: 'd43f4392161eaf18fbfd99338a019b73') in 0.0035159 seconds
Number of updated asset objects reloaded before import = 0Number of asset objects unloaded after import = 0

========================================================================
Received Import Request.
  Time since last request: 0.000013 seconds.
  path: Packages/com.unity.visualscripting/Runtime/VisualScripting.Core/Dependencies/FullSerializer/Converters/fsGuidConverter.cs
  artifactKey: Guid(9836aacf159b449c6a57eb3c92fb6809) Importer(2089858483,b0f066a214c2f5e87bad3c948f4d605d)
Start importing Packages/com.unity.visualscripting/Runtime/VisualScripting.Core/Dependencies/FullSerializer/Converters/fsGuidConverter.cs using Guid(9836aacf159b449c6a57eb3c92fb6809) Importer(2089858483,b0f066a214c2f5e87bad3c948f4d605d) (ScriptedImporter) -> (artifact id: '15685bc914fdb691d7860da8da87124c') in 0.0034082 seconds
Number of updated asset objects reloaded before import = 0Number of asset objects unloaded after import = 0

========================================================================
Received Import Request.
  Time since last request: 0.000013 seconds.
  path: Packages/com.unity.visualscripting/Editor/VisualScripting.Core/Plugin/Changelogs/LegacyLudiqGraphs/Changelog_1_2_2.cs
  artifactKey: Guid(d723633d433c941a4a9e7a28a03b5c5d) Importer(2089858483,b0f066a214c2f5e87bad3c948f4d605d)
Start importing Packages/com.unity.visualscripting/Editor/VisualScripting.Core/Plugin/Changelogs/LegacyLudiqGraphs/Changelog_1_2_2.cs using Guid(d723633d433c941a4a9e7a28a03b5c5d) Importer(2089858483,b0f066a214c2f5e87bad3c948f4d605d) (ScriptedImporter) -> (artifact id: 'db00f6702f50338629f6fd7297e63e0f') in 0.0038741 seconds
Number of updated asset objects reloaded before import = 0Number of asset objects unloaded after import = 0

========================================================================
Received Import Request.
  Time since last request: 0.000013 seconds.
  path: Packages/com.unity.visualscripting/Runtime/VisualScripting.Core/Dependencies/FullSerializer/Converters/fsDateConverter.cs
  artifactKey: Guid(b2cf6489d32e14b8ba1bec90f2dcc4bf) Importer(2089858483,b0f066a214c2f5e87bad3c948f4d605d)
Start importing Packages/com.unity.visualscripting/Runtime/VisualScripting.Core/Dependencies/FullSerializer/Converters/fsDateConverter.cs using Guid(b2cf6489d32e14b8ba1bec90f2dcc4bf) Importer(2089858483,b0f066a214c2f5e87bad3c948f4d605d) (ScriptedImporter) -> (artifact id: '7bb4290f74aaf71d6d4e476a1f9de6b0') in 0.0045557 seconds
Number of updated asset objects reloaded before import = 0Number of asset objects unloaded after import = 0

========================================================================
Received Import Request.
  Time since last request: 0.000014 seconds.
  path: Packages/com.unity.visualscripting/Runtime/VisualScripting.Flow/Dependencies/NCalc/FunctionExpression.cs
  artifactKey: Guid(9e4f622436c3c477bb484bd0114b74cb) Importer(2089858483,b0f066a214c2f5e87bad3c948f4d605d)
Start importing Packages/com.unity.visualscripting/Runtime/VisualScripting.Flow/Dependencies/NCalc/FunctionExpression.cs using Guid(9e4f622436c3c477bb484bd0114b74cb) Importer(2089858483,b0f066a214c2f5e87bad3c948f4d605d) (ScriptedImporter) -> (artifact id: '2f32a26532914c75a6aed24beda48bd4') in 0.0047288 seconds
Number of updated asset objects reloaded before import = 0Number of asset objects unloaded after import = 0

========================================================================
Received Import Request.
  Time since last request: 0.000015 seconds.
  path: Packages/com.unity.visualscripting/Editor/VisualScripting.Flow/Framework/Variables/Obsolete/VariableUnitWidget.cs
  artifactKey: Guid(e369d7f61e2b345dc9cde04295c6d7fc) Importer(2089858483,b0f066a214c2f5e87bad3c948f4d605d)
Start importing Packages/com.unity.visualscripting/Editor/VisualScripting.Flow/Framework/Variables/Obsolete/VariableUnitWidget.cs using Guid(e369d7f61e2b345dc9cde04295c6d7fc) Importer(2089858483,b0f066a214c2f5e87bad3c948f4d605d) (ScriptedImporter) -> (artifact id: 'e88925e8bbf5f05a5a4e695b86db3bac') in 0.0044687 seconds
Number of updated asset objects reloaded before import = 0Number of asset objects unloaded after import = 0

========================================================================
Received Import Request.
  Time since last request: 0.000026 seconds.
  path: Packages/com.unity.visualscripting/Runtime/VisualScripting.Core/Dependencies/FullSerializer/Reflection/fsMetaType.cs
  artifactKey: Guid(8cacd6b711f9c44b2bcaeee005d77210) Importer(2089858483,b0f066a214c2f5e87bad3c948f4d605d)
Start importing Packages/com.unity.visualscripting/Runtime/VisualScripting.Core/Dependencies/FullSerializer/Reflection/fsMetaType.cs using Guid(8cacd6b711f9c44b2bcaeee005d77210) Importer(2089858483,b0f066a214c2f5e87bad3c948f4d605d) (ScriptedImporter) -> (artifact id: '6482da4224995abddca2d09213e9de5e') in 0.005325 seconds
Number of updated asset objects reloaded before import = 0Number of asset objects unloaded after import = 0

========================================================================
Received Import Request.
  Time since last request: 0.000013 seconds.
  path: Packages/com.unity.visualscripting/Runtime/VisualScripting.Flow/Framework/Control/If.cs
  artifactKey: Guid(9fa98e01b870f4a3e9ee4ae8ee30b97b) Importer(2089858483,b0f066a214c2f5e87bad3c948f4d605d)
Start importing Packages/com.unity.visualscripting/Runtime/VisualScripting.Flow/Framework/Control/If.cs using Guid(9fa98e01b870f4a3e9ee4ae8ee30b97b) Importer(2089858483,b0f066a214c2f5e87bad3c948f4d605d) (ScriptedImporter) -> (artifact id: '5af3888693001cdd72157ae94f718820') in 0.0045013 seconds
Number of updated asset objects reloaded before import = 0Number of asset objects unloaded after import = 0

========================================================================
Received Import Request.
  Time since last request: 0.000013 seconds.
  path: Packages/com.unity.visualscripting/Editor/VisualScripting.Core/Plugin/Changelogs/LegacyLudiqCore/Changelog_1_3_1.cs
  artifactKey: Guid(de850a7cadc174ed2a9244eb1775f393) Importer(2089858483,b0f066a214c2f5e87bad3c948f4d605d)
Start importing Packages/com.unity.visualscripting/Editor/VisualScripting.Core/Plugin/Changelogs/LegacyLudiqCore/Changelog_1_3_1.cs using Guid(de850a7cadc174ed2a9244eb1775f393) Importer(2089858483,b0f066a214c2f5e87bad3c948f4d605d) (ScriptedImporter) -> (artifact id: 'c70e70ec930d6fd9d77b23558c470a9e') in 0.0050228 seconds
Number of updated asset objects reloaded before import = 0Number of asset objects unloaded after import = 0

========================================================================
Received Import Request.
  Time since last request: 0.000012 seconds.
  path: Packages/com.unity.visualscripting/Runtime/VisualScripting.Flow/Framework/Nulls/NullCheck.cs
  artifactKey: Guid(43602ed57f2144e3aac6c16edf4cac3b) Importer(2089858483,b0f066a214c2f5e87bad3c948f4d605d)
Start importing Packages/com.unity.visualscripting/Runtime/VisualScripting.Flow/Framework/Nulls/NullCheck.cs using Guid(43602ed57f2144e3aac6c16edf4cac3b) Importer(2089858483,b0f066a214c2f5e87bad3c948f4d605d) (ScriptedImporter) -> (artifact id: 'cfd6c2d029c954f3630bfc7d280cce53') in 0.0045277 seconds
Number of updated asset objects reloaded before import = 0Number of asset objects unloaded after import = 0

========================================================================
Received Import Request.
  Time since last request: 0.000013 seconds.
  path: Packages/com.unity.visualscripting/Editor/VisualScripting.Core/Plugin/Changelogs/LegacyLudiqCore/Changelog_1_4_3.cs
  artifactKey: Guid(5f3f80556b0084c6299bf657e1ec3ac0) Importer(2089858483,b0f066a214c2f5e87bad3c948f4d605d)
Start importing Packages/com.unity.visualscripting/Editor/VisualScripting.Core/Plugin/Changelogs/LegacyLudiqCore/Changelog_1_4_3.cs using Guid(5f3f80556b0084c6299bf657e1ec3ac0) Importer(2089858483,b0f066a214c2f5e87bad3c948f4d605d) (ScriptedImporter) -> (artifact id: '65592cd08233c79fdb5bb39b5f4a42ec') in 0.0038859 seconds
Number of updated asset objects reloaded before import = 0Number of asset objects unloaded after import = 0

========================================================================
Received Import Request.
  Time since last request: 0.000021 seconds.
  path: Packages/com.unity.visualscripting/Editor/VisualScripting.Core/Plugin/Changelogs/LegacyLudiqCore/Changelog_1_4_0.cs
  artifactKey: Guid(14ec0480d0098486eb6a724e18e7c114) Importer(2089858483,b0f066a214c2f5e87bad3c948f4d605d)
Start importing Packages/com.unity.visualscripting/Editor/VisualScripting.Core/Plugin/Changelogs/LegacyLudiqCore/Changelog_1_4_0.cs using Guid(14ec0480d0098486eb6a724e18e7c114) Importer(2089858483,b0f066a214c2f5e87bad3c948f4d605d) (ScriptedImporter) -> (artifact id: '2ab8e755f6d100df165e0527600768df') in 0.0048917 seconds
Number of updated asset objects reloaded before import = 0Number of asset objects unloaded after import = 0

========================================================================
Received Import Request.
  Time since last request: 0.000024 seconds.
  path: Packages/com.unity.visualscripting/Runtime/VisualScripting.Flow/Framework/Control/SwitchOnEnum.cs
  artifactKey: Guid(f68c152dd3e314e29908c4b2981fd3e1) Importer(2089858483,b0f066a214c2f5e87bad3c948f4d605d)
Start importing Packages/com.unity.visualscripting/Runtime/VisualScripting.Flow/Framework/Control/SwitchOnEnum.cs using Guid(f68c152dd3e314e29908c4b2981fd3e1) Importer(2089858483,b0f066a214c2f5e87bad3c948f4d605d) (ScriptedImporter) -> (artifact id: '9683efa0c78e13b14cb8b8413be886b0') in 0.0266949 seconds
Number of updated asset objects reloaded before import = 0Number of asset objects unloaded after import = 0

========================================================================
Received Import Request.
  Time since last request: 0.000019 seconds.
  path: Packages/com.unity.visualscripting/Runtime/VisualScripting.Flow/Framework/Control/TryCatch.cs
  artifactKey: Guid(76b0b46319dee4014a91956b9c12c7c3) Importer(2089858483,b0f066a214c2f5e87bad3c948f4d605d)
Start importing Packages/com.unity.visualscripting/Runtime/VisualScripting.Flow/Framework/Control/TryCatch.cs using Guid(76b0b46319dee4014a91956b9c12c7c3) Importer(2089858483,b0f066a214c2f5e87bad3c948f4d605d) (ScriptedImporter) -> (artifact id: '99498f0e675581b68239121f275847b4') in 0.0036447 seconds
Number of updated asset objects reloaded before import = 0Number of asset objects unloaded after import = 0

========================================================================
Received Import Request.
  Time since last request: 1.161077 seconds.
  path: Packages/com.unity.visualscripting/Runtime/VisualScripting.Flow/Framework/Collections/Dictionaries/MergeDictionaries.cs
  artifactKey: Guid(a81c0890f86e544d8bd52f3fab082ca7) Importer(2089858483,b0f066a214c2f5e87bad3c948f4d605d)
Start importing Packages/com.unity.visualscripting/Runtime/VisualScripting.Flow/Framework/Collections/Dictionaries/MergeDictionaries.cs using Guid(a81c0890f86e544d8bd52f3fab082ca7) Importer(2089858483,b0f066a214c2f5e87bad3c948f4d605d) (ScriptedImporter) -> (artifact id: '101d4cf26a77ff232d6e5b3f5212179f') in 0.0044391 seconds
Number of updated asset objects reloaded before import = 0Number of asset objects unloaded after import = 0

========================================================================
Received Import Request.
  Time since last request: 0.000013 seconds.
  path: Packages/com.unity.timeline/Editor/inspectors/GroupTrackInspector.cs
  artifactKey: Guid(41dcdc094b311464c8d6cb614548d89b) Importer(2089858483,b0f066a214c2f5e87bad3c948f4d605d)
Start importing Packages/com.unity.timeline/Editor/inspectors/GroupTrackInspector.cs using Guid(41dcdc094b311464c8d6cb614548d89b) Importer(2089858483,b0f066a214c2f5e87bad3c948f4d605d) (ScriptedImporter) -> (artifact id: '49d6408a56b711384d043267830ba832') in 0.0034179 seconds
Number of updated asset objects reloaded before import = 0Number of asset objects unloaded after import = 0

========================================================================
Received Import Request.
  Time since last request: 0.000013 seconds.
  path: Packages/com.unity.timeline/Runtime/TimelineAttributes.cs
  artifactKey: Guid(3e99141cd5dbef844a4338bb87930b89) Importer(2089858483,b0f066a214c2f5e87bad3c948f4d605d)
Start importing Packages/com.unity.timeline/Runtime/TimelineAttributes.cs using Guid(3e99141cd5dbef844a4338bb87930b89) Importer(2089858483,b0f066a214c2f5e87bad3c948f4d605d) (ScriptedImporter) -> (artifact id: 'a1f080e5f54a2486d0b7a4fbcbabaa62') in 0.0041104 seconds
Number of updated asset objects reloaded before import = 0Number of asset objects unloaded after import = 0

========================================================================
Received Import Request.
  Time since last request: 0.000014 seconds.
  path: Packages/com.unity.visualscripting/Runtime/VisualScripting.Flow/Framework/Events/Navigation/OnDestinationReached.cs
  artifactKey: Guid(aa5bb50cbd9054de883aba2707a61817) Importer(2089858483,b0f066a214c2f5e87bad3c948f4d605d)
Start importing Packages/com.unity.visualscripting/Runtime/VisualScripting.Flow/Framework/Events/Navigation/OnDestinationReached.cs using Guid(aa5bb50cbd9054de883aba2707a61817) Importer(2089858483,b0f066a214c2f5e87bad3c948f4d605d) (ScriptedImporter) -> (artifact id: 'c6f4af734c8c048d6fd0f77acc044f4c') in 0.0039793 seconds
Number of updated asset objects reloaded before import = 0Number of asset objects unloaded after import = 0

========================================================================
Received Import Request.
  Time since last request: 0.000023 seconds.
  path: Packages/com.unity.visualscripting/Runtime/VisualScripting.Flow/Framework/Variables/Obsolete/IApplicationVariableUnit.cs
  artifactKey: Guid(00c6b8a0c75cc4975bf92e13d746066e) Importer(2089858483,b0f066a214c2f5e87bad3c948f4d605d)
Start importing Packages/com.unity.visualscripting/Runtime/VisualScripting.Flow/Framework/Variables/Obsolete/IApplicationVariableUnit.cs using Guid(00c6b8a0c75cc4975bf92e13d746066e) Importer(2089858483,b0f066a214c2f5e87bad3c948f4d605d) (ScriptedImporter) -> (artifact id: 'd5721f70656e5b234a0321a9a0c00436') in 0.003858 seconds
Number of updated asset objects reloaded before import = 0Number of asset objects unloaded after import = 0

========================================================================
Received Import Request.
  Time since last request: 0.000012 seconds.
  path: Packages/com.unity.visualscripting/Runtime/VisualScripting.Flow/Framework/Math/Vector3/Vector3DotProduct.cs
  artifactKey: Guid(0125b60bd8dc34ae0ab7f775d53256c9) Importer(2089858483,b0f066a214c2f5e87bad3c948f4d605d)
Start importing Packages/com.unity.visualscripting/Runtime/VisualScripting.Flow/Framework/Math/Vector3/Vector3DotProduct.cs using Guid(0125b60bd8dc34ae0ab7f775d53256c9) Importer(2089858483,b0f066a214c2f5e87bad3c948f4d605d) (ScriptedImporter) -> (artifact id: '2b6f0673f652f48c1fa08fb63e0ff11c') in 0.0036404 seconds
Number of updated asset objects reloaded before import = 0Number of asset objects unloaded after import = 0

========================================================================
Received Import Request.
  Time since last request: 0.000012 seconds.
  path: Packages/com.unity.visualscripting/Runtime/VisualScripting.Flow/Framework/Math/Vector4/Vector4Absolute.cs
  artifactKey: Guid(8ac28fde6331642239c0d8fc317211bf) Importer(2089858483,b0f066a214c2f5e87bad3c948f4d605d)
Start importing Packages/com.unity.visualscripting/Runtime/VisualScripting.Flow/Framework/Math/Vector4/Vector4Absolute.cs using Guid(8ac28fde6331642239c0d8fc317211bf) Importer(2089858483,b0f066a214c2f5e87bad3c948f4d605d) (ScriptedImporter) -> (artifact id: '7e77d9a64c5931d8a2a34e6a40f66e99') in 0.004311 seconds
Number of updated asset objects reloaded before import = 0Number of asset objects unloaded after import = 0

========================================================================
Received Import Request.
  Time since last request: 0.000013 seconds.
  path: Packages/com.unity.visualscripting/Runtime/VisualScripting.Flow/Framework/Math/Vector2/Vector2Minimum.cs
  artifactKey: Guid(1928dd862fa8d4136be9a404855bb26a) Importer(2089858483,b0f066a214c2f5e87bad3c948f4d605d)
Start importing Packages/com.unity.visualscripting/Runtime/VisualScripting.Flow/Framework/Math/Vector2/Vector2Minimum.cs using Guid(1928dd862fa8d4136be9a404855bb26a) Importer(2089858483,b0f066a214c2f5e87bad3c948f4d605d) (ScriptedImporter) -> (artifact id: 'a7a18b8686105b9ebb428eec716524eb') in 0.0053689 seconds
Number of updated asset objects reloaded before import = 0Number of asset objects unloaded after import = 0

========================================================================
Received Import Request.
  Time since last request: 0.000013 seconds.
  path: Packages/com.unity.visualscripting/Runtime/VisualScripting.Flow/Framework/Events/Input/OnMouseExit.cs
  artifactKey: Guid(a11250399886c40c98d0d385ca8e12a3) Importer(2089858483,b0f066a214c2f5e87bad3c948f4d605d)
Start importing Packages/com.unity.visualscripting/Runtime/VisualScripting.Flow/Framework/Events/Input/OnMouseExit.cs using Guid(a11250399886c40c98d0d385ca8e12a3) Importer(2089858483,b0f066a214c2f5e87bad3c948f4d605d) (ScriptedImporter) -> (artifact id: '158de41b84e5eee519341d74c36beeb9') in 0.0039848 seconds
Number of updated asset objects reloaded before import = 0Number of asset objects unloaded after import = 0

========================================================================
Received Import Request.
  Time since last request: 0.000015 seconds.
  path: Packages/com.unity.timeline/DocCodeExamples/TimelineEditorExamples.cs
  artifactKey: Guid(6cd9f16fc29247c8af731c6b3b0a990f) Importer(2089858483,b0f066a214c2f5e87bad3c948f4d605d)
Start importing Packages/com.unity.timeline/DocCodeExamples/TimelineEditorExamples.cs using Guid(6cd9f16fc29247c8af731c6b3b0a990f) Importer(2089858483,b0f066a214c2f5e87bad3c948f4d605d) (ScriptedImporter) -> (artifact id: '68bcb1a798722a8b6c2d45b794d2a81f') in 0.0043589 seconds
Number of updated asset objects reloaded before import = 0Number of asset objects unloaded after import = 0

========================================================================
Received Import Request.
  Time since last request: 0.000022 seconds.
  path: Packages/com.unity.timeline/Editor/Localization/Localization.cs
  artifactKey: Guid(52d9cbed2cc0d4faab5168848d1f2e37) Importer(2089858483,b0f066a214c2f5e87bad3c948f4d605d)
Start importing Packages/com.unity.timeline/Editor/Localization/Localization.cs using Guid(52d9cbed2cc0d4faab5168848d1f2e37) Importer(2089858483,b0f066a214c2f5e87bad3c948f4d605d) (ScriptedImporter) -> (artifact id: '38cd5c3058b93ccf752ad9ff46d99d58') in 0.0038955 seconds
Number of updated asset objects reloaded before import = 0Number of asset objects unloaded after import = 0

========================================================================
Received Import Request.
  Time since last request: 0.000012 seconds.
  path: Packages/com.unity.visualscripting/Runtime/VisualScripting.Flow/Framework/Math/Vector2/Vector2Multiply.cs
  artifactKey: Guid(bbdcb7c86e2654988b5328220f58a0fa) Importer(2089858483,b0f066a214c2f5e87bad3c948f4d605d)
Start importing Packages/com.unity.visualscripting/Runtime/VisualScripting.Flow/Framework/Math/Vector2/Vector2Multiply.cs using Guid(bbdcb7c86e2654988b5328220f58a0fa) Importer(2089858483,b0f066a214c2f5e87bad3c948f4d605d) (ScriptedImporter) -> (artifact id: 'ead9ca1b071098bb0b13f30c521c3ec0') in 0.0041794 seconds
Number of updated asset objects reloaded before import = 0Number of asset objects unloaded after import = 0

========================================================================
Received Import Request.
  Time since last request: 0.000015 seconds.
  path: Packages/com.unity.timeline/Runtime/ObjectId.cs
  artifactKey: Guid(abd179dbd4724b4b928b9777e1deca87) Importer(2089858483,b0f066a214c2f5e87bad3c948f4d605d)
Start importing Packages/com.unity.timeline/Runtime/ObjectId.cs using Guid(abd179dbd4724b4b928b9777e1deca87) Importer(2089858483,b0f066a214c2f5e87bad3c948f4d605d) (ScriptedImporter) -> (artifact id: '1839c49a6276be1fb9d35342ea64d098') in 0.0045508 seconds
Number of updated asset objects reloaded before import = 0Number of asset objects unloaded after import = 0

========================================================================
Received Import Request.
  Time since last request: 0.000014 seconds.
  path: Packages/com.unity.timeline/Editor/CustomEditors/ClipEditor.cs
  artifactKey: Guid(2537ddddebaa455409dec422eb08fd7e) Importer(2089858483,b0f066a214c2f5e87bad3c948f4d605d)
Start importing Packages/com.unity.timeline/Editor/CustomEditors/ClipEditor.cs using Guid(2537ddddebaa455409dec422eb08fd7e) Importer(2089858483,b0f066a214c2f5e87bad3c948f4d605d) (ScriptedImporter) -> (artifact id: 'fe01cff580247c19fc1488503fc56321') in 0.0041226 seconds
Number of updated asset objects reloaded before import = 0Number of asset objects unloaded after import = 0

========================================================================
Received Import Request.
  Time since last request: 0.000012 seconds.
  path: Packages/com.unity.visualscripting/Runtime/VisualScripting.Flow/Framework/Events/GUI/OnBeginDrag.cs
  artifactKey: Guid(9e09778b917d645b09bbd1aa93fb2ee0) Importer(2089858483,b0f066a214c2f5e87bad3c948f4d605d)
Start importing Packages/com.unity.visualscripting/Runtime/VisualScripting.Flow/Framework/Events/GUI/OnBeginDrag.cs using Guid(9e09778b917d645b09bbd1aa93fb2ee0) Importer(2089858483,b0f066a214c2f5e87bad3c948f4d605d) (ScriptedImporter) -> (artifact id: '9519a1b9c2682de286fcc268e92b18c0') in 0.0038435 seconds
Number of updated asset objects reloaded before import = 0Number of asset objects unloaded after import = 0

========================================================================
Received Import Request.
  Time since last request: 0.000016 seconds.
  path: Packages/com.unity.timeline/Editor/Actions/Invoker.cs
  artifactKey: Guid(0c379d496c819c14b8b5377d7830a59a) Importer(2089858483,b0f066a214c2f5e87bad3c948f4d605d)
Start importing Packages/com.unity.timeline/Editor/Actions/Invoker.cs using Guid(0c379d496c819c14b8b5377d7830a59a) Importer(2089858483,b0f066a214c2f5e87bad3c948f4d605d) (ScriptedImporter) -> (artifact id: '382d5c642b24273a370e83a352efcabe') in 0.0041571 seconds
Number of updated asset objects reloaded before import = 0Number of asset objects unloaded after import = 0

========================================================================
Received Import Request.
  Time since last request: 0.000022 seconds.
  path: Packages/com.unity.timeline/Editor/Attributes/ShortcutAttribute.cs
  artifactKey: Guid(c50a694a8232898498c1cdd47ce9873f) Importer(2089858483,b0f066a214c2f5e87bad3c948f4d605d)
Start importing Packages/com.unity.timeline/Editor/Attributes/ShortcutAttribute.cs using Guid(c50a694a8232898498c1cdd47ce9873f) Importer(2089858483,b0f066a214c2f5e87bad3c948f4d605d) (ScriptedImporter) -> (artifact id: 'a7fb7bd4645b13f981dc02bd8adcb0f2') in 0.0048585 seconds
Number of updated asset objects reloaded before import = 0Number of asset objects unloaded after import = 0

========================================================================
Received Import Request.
  Time since last request: 0.000013 seconds.
  path: Packages/com.unity.timeline/CHANGELOG.md
  artifactKey: Guid(4a0757ee0236f39489520769ae710288) Importer(2089858483,b0f066a214c2f5e87bad3c948f4d605d)
Start importing Packages/com.unity.timeline/CHANGELOG.md using Guid(4a0757ee0236f39489520769ae710288) Importer(2089858483,b0f066a214c2f5e87bad3c948f4d605d) (ScriptedImporter) -> (artifact id: 'fa62f6e36fcf3781a73a65042dc341c6') in 0.0043702 seconds
Number of updated asset objects reloaded before import = 0Number of asset objects unloaded after import = 1

========================================================================
Received Import Request.
  Time since last request: 0.000013 seconds.
  path: Packages/com.unity.visualscripting/Runtime/VisualScripting.Flow/Framework/Math/Vector4/Vector4PerSecond.cs
  artifactKey: Guid(df00c99de947d4266aad40a0136a1034) Importer(2089858483,b0f066a214c2f5e87bad3c948f4d605d)
Start importing Packages/com.unity.visualscripting/Runtime/VisualScripting.Flow/Framework/Math/Vector4/Vector4PerSecond.cs using Guid(df00c99de947d4266aad40a0136a1034) Importer(2089858483,b0f066a214c2f5e87bad3c948f4d605d) (ScriptedImporter) -> (artifact id: 'b6006c9341ab7fb9a5f096d3aaac3ba7') in 0.0038256 seconds
Number of updated asset objects reloaded before import = 0Number of asset objects unloaded after import = 0

========================================================================
Received Import Request.
  Time since last request: 0.000013 seconds.
  path: Packages/com.unity.visualscripting/Runtime/VisualScripting.Flow/Framework/Events/GUI/OnScrollRectValueChanged.cs
  artifactKey: Guid(3b75af33dbac24758a8197828e87f8a1) Importer(2089858483,b0f066a214c2f5e87bad3c948f4d605d)
Start importing Packages/com.unity.visualscripting/Runtime/VisualScripting.Flow/Framework/Events/GUI/OnScrollRectValueChanged.cs using Guid(3b75af33dbac24758a8197828e87f8a1) Importer(2089858483,b0f066a214c2f5e87bad3c948f4d605d) (ScriptedImporter) -> (artifact id: '3ceb93d5bb8e2b2a7849682b7e9ad7cd') in 0.0038984 seconds
Number of updated asset objects reloaded before import = 0Number of asset objects unloaded after import = 0

========================================================================
Received Import Request.
  Time since last request: 0.000014 seconds.
  path: Packages/com.unity.timeline/DocCodeExamples/TimelineAttributesExamples.cs
  artifactKey: Guid(5724bf63aa724f5586275b3153a02a01) Importer(2089858483,b0f066a214c2f5e87bad3c948f4d605d)
Start importing Packages/com.unity.timeline/DocCodeExamples/TimelineAttributesExamples.cs using Guid(5724bf63aa724f5586275b3153a02a01) Importer(2089858483,b0f066a214c2f5e87bad3c948f4d605d) (ScriptedImporter) -> (artifact id: 'f44bd783c73a2d2035ce6dcb686d6904') in 0.0041783 seconds
Number of updated asset objects reloaded before import = 0Number of asset objects unloaded after import = 0

========================================================================
Received Import Request.
  Time since last request: 0.000022 seconds.
  path: Packages/com.unity.timeline/Editor/inspectors/BasicAssetInspector.cs
  artifactKey: Guid(e086b15460c228c4f9b116f0e3e2f175) Importer(2089858483,b0f066a214c2f5e87bad3c948f4d605d)
Start importing Packages/com.unity.timeline/Editor/inspectors/BasicAssetInspector.cs using Guid(e086b15460c228c4f9b116f0e3e2f175) Importer(2089858483,b0f066a214c2f5e87bad3c948f4d605d) (ScriptedImporter) -> (artifact id: 'b2d8fafa109f43da3a8ad4fa5ea9da73') in 0.0043397 seconds
Number of updated asset objects reloaded before import = 0Number of asset objects unloaded after import = 0

========================================================================
Received Import Request.
  Time since last request: 0.000013 seconds.
  path: Packages/com.unity.timeline/Runtime/ClipCaps.cs
  artifactKey: Guid(667a99762bdf5484fbaa02573fd396e2) Importer(2089858483,b0f066a214c2f5e87bad3c948f4d605d)
Start importing Packages/com.unity.timeline/Runtime/ClipCaps.cs using Guid(667a99762bdf5484fbaa02573fd396e2) Importer(2089858483,b0f066a214c2f5e87bad3c948f4d605d) (ScriptedImporter) -> (artifact id: '554ab66ea56dc435d19629b2086f957c') in 0.0042349 seconds
Number of updated asset objects reloaded before import = 0Number of asset objects unloaded after import = 0

========================================================================
Received Import Request.
  Time since last request: 0.000016 seconds.
  path: Packages/com.unity.visualscripting/Runtime/VisualScripting.Flow/Framework/Events/Physics2D/OnTriggerExit2D.cs
  artifactKey: Guid(d098b105a6e8b4aa08ea571f44c33ebf) Importer(2089858483,b0f066a214c2f5e87bad3c948f4d605d)
Start importing Packages/com.unity.visualscripting/Runtime/VisualScripting.Flow/Framework/Events/Physics2D/OnTriggerExit2D.cs using Guid(d098b105a6e8b4aa08ea571f44c33ebf) Importer(2089858483,b0f066a214c2f5e87bad3c948f4d605d) (ScriptedImporter) -> (artifact id: '6b170e0b0c720c23ee7c0e0250bb3e9b') in 0.0045593 seconds
Number of updated asset objects reloaded before import = 0Number of asset objects unloaded after import = 0

========================================================================
Received Import Request.
  Time since last request: 0.000013 seconds.
  path: Packages/com.unity.visualscripting/Runtime/VisualScripting.Flow/Framework/Math/Scalar/ScalarExponentiate.cs
  artifactKey: Guid(9321123edcf304431887764ab0a6c652) Importer(2089858483,b0f066a214c2f5e87bad3c948f4d605d)
Start importing Packages/com.unity.visualscripting/Runtime/VisualScripting.Flow/Framework/Math/Scalar/ScalarExponentiate.cs using Guid(9321123edcf304431887764ab0a6c652) Importer(2089858483,b0f066a214c2f5e87bad3c948f4d605d) (ScriptedImporter) -> (artifact id: '783c26e1ac8f67c0a5749054d7a337f9') in 0.0047687 seconds
Number of updated asset objects reloaded before import = 0Number of asset objects unloaded after import = 0

========================================================================
Received Import Request.
  Time since last request: 0.000015 seconds.
  path: Packages/com.unity.timeline/Runtime/GroupTrack.cs
  artifactKey: Guid(d0fc6f5187a81dc47999eefade6f0935) Importer(2089858483,b0f066a214c2f5e87bad3c948f4d605d)
Start importing Packages/com.unity.timeline/Runtime/GroupTrack.cs using Guid(d0fc6f5187a81dc47999eefade6f0935) Importer(2089858483,b0f066a214c2f5e87bad3c948f4d605d) (ScriptedImporter) -> (artifact id: '9562206f860da12dbb1dd07cd238d670') in 0.004971 seconds
Number of updated asset objects reloaded before import = 0Number of asset objects unloaded after import = 0

========================================================================
Received Import Request.
  Time since last request: 0.000019 seconds.
  path: Packages/com.unity.visualscripting/Runtime/VisualScripting.Flow/Framework/Math/Scalar/ScalarModulo.cs
  artifactKey: Guid(e3b8e59920a774b3d89b873db0df5ae7) Importer(2089858483,b0f066a214c2f5e87bad3c948f4d605d)
Start importing Packages/com.unity.visualscripting/Runtime/VisualScripting.Flow/Framework/Math/Scalar/ScalarModulo.cs using Guid(e3b8e59920a774b3d89b873db0df5ae7) Importer(2089858483,b0f066a214c2f5e87bad3c948f4d605d) (ScriptedImporter) -> (artifact id: '849a00caec4982842e7cd54f07989e38') in 0.004362 seconds
Number of updated asset objects reloaded before import = 0Number of asset objects unloaded after import = 0

========================================================================
Received Import Request.
  Time since last request: 0.000013 seconds.
  path: Packages/com.unity.timeline/Editor/inspectors/MarkerInspector.cs
  artifactKey: Guid(fb461734117c80c43ab595d699f801eb) Importer(2089858483,b0f066a214c2f5e87bad3c948f4d605d)
Start importing Packages/com.unity.timeline/Editor/inspectors/MarkerInspector.cs using Guid(fb461734117c80c43ab595d699f801eb) Importer(2089858483,b0f066a214c2f5e87bad3c948f4d605d) (ScriptedImporter) -> (artifact id: 'd3dc4d64a5f2b915f6054a2e455523e0') in 0.0059217 seconds
Number of updated asset objects reloaded before import = 0Number of asset objects unloaded after import = 0

========================================================================
Received Import Request.
  Time since last request: 0.000014 seconds.
  path: Packages/com.unity.visualscripting/Runtime/VisualScripting.Flow/Framework/Events/GUI/OnPointerDown.cs
  artifactKey: Guid(4fb1cea9670ed404b8b39e9753cb227d) Importer(2089858483,b0f066a214c2f5e87bad3c948f4d605d)
Start importing Packages/com.unity.visualscripting/Runtime/VisualScripting.Flow/Framework/Events/GUI/OnPointerDown.cs using Guid(4fb1cea9670ed404b8b39e9753cb227d) Importer(2089858483,b0f066a214c2f5e87bad3c948f4d605d) (ScriptedImporter) -> (artifact id: '24720f029593b047827117c2d6c1b897') in 0.0040967 seconds
Number of updated asset objects reloaded before import = 0Number of asset objects unloaded after import = 0

========================================================================
Received Import Request.
  Time since last request: 0.000013 seconds.
  path: Packages/com.unity.visualscripting/Runtime/VisualScripting.Flow/Framework/Variables/Obsolete/GetSavedVariable.cs
  artifactKey: Guid(81f76c12258c046e182116c0c8b5ec25) Importer(2089858483,b0f066a214c2f5e87bad3c948f4d605d)
Start importing Packages/com.unity.visualscripting/Runtime/VisualScripting.Flow/Framework/Variables/Obsolete/GetSavedVariable.cs using Guid(81f76c12258c046e182116c0c8b5ec25) Importer(2089858483,b0f066a214c2f5e87bad3c948f4d605d) (ScriptedImporter) -> (artifact id: 'a1ea277089b9dd171084a5043d5fd4dc') in 0.0046117 seconds
Number of updated asset objects reloaded before import = 0Number of asset objects unloaded after import = 0

========================================================================
Received Import Request.
  Time since last request: 0.000014 seconds.
  path: Packages/com.unity.timeline/Editor/Items/ITimelineItem.cs
  artifactKey: Guid(2c87ec8c97244cd47945ec90a99abe35) Importer(2089858483,b0f066a214c2f5e87bad3c948f4d605d)
Start importing Packages/com.unity.timeline/Editor/Items/ITimelineItem.cs using Guid(2c87ec8c97244cd47945ec90a99abe35) Importer(2089858483,b0f066a214c2f5e87bad3c948f4d605d) (ScriptedImporter) -> (artifact id: '88f25fea610eaae18fed3a7c85fe28b6') in 0.0034861 seconds
Number of updated asset objects reloaded before import = 0Number of asset objects unloaded after import = 0

========================================================================
Received Import Request.
  Time since last request: 0.000017 seconds.
  path: Packages/com.unity.visualscripting/Runtime/VisualScripting.Flow/Framework/Events/GUI/OnToggleValueChanged.cs
  artifactKey: Guid(0bd3f95e953dd4fdcb2cc87d32acfd80) Importer(2089858483,b0f066a214c2f5e87bad3c948f4d605d)
Start importing Packages/com.unity.visualscripting/Runtime/VisualScripting.Flow/Framework/Events/GUI/OnToggleValueChanged.cs using Guid(0bd3f95e953dd4fdcb2cc87d32acfd80) Importer(2089858483,b0f066a214c2f5e87bad3c948f4d605d) (ScriptedImporter) -> (artifact id: 'c399f841050217ef686ed04fb4f87334') in 0.0045487 seconds
Number of updated asset objects reloaded before import = 0Number of asset objects unloaded after import = 0

========================================================================
Received Import Request.
  Time since last request: 0.000019 seconds.
  path: Packages/com.unity.timeline/Editor/CurveEditUtility.cs
  artifactKey: Guid(9e2b7a65f0a52974193ed497d145b0bc) Importer(2089858483,b0f066a214c2f5e87bad3c948f4d605d)
Start importing Packages/com.unity.timeline/Editor/CurveEditUtility.cs using Guid(9e2b7a65f0a52974193ed497d145b0bc) Importer(2089858483,b0f066a214c2f5e87bad3c948f4d605d) (ScriptedImporter) -> (artifact id: '4db3f69032c16cf397fbba44b13484b9') in 0.003534 seconds
Number of updated asset objects reloaded before import = 0Number of asset objects unloaded after import = 0

========================================================================
Received Import Request.
  Time since last request: 0.000012 seconds.
  path: Packages/com.unity.visualscripting/Runtime/VisualScripting.Flow/Framework/Variables/Obsolete/IsVariableDefinedUnit.cs
  artifactKey: Guid(9e436b053414c45eaa6b4880789e2d01) Importer(2089858483,b0f066a214c2f5e87bad3c948f4d605d)
Start importing Packages/com.unity.visualscripting/Runtime/VisualScripting.Flow/Framework/Variables/Obsolete/IsVariableDefinedUnit.cs using Guid(9e436b053414c45eaa6b4880789e2d01) Importer(2089858483,b0f066a214c2f5e87bad3c948f4d605d) (ScriptedImporter) -> (artifact id: '908f371734c1b510fe2882905b13e609') in 0.0047349 seconds
Number of updated asset objects reloaded before import = 0Number of asset objects unloaded after import = 0

========================================================================
Received Import Request.
  Time since last request: 0.000013 seconds.
  path: Packages/com.unity.modules.imageconversion/package.ModuleCompilationTrigger
  artifactKey: Guid(830a36a23cf3ab1e61fa47940a6dc35e) Importer(2089858483,b0f066a214c2f5e87bad3c948f4d605d)
Start importing Packages/com.unity.modules.imageconversion/package.ModuleCompilationTrigger using Guid(830a36a23cf3ab1e61fa47940a6dc35e) Importer(2089858483,b0f066a214c2f5e87bad3c948f4d605d) (ScriptedImporter) -> (artifact id: '3b05add275e3ca14e5847affccc2a9be') in 0.0037927 seconds
Number of updated asset objects reloaded before import = 0Number of asset objects unloaded after import = 1

========================================================================
Received Import Request.
  Time since last request: 0.000017 seconds.
  path: Packages/com.unity.visualscripting/Runtime/VisualScripting.Flow/Framework/Math/Scalar/ScalarNormalize.cs
  artifactKey: Guid(0389410f80e484d5c91978c69536d70e) Importer(2089858483,b0f066a214c2f5e87bad3c948f4d605d)
Start importing Packages/com.unity.visualscripting/Runtime/VisualScripting.Flow/Framework/Math/Scalar/ScalarNormalize.cs using Guid(0389410f80e484d5c91978c69536d70e) Importer(2089858483,b0f066a214c2f5e87bad3c948f4d605d) (ScriptedImporter) -> (artifact id: '80315fd7fa6817e9ea60a3010fdfca5a') in 0.0039312 seconds
Number of updated asset objects reloaded before import = 0Number of asset objects unloaded after import = 0

========================================================================
Received Import Request.
  Time since last request: 0.000015 seconds.
  path: Packages/com.unity.visualscripting/Runtime/VisualScripting.Flow/Framework/Events/Lifecycle/FixedUpdate.cs
  artifactKey: Guid(3470c88e1e3734ff48ef9626e5ee4f40) Importer(2089858483,b0f066a214c2f5e87bad3c948f4d605d)
Start importing Packages/com.unity.visualscripting/Runtime/VisualScripting.Flow/Framework/Events/Lifecycle/FixedUpdate.cs using Guid(3470c88e1e3734ff48ef9626e5ee4f40) Importer(2089858483,b0f066a214c2f5e87bad3c948f4d605d) (ScriptedImporter) -> (artifact id: '6366e08fedd77141860ad34ea283e4b9') in 0.0037403 seconds
Number of updated asset objects reloaded before import = 0Number of asset objects unloaded after import = 0

========================================================================
Received Import Request.
  Time since last request: 0.000015 seconds.
  path: Packages/com.unity.visualscripting/Runtime/VisualScripting.Flow/Framework/Math/Vector4/Vector4Lerp.cs
  artifactKey: Guid(3ca4d2c91d4b1441ab77f87de783a75d) Importer(2089858483,b0f066a214c2f5e87bad3c948f4d605d)
Start importing Packages/com.unity.visualscripting/Runtime/VisualScripting.Flow/Framework/Math/Vector4/Vector4Lerp.cs using Guid(3ca4d2c91d4b1441ab77f87de783a75d) Importer(2089858483,b0f066a214c2f5e87bad3c948f4d605d) (ScriptedImporter) -> (artifact id: 'c258bde5e74242c7db19dedd14b0c0e6') in 0.0036773 seconds
Number of updated asset objects reloaded before import = 0Number of asset objects unloaded after import = 0

========================================================================
Received Import Request.
  Time since last request: 0.000021 seconds.
  path: Packages/com.unity.timeline/Editor/inspectors/TimeFieldDrawer.cs
  artifactKey: Guid(b0c73ea1c5ff95e43806e9002c155070) Importer(2089858483,b0f066a214c2f5e87bad3c948f4d605d)
Start importing Packages/com.unity.timeline/Editor/inspectors/TimeFieldDrawer.cs using Guid(b0c73ea1c5ff95e43806e9002c155070) Importer(2089858483,b0f066a214c2f5e87bad3c948f4d605d) (ScriptedImporter) -> (artifact id: '279dd30a373f86c2860b4ca4fb922745') in 0.0036683 seconds
Number of updated asset objects reloaded before import = 0Number of asset objects unloaded after import = 0

========================================================================
Received Import Request.
  Time since last request: 0.000015 seconds.
  path: Packages/com.unity.timeline/package.json
  artifactKey: Guid(13a9c1b4df2e489e8eb9cacca7429596) Importer(2089858483,b0f066a214c2f5e87bad3c948f4d605d)
Start importing Packages/com.unity.timeline/package.json using Guid(13a9c1b4df2e489e8eb9cacca7429596) Importer(2089858483,b0f066a214c2f5e87bad3c948f4d605d) (ScriptedImporter) -> (artifact id: '415a4310c0444433dae6dfe5a00a8c8b') in 0.004176 seconds
Number of updated asset objects reloaded before import = 0Number of asset objects unloaded after import = 1

========================================================================
Received Import Request.
  Time since last request: 0.000020 seconds.
  path: Packages/com.unity.visualscripting/Runtime/VisualScripting.Flow/Framework/Variables/Obsolete/IVariableUnit.cs
  artifactKey: Guid(c6501282dff9f4dd2a8e9b6ce271cf49) Importer(2089858483,b0f066a214c2f5e87bad3c948f4d605d)
Start importing Packages/com.unity.visualscripting/Runtime/VisualScripting.Flow/Framework/Variables/Obsolete/IVariableUnit.cs using Guid(c6501282dff9f4dd2a8e9b6ce271cf49) Importer(2089858483,b0f066a214c2f5e87bad3c948f4d605d) (ScriptedImporter) -> (artifact id: 'b3d83a2273faeedc4caeb17c06b990a7') in 0.0045659 seconds
Number of updated asset objects reloaded before import = 0Number of asset objects unloaded after import = 0

========================================================================
Received Import Request.
  Time since last request: 0.000015 seconds.
  path: Packages/com.unity.timeline/Runtime/TimelineAsset.cs
  artifactKey: Guid(bfda56da833e2384a9677cd3c976a436) Importer(2089858483,b0f066a214c2f5e87bad3c948f4d605d)
Start importing Packages/com.unity.timeline/Runtime/TimelineAsset.cs using Guid(bfda56da833e2384a9677cd3c976a436) Importer(2089858483,b0f066a214c2f5e87bad3c948f4d605d) (ScriptedImporter) -> (artifact id: 'ed75c0e64e7b2ac04e6a26334f95337a') in 0.0036514 seconds
Number of updated asset objects reloaded before import = 0Number of asset objects unloaded after import = 0

========================================================================
Received Import Request.
  Time since last request: 0.000017 seconds.
  path: Packages/com.unity.visualscripting/Runtime/VisualScripting.Flow/Framework/Math/Vector2/Vector2PerSecond.cs
  artifactKey: Guid(352f2d22629414aa196066833b92764d) Importer(2089858483,b0f066a214c2f5e87bad3c948f4d605d)
Start importing Packages/com.unity.visualscripting/Runtime/VisualScripting.Flow/Framework/Math/Vector2/Vector2PerSecond.cs using Guid(352f2d22629414aa196066833b92764d) Importer(2089858483,b0f066a214c2f5e87bad3c948f4d605d) (ScriptedImporter) -> (artifact id: '9d7b7ac5690da6134e9a5bb46f683a22') in 0.0046972 seconds
Number of updated asset objects reloaded before import = 0Number of asset objects unloaded after import = 0

========================================================================
Received Import Request.
  Time since last request: 0.000022 seconds.
  path: Packages/com.unity.visualscripting/Runtime/VisualScripting.Flow/Framework/Math/Scalar/ScalarMoveTowards.cs
  artifactKey: Guid(1b4c4e23f5b364a6b80e705ce14c8c4e) Importer(2089858483,b0f066a214c2f5e87bad3c948f4d605d)
Start importing Packages/com.unity.visualscripting/Runtime/VisualScripting.Flow/Framework/Math/Scalar/ScalarMoveTowards.cs using Guid(1b4c4e23f5b364a6b80e705ce14c8c4e) Importer(2089858483,b0f066a214c2f5e87bad3c948f4d605d) (ScriptedImporter) -> (artifact id: 'f6b04bb1343bff4d26b2bd9604b086d0') in 0.0040365 seconds
Number of updated asset objects reloaded before import = 0Number of asset objects unloaded after import = 0

========================================================================
Received Import Request.
  Time since last request: 0.000016 seconds.
  path: Packages/com.unity.visualscripting/Runtime/VisualScripting.Flow/Framework/Math/Vector4/Vector4Minimum.cs
  artifactKey: Guid(b447bbe2cf703451c93ce54b5554590d) Importer(2089858483,b0f066a214c2f5e87bad3c948f4d605d)
Start importing Packages/com.unity.visualscripting/Runtime/VisualScripting.Flow/Framework/Math/Vector4/Vector4Minimum.cs using Guid(b447bbe2cf703451c93ce54b5554590d) Importer(2089858483,b0f066a214c2f5e87bad3c948f4d605d) (ScriptedImporter) -> (artifact id: '646519dade673a0fe53aeb60ac495efd') in 0.0043973 seconds
Number of updated asset objects reloaded before import = 0Number of asset objects unloaded after import = 0

========================================================================
Received Import Request.
  Time since last request: 0.000014 seconds.
  path: Packages/com.unity.visualscripting/Runtime/VisualScripting.Flow/Framework/Math/Vector2/Vector2Average.cs
  artifactKey: Guid(86918d705343f47b1b9d0248715e933d) Importer(2089858483,b0f066a214c2f5e87bad3c948f4d605d)
Start importing Packages/com.unity.visualscripting/Runtime/VisualScripting.Flow/Framework/Math/Vector2/Vector2Average.cs using Guid(86918d705343f47b1b9d0248715e933d) Importer(2089858483,b0f066a214c2f5e87bad3c948f4d605d) (ScriptedImporter) -> (artifact id: '7b4b5ea038708d88fe4d76989a6c7ae4') in 0.0039515 seconds
Number of updated asset objects reloaded before import = 0Number of asset objects unloaded after import = 0

========================================================================
Received Import Request.
  Time since last request: 0.000016 seconds.
  path: Packages/com.unity.visualscripting/Runtime/VisualScripting.Flow/Framework/Collections/Lists/ListContainsItem.cs
  artifactKey: Guid(34e2bfd106c0445af9b35a016b5ffd0e) Importer(2089858483,b0f066a214c2f5e87bad3c948f4d605d)
Start importing Packages/com.unity.visualscripting/Runtime/VisualScripting.Flow/Framework/Collections/Lists/ListContainsItem.cs using Guid(34e2bfd106c0445af9b35a016b5ffd0e) Importer(2089858483,b0f066a214c2f5e87bad3c948f4d605d) (ScriptedImporter) -> (artifact id: '1948078d50a3d92a0dc08a94db6449fa') in 0.0044041 seconds
Number of updated asset objects reloaded before import = 0Number of asset objects unloaded after import = 0

========================================================================
Received Import Request.
  Time since last request: 0.000014 seconds.
  path: Packages/com.unity.visualscripting/Runtime/VisualScripting.Flow/Framework/Math/Scalar/ScalarMaximum.cs
  artifactKey: Guid(3403f9e0addcf4a4d902c0fc3596e7f1) Importer(2089858483,b0f066a214c2f5e87bad3c948f4d605d)
Start importing Packages/com.unity.visualscripting/Runtime/VisualScripting.Flow/Framework/Math/Scalar/ScalarMaximum.cs using Guid(3403f9e0addcf4a4d902c0fc3596e7f1) Importer(2089858483,b0f066a214c2f5e87bad3c948f4d605d) (ScriptedImporter) -> (artifact id: '7bece7fc6c812a7cfcfe01cf27a686ff') in 0.0036047 seconds
Number of updated asset objects reloaded before import = 0Number of asset objects unloaded after import = 0

========================================================================
Received Import Request.
  Time since last request: 0.000016 seconds.
  path: Packages/com.unity.timeline/Editor/Items/MarkerItem.cs
  artifactKey: Guid(452534715106564439d2240d82999d88) Importer(2089858483,b0f066a214c2f5e87bad3c948f4d605d)
Start importing Packages/com.unity.timeline/Editor/Items/MarkerItem.cs using Guid(452534715106564439d2240d82999d88) Importer(2089858483,b0f066a214c2f5e87bad3c948f4d605d) (ScriptedImporter) -> (artifact id: 'f0bd823c5b48f410187a2b6aaa3674ea') in 0.0037738 seconds
Number of updated asset objects reloaded before import = 0Number of asset objects unloaded after import = 0

========================================================================
Received Import Request.
  Time since last request: 0.000031 seconds.
  path: Packages/com.unity.timeline/Editor/CustomEditors/CustomTimelineEditorCache.cs
  artifactKey: Guid(fd6ede1d2f47ab146b2ec0a3969a37cc) Importer(2089858483,b0f066a214c2f5e87bad3c948f4d605d)
Start importing Packages/com.unity.timeline/Editor/CustomEditors/CustomTimelineEditorCache.cs using Guid(fd6ede1d2f47ab146b2ec0a3969a37cc) Importer(2089858483,b0f066a214c2f5e87bad3c948f4d605d) (ScriptedImporter) -> (artifact id: 'c94bb4315d6b8f9b6d5a8f185c377601') in 0.0040784 seconds
Number of updated asset objects reloaded before import = 0Number of asset objects unloaded after import = 0

========================================================================
Received Import Request.
  Time since last request: 0.000016 seconds.
  path: Packages/com.unity.visualscripting/Runtime/VisualScripting.Flow/Framework/Events/Application/OnApplicationLostFocus.cs
  artifactKey: Guid(0c820b13261c044f2b847e5f8f454400) Importer(2089858483,b0f066a214c2f5e87bad3c948f4d605d)
Start importing Packages/com.unity.visualscripting/Runtime/VisualScripting.Flow/Framework/Events/Application/OnApplicationLostFocus.cs using Guid(0c820b13261c044f2b847e5f8f454400) Importer(2089858483,b0f066a214c2f5e87bad3c948f4d605d) (ScriptedImporter) -> (artifact id: '6dbccfeca0929f543d40a09394036273') in 0.0043229 seconds
Number of updated asset objects reloaded before import = 0Number of asset objects unloaded after import = 0

========================================================================
Received Import Request.
  Time since last request: 0.000016 seconds.
  path: Packages/com.unity.visualscripting/Runtime/VisualScripting.Core/Dependencies/FullSerializer/Converters/Unity/InputAction_DirectConverter.cs
  artifactKey: Guid(87d4a5472eeb90c42adb81dd8a4f18dd) Importer(2089858483,b0f066a214c2f5e87bad3c948f4d605d)
Start importing Packages/com.unity.visualscripting/Runtime/VisualScripting.Core/Dependencies/FullSerializer/Converters/Unity/InputAction_DirectConverter.cs using Guid(87d4a5472eeb90c42adb81dd8a4f18dd) Importer(2089858483,b0f066a214c2f5e87bad3c948f4d605d) (ScriptedImporter) -> (artifact id: '6c0a641ba37a078c23f3f7b4844628c5') in 0.0044587 seconds
Number of updated asset objects reloaded before import = 0Number of asset objects unloaded after import = 0

========================================================================
Received Import Request.
  Time since last request: 0.000014 seconds.
  path: Packages/com.unity.timeline/Editor/Animation/BindingSelector.cs
  artifactKey: Guid(c171b9ca03610ea4faa426e082a1075d) Importer(2089858483,b0f066a214c2f5e87bad3c948f4d605d)
Start importing Packages/com.unity.timeline/Editor/Animation/BindingSelector.cs using Guid(c171b9ca03610ea4faa426e082a1075d) Importer(2089858483,b0f066a214c2f5e87bad3c948f4d605d) (ScriptedImporter) -> (artifact id: '6f8b26464a3276063175e08c486869bf') in 0.0035613 seconds
Number of updated asset objects reloaded before import = 0Number of asset objects unloaded after import = 0

========================================================================
Received Import Request.
  Time since last request: 0.000016 seconds.
  path: Packages/com.unity.timeline/Editor/Extensions/TrackExtensions.cs
  artifactKey: Guid(5b24618beecc3bf41acadfcf2246d772) Importer(2089858483,b0f066a214c2f5e87bad3c948f4d605d)
Start importing Packages/com.unity.timeline/Editor/Extensions/TrackExtensions.cs using Guid(5b24618beecc3bf41acadfcf2246d772) Importer(2089858483,b0f066a214c2f5e87bad3c948f4d605d) (ScriptedImporter) -> (artifact id: 'c8f5ce3ea56fcf8bb3fc292a009b125d') in 0.0037609 seconds
Number of updated asset objects reloaded before import = 0Number of asset objects unloaded after import = 0

========================================================================
Received Import Request.
  Time since last request: 0.000016 seconds.
  path: Packages/com.unity.visualscripting/Runtime/VisualScripting.Flow/Framework/Variables/Obsolete/SetSavedVariable.cs
  artifactKey: Guid(b75d75781afcb46889036e9bb5e6f13b) Importer(2089858483,b0f066a214c2f5e87bad3c948f4d605d)
Start importing Packages/com.unity.visualscripting/Runtime/VisualScripting.Flow/Framework/Variables/Obsolete/SetSavedVariable.cs using Guid(b75d75781afcb46889036e9bb5e6f13b) Importer(2089858483,b0f066a214c2f5e87bad3c948f4d605d) (ScriptedImporter) -> (artifact id: '9fb8b66b60123b02e27e2c6fe7781d6f') in 0.0041716 seconds
Number of updated asset objects reloaded before import = 0Number of asset objects unloaded after import = 0

========================================================================
Received Import Request.
  Time since last request: 0.192946 seconds.
  path: Packages/com.unity.timeline/Editor/Properties/AssemblyInfo.cs
  artifactKey: Guid(d5718b3fe3a758b4a9ec29170290d4f6) Importer(2089858483,b0f066a214c2f5e87bad3c948f4d605d)
Start importing Packages/com.unity.timeline/Editor/Properties/AssemblyInfo.cs using Guid(d5718b3fe3a758b4a9ec29170290d4f6) Importer(2089858483,b0f066a214c2f5e87bad3c948f4d605d) (ScriptedImporter) -> (artifact id: 'cc8a0a80d00da219d893acc49c9a1315') in 0.0051953 seconds
Number of updated asset objects reloaded before import = 0Number of asset objects unloaded after import = 0

========================================================================
Received Import Request.
  Time since last request: 0.000015 seconds.
  path: Packages/com.unity.timeline/Editor/treeview/AnimationTrackKeyDataSource.cs
  artifactKey: Guid(a0b56195e00682b4594dfaeef9d5fa78) Importer(2089858483,b0f066a214c2f5e87bad3c948f4d605d)
Start importing Packages/com.unity.timeline/Editor/treeview/AnimationTrackKeyDataSource.cs using Guid(a0b56195e00682b4594dfaeef9d5fa78) Importer(2089858483,b0f066a214c2f5e87bad3c948f4d605d) (ScriptedImporter) -> (artifact id: '17942c74383824d8325dcf46b26751e8') in 0.003707 seconds
Number of updated asset objects reloaded before import = 0Number of asset objects unloaded after import = 0

========================================================================
Received Import Request.
  Time since last request: 0.000019 seconds.
  path: Packages/com.unity.timeline/Editor/Manipulators/Move/MovingItems.cs
  artifactKey: Guid(81a142c61a4e14d46bb21b02548ad24d) Importer(2089858483,b0f066a214c2f5e87bad3c948f4d605d)
Start importing Packages/com.unity.timeline/Editor/Manipulators/Move/MovingItems.cs using Guid(81a142c61a4e14d46bb21b02548ad24d) Importer(2089858483,b0f066a214c2f5e87bad3c948f4d605d) (ScriptedImporter) -> (artifact id: 'ee175d13948547096ab5636689fc5ff0') in 0.0050756 seconds
Number of updated asset objects reloaded before import = 0Number of asset objects unloaded after import = 0

========================================================================
Received Import Request.
  Time since last request: 0.000013 seconds.
  path: Packages/com.unity.timeline/Editor/Window/ViewModel/TimelineAssetViewModel.cs
  artifactKey: Guid(d79cb9ecc0d4a6d428ab98a681a33897) Importer(2089858483,b0f066a214c2f5e87bad3c948f4d605d)
Start importing Packages/com.unity.timeline/Editor/Window/ViewModel/TimelineAssetViewModel.cs using Guid(d79cb9ecc0d4a6d428ab98a681a33897) Importer(2089858483,b0f066a214c2f5e87bad3c948f4d605d) (ScriptedImporter) -> (artifact id: 'e71bcd82ca91efbf0c2518546e002a8e') in 0.0045389 seconds
Number of updated asset objects reloaded before import = 0Number of asset objects unloaded after import = 0

========================================================================
Received Import Request.
  Time since last request: 0.000014 seconds.
  path: Packages/com.unity.timeline/Editor/StyleSheets/Images/Icons/d_TimelineHeaderMarkerIcon.png
  artifactKey: Guid(4f8d98ef7dbbe3d469e14c04722cbeed) Importer(2089858483,b0f066a214c2f5e87bad3c948f4d605d)
Start importing Packages/com.unity.timeline/Editor/StyleSheets/Images/Icons/d_TimelineHeaderMarkerIcon.png using Guid(4f8d98ef7dbbe3d469e14c04722cbeed) Importer(2089858483,b0f066a214c2f5e87bad3c948f4d605d) (ScriptedImporter) -> (artifact id: 'b56cbd266113b825724ef3db778eb876') in 0.0418813 seconds
Number of updated asset objects reloaded before import = 0Number of asset objects unloaded after import = 1

========================================================================
Received Import Request.
  Time since last request: 0.000013 seconds.
  path: Packages/com.unity.timeline/Editor/StyleSheets/Images/Icons/TimelineCollapseMarkerButtonEnabled.png
  artifactKey: Guid(0367ce1ebbbb18940b79eed63a0315d5) Importer(2089858483,b0f066a214c2f5e87bad3c948f4d605d)
Start importing Packages/com.unity.timeline/Editor/StyleSheets/Images/Icons/TimelineCollapseMarkerButtonEnabled.png using Guid(0367ce1ebbbb18940b79eed63a0315d5) Importer(2089858483,b0f066a214c2f5e87bad3c948f4d605d) (ScriptedImporter) -> (artifact id: 'eef5075155d22eee4b8f9990ca9196e1') in 0.0070712 seconds
Number of updated asset objects reloaded before import = 0Number of asset objects unloaded after import = 1

========================================================================
Received Import Request.
  Time since last request: 0.000015 seconds.
  path: Packages/com.unity.timeline/Editor/StyleSheets/Images/DarkSkin/TimelineAutokey_active@2x.png
  artifactKey: Guid(183f7b7549219ab47becb461a16df882) Importer(2089858483,b0f066a214c2f5e87bad3c948f4d605d)
Start importing Packages/com.unity.timeline/Editor/StyleSheets/Images/DarkSkin/TimelineAutokey_active@2x.png using Guid(183f7b7549219ab47becb461a16df882) Importer(2089858483,b0f066a214c2f5e87bad3c948f4d605d) (ScriptedImporter) -> (artifact id: '801b5e640c66a71ad1de9d3831928af3') in 0.008571 seconds
Number of updated asset objects reloaded before import = 0Number of asset objects unloaded after import = 1

========================================================================
Received Import Request.
  Time since last request: 0.000024 seconds.
  path: Packages/com.unity.timeline/Editor/StyleSheets/Images/Icons/d_TrackMuteButtonEnabled.png
  artifactKey: Guid(ac5017dfbeee42347b3b45ecc572674e) Importer(2089858483,b0f066a214c2f5e87bad3c948f4d605d)
Start importing Packages/com.unity.timeline/Editor/StyleSheets/Images/Icons/d_TrackMuteButtonEnabled.png using Guid(ac5017dfbeee42347b3b45ecc572674e) Importer(2089858483,b0f066a214c2f5e87bad3c948f4d605d) (ScriptedImporter) -> (artifact id: '19206fb73f67366ff9a31810353b0e3f') in 0.0070873 seconds
Number of updated asset objects reloaded before import = 0Number of asset objects unloaded after import = 1

========================================================================
Received Import Request.
  Time since last request: 0.000015 seconds.
  path: Packages/com.unity.timeline/Editor/State/WindowState.cs
  artifactKey: Guid(df8df80bb65e9ec4280229a9921c4f3c) Importer(2089858483,b0f066a214c2f5e87bad3c948f4d605d)
Start importing Packages/com.unity.timeline/Editor/State/WindowState.cs using Guid(df8df80bb65e9ec4280229a9921c4f3c) Importer(2089858483,b0f066a214c2f5e87bad3c948f4d605d) (ScriptedImporter) -> (artifact id: '4e38527de878c5002f64770285ada269') in 0.0035683 seconds
Number of updated asset objects reloaded before import = 0Number of asset objects unloaded after import = 0

========================================================================
Received Import Request.
  Time since last request: 0.000015 seconds.
  path: Packages/com.unity.timeline/Editor/Utilities/SpacePartitioner.cs
  artifactKey: Guid(2fa2cf7de51b0d34d9dce3747b72e49d) Importer(2089858483,b0f066a214c2f5e87bad3c948f4d605d)
Start importing Packages/com.unity.timeline/Editor/Utilities/SpacePartitioner.cs using Guid(2fa2cf7de51b0d34d9dce3747b72e49d) Importer(2089858483,b0f066a214c2f5e87bad3c948f4d605d) (ScriptedImporter) -> (artifact id: '2d0636586b00fe5427b08163a78aca64') in 0.0044672 seconds
Number of updated asset objects reloaded before import = 0Number of asset objects unloaded after import = 0

========================================================================
Received Import Request.
  Time since last request: 0.000017 seconds.
  path: Packages/com.unity.timeline/Editor/Actions/Menus/TimelineContextMenu.cs
  artifactKey: Guid(de86b4ed8106fd84a8bc2f5d69798d53) Importer(2089858483,b0f066a214c2f5e87bad3c948f4d605d)
Start importing Packages/com.unity.timeline/Editor/Actions/Menus/TimelineContextMenu.cs using Guid(de86b4ed8106fd84a8bc2f5d69798d53) Importer(2089858483,b0f066a214c2f5e87bad3c948f4d605d) (ScriptedImporter) -> (artifact id: '8bb30981baeec132fe9af45cab7c80a0') in 0.0039803 seconds
Number of updated asset objects reloaded before import = 0Number of asset objects unloaded after import = 0

========================================================================
Received Import Request.
  Time since last request: 0.000018 seconds.
  path: Packages/com.unity.timeline/Editor/StyleSheets/Images/Icons/TimelineEditModeReplaceON.png
  artifactKey: Guid(6d41c3e8796a4fd4e80840354039e4ac) Importer(2089858483,b0f066a214c2f5e87bad3c948f4d605d)
Start importing Packages/com.unity.timeline/Editor/StyleSheets/Images/Icons/TimelineEditModeReplaceON.png using Guid(6d41c3e8796a4fd4e80840354039e4ac) Importer(2089858483,b0f066a214c2f5e87bad3c948f4d605d) (ScriptedImporter) -> (artifact id: '20843d79cfc063a787537305ddffed1a') in 0.0073437 seconds
Number of updated asset objects reloaded before import = 0Number of asset objects unloaded after import = 1

========================================================================
Received Import Request.
  Time since last request: 0.000023 seconds.
  path: Packages/com.unity.timeline/Editor/Utilities/StyleManager.cs
  artifactKey: Guid(5f31f28cc64c91042976555c016ffd5f) Importer(2089858483,b0f066a214c2f5e87bad3c948f4d605d)
Start importing Packages/com.unity.timeline/Editor/Utilities/StyleManager.cs using Guid(5f31f28cc64c91042976555c016ffd5f) Importer(2089858483,b0f066a214c2f5e87bad3c948f4d605d) (ScriptedImporter) -> (artifact id: '4fbc94296d6d3596d4915244bb056c72') in 0.0036736 seconds
Number of updated asset objects reloaded before import = 0Number of asset objects unloaded after import = 0

========================================================================
Received Import Request.
  Time since last request: 0.000015 seconds.
  path: Packages/com.unity.timeline/Editor/StyleSheets/Images/DarkSkin/TimelineLoop.png
  artifactKey: Guid(360dded8761e81d4d98c10f469d55492) Importer(2089858483,b0f066a214c2f5e87bad3c948f4d605d)
Start importing Packages/com.unity.timeline/Editor/StyleSheets/Images/DarkSkin/TimelineLoop.png using Guid(360dded8761e81d4d98c10f469d55492) Importer(2089858483,b0f066a214c2f5e87bad3c948f4d605d) (ScriptedImporter) -> (artifact id: '100a3beb3faaf04166ff1860dbde2e2d') in 0.00833 seconds
Number of updated asset objects reloaded before import = 0Number of asset objects unloaded after import = 1

========================================================================
Received Import Request.
  Time since last request: 0.000013 seconds.
  path: Packages/com.unity.timeline/Editor/StyleSheets/Images/Icons/d_TrackMarkerButtonDisabled@2x.png
  artifactKey: Guid(77d926c9a4ddcc940b8c000b45cbfb35) Importer(2089858483,b0f066a214c2f5e87bad3c948f4d605d)
Start importing Packages/com.unity.timeline/Editor/StyleSheets/Images/Icons/d_TrackMarkerButtonDisabled@2x.png using Guid(77d926c9a4ddcc940b8c000b45cbfb35) Importer(2089858483,b0f066a214c2f5e87bad3c948f4d605d) (ScriptedImporter) -> (artifact id: '736a92af9da962811ab34532c4e0d645') in 0.0080615 seconds
Number of updated asset objects reloaded before import = 0Number of asset objects unloaded after import = 1

========================================================================
Received Import Request.
  Time since last request: 0.000014 seconds.
  path: Packages/com.unity.timeline/Editor/StyleSheets/Images/Icons/d_TrackRecordButtonDisabled@2x.png
  artifactKey: Guid(db15c78579dee4a4db85f392634c8ecc) Importer(2089858483,b0f066a214c2f5e87bad3c948f4d605d)
Start importing Packages/com.unity.timeline/Editor/StyleSheets/Images/Icons/d_TrackRecordButtonDisabled@2x.png using Guid(db15c78579dee4a4db85f392634c8ecc) Importer(2089858483,b0f066a214c2f5e87bad3c948f4d605d) (ScriptedImporter) -> (artifact id: '9660b60055f4fd51d0084504f9e12f16') in 0.0079289 seconds
Number of updated asset objects reloaded before import = 0Number of asset objects unloaded after import = 1

========================================================================
Received Import Request.
  Time since last request: 0.000017 seconds.
  path: Packages/com.unity.timeline/Editor/Utilities/AnimatedParameterUtility.cs
  artifactKey: Guid(84d86c98104d94063ad70bc591530f65) Importer(2089858483,b0f066a214c2f5e87bad3c948f4d605d)
Start importing Packages/com.unity.timeline/Editor/Utilities/AnimatedParameterUtility.cs using Guid(84d86c98104d94063ad70bc591530f65) Importer(2089858483,b0f066a214c2f5e87bad3c948f4d605d) (ScriptedImporter) -> (artifact id: 'c1a4a1f0f706e6a00bef62d9acf5e022') in 0.0040219 seconds
Number of updated asset objects reloaded before import = 0Number of asset objects unloaded after import = 0

========================================================================
Received Import Request.
  Time since last request: 0.000022 seconds.
  path: Packages/com.unity.timeline/Editor/Manipulators/Utils/EditModeReplaceUtils.cs
  artifactKey: Guid(6ca745fb561cbf640b6e603f95662fa0) Importer(2089858483,b0f066a214c2f5e87bad3c948f4d605d)
Start importing Packages/com.unity.timeline/Editor/Manipulators/Utils/EditModeReplaceUtils.cs using Guid(6ca745fb561cbf640b6e603f95662fa0) Importer(2089858483,b0f066a214c2f5e87bad3c948f4d605d) (ScriptedImporter) -> (artifact id: '56b48111474eeb12d1ce82a3f6a1eb92') in 0.0040179 seconds
Number of updated asset objects reloaded before import = 0Number of asset objects unloaded after import = 0

========================================================================
Received Import Request.
  Time since last request: 0.000016 seconds.
  path: Packages/com.unity.timeline/Runtime/Audio/AudioPlayableAsset.cs
  artifactKey: Guid(4f10dd60657c6004587f237a7e90f8e4) Importer(2089858483,b0f066a214c2f5e87bad3c948f4d605d)
Start importing Packages/com.unity.timeline/Runtime/Audio/AudioPlayableAsset.cs using Guid(4f10dd60657c6004587f237a7e90f8e4) Importer(2089858483,b0f066a214c2f5e87bad3c948f4d605d) (ScriptedImporter) -> (artifact id: '08aacae8f703586f45c368ec2e66d145') in 0.0044443 seconds
Number of updated asset objects reloaded before import = 0Number of asset objects unloaded after import = 0

========================================================================
Received Import Request.
  Time since last request: 0.000013 seconds.
  path: Packages/com.unity.timeline/Editor/Utilities/Range.cs
  artifactKey: Guid(d31dfeaa131921f4eae00783cc48146f) Importer(2089858483,b0f066a214c2f5e87bad3c948f4d605d)
Start importing Packages/com.unity.timeline/Editor/Utilities/Range.cs using Guid(d31dfeaa131921f4eae00783cc48146f) Importer(2089858483,b0f066a214c2f5e87bad3c948f4d605d) (ScriptedImporter) -> (artifact id: 'e3fddb72de68cac5cc998efb961c60f7') in 0.0040138 seconds
Number of updated asset objects reloaded before import = 0Number of asset objects unloaded after import = 0

========================================================================
Received Import Request.
  Time since last request: 0.000013 seconds.
  path: Packages/com.unity.timeline/Editor/Utilities/Scopes/IndentLevelScope.cs
  artifactKey: Guid(e42e3f559ace4a5dbae7d6d3d2e5e7b0) Importer(2089858483,b0f066a214c2f5e87bad3c948f4d605d)
Start importing Packages/com.unity.timeline/Editor/Utilities/Scopes/IndentLevelScope.cs using Guid(e42e3f559ace4a5dbae7d6d3d2e5e7b0) Importer(2089858483,b0f066a214c2f5e87bad3c948f4d605d) (ScriptedImporter) -> (artifact id: 'bfc1f87ebdcb200d1af132de5af6d78b') in 0.0037191 seconds
Number of updated asset objects reloaded before import = 0Number of asset objects unloaded after import = 0

========================================================================
Received Import Request.
  Time since last request: 0.000014 seconds.
  path: Packages/com.unity.timeline/Editor/StyleSheets/Images/DarkSkin/TimelineIconClipOut.png
  artifactKey: Guid(32f7e3598d6414c489127629e29af3f6) Importer(2089858483,b0f066a214c2f5e87bad3c948f4d605d)
Start importing Packages/com.unity.timeline/Editor/StyleSheets/Images/DarkSkin/TimelineIconClipOut.png using Guid(32f7e3598d6414c489127629e29af3f6) Importer(2089858483,b0f066a214c2f5e87bad3c948f4d605d) (ScriptedImporter) -> (artifact id: '7af4a5124fa9455c84cc698a4781f3aa') in 0.0074263 seconds
Number of updated asset objects reloaded before import = 0Number of asset objects unloaded after import = 1

========================================================================
Received Import Request.
  Time since last request: 0.000018 seconds.
  path: Packages/com.unity.timeline/Editor/State/SequenceState.cs
  artifactKey: Guid(09f4db536a377bc40a9ac110af702bfa) Importer(2089858483,b0f066a214c2f5e87bad3c948f4d605d)
Start importing Packages/com.unity.timeline/Editor/State/SequenceState.cs using Guid(09f4db536a377bc40a9ac110af702bfa) Importer(2089858483,b0f066a214c2f5e87bad3c948f4d605d) (ScriptedImporter) -> (artifact id: '1758205f9626eafffd2a2f5b35e7004f') in 0.003361 seconds
Number of updated asset objects reloaded before import = 0Number of asset objects unloaded after import = 0

========================================================================
Received Import Request.
  Time since last request: 0.000022 seconds.
  path: Packages/com.unity.timeline/Editor/Window/Modes/TimelineInactiveMode.cs
  artifactKey: Guid(5503f95d174761548a68a901beab13c2) Importer(2089858483,b0f066a214c2f5e87bad3c948f4d605d)
Start importing Packages/com.unity.timeline/Editor/Window/Modes/TimelineInactiveMode.cs using Guid(5503f95d174761548a68a901beab13c2) Importer(2089858483,b0f066a214c2f5e87bad3c948f4d605d) (ScriptedImporter) -> (artifact id: '2eeebbd68ffc86d632f74ff318695bdc') in 0.0039051 seconds
Number of updated asset objects reloaded before import = 0Number of asset objects unloaded after import = 0

========================================================================
Received Import Request.
  Time since last request: 0.000013 seconds.
  path: Packages/com.unity.timeline/Editor/StyleSheets/Images/Icons/d_TrackLockButtonDisabled.png
  artifactKey: Guid(52ee3ba2abc3da14a95cdf64d32ae0ae) Importer(2089858483,b0f066a214c2f5e87bad3c948f4d605d)
Start importing Packages/com.unity.timeline/Editor/StyleSheets/Images/Icons/d_TrackLockButtonDisabled.png using Guid(52ee3ba2abc3da14a95cdf64d32ae0ae) Importer(2089858483,b0f066a214c2f5e87bad3c948f4d605d) (ScriptedImporter) -> (artifact id: '73e7200c7c468e5569dc34bee9188b16') in 0.0076465 seconds
Number of updated asset objects reloaded before import = 0Number of asset objects unloaded after import = 1

========================================================================
Received Import Request.
  Time since last request: 0.000018 seconds.
  path: Packages/com.unity.timeline/Editor/treeview/TimelineTreeView.cs
  artifactKey: Guid(82a8ce43816925d4b971951094cb755c) Importer(2089858483,b0f066a214c2f5e87bad3c948f4d605d)
Start importing Packages/com.unity.timeline/Editor/treeview/TimelineTreeView.cs using Guid(82a8ce43816925d4b971951094cb755c) Importer(2089858483,b0f066a214c2f5e87bad3c948f4d605d) (ScriptedImporter) -> (artifact id: '2891159b1dce182a901cfb8c28f79384') in 0.0036585 seconds
Number of updated asset objects reloaded before import = 0Number of asset objects unloaded after import = 0

========================================================================
Received Import Request.
  Time since last request: 0.000015 seconds.
  path: Packages/com.unity.timeline/Editor/Window/Modes/TimelineMode.cs
  artifactKey: Guid(a2cb43d6b0c226443be7e176590837a5) Importer(2089858483,b0f066a214c2f5e87bad3c948f4d605d)
Start importing Packages/com.unity.timeline/Editor/Window/Modes/TimelineMode.cs using Guid(a2cb43d6b0c226443be7e176590837a5) Importer(2089858483,b0f066a214c2f5e87bad3c948f4d605d) (ScriptedImporter) -> (artifact id: '187cb341577ce476a01a67ff9a3c97de') in 0.0036083 seconds
Number of updated asset objects reloaded before import = 0Number of asset objects unloaded after import = 0

========================================================================
Received Import Request.
  Time since last request: 0.000016 seconds.
  path: Packages/com.unity.timeline/Editor/Window/TimelineWindow_StateChange.cs
  artifactKey: Guid(b926af22079e00e4a8c073321194cea1) Importer(2089858483,b0f066a214c2f5e87bad3c948f4d605d)
Start importing Packages/com.unity.timeline/Editor/Window/TimelineWindow_StateChange.cs using Guid(b926af22079e00e4a8c073321194cea1) Importer(2089858483,b0f066a214c2f5e87bad3c948f4d605d) (ScriptedImporter) -> (artifact id: 'ce0832536c9f502dcca7af3f99552adf') in 0.0040405 seconds
Number of updated asset objects reloaded before import = 0Number of asset objects unloaded after import = 0

========================================================================
Received Import Request.
  Time since last request: 0.000015 seconds.
  path: Packages/com.unity.timeline/Runtime/Utilities/TimelineUndo.cs
  artifactKey: Guid(1f2a7e0d1b6bbba408a41e206945c23c) Importer(2089858483,b0f066a214c2f5e87bad3c948f4d605d)
Start importing Packages/com.unity.timeline/Runtime/Utilities/TimelineUndo.cs using Guid(1f2a7e0d1b6bbba408a41e206945c23c) Importer(2089858483,b0f066a214c2f5e87bad3c948f4d605d) (ScriptedImporter) -> (artifact id: '9563fbfef939d3cc17e18215d118ca18') in 0.0036613 seconds
Number of updated asset objects reloaded before import = 0Number of asset objects unloaded after import = 0

========================================================================
Received Import Request.
  Time since last request: 0.000023 seconds.
  path: Packages/com.unity.timeline/Editor/Utilities/PropertyCollector.cs
  artifactKey: Guid(1f3a562675833b4448299e4f627b0cec) Importer(2089858483,b0f066a214c2f5e87bad3c948f4d605d)
Start importing Packages/com.unity.timeline/Editor/Utilities/PropertyCollector.cs using Guid(1f3a562675833b4448299e4f627b0cec) Importer(2089858483,b0f066a214c2f5e87bad3c948f4d605d) (ScriptedImporter) -> (artifact id: 'efed79b6c2c3f8f5a67d3286b1bf384c') in 0.003537 seconds
Number of updated asset objects reloaded before import = 0Number of asset objects unloaded after import = 0

========================================================================
Received Import Request.
  Time since last request: 0.000015 seconds.
  path: Packages/com.unity.timeline/Editor/StyleSheets/Images/DarkSkin/TimelinePlayRange.png
  artifactKey: Guid(43eeff8a446b32242a4fb1a5c1bd7b8e) Importer(2089858483,b0f066a214c2f5e87bad3c948f4d605d)
Start importing Packages/com.unity.timeline/Editor/StyleSheets/Images/DarkSkin/TimelinePlayRange.png using Guid(43eeff8a446b32242a4fb1a5c1bd7b8e) Importer(2089858483,b0f066a214c2f5e87bad3c948f4d605d) (ScriptedImporter) -> (artifact id: '8db07226478942bf6793bcd611609e79') in 0.0071913 seconds
Number of updated asset objects reloaded before import = 0Number of asset objects unloaded after import = 1

========================================================================
Received Import Request.
  Time since last request: 0.000013 seconds.
  path: Packages/com.unity.timeline/Editor/StyleSheets/Images/DarkSkin/TimelineInfiniteTrackNoShadow.png
  artifactKey: Guid(eae63adb172f1164db61a7f4bdfc3637) Importer(2089858483,b0f066a214c2f5e87bad3c948f4d605d)
Start importing Packages/com.unity.timeline/Editor/StyleSheets/Images/DarkSkin/TimelineInfiniteTrackNoShadow.png using Guid(eae63adb172f1164db61a7f4bdfc3637) Importer(2089858483,b0f066a214c2f5e87bad3c948f4d605d) (ScriptedImporter) -> (artifact id: '010fba03ffcae0676007a30994d2532f') in 0.0067355 seconds
Number of updated asset objects reloaded before import = 0Number of asset objects unloaded after import = 1

========================================================================
Received Import Request.
  Time since last request: 0.000013 seconds.
  path: Packages/com.unity.timeline/Runtime/Utilities/IPropertyPreview.cs
  artifactKey: Guid(b5f0881228e5827438f74e9b7b33c2dc) Importer(2089858483,b0f066a214c2f5e87bad3c948f4d605d)
Start importing Packages/com.unity.timeline/Runtime/Utilities/IPropertyPreview.cs using Guid(b5f0881228e5827438f74e9b7b33c2dc) Importer(2089858483,b0f066a214c2f5e87bad3c948f4d605d) (ScriptedImporter) -> (artifact id: '22e78531c7be7532b85c6184ba74e3d2') in 0.0039173 seconds
Number of updated asset objects reloaded before import = 0Number of asset objects unloaded after import = 0

========================================================================
Received Import Request.
  Time since last request: 0.000020 seconds.
  path: Packages/com.unity.timeline/Editor/StyleSheets/Images/Icons/d_TrackRecordButtonEnabled@2x.png
  artifactKey: Guid(0f1c9a12872a30f45bab34f536332bb3) Importer(2089858483,b0f066a214c2f5e87bad3c948f4d605d)
Start importing Packages/com.unity.timeline/Editor/StyleSheets/Images/Icons/d_TrackRecordButtonEnabled@2x.png using Guid(0f1c9a12872a30f45bab34f536332bb3) Importer(2089858483,b0f066a214c2f5e87bad3c948f4d605d) (ScriptedImporter) -> (artifact id: 'bbc895c876d5571fa5880dcdb95bb1a5') in 0.0080942 seconds
Number of updated asset objects reloaded before import = 0Number of asset objects unloaded after import = 1

========================================================================
Received Import Request.
  Time since last request: 0.000021 seconds.
  path: Packages/com.unity.timeline/Editor/Utilities/TimelineKeyboardNavigation.cs
  artifactKey: Guid(9be6112c2b1c3ae44927680ba7b36e10) Importer(2089858483,b0f066a214c2f5e87bad3c948f4d605d)
Start importing Packages/com.unity.timeline/Editor/Utilities/TimelineKeyboardNavigation.cs using Guid(9be6112c2b1c3ae44927680ba7b36e10) Importer(2089858483,b0f066a214c2f5e87bad3c948f4d605d) (ScriptedImporter) -> (artifact id: '84972dbb271dd6f0b177409a70a1354a') in 0.0038944 seconds
Number of updated asset objects reloaded before import = 0Number of asset objects unloaded after import = 0

========================================================================
Received Import Request.
  Time since last request: 0.000014 seconds.
  path: Packages/com.unity.timeline/Runtime/Audio/AudioClipProperties.cs
  artifactKey: Guid(0d60a406ab64c434e9d731914e11a51e) Importer(2089858483,b0f066a214c2f5e87bad3c948f4d605d)
Start importing Packages/com.unity.timeline/Runtime/Audio/AudioClipProperties.cs using Guid(0d60a406ab64c434e9d731914e11a51e) Importer(2089858483,b0f066a214c2f5e87bad3c948f4d605d) (ScriptedImporter) -> (artifact id: '5c6f214af12bbf062e1ce6075995116e') in 0.0035505 seconds
Number of updated asset objects reloaded before import = 0Number of asset objects unloaded after import = 0

========================================================================
Received Import Request.
  Time since last request: 0.000013 seconds.
  path: Packages/com.unity.timeline/Editor/treeview/ItemGui/ISelectable.cs
  artifactKey: Guid(4acbfc0398bab674f922f693e58f4afc) Importer(2089858483,b0f066a214c2f5e87bad3c948f4d605d)
Start importing Packages/com.unity.timeline/Editor/treeview/ItemGui/ISelectable.cs using Guid(4acbfc0398bab674f922f693e58f4afc) Importer(2089858483,b0f066a214c2f5e87bad3c948f4d605d) (ScriptedImporter) -> (artifact id: '706fc122bf5bff7081d6840020c5304f') in 0.0035665 seconds
Number of updated asset objects reloaded before import = 0Number of asset objects unloaded after import = 0

========================================================================
Received Import Request.
  Time since last request: 0.000014 seconds.
  path: Packages/com.unity.timeline/Editor/Utilities/BreadcrumbDrawer.cs
  artifactKey: Guid(526f285e8d4fb8140b4cdfeb9102d8cb) Importer(2089858483,b0f066a214c2f5e87bad3c948f4d605d)
Start importing Packages/com.unity.timeline/Editor/Utilities/BreadcrumbDrawer.cs using Guid(526f285e8d4fb8140b4cdfeb9102d8cb) Importer(2089858483,b0f066a214c2f5e87bad3c948f4d605d) (ScriptedImporter) -> (artifact id: '6e0d4fffee6233d889c259bc0ef616a4') in 0.0041122 seconds
Number of updated asset objects reloaded before import = 0Number of asset objects unloaded after import = 0

========================================================================
Received Import Request.
  Time since last request: 0.000016 seconds.
  path: Packages/com.unity.timeline/Editor/StyleSheets/Images/Icons/d_TrackCurvesButtonEnabled.png
  artifactKey: Guid(fbcdeb07ee516a64daa01ce462874280) Importer(2089858483,b0f066a214c2f5e87bad3c948f4d605d)
Start importing Packages/com.unity.timeline/Editor/StyleSheets/Images/Icons/d_TrackCurvesButtonEnabled.png using Guid(fbcdeb07ee516a64daa01ce462874280) Importer(2089858483,b0f066a214c2f5e87bad3c948f4d605d) (ScriptedImporter) -> (artifact id: '2c2cc0f7d3704b352c10710b87328334') in 0.0082705 seconds
Number of updated asset objects reloaded before import = 0Number of asset objects unloaded after import = 1

========================================================================
Received Import Request.
  Time since last request: 0.000015 seconds.
  path: Packages/com.unity.timeline/Editor/Signals/SignalAssetInspector.cs
  artifactKey: Guid(58004290eb3aab44e9823d1f25c4ed73) Importer(2089858483,b0f066a214c2f5e87bad3c948f4d605d)
Start importing Packages/com.unity.timeline/Editor/Signals/SignalAssetInspector.cs using Guid(58004290eb3aab44e9823d1f25c4ed73) Importer(2089858483,b0f066a214c2f5e87bad3c948f4d605d) (ScriptedImporter) -> (artifact id: 'baec95bb34716493ac59415fffbe8625') in 0.0038846 seconds
Number of updated asset objects reloaded before import = 0Number of asset objects unloaded after import = 0

========================================================================
Received Import Request.
  Time since last request: 0.000025 seconds.
  path: Packages/com.unity.timeline/Editor/StyleSheets/Images/DarkSkin/TimelineTimeCursor.png
  artifactKey: Guid(3b9e9b3d9ade166499e7a17109ca73bf) Importer(2089858483,b0f066a214c2f5e87bad3c948f4d605d)
Start importing Packages/com.unity.timeline/Editor/StyleSheets/Images/DarkSkin/TimelineTimeCursor.png using Guid(3b9e9b3d9ade166499e7a17109ca73bf) Importer(2089858483,b0f066a214c2f5e87bad3c948f4d605d) (ScriptedImporter) -> (artifact id: '7c85dfeaaddc3c641ea5dfc23f57ed07') in 0.0075681 seconds
Number of updated asset objects reloaded before import = 0Number of asset objects unloaded after import = 1

========================================================================
Received Import Request.
  Time since last request: 0.000013 seconds.
  path: Packages/com.unity.timeline/Editor/treeview/ItemGui/TimelineMarkerClusterGUI.cs
  artifactKey: Guid(2c03ae9aa36a4fd44a983831f44654be) Importer(2089858483,b0f066a214c2f5e87bad3c948f4d605d)
Start importing Packages/com.unity.timeline/Editor/treeview/ItemGui/TimelineMarkerClusterGUI.cs using Guid(2c03ae9aa36a4fd44a983831f44654be) Importer(2089858483,b0f066a214c2f5e87bad3c948f4d605d) (ScriptedImporter) -> (artifact id: '3c1656894dd5a827dc4c52c077c72c21') in 0.0037306 seconds
Number of updated asset objects reloaded before import = 0Number of asset objects unloaded after import = 0

========================================================================
Received Import Request.
  Time since last request: 0.000013 seconds.
  path: Packages/com.unity.timeline/Runtime/Audio/AudioTrack.cs
  artifactKey: Guid(8b22792c3b570444eb18cb78c2af3a74) Importer(2089858483,b0f066a214c2f5e87bad3c948f4d605d)
Start importing Packages/com.unity.timeline/Runtime/Audio/AudioTrack.cs using Guid(8b22792c3b570444eb18cb78c2af3a74) Importer(2089858483,b0f066a214c2f5e87bad3c948f4d605d) (ScriptedImporter) -> (artifact id: 'add5a4decbd34a55810402400694a0f3') in 0.0038762 seconds
Number of updated asset objects reloaded before import = 0Number of asset objects unloaded after import = 0

========================================================================
Received Import Request.
  Time since last request: 0.000015 seconds.
  path: Packages/com.unity.timeline/Editor/treeview/Manipulator.cs
  artifactKey: Guid(2bf68308f6cdff141ab98cd34174e4f1) Importer(2089858483,b0f066a214c2f5e87bad3c948f4d605d)
Start importing Packages/com.unity.timeline/Editor/treeview/Manipulator.cs using Guid(2bf68308f6cdff141ab98cd34174e4f1) Importer(2089858483,b0f066a214c2f5e87bad3c948f4d605d) (ScriptedImporter) -> (artifact id: '410105f4658ac1bcb1958a8ba74cc69e') in 0.0038812 seconds
Number of updated asset objects reloaded before import = 0Number of asset objects unloaded after import = 0

========================================================================
Received Import Request.
  Time since last request: 0.000016 seconds.
  path: Packages/com.unity.timeline/Editor/StyleSheets/Images/Icons/TrackAvatarButtonDisabled.png
  artifactKey: Guid(54623075676bd504d93243fb18745161) Importer(2089858483,b0f066a214c2f5e87bad3c948f4d605d)
Start importing Packages/com.unity.timeline/Editor/StyleSheets/Images/Icons/TrackAvatarButtonDisabled.png using Guid(54623075676bd504d93243fb18745161) Importer(2089858483,b0f066a214c2f5e87bad3c948f4d605d) (ScriptedImporter) -> (artifact id: '8125dbb4cade95fdde72ebd9397d2009') in 0.006861 seconds
Number of updated asset objects reloaded before import = 0Number of asset objects unloaded after import = 1

========================================================================
Received Import Request.
  Time since last request: 0.000022 seconds.
  path: Packages/com.unity.timeline/Runtime/Playables/TimeNotificationBehaviour.cs
  artifactKey: Guid(afeb55855d7a63b45ba6f8bd97599202) Importer(2089858483,b0f066a214c2f5e87bad3c948f4d605d)
Start importing Packages/com.unity.timeline/Runtime/Playables/TimeNotificationBehaviour.cs using Guid(afeb55855d7a63b45ba6f8bd97599202) Importer(2089858483,b0f066a214c2f5e87bad3c948f4d605d) (ScriptedImporter) -> (artifact id: 'f9f9e93f9bd18e337cc527bfdc9c3def') in 0.0035876 seconds
Number of updated asset objects reloaded before import = 0Number of asset objects unloaded after import = 0

========================================================================
Received Import Request.
  Time since last request: 0.000014 seconds.
  path: Packages/com.unity.timeline/Editor/Window/TimelinePlaybackControls.cs
  artifactKey: Guid(b662f155e14546d0b72f129800d013d0) Importer(2089858483,b0f066a214c2f5e87bad3c948f4d605d)
Start importing Packages/com.unity.timeline/Editor/Window/TimelinePlaybackControls.cs using Guid(b662f155e14546d0b72f129800d013d0) Importer(2089858483,b0f066a214c2f5e87bad3c948f4d605d) (ScriptedImporter) -> (artifact id: 'd0f52171fbd91d523442300c2033fdee') in 0.0035321 seconds
Number of updated asset objects reloaded before import = 0Number of asset objects unloaded after import = 0

========================================================================
Received Import Request.
  Time since last request: 0.000016 seconds.
  path: Packages/com.unity.timeline/Editor/Window/TimelineEditorWindow.cs
  artifactKey: Guid(dfe0d35963084dcc899e4d32cca85455) Importer(2089858483,b0f066a214c2f5e87bad3c948f4d605d)
Start importing Packages/com.unity.timeline/Editor/Window/TimelineEditorWindow.cs using Guid(dfe0d35963084dcc899e4d32cca85455) Importer(2089858483,b0f066a214c2f5e87bad3c948f4d605d) (ScriptedImporter) -> (artifact id: '19c41bec422ae34158d104e298c5154e') in 0.0035848 seconds
Number of updated asset objects reloaded before import = 0Number of asset objects unloaded after import = 0

========================================================================
Received Import Request.
  Time since last request: 0.000016 seconds.
  path: Packages/com.unity.timeline/Editor/StyleSheets/Images/DarkSkin/TimelineAutokey@2x.png
  artifactKey: Guid(af24c542434a025448222d576f61a956) Importer(2089858483,b0f066a214c2f5e87bad3c948f4d605d)
Start importing Packages/com.unity.timeline/Editor/StyleSheets/Images/DarkSkin/TimelineAutokey@2x.png using Guid(af24c542434a025448222d576f61a956) Importer(2089858483,b0f066a214c2f5e87bad3c948f4d605d) (ScriptedImporter) -> (artifact id: '966027bea374d69cf5f07d65eb09317c') in 0.0063172 seconds
Number of updated asset objects reloaded before import = 0Number of asset objects unloaded after import = 1

========================================================================
Received Import Request.
  Time since last request: 0.000015 seconds.
  path: Packages/com.unity.timeline/Editor/Signals/TreeView/SignalReceiverTreeView.cs
  artifactKey: Guid(698b660e9477f4f16abad03ec00ce38c) Importer(2089858483,b0f066a214c2f5e87bad3c948f4d605d)
Start importing Packages/com.unity.timeline/Editor/Signals/TreeView/SignalReceiverTreeView.cs using Guid(698b660e9477f4f16abad03ec00ce38c) Importer(2089858483,b0f066a214c2f5e87bad3c948f4d605d) (ScriptedImporter) -> (artifact id: '1e18d31ec01ec173d2ccaaba2c647e7e') in 0.0038825 seconds
Number of updated asset objects reloaded before import = 0Number of asset objects unloaded after import = 0

========================================================================
Received Import Request.
  Time since last request: 0.000025 seconds.
  path: Packages/com.unity.timeline/Editor/Utilities/PreviewedBindings.cs
  artifactKey: Guid(907eeaaade2f4a3c9b079743c2bf77ee) Importer(2089858483,b0f066a214c2f5e87bad3c948f4d605d)
Start importing Packages/com.unity.timeline/Editor/Utilities/PreviewedBindings.cs using Guid(907eeaaade2f4a3c9b079743c2bf77ee) Importer(2089858483,b0f066a214c2f5e87bad3c948f4d605d) (ScriptedImporter) -> (artifact id: '1dad480dbf23c28fd2d1f3f8969d7fb7') in 0.0034458 seconds
Number of updated asset objects reloaded before import = 0Number of asset objects unloaded after import = 0

========================================================================
Received Import Request.
  Time since last request: 0.000014 seconds.
  path: Packages/com.unity.timeline/Editor/Manipulators/Cursors/TimelineCursors.cs
  artifactKey: Guid(f16e09785c984c445a0467e30f845636) Importer(2089858483,b0f066a214c2f5e87bad3c948f4d605d)
Start importing Packages/com.unity.timeline/Editor/Manipulators/Cursors/TimelineCursors.cs using Guid(f16e09785c984c445a0467e30f845636) Importer(2089858483,b0f066a214c2f5e87bad3c948f4d605d) (ScriptedImporter) -> (artifact id: 'deac2c21bf4a6465b144cbd8b8285c95') in 0.0051872 seconds
Number of updated asset objects reloaded before import = 0Number of asset objects unloaded after import = 0

========================================================================
Received Import Request.
  Time since last request: 0.000013 seconds.
  path: Packages/com.unity.timeline/Editor/Manipulators/Sequence/RectangleSelect.cs
  artifactKey: Guid(edd4f4b395430604d935bcf0b14c7d42) Importer(2089858483,b0f066a214c2f5e87bad3c948f4d605d)
Start importing Packages/com.unity.timeline/Editor/Manipulators/Sequence/RectangleSelect.cs using Guid(edd4f4b395430604d935bcf0b14c7d42) Importer(2089858483,b0f066a214c2f5e87bad3c948f4d605d) (ScriptedImporter) -> (artifact id: 'eae113bf627b20946b5ffe2edd8962b1') in 0.0038646 seconds
Number of updated asset objects reloaded before import = 0Number of asset objects unloaded after import = 0

========================================================================
Received Import Request.
  Time since last request: 0.000016 seconds.
  path: Packages/com.unity.timeline/Editor/StyleSheets/Images/Icons/d_TrackCurvesButtonDisabled@2x.png
  artifactKey: Guid(1f3ea4caa6e0ec74388e4d7d16690e68) Importer(2089858483,b0f066a214c2f5e87bad3c948f4d605d)
Start importing Packages/com.unity.timeline/Editor/StyleSheets/Images/Icons/d_TrackCurvesButtonDisabled@2x.png using Guid(1f3ea4caa6e0ec74388e4d7d16690e68) Importer(2089858483,b0f066a214c2f5e87bad3c948f4d605d) (ScriptedImporter) -> (artifact id: 'cb98b7e1fe7ea5097bf86af1bef461e5') in 0.0072566 seconds
Number of updated asset objects reloaded before import = 0Number of asset objects unloaded after import = 1

========================================================================
Received Import Request.
  Time since last request: 0.000013 seconds.
  path: Packages/com.unity.timeline/Runtime/Utilities/IPropertyCollector.cs
  artifactKey: Guid(66b2b8fd1d9b4bc4c96b07335ad822f3) Importer(2089858483,b0f066a214c2f5e87bad3c948f4d605d)
Start importing Packages/com.unity.timeline/Runtime/Utilities/IPropertyCollector.cs using Guid(66b2b8fd1d9b4bc4c96b07335ad822f3) Importer(2089858483,b0f066a214c2f5e87bad3c948f4d605d) (ScriptedImporter) -> (artifact id: 'fd0a1b548b66cb5b0aece10cb0493917') in 0.0039819 seconds
Number of updated asset objects reloaded before import = 0Number of asset objects unloaded after import = 0

========================================================================
Received Import Request.
  Time since last request: 0.124100 seconds.
  path: Packages/com.unity.timeline/Editor/StyleSheets/Images/Icons/TrackLockButtonDisabled@2x.png
  artifactKey: Guid(6fb5cabb85ba3794682b16eba19440cb) Importer(2089858483,b0f066a214c2f5e87bad3c948f4d605d)
Start importing Packages/com.unity.timeline/Editor/StyleSheets/Images/Icons/TrackLockButtonDisabled@2x.png using Guid(6fb5cabb85ba3794682b16eba19440cb) Importer(2089858483,b0f066a214c2f5e87bad3c948f4d605d) (ScriptedImporter) -> (artifact id: '55269a1bd22f16dad2a6644027c89610') in 0.0064963 seconds
Number of updated asset objects reloaded before import = 0Number of asset objects unloaded after import = 1

========================================================================
Received Import Request.
  Time since last request: 0.000014 seconds.
  path: Packages/com.unity.test-framework.performance/Runtime/SampleGroup.cs
  artifactKey: Guid(73f2494dd08c9be49b00d97aada5ee77) Importer(2089858483,b0f066a214c2f5e87bad3c948f4d605d)
Start importing Packages/com.unity.test-framework.performance/Runtime/SampleGroup.cs using Guid(73f2494dd08c9be49b00d97aada5ee77) Importer(2089858483,b0f066a214c2f5e87bad3c948f4d605d) (ScriptedImporter) -> (artifact id: '19668fbd87eb0a28f0960c478ac3c8c1') in 0.0036695 seconds
Number of updated asset objects reloaded before import = 0Number of asset objects unloaded after import = 0

========================================================================
Received Import Request.
  Time since last request: 0.000017 seconds.
  path: Packages/com.unity.shadergraph/Editor/Interface/IRequiresData.cs
  artifactKey: Guid(0d47693329d2b0048b119eea3e618040) Importer(2089858483,b0f066a214c2f5e87bad3c948f4d605d)
Start importing Packages/com.unity.shadergraph/Editor/Interface/IRequiresData.cs using Guid(0d47693329d2b0048b119eea3e618040) Importer(2089858483,b0f066a214c2f5e87bad3c948f4d605d) (ScriptedImporter) -> (artifact id: '63a34499ceb56265650ab3d4cc2d7a00') in 0.0043764 seconds
Number of updated asset objects reloaded before import = 0Number of asset objects unloaded after import = 0

========================================================================
Received Import Request.
  Time since last request: 0.000024 seconds.
  path: Packages/com.unity.timeline/Editor/StyleSheets/Images/Icons/TrackMarkerButtonDisabled@2x.png
  artifactKey: Guid(193dae938a3136440b693b45a2494737) Importer(2089858483,b0f066a214c2f5e87bad3c948f4d605d)
Start importing Packages/com.unity.timeline/Editor/StyleSheets/Images/Icons/TrackMarkerButtonDisabled@2x.png using Guid(193dae938a3136440b693b45a2494737) Importer(2089858483,b0f066a214c2f5e87bad3c948f4d605d) (ScriptedImporter) -> (artifact id: 'c26a3e738216e70a1f45085ccf9b076b') in 0.0072773 seconds
Number of updated asset objects reloaded before import = 0Number of asset objects unloaded after import = 1

========================================================================
Received Import Request.
  Time since last request: 0.000016 seconds.
  path: Packages/com.unity.shadergraph/Editor/Data/Graphs/PositionMaterialSlot.cs
  artifactKey: Guid(0612806deec2f154587fad5a1f7b060a) Importer(2089858483,b0f066a214c2f5e87bad3c948f4d605d)
Start importing Packages/com.unity.shadergraph/Editor/Data/Graphs/PositionMaterialSlot.cs using Guid(0612806deec2f154587fad5a1f7b060a) Importer(2089858483,b0f066a214c2f5e87bad3c948f4d605d) (ScriptedImporter) -> (artifact id: '062f34a23fd6c208be6614b81522dee6') in 0.0039381 seconds
Number of updated asset objects reloaded before import = 0Number of asset objects unloaded after import = 0

========================================================================
Received Import Request.
  Time since last request: 0.000013 seconds.
  path: Packages/com.unity.shadergraph/Editor/Util/ValueUtilities.cs
  artifactKey: Guid(9e9a618319be6a04bada8d206987f1e4) Importer(2089858483,b0f066a214c2f5e87bad3c948f4d605d)
Start importing Packages/com.unity.shadergraph/Editor/Util/ValueUtilities.cs using Guid(9e9a618319be6a04bada8d206987f1e4) Importer(2089858483,b0f066a214c2f5e87bad3c948f4d605d) (ScriptedImporter) -> (artifact id: '350d71c2bd6e1740b38013a1344e6936') in 0.0044137 seconds
Number of updated asset objects reloaded before import = 0Number of asset objects unloaded after import = 0

========================================================================
Received Import Request.
  Time since last request: 0.000013 seconds.
  path: Packages/com.unity.shadergraph/GraphTemplates/Cross Pipeline/DecalSimpleTemplateThumbnail.png
  artifactKey: Guid(73df811908489f1408d1bec44aab3a80) Importer(2089858483,b0f066a214c2f5e87bad3c948f4d605d)
Start importing Packages/com.unity.shadergraph/GraphTemplates/Cross Pipeline/DecalSimpleTemplateThumbnail.png using Guid(73df811908489f1408d1bec44aab3a80) Importer(2089858483,b0f066a214c2f5e87bad3c948f4d605d) (ScriptedImporter) -> (artifact id: '627968a11c2965b1651c3f3aaaf8e3d2') in 0.0081391 seconds
Number of updated asset objects reloaded before import = 0Number of asset objects unloaded after import = 0

========================================================================
Received Import Request.
  Time since last request: 0.000017 seconds.
  path: Packages/com.unity.shadergraph/Editor/Data/Graphs/ShaderDropdown.cs
  artifactKey: Guid(cd0a34bae4c34534c8c9f19aab9e8ec8) Importer(2089858483,b0f066a214c2f5e87bad3c948f4d605d)
Start importing Packages/com.unity.shadergraph/Editor/Data/Graphs/ShaderDropdown.cs using Guid(cd0a34bae4c34534c8c9f19aab9e8ec8) Importer(2089858483,b0f066a214c2f5e87bad3c948f4d605d) (ScriptedImporter) -> (artifact id: '9dd714ecc9c61e4fe9057be6d8520e0e') in 0.0053545 seconds
Number of updated asset objects reloaded before import = 0Number of asset objects unloaded after import = 0

========================================================================
Received Import Request.
  Time since last request: 0.000019 seconds.
  path: Packages/com.unity.ai.navigation/Editor/NavMeshAssetManager.cs
  artifactKey: Guid(178d8366aa1616849b91b66285c51454) Importer(2089858483,b0f066a214c2f5e87bad3c948f4d605d)
Start importing Packages/com.unity.ai.navigation/Editor/NavMeshAssetManager.cs using Guid(178d8366aa1616849b91b66285c51454) Importer(2089858483,b0f066a214c2f5e87bad3c948f4d605d) (ScriptedImporter) -> (artifact id: '1461156a20fc22ca219529e8404e5c51') in 0.0033852 seconds
Number of updated asset objects reloaded before import = 0Number of asset objects unloaded after import = 0

========================================================================
Received Import Request.
  Time since last request: 0.000013 seconds.
  path: Packages/com.unity.ai.navigation/EditorResources/Overlay/NavigationOverlay On@64.png
  artifactKey: Guid(151753cf3d5916d4fbf624668c268675) Importer(2089858483,b0f066a214c2f5e87bad3c948f4d605d)
Start importing Packages/com.unity.ai.navigation/EditorResources/Overlay/NavigationOverlay On@64.png using Guid(151753cf3d5916d4fbf624668c268675) Importer(2089858483,b0f066a214c2f5e87bad3c948f4d605d) (ScriptedImporter) -> (artifact id: '7030bd5aa02e124ac57530c8fb2f293e') in 0.0069897 seconds
Number of updated asset objects reloaded before import = 0Number of asset objects unloaded after import = 1

========================================================================
Received Import Request.
  Time since last request: 0.000014 seconds.
  path: Packages/com.unity.shadergraph/Editor/Generation/Controls.cs
  artifactKey: Guid(4f3470767c2eef44f845b47f9ae5538d) Importer(2089858483,b0f066a214c2f5e87bad3c948f4d605d)
Start importing Packages/com.unity.shadergraph/Editor/Generation/Controls.cs using Guid(4f3470767c2eef44f845b47f9ae5538d) Importer(2089858483,b0f066a214c2f5e87bad3c948f4d605d) (ScriptedImporter) -> (artifact id: 'f2367310bab22f16b25fae97d8ab940c') in 0.0042536 seconds
Number of updated asset objects reloaded before import = 0Number of asset objects unloaded after import = 0

========================================================================
Received Import Request.
  Time since last request: 0.000015 seconds.
  path: Packages/com.unity.shadergraph/Editor/Generation/GraphCode.cs
  artifactKey: Guid(42ca4dff865ae4400baa8c54d765a82b) Importer(2089858483,b0f066a214c2f5e87bad3c948f4d605d)
Start importing Packages/com.unity.shadergraph/Editor/Generation/GraphCode.cs using Guid(42ca4dff865ae4400baa8c54d765a82b) Importer(2089858483,b0f066a214c2f5e87bad3c948f4d605d) (ScriptedImporter) -> (artifact id: '9e107dd4478d2fa418aea2b675bab17d') in 0.0040048 seconds
Number of updated asset objects reloaded before import = 0Number of asset objects unloaded after import = 0

========================================================================
Received Import Request.
  Time since last request: 0.000016 seconds.
  path: Packages/com.unity.ai.navigation/Runtime/Unity.AI.Navigation.asmdef
  artifactKey: Guid(8c4dd21966739024fbd72155091d199e) Importer(2089858483,b0f066a214c2f5e87bad3c948f4d605d)
Start importing Packages/com.unity.ai.navigation/Runtime/Unity.AI.Navigation.asmdef using Guid(8c4dd21966739024fbd72155091d199e) Importer(2089858483,b0f066a214c2f5e87bad3c948f4d605d) (ScriptedImporter) -> (artifact id: 'f26c7861226c0afb56e2aa4d6d58e0a2') in 0.0044093 seconds
Number of updated asset objects reloaded before import = 0Number of asset objects unloaded after import = 1

========================================================================
Received Import Request.
  Time since last request: 0.000025 seconds.
  path: Packages/com.unity.shadergraph/Editor/Data/Graphs/Matrix3MaterialSlot.cs
  artifactKey: Guid(5afbdbfda75b8c24ab4c07b8b3deddbe) Importer(2089858483,b0f066a214c2f5e87bad3c948f4d605d)
Start importing Packages/com.unity.shadergraph/Editor/Data/Graphs/Matrix3MaterialSlot.cs using Guid(5afbdbfda75b8c24ab4c07b8b3deddbe) Importer(2089858483,b0f066a214c2f5e87bad3c948f4d605d) (ScriptedImporter) -> (artifact id: 'adbbe6d449d0ec81fc33ab770151673d') in 0.0036604 seconds
Number of updated asset objects reloaded before import = 0Number of asset objects unloaded after import = 0

========================================================================
Received Import Request.
  Time since last request: 0.000016 seconds.
  path: Packages/com.unity.shadergraph/Editor/Data/Interfaces/IMayRequirePosition.cs
  artifactKey: Guid(5ab44fbceb0a1074899755c19bcd75cd) Importer(2089858483,b0f066a214c2f5e87bad3c948f4d605d)
Start importing Packages/com.unity.shadergraph/Editor/Data/Interfaces/IMayRequirePosition.cs using Guid(5ab44fbceb0a1074899755c19bcd75cd) Importer(2089858483,b0f066a214c2f5e87bad3c948f4d605d) (ScriptedImporter) -> (artifact id: '9c8e534612445e39b3d9850a057ebf21') in 0.0036597 seconds
Number of updated asset objects reloaded before import = 0Number of asset objects unloaded after import = 0

========================================================================
Received Import Request.
  Time since last request: 0.000016 seconds.
  path: Packages/com.unity.shadergraph/Editor/Util/TypeMapper.cs
  artifactKey: Guid(f9c0c57b328abb94982f26ec960996d2) Importer(2089858483,b0f066a214c2f5e87bad3c948f4d605d)
Start importing Packages/com.unity.shadergraph/Editor/Util/TypeMapper.cs using Guid(f9c0c57b328abb94982f26ec960996d2) Importer(2089858483,b0f066a214c2f5e87bad3c948f4d605d) (ScriptedImporter) -> (artifact id: '31a3c2b25fa4c7f9b61a51c50fc03742') in 0.0043421 seconds
Number of updated asset objects reloaded before import = 0Number of asset objects unloaded after import = 0

========================================================================
Received Import Request.
  Time since last request: 0.000017 seconds.
  path: Packages/com.unity.shadergraph/Editor/Data/Interfaces/IMayRequireTangent.cs
  artifactKey: Guid(ab1ebec1bc4dee54c9b0df228d5f6609) Importer(2089858483,b0f066a214c2f5e87bad3c948f4d605d)
Start importing Packages/com.unity.shadergraph/Editor/Data/Interfaces/IMayRequireTangent.cs using Guid(ab1ebec1bc4dee54c9b0df228d5f6609) Importer(2089858483,b0f066a214c2f5e87bad3c948f4d605d) (ScriptedImporter) -> (artifact id: '444fdb3c7451efd63e357797d0b23c3d') in 0.003619 seconds
Number of updated asset objects reloaded before import = 0Number of asset objects unloaded after import = 0

========================================================================
Received Import Request.
  Time since last request: 0.000015 seconds.
  path: Packages/com.unity.shadergraph/Editor/Data/Graphs/CubemapShaderProperty.cs
  artifactKey: Guid(ca5ddce766d5ae24f8be282b4f7a21bd) Importer(2089858483,b0f066a214c2f5e87bad3c948f4d605d)
Start importing Packages/com.unity.shadergraph/Editor/Data/Graphs/CubemapShaderProperty.cs using Guid(ca5ddce766d5ae24f8be282b4f7a21bd) Importer(2089858483,b0f066a214c2f5e87bad3c948f4d605d) (ScriptedImporter) -> (artifact id: 'd7f9afb20519248b80bd7ca4c954dfd6') in 0.0037174 seconds
Number of updated asset objects reloaded before import = 0Number of asset objects unloaded after import = 0

========================================================================
Received Import Request.
  Time since last request: 0.000020 seconds.
  path: Packages/com.unity.ai.navigation/EditorResources/Overlay/d_NavigationOverlay On@64.png
  artifactKey: Guid(b3cd430fb0ffe164fa829262bb9e1d4b) Importer(2089858483,b0f066a214c2f5e87bad3c948f4d605d)
Start importing Packages/com.unity.ai.navigation/EditorResources/Overlay/d_NavigationOverlay On@64.png using Guid(b3cd430fb0ffe164fa829262bb9e1d4b) Importer(2089858483,b0f066a214c2f5e87bad3c948f4d605d) (ScriptedImporter) -> (artifact id: '69ea9d812ebe27e1d34331c4ac545eee') in 0.0069928 seconds
Number of updated asset objects reloaded before import = 0Number of asset objects unloaded after import = 1

========================================================================
Received Import Request.
  Time since last request: 0.000020 seconds.
  path: Packages/com.unity.shadergraph/Editor/Resources/Resizable.uss
  artifactKey: Guid(419e3929026046a4797ab0c35f33a788) Importer(2089858483,b0f066a214c2f5e87bad3c948f4d605d)
Start importing Packages/com.unity.shadergraph/Editor/Resources/Resizable.uss using Guid(419e3929026046a4797ab0c35f33a788) Importer(2089858483,b0f066a214c2f5e87bad3c948f4d605d) (ScriptedImporter) -> (artifact id: '20d9e0e942e4f3c33dddde88d5673e08') in 0.0133177 seconds
Number of updated asset objects reloaded before import = 0Number of asset objects unloaded after import = 1

========================================================================
Received Import Request.
  Time since last request: 0.000016 seconds.
  path: Packages/com.unity.ai.navigation/Editor/NavigationOverlay.cs
  artifactKey: Guid(c660403886dc4a449f55327665b10bbb) Importer(2089858483,b0f066a214c2f5e87bad3c948f4d605d)
Start importing Packages/com.unity.ai.navigation/Editor/NavigationOverlay.cs using Guid(c660403886dc4a449f55327665b10bbb) Importer(2089858483,b0f066a214c2f5e87bad3c948f4d605d) (ScriptedImporter) -> (artifact id: 'a3d9d51b73a414b65e651c2864ccad15') in 0.0040245 seconds
Number of updated asset objects reloaded before import = 0Number of asset objects unloaded after import = 0

========================================================================
Received Import Request.
  Time since last request: 0.000019 seconds.
  path: Packages/com.unity.shadergraph/Editor/Generation/SubTarget.cs
  artifactKey: Guid(ddc040fb5e886c94e85be95d73cfdef8) Importer(2089858483,b0f066a214c2f5e87bad3c948f4d605d)
Start importing Packages/com.unity.shadergraph/Editor/Generation/SubTarget.cs using Guid(ddc040fb5e886c94e85be95d73cfdef8) Importer(2089858483,b0f066a214c2f5e87bad3c948f4d605d) (ScriptedImporter) -> (artifact id: '61650fe7f755bc20f98f69cf502b9ce9') in 0.0037369 seconds
Number of updated asset objects reloaded before import = 0Number of asset objects unloaded after import = 0

========================================================================
Received Import Request.
  Time since last request: 0.000014 seconds.
  path: Packages/com.unity.shadergraph/Editor/Data/Graphs/DefaultVector2MaterialSlot.cs
  artifactKey: Guid(a2a07faeb385402e85122a34d1680458) Importer(2089858483,b0f066a214c2f5e87bad3c948f4d605d)
Start importing Packages/com.unity.shadergraph/Editor/Data/Graphs/DefaultVector2MaterialSlot.cs using Guid(a2a07faeb385402e85122a34d1680458) Importer(2089858483,b0f066a214c2f5e87bad3c948f4d605d) (ScriptedImporter) -> (artifact id: '00a604837b1481db3b7ded5f2a93e92c') in 0.0039676 seconds
Number of updated asset objects reloaded before import = 0Number of asset objects unloaded after import = 0

========================================================================
Received Import Request.
  Time since last request: 0.000016 seconds.
  path: Packages/com.unity.shadergraph/Editor/Data/Actions/GraphViewActions.cs
  artifactKey: Guid(c23c319581174ecdbc4573a81ed6b598) Importer(2089858483,b0f066a214c2f5e87bad3c948f4d605d)
Start importing Packages/com.unity.shadergraph/Editor/Data/Actions/GraphViewActions.cs using Guid(c23c319581174ecdbc4573a81ed6b598) Importer(2089858483,b0f066a214c2f5e87bad3c948f4d605d) (ScriptedImporter) -> (artifact id: 'a81e21808733f1b1329efc7d4a10328b') in 0.0050158 seconds
Number of updated asset objects reloaded before import = 0Number of asset objects unloaded after import = 0

========================================================================
Received Import Request.
  Time since last request: 0.000020 seconds.
  path: Packages/com.unity.shadergraph/GraphTemplates/Subgraphs/CanvasLinearSpaceConversion.hlsl
  artifactKey: Guid(ebc2de0dabf4215478451d72641762ff) Importer(2089858483,b0f066a214c2f5e87bad3c948f4d605d)
Start importing Packages/com.unity.shadergraph/GraphTemplates/Subgraphs/CanvasLinearSpaceConversion.hlsl using Guid(ebc2de0dabf4215478451d72641762ff) Importer(2089858483,b0f066a214c2f5e87bad3c948f4d605d) (ScriptedImporter) -> (artifact id: '12a236c7bc487cc4948257c359397960') in 0.0034931 seconds
Number of updated asset objects reloaded before import = 0Number of asset objects unloaded after import = 1

========================================================================
Received Import Request.
  Time since last request: 0.000017 seconds.
  path: Packages/com.unity.shadergraph/Editor/Data/Graphs/LightmappingShaderProperties.cs
  artifactKey: Guid(c8591c94b6db465586cce42a9bd2a399) Importer(2089858483,b0f066a214c2f5e87bad3c948f4d605d)
Start importing Packages/com.unity.shadergraph/Editor/Data/Graphs/LightmappingShaderProperties.cs using Guid(c8591c94b6db465586cce42a9bd2a399) Importer(2089858483,b0f066a214c2f5e87bad3c948f4d605d) (ScriptedImporter) -> (artifact id: '3753fd9cfa2dd0ba3f0ee38f82b9556c') in 0.0035352 seconds
Number of updated asset objects reloaded before import = 0Number of asset objects unloaded after import = 0

========================================================================
Received Import Request.
  Time since last request: 0.000014 seconds.
  path: Packages/com.unity.test-framework.performance/Editor/PerformanceTestRunSaver.cs
  artifactKey: Guid(62eec8a012ecc7c4a8b5a38b5dc130e4) Importer(2089858483,b0f066a214c2f5e87bad3c948f4d605d)
Start importing Packages/com.unity.test-framework.performance/Editor/PerformanceTestRunSaver.cs using Guid(62eec8a012ecc7c4a8b5a38b5dc130e4) Importer(2089858483,b0f066a214c2f5e87bad3c948f4d605d) (ScriptedImporter) -> (artifact id: '8cba0d390f7f82c2d3c04ba2a986574f') in 0.0036494 seconds
Number of updated asset objects reloaded before import = 0Number of asset objects unloaded after import = 0

========================================================================
Received Import Request.
  Time since last request: 0.000013 seconds.
  path: Packages/com.unity.timeline/Editor/StyleSheets/Images/LightSkin/TimelineInfiniteTrackNoShadow.png
  artifactKey: Guid(69ff79f863a32ad44a9497d4896d9d1c) Importer(2089858483,b0f066a214c2f5e87bad3c948f4d605d)
Start importing Packages/com.unity.timeline/Editor/StyleSheets/Images/LightSkin/TimelineInfiniteTrackNoShadow.png using Guid(69ff79f863a32ad44a9497d4896d9d1c) Importer(2089858483,b0f066a214c2f5e87bad3c948f4d605d) (ScriptedImporter) -> (artifact id: 'd1035755e5d054c6a40d136dd7b89337') in 0.006846 seconds
Number of updated asset objects reloaded before import = 0Number of asset objects unloaded after import = 1

========================================================================
Received Import Request.
  Time since last request: 0.000017 seconds.
  path: Packages/com.unity.timeline/Editor/StyleSheets/Images/Icons/TrackRecordButtonEnabled@2x.png
  artifactKey: Guid(8fdae4ac756ed6047b01021ff0cc3ebb) Importer(2089858483,b0f066a214c2f5e87bad3c948f4d605d)
Start importing Packages/com.unity.timeline/Editor/StyleSheets/Images/Icons/TrackRecordButtonEnabled@2x.png using Guid(8fdae4ac756ed6047b01021ff0cc3ebb) Importer(2089858483,b0f066a214c2f5e87bad3c948f4d605d) (ScriptedImporter) -> (artifact id: '16258df5a670feae3ba070ca71ae73a7') in 0.0066576 seconds
Number of updated asset objects reloaded before import = 0Number of asset objects unloaded after import = 1

========================================================================
Received Import Request.
  Time since last request: 0.000014 seconds.
  path: Packages/com.unity.timeline/Editor/StyleSheets/Images/Icons/TrackMuteButtonDisabled@2x.png
  artifactKey: Guid(db31466324572e740a431e4e0e03a016) Importer(2089858483,b0f066a214c2f5e87bad3c948f4d605d)
Start importing Packages/com.unity.timeline/Editor/StyleSheets/Images/Icons/TrackMuteButtonDisabled@2x.png using Guid(db31466324572e740a431e4e0e03a016) Importer(2089858483,b0f066a214c2f5e87bad3c948f4d605d) (ScriptedImporter) -> (artifact id: '71925818e53aad74330f500af9a8708e') in 0.0066686 seconds
Number of updated asset objects reloaded before import = 0Number of asset objects unloaded after import = 1

========================================================================
Received Import Request.
  Time since last request: 0.000019 seconds.
  path: Packages/com.unity.test-framework.performance/Runtime/Attributes/PerformanceAttribute.cs
  artifactKey: Guid(f97b05006f7e8f34bbde1823b11b5308) Importer(2089858483,b0f066a214c2f5e87bad3c948f4d605d)
Start importing Packages/com.unity.test-framework.performance/Runtime/Attributes/PerformanceAttribute.cs using Guid(f97b05006f7e8f34bbde1823b11b5308) Importer(2089858483,b0f066a214c2f5e87bad3c948f4d605d) (ScriptedImporter) -> (artifact id: '45453927395424c37efbd4e47f9c1054') in 0.003835 seconds
Number of updated asset objects reloaded before import = 0Number of asset objects unloaded after import = 0

========================================================================
Received Import Request.
  Time since last request: 0.000017 seconds.
  path: Packages/com.unity.shadergraph/Editor/Utilities/AssemblyInfo.cs
  artifactKey: Guid(6df296665d3d1403ea55bcc9c40cfabf) Importer(2089858483,b0f066a214c2f5e87bad3c948f4d605d)
Start importing Packages/com.unity.shadergraph/Editor/Utilities/AssemblyInfo.cs using Guid(6df296665d3d1403ea55bcc9c40cfabf) Importer(2089858483,b0f066a214c2f5e87bad3c948f4d605d) (ScriptedImporter) -> (artifact id: '5023060367ae00ccf14e7be137edbb60') in 0.0032714 seconds
Number of updated asset objects reloaded before import = 0Number of asset objects unloaded after import = 0

========================================================================
Received Import Request.
  Time since last request: 0.000015 seconds.
  path: Packages/com.unity.ai.navigation/EditorResources/Overlay/d_NavigationOverlay@32.png
  artifactKey: Guid(6f3c566cd9f63c9408d201ea50b51444) Importer(2089858483,b0f066a214c2f5e87bad3c948f4d605d)
Start importing Packages/com.unity.ai.navigation/EditorResources/Overlay/d_NavigationOverlay@32.png using Guid(6f3c566cd9f63c9408d201ea50b51444) Importer(2089858483,b0f066a214c2f5e87bad3c948f4d605d) (ScriptedImporter) -> (artifact id: '080c6456245bbe41d4d90603745234db') in 0.0068717 seconds
Number of updated asset objects reloaded before import = 0Number of asset objects unloaded after import = 1

========================================================================
Received Import Request.
  Time since last request: 0.000013 seconds.
  path: Packages/com.unity.shadergraph/GraphTemplates/Subgraphs/Face Normal.shadersubgraph
  artifactKey: Guid(e1024532a1a801f41a6f45f93c8da7a8) Importer(2089858483,b0f066a214c2f5e87bad3c948f4d605d)
Start importing Packages/com.unity.shadergraph/GraphTemplates/Subgraphs/Face Normal.shadersubgraph using Guid(e1024532a1a801f41a6f45f93c8da7a8) Importer(2089858483,b0f066a214c2f5e87bad3c948f4d605d) (ScriptedImporter) -> (artifact id: '07a00c73f59e5555533a6e39a0044dfe') in 0.0101258 seconds
Number of updated asset objects reloaded before import = 0Number of asset objects unloaded after import = 1

========================================================================
Received Import Request.
  Time since last request: 0.000017 seconds.
  path: Packages/com.unity.shadergraph/Editor/Data/Graphs/NormalMaterialSlot.cs
  artifactKey: Guid(08969711a3defe445a6803416d676b5b) Importer(2089858483,b0f066a214c2f5e87bad3c948f4d605d)
Start importing Packages/com.unity.shadergraph/Editor/Data/Graphs/NormalMaterialSlot.cs using Guid(08969711a3defe445a6803416d676b5b) Importer(2089858483,b0f066a214c2f5e87bad3c948f4d605d) (ScriptedImporter) -> (artifact id: '36c62115ea6332bb0da93fbfc419cda8') in 0.0044865 seconds
Number of updated asset objects reloaded before import = 0Number of asset objects unloaded after import = 0

========================================================================
Received Import Request.
  Time since last request: 0.000026 seconds.
  path: Packages/com.unity.shadergraph/GraphTemplates/Subgraphs/Canvas Color.shadersubgraph
  artifactKey: Guid(74f647076bca3d442bc4a6ace5daf59f) Importer(2089858483,b0f066a214c2f5e87bad3c948f4d605d)
Start importing Packages/com.unity.shadergraph/GraphTemplates/Subgraphs/Canvas Color.shadersubgraph using Guid(74f647076bca3d442bc4a6ace5daf59f) Importer(2089858483,b0f066a214c2f5e87bad3c948f4d605d) (ScriptedImporter) -> (artifact id: 'f2d4e3a7c4ba687494597e8211247420') in 0.0076854 seconds
Number of updated asset objects reloaded before import = 0Number of asset objects unloaded after import = 1

========================================================================
Received Import Request.
  Time since last request: 0.000015 seconds.
  path: Packages/com.unity.shadergraph/Editor/Generation/ShaderGraphVfxAsset.cs
  artifactKey: Guid(43f4de31cc4ea49b8ab005fb966d553c) Importer(2089858483,b0f066a214c2f5e87bad3c948f4d605d)
Start importing Packages/com.unity.shadergraph/Editor/Generation/ShaderGraphVfxAsset.cs using Guid(43f4de31cc4ea49b8ab005fb966d553c) Importer(2089858483,b0f066a214c2f5e87bad3c948f4d605d) (ScriptedImporter) -> (artifact id: '433ff5715a7bd7df4228d770a397003c') in 0.0045478 seconds
Number of updated asset objects reloaded before import = 0Number of asset objects unloaded after import = 1

========================================================================
Received Import Request.
  Time since last request: 0.000021 seconds.
  path: Packages/com.unity.shadergraph/Editor/Data/Graphs/PreviewProperty.cs
  artifactKey: Guid(b61922288469cb5438e9b4118b11a4d9) Importer(2089858483,b0f066a214c2f5e87bad3c948f4d605d)
Start importing Packages/com.unity.shadergraph/Editor/Data/Graphs/PreviewProperty.cs using Guid(b61922288469cb5438e9b4118b11a4d9) Importer(2089858483,b0f066a214c2f5e87bad3c948f4d605d) (ScriptedImporter) -> (artifact id: 'd61cf967e9ef6a401c0cb1d70a54e0dc') in 0.0041758 seconds
Number of updated asset objects reloaded before import = 0Number of asset objects unloaded after import = 0

========================================================================
Received Import Request.
  Time since last request: 0.000015 seconds.
  path: Packages/com.unity.ai.navigation/EditorResources/Overlay/d_NavigationOverlay@2x.png
  artifactKey: Guid(7d5867654fa2bf448b06f384143ceca7) Importer(2089858483,b0f066a214c2f5e87bad3c948f4d605d)
Start importing Packages/com.unity.ai.navigation/EditorResources/Overlay/d_NavigationOverlay@2x.png using Guid(7d5867654fa2bf448b06f384143ceca7) Importer(2089858483,b0f066a214c2f5e87bad3c948f4d605d) (ScriptedImporter) -> (artifact id: '5364f7a535fefeaf7b4da403768bbf04') in 0.0076702 seconds
Number of updated asset objects reloaded before import = 0Number of asset objects unloaded after import = 1

========================================================================
Received Import Request.
  Time since last request: 0.000013 seconds.
  path: Packages/com.unity.shadergraph/Editor/Data/Graphs/Texture2DArrayShaderProperty.cs
  artifactKey: Guid(3e63504c5144748fd844c188e96e941b) Importer(2089858483,b0f066a214c2f5e87bad3c948f4d605d)
Start importing Packages/com.unity.shadergraph/Editor/Data/Graphs/Texture2DArrayShaderProperty.cs using Guid(3e63504c5144748fd844c188e96e941b) Importer(2089858483,b0f066a214c2f5e87bad3c948f4d605d) (ScriptedImporter) -> (artifact id: '5192e869f7f219b06eb04ca7f280a7a9') in 0.0038128 seconds
Number of updated asset objects reloaded before import = 0Number of asset objects unloaded after import = 0

========================================================================
Received Import Request.
  Time since last request: 0.000016 seconds.
  path: Packages/com.unity.shadergraph/Editor/Data/Graphs/ShaderKeyword.cs
  artifactKey: Guid(a2b15be9dfcb8f4489611736870ba109) Importer(2089858483,b0f066a214c2f5e87bad3c948f4d605d)
Start importing Packages/com.unity.shadergraph/Editor/Data/Graphs/ShaderKeyword.cs using Guid(a2b15be9dfcb8f4489611736870ba109) Importer(2089858483,b0f066a214c2f5e87bad3c948f4d605d) (ScriptedImporter) -> (artifact id: 'ab67ec834463391def3f2ff58ca4fa47') in 0.0037814 seconds
Number of updated asset objects reloaded before import = 0Number of asset objects unloaded after import = 0

========================================================================
Received Import Request.
  Time since last request: 0.000023 seconds.
  path: Packages/com.unity.timeline/Editor/StyleSheets/Images/LightSkin/TimelineLoop.png
  artifactKey: Guid(c7df1e797b21c774f9b859d17f674737) Importer(2089858483,b0f066a214c2f5e87bad3c948f4d605d)
Start importing Packages/com.unity.timeline/Editor/StyleSheets/Images/LightSkin/TimelineLoop.png using Guid(c7df1e797b21c774f9b859d17f674737) Importer(2089858483,b0f066a214c2f5e87bad3c948f4d605d) (ScriptedImporter) -> (artifact id: '94d65e7a640e7413144cba45d6cbf3b4') in 0.0071212 seconds
Number of updated asset objects reloaded before import = 0Number of asset objects unloaded after import = 1

========================================================================
Received Import Request.
  Time since last request: 0.000013 seconds.
  path: Packages/com.unity.shadergraph/Editor/Drawing/SearchWindowProvider.cs
  artifactKey: Guid(2cc3fd443c2a4dcc95b30a8ef3eaa6d3) Importer(2089858483,b0f066a214c2f5e87bad3c948f4d605d)
Start importing Packages/com.unity.shadergraph/Editor/Drawing/SearchWindowProvider.cs using Guid(2cc3fd443c2a4dcc95b30a8ef3eaa6d3) Importer(2089858483,b0f066a214c2f5e87bad3c948f4d605d) (ScriptedImporter) -> (artifact id: '223b2fc3b6faf43f617351caabc322bd') in 0.0041791 seconds
Number of updated asset objects reloaded before import = 0Number of asset objects unloaded after import = 0

========================================================================
Received Import Request.
  Time since last request: 0.000012 seconds.
  path: Packages/com.unity.shadergraph/Editor/Data/Graphs/MatrixShaderProperty.cs
  artifactKey: Guid(79075442664faac49b00b4c93d28e08b) Importer(2089858483,b0f066a214c2f5e87bad3c948f4d605d)
Start importing Packages/com.unity.shadergraph/Editor/Data/Graphs/MatrixShaderProperty.cs using Guid(79075442664faac49b00b4c93d28e08b) Importer(2089858483,b0f066a214c2f5e87bad3c948f4d605d) (ScriptedImporter) -> (artifact id: '56f0e8e54c25eddb9b874f19243f4ea8') in 0.0041833 seconds
Number of updated asset objects reloaded before import = 0Number of asset objects unloaded after import = 0

========================================================================
Received Import Request.
  Time since last request: 0.000016 seconds.
  path: Packages/com.unity.test-framework.performance/Runtime/Data/SampleGroup.cs
  artifactKey: Guid(ea30bf37a2f167f4aa4086531e8d5b03) Importer(2089858483,b0f066a214c2f5e87bad3c948f4d605d)
Start importing Packages/com.unity.test-framework.performance/Runtime/Data/SampleGroup.cs using Guid(ea30bf37a2f167f4aa4086531e8d5b03) Importer(2089858483,b0f066a214c2f5e87bad3c948f4d605d) (ScriptedImporter) -> (artifact id: '45ea67170d14eec37545c0c1618e0c0a') in 0.0033048 seconds
Number of updated asset objects reloaded before import = 0Number of asset objects unloaded after import = 0

========================================================================
Received Import Request.
  Time since last request: 0.000012 seconds.
  path: Packages/com.unity.shadergraph/Editor/Data/Graphs/GradientShaderProperty.cs
  artifactKey: Guid(544078fab8a6b410f907cc3ae58d977f) Importer(2089858483,b0f066a214c2f5e87bad3c948f4d605d)
Start importing Packages/com.unity.shadergraph/Editor/Data/Graphs/GradientShaderProperty.cs using Guid(544078fab8a6b410f907cc3ae58d977f) Importer(2089858483,b0f066a214c2f5e87bad3c948f4d605d) (ScriptedImporter) -> (artifact id: 'a9244a3fc0d8cf1158b5919e62328080') in 0.0037113 seconds
Number of updated asset objects reloaded before import = 0Number of asset objects unloaded after import = 0

========================================================================
Received Import Request.
  Time since last request: 0.000018 seconds.
  path: Packages/com.unity.shadergraph/GraphTemplates/Subgraphs/UV Scale.shadersubgraph
  artifactKey: Guid(60f6b7b276d03134e9b565b19546e94c) Importer(2089858483,b0f066a214c2f5e87bad3c948f4d605d)
Start importing Packages/com.unity.shadergraph/GraphTemplates/Subgraphs/UV Scale.shadersubgraph using Guid(60f6b7b276d03134e9b565b19546e94c) Importer(2089858483,b0f066a214c2f5e87bad3c948f4d605d) (ScriptedImporter) -> (artifact id: '57fe3a874cd1d42405a0d50f91bf1b58') in 0.006073 seconds
Number of updated asset objects reloaded before import = 0Number of asset objects unloaded after import = 1

========================================================================
Received Import Request.
  Time since last request: 0.000017 seconds.
  path: Packages/com.unity.shadergraph/Tests/Editor/Unity.ShaderGraph.Editor.Tests.asmdef
  artifactKey: Guid(bf9b048907d0a604eab6a5552630c26d) Importer(2089858483,b0f066a214c2f5e87bad3c948f4d605d)
Start importing Packages/com.unity.shadergraph/Tests/Editor/Unity.ShaderGraph.Editor.Tests.asmdef using Guid(bf9b048907d0a604eab6a5552630c26d) Importer(2089858483,b0f066a214c2f5e87bad3c948f4d605d) (ScriptedImporter) -> (artifact id: 'f28ade9ddb04bed56fc942c15caf055b') in 0.0037949 seconds
Number of updated asset objects reloaded before import = 0Number of asset objects unloaded after import = 1

========================================================================
Received Import Request.
  Time since last request: 0.000013 seconds.
  path: Packages/com.unity.shadergraph/Editor/Data/Interfaces/IInspectable.cs
  artifactKey: Guid(52cd086fd60734d89b34f49bd73e7510) Importer(2089858483,b0f066a214c2f5e87bad3c948f4d605d)
Start importing Packages/com.unity.shadergraph/Editor/Data/Interfaces/IInspectable.cs using Guid(52cd086fd60734d89b34f49bd73e7510) Importer(2089858483,b0f066a214c2f5e87bad3c948f4d605d) (ScriptedImporter) -> (artifact id: '435f118b42504d352ce7a40a0c8b4229') in 0.0045551 seconds
Number of updated asset objects reloaded before import = 0Number of asset objects unloaded after import = 0

========================================================================
Received Import Request.
  Time since last request: 0.000013 seconds.
  path: Packages/com.unity.test-framework.performance/Runtime/Meters/IStopWatch.cs
  artifactKey: Guid(c9c6fc292cac43d7a2bc05803fd5f49f) Importer(2089858483,b0f066a214c2f5e87bad3c948f4d605d)
Start importing Packages/com.unity.test-framework.performance/Runtime/Meters/IStopWatch.cs using Guid(c9c6fc292cac43d7a2bc05803fd5f49f) Importer(2089858483,b0f066a214c2f5e87bad3c948f4d605d) (ScriptedImporter) -> (artifact id: '54a569babbe4d88eb7d290782160cc27') in 0.0037688 seconds
Number of updated asset objects reloaded before import = 0Number of asset objects unloaded after import = 0

========================================================================
Received Import Request.
  Time since last request: 0.000016 seconds.
  path: Packages/com.unity.timeline/Editor/StyleSheets/Images/LightSkin/TimelineAutokey_active@2x.png
  artifactKey: Guid(f6717d61970edba4686c297677881a77) Importer(2089858483,b0f066a214c2f5e87bad3c948f4d605d)
Start importing Packages/com.unity.timeline/Editor/StyleSheets/Images/LightSkin/TimelineAutokey_active@2x.png using Guid(f6717d61970edba4686c297677881a77) Importer(2089858483,b0f066a214c2f5e87bad3c948f4d605d) (ScriptedImporter) -> (artifact id: '95adca9bde965b8024c938d7fddb4ac0') in 0.0071575 seconds
Number of updated asset objects reloaded before import = 0Number of asset objects unloaded after import = 1

========================================================================
Received Import Request.
  Time since last request: 0.000013 seconds.
  path: Packages/com.unity.ai.navigation/Editor/AssemblyInfo.cs
  artifactKey: Guid(b436bc9c47bb45bd98478a478a2608f8) Importer(2089858483,b0f066a214c2f5e87bad3c948f4d605d)
Start importing Packages/com.unity.ai.navigation/Editor/AssemblyInfo.cs using Guid(b436bc9c47bb45bd98478a478a2608f8) Importer(2089858483,b0f066a214c2f5e87bad3c948f4d605d) (ScriptedImporter) -> (artifact id: 'ab218cb986a1649eff7b927ff3ab6cd4') in 0.0033438 seconds
Number of updated asset objects reloaded before import = 0Number of asset objects unloaded after import = 0

========================================================================
Received Import Request.
  Time since last request: 0.000017 seconds.
  path: Packages/com.unity.shadergraph/Editor/Importers/ShaderGraphImporterEditor.cs
  artifactKey: Guid(575791f1eb8b54602829004c8bcbe802) Importer(2089858483,b0f066a214c2f5e87bad3c948f4d605d)
Start importing Packages/com.unity.shadergraph/Editor/Importers/ShaderGraphImporterEditor.cs using Guid(575791f1eb8b54602829004c8bcbe802) Importer(2089858483,b0f066a214c2f5e87bad3c948f4d605d) (ScriptedImporter) -> (artifact id: '3118f5bf687beb8fb3efd947811b8a2a') in 0.0035849 seconds
Number of updated asset objects reloaded before import = 0Number of asset objects unloaded after import = 0

========================================================================
Received Import Request.
  Time since last request: 0.000019 seconds.
  path: Packages/com.unity.shadergraph/Editor/Serialization/MultiJson.cs
  artifactKey: Guid(1047c74693784ac4b128290963840500) Importer(2089858483,b0f066a214c2f5e87bad3c948f4d605d)
Start importing Packages/com.unity.shadergraph/Editor/Serialization/MultiJson.cs using Guid(1047c74693784ac4b128290963840500) Importer(2089858483,b0f066a214c2f5e87bad3c948f4d605d) (ScriptedImporter) -> (artifact id: '336f0cb8ef42df8a2fde491414345e24') in 0.0035036 seconds
Number of updated asset objects reloaded before import = 0Number of asset objects unloaded after import = 0

========================================================================
Received Import Request.
  Time since last request: 0.000016 seconds.
  path: Packages/com.unity.shadergraph/Editor/Util/TypeMapping.cs
  artifactKey: Guid(53ba6b433697da6468377c205573f728) Importer(2089858483,b0f066a214c2f5e87bad3c948f4d605d)
Start importing Packages/com.unity.shadergraph/Editor/Util/TypeMapping.cs using Guid(53ba6b433697da6468377c205573f728) Importer(2089858483,b0f066a214c2f5e87bad3c948f4d605d) (ScriptedImporter) -> (artifact id: 'd299e847e9c873d6404d1baefc3a0553') in 0.0035756 seconds
Number of updated asset objects reloaded before import = 0Number of asset objects unloaded after import = 0

========================================================================
Received Import Request.
  Time since last request: 0.000015 seconds.
  path: Packages/com.unity.shadergraph/Editor/Utilities/StringBuilderExtensions.cs
  artifactKey: Guid(c99436ed641c943e681289b0e47e3574) Importer(2089858483,b0f066a214c2f5e87bad3c948f4d605d)
Start importing Packages/com.unity.shadergraph/Editor/Utilities/StringBuilderExtensions.cs using Guid(c99436ed641c943e681289b0e47e3574) Importer(2089858483,b0f066a214c2f5e87bad3c948f4d605d) (ScriptedImporter) -> (artifact id: '124bb7ab229eae9d8e8d0879937faad1') in 0.003818 seconds
Number of updated asset objects reloaded before import = 0Number of asset objects unloaded after import = 0

========================================================================
Received Import Request.
  Time since last request: 0.000014 seconds.
  path: Packages/com.unity.ai.navigation/Runtime/HelpUrls.cs
  artifactKey: Guid(6ad3f38e8fe7c4058ad4c718b8774a9e) Importer(2089858483,b0f066a214c2f5e87bad3c948f4d605d)
Start importing Packages/com.unity.ai.navigation/Runtime/HelpUrls.cs using Guid(6ad3f38e8fe7c4058ad4c718b8774a9e) Importer(2089858483,b0f066a214c2f5e87bad3c948f4d605d) (ScriptedImporter) -> (artifact id: '2eccfdc4e282d14aa2a22f78459ef5cb') in 0.0033726 seconds
Number of updated asset objects reloaded before import = 0Number of asset objects unloaded after import = 0

========================================================================
Received Import Request.
  Time since last request: 0.000020 seconds.
  path: Packages/com.unity.shadergraph/Editor/Data/Interfaces/IMayRequirePositionPredisplacement.cs
  artifactKey: Guid(373b5414d0e188d40a2ece99c22d0915) Importer(2089858483,b0f066a214c2f5e87bad3c948f4d605d)
Start importing Packages/com.unity.shadergraph/Editor/Data/Interfaces/IMayRequirePositionPredisplacement.cs using Guid(373b5414d0e188d40a2ece99c22d0915) Importer(2089858483,b0f066a214c2f5e87bad3c948f4d605d) (ScriptedImporter) -> (artifact id: 'e64baaa95386c95b231a8ca208ac5520') in 0.0035957 seconds
Number of updated asset objects reloaded before import = 0Number of asset objects unloaded after import = 0

========================================================================
Received Import Request.
  Time since last request: 0.000025 seconds.
  path: Packages/com.unity.ai.navigation/Runtime/NavMeshModifier.cs
  artifactKey: Guid(1e3fdca004f2d45fe8abbed571a8abd5) Importer(2089858483,b0f066a214c2f5e87bad3c948f4d605d)
Start importing Packages/com.unity.ai.navigation/Runtime/NavMeshModifier.cs using Guid(1e3fdca004f2d45fe8abbed571a8abd5) Importer(2089858483,b0f066a214c2f5e87bad3c948f4d605d) (ScriptedImporter) -> (artifact id: 'ef20cc04228591fbded58c83b42e3f8e') in 0.0056603 seconds
Number of updated asset objects reloaded before import = 0Number of asset objects unloaded after import = 1

========================================================================
Received Import Request.
  Time since last request: 0.000033 seconds.
  path: Packages/com.unity.test-framework.performance/Editor/TestRunBuilder.cs
  artifactKey: Guid(3e68133cd13ef104088b87bbf4f00320) Importer(2089858483,b0f066a214c2f5e87bad3c948f4d605d)
Start importing Packages/com.unity.test-framework.performance/Editor/TestRunBuilder.cs using Guid(3e68133cd13ef104088b87bbf4f00320) Importer(2089858483,b0f066a214c2f5e87bad3c948f4d605d) (ScriptedImporter) -> (artifact id: '36f5f46fec6963df471b5cef51e48959') in 0.0043912 seconds
Number of updated asset objects reloaded before import = 0Number of asset objects unloaded after import = 0

========================================================================
Received Import Request.
  Time since last request: 0.000013 seconds.
  path: Packages/com.unity.ai.navigation/Gizmos/NavMeshSurface Icon.png
  artifactKey: Guid(e4f97225bcfb64760a1c81f460837f01) Importer(2089858483,b0f066a214c2f5e87bad3c948f4d605d)
Start importing Packages/com.unity.ai.navigation/Gizmos/NavMeshSurface Icon.png using Guid(e4f97225bcfb64760a1c81f460837f01) Importer(2089858483,b0f066a214c2f5e87bad3c948f4d605d) (ScriptedImporter) -> (artifact id: '1fd329ccf56509d08447b4843ee9ddb3') in 0.0076973 seconds
Number of updated asset objects reloaded before import = 0Number of asset objects unloaded after import = 1

========================================================================
Received Import Request.
  Time since last request: 0.000013 seconds.
  path: Packages/com.unity.shadergraph/Editor/Data/Graphs/UVMaterialSlot.cs
  artifactKey: Guid(33b78bbe7d29809499c4e314b196f3cf) Importer(2089858483,b0f066a214c2f5e87bad3c948f4d605d)
Start importing Packages/com.unity.shadergraph/Editor/Data/Graphs/UVMaterialSlot.cs using Guid(33b78bbe7d29809499c4e314b196f3cf) Importer(2089858483,b0f066a214c2f5e87bad3c948f4d605d) (ScriptedImporter) -> (artifact id: 'ca0ea9f664f309d9449b1adfcdaeee89') in 0.0041516 seconds
Number of updated asset objects reloaded before import = 0Number of asset objects unloaded after import = 0

========================================================================
Received Import Request.
  Time since last request: 0.000013 seconds.
  path: Packages/com.unity.ai.navigation/Editor/ConversionSystem/converter_editor.uxml
  artifactKey: Guid(cd1eb3c3c695c494d855ea678fe7395b) Importer(2089858483,b0f066a214c2f5e87bad3c948f4d605d)
Start importing Packages/com.unity.ai.navigation/Editor/ConversionSystem/converter_editor.uxml using Guid(cd1eb3c3c695c494d855ea678fe7395b) Importer(2089858483,b0f066a214c2f5e87bad3c948f4d605d) (ScriptedImporter) -> (artifact id: '5117eefcd4c8ca0e97958e7e947fc3b6') in 0.043383 seconds
Number of updated asset objects reloaded before import = 0Number of asset objects unloaded after import = 2

========================================================================
Received Import Request.
  Time since last request: 0.000016 seconds.
  path: Packages/com.unity.shadergraph/Editor/ShaderGraphToolbarExtension.cs
  artifactKey: Guid(c5ef7306e5722094a96fcf2c37d286eb) Importer(2089858483,b0f066a214c2f5e87bad3c948f4d605d)
Start importing Packages/com.unity.shadergraph/Editor/ShaderGraphToolbarExtension.cs using Guid(c5ef7306e5722094a96fcf2c37d286eb) Importer(2089858483,b0f066a214c2f5e87bad3c948f4d605d) (ScriptedImporter) -> (artifact id: '6bc1524e9d65ce70837d5212140e559e') in 0.0036262 seconds
Number of updated asset objects reloaded before import = 0Number of asset objects unloaded after import = 0

========================================================================
Received Import Request.
  Time since last request: 0.000026 seconds.
  path: Packages/com.unity.shadergraph/GraphTemplates/Subgraphs/Sample Flipbook Motion Vector.shadersubgraph
  artifactKey: Guid(e98ef91f2346c4c57a3cfbb4347ff978) Importer(2089858483,b0f066a214c2f5e87bad3c948f4d605d)
Start importing Packages/com.unity.shadergraph/GraphTemplates/Subgraphs/Sample Flipbook Motion Vector.shadersubgraph using Guid(e98ef91f2346c4c57a3cfbb4347ff978) Importer(2089858483,b0f066a214c2f5e87bad3c948f4d605d) (ScriptedImporter) -> (artifact id: '953efc7636b77273f5bb4e07bdec42db') in 0.007403 seconds
Number of updated asset objects reloaded before import = 0Number of asset objects unloaded after import = 1

========================================================================
Received Import Request.
  Time since last request: 0.000015 seconds.
  path: Packages/com.unity.shadergraph/Editor/Data/Graphs/Texture2DArrayMaterialSlot.cs
  artifactKey: Guid(b87c46f06c359416e8bf44a90c7737d8) Importer(2089858483,b0f066a214c2f5e87bad3c948f4d605d)
Start importing Packages/com.unity.shadergraph/Editor/Data/Graphs/Texture2DArrayMaterialSlot.cs using Guid(b87c46f06c359416e8bf44a90c7737d8) Importer(2089858483,b0f066a214c2f5e87bad3c948f4d605d) (ScriptedImporter) -> (artifact id: 'efda358387f50d596390ed9f13d0dd92') in 0.0039213 seconds
Number of updated asset objects reloaded before import = 0Number of asset objects unloaded after import = 0

========================================================================
Received Import Request.
  Time since last request: 0.000022 seconds.
  path: Packages/com.unity.shadergraph/Editor/Resources/Selectable.uss
  artifactKey: Guid(58c573829af3c7c44aaf7d3125df048a) Importer(2089858483,b0f066a214c2f5e87bad3c948f4d605d)
Start importing Packages/com.unity.shadergraph/Editor/Resources/Selectable.uss using Guid(58c573829af3c7c44aaf7d3125df048a) Importer(2089858483,b0f066a214c2f5e87bad3c948f4d605d) (ScriptedImporter) -> (artifact id: '12dbb218fd2b41300eee5a1f933b085f') in 0.0048441 seconds
Number of updated asset objects reloaded before import = 0Number of asset objects unloaded after import = 1

========================================================================
Received Import Request.
  Time since last request: 0.000020 seconds.
  path: Packages/com.unity.timeline/Editor/StyleSheets/Images/LightSkin/TimelineTimeCursor.png
  artifactKey: Guid(ed665472b4fee2043a5c1cc802beaa8e) Importer(2089858483,b0f066a214c2f5e87bad3c948f4d605d)
Start importing Packages/com.unity.timeline/Editor/StyleSheets/Images/LightSkin/TimelineTimeCursor.png using Guid(ed665472b4fee2043a5c1cc802beaa8e) Importer(2089858483,b0f066a214c2f5e87bad3c948f4d605d) (ScriptedImporter) -> (artifact id: 'c7f73db1c121b6b0b866662eec5dccef') in 0.0069314 seconds
Number of updated asset objects reloaded before import = 0Number of asset objects unloaded after import = 1

========================================================================
Received Import Request.
  Time since last request: 0.000014 seconds.
  path: Packages/com.unity.shadergraph/GraphTemplates/default_vfx_msk.png
  artifactKey: Guid(788b35e8fa5154559af342abaf8be483) Importer(2089858483,b0f066a214c2f5e87bad3c948f4d605d)
Start importing Packages/com.unity.shadergraph/GraphTemplates/default_vfx_msk.png using Guid(788b35e8fa5154559af342abaf8be483) Importer(2089858483,b0f066a214c2f5e87bad3c948f4d605d) (ScriptedImporter) -> (artifact id: 'a5ebce035caf89fc6f914e388d2e75b9') in 0.0075709 seconds
Number of updated asset objects reloaded before import = 0Number of asset objects unloaded after import = 1

========================================================================
Received Import Request.
  Time since last request: 0.000015 seconds.
  path: Packages/com.unity.test-framework.performance/Runtime/Statistics/MeasurementsStatistics.cs
  artifactKey: Guid(2677a59243824b90add157da8988edde) Importer(2089858483,b0f066a214c2f5e87bad3c948f4d605d)
Start importing Packages/com.unity.test-framework.performance/Runtime/Statistics/MeasurementsStatistics.cs using Guid(2677a59243824b90add157da8988edde) Importer(2089858483,b0f066a214c2f5e87bad3c948f4d605d) (ScriptedImporter) -> (artifact id: 'eab2e39a52202909a4853da8d0fea550') in 0.0076262 seconds
Number of updated asset objects reloaded before import = 0Number of asset objects unloaded after import = 0

========================================================================
Received Import Request.
  Time since last request: 0.000024 seconds.
  path: Packages/com.unity.shadergraph/GraphTemplates/Custom Render Texture.shadergraph
  artifactKey: Guid(7ef2cf71ad164fe479662ae612dff99e) Importer(2089858483,b0f066a214c2f5e87bad3c948f4d605d)
Start importing Packages/com.unity.shadergraph/GraphTemplates/Custom Render Texture.shadergraph using Guid(7ef2cf71ad164fe479662ae612dff99e) Importer(2089858483,b0f066a214c2f5e87bad3c948f4d605d) (ScriptedImporter) -> (artifact id: '41ec1de76b5fc6fc4476ab6b39a769c6') in 0.0140816 seconds
Number of updated asset objects reloaded before import = 0Number of asset objects unloaded after import = 4

========================================================================
Received Import Request.
  Time since last request: 0.000016 seconds.
  path: Packages/com.unity.shadergraph/GraphTemplates/Cross Pipeline/UnlitSimpleTemplateThumbnail.png
  artifactKey: Guid(c21eaaec4c8575e47a9b342ce260b9ed) Importer(2089858483,b0f066a214c2f5e87bad3c948f4d605d)
Start importing Packages/com.unity.shadergraph/GraphTemplates/Cross Pipeline/UnlitSimpleTemplateThumbnail.png using Guid(c21eaaec4c8575e47a9b342ce260b9ed) Importer(2089858483,b0f066a214c2f5e87bad3c948f4d605d) (ScriptedImporter) -> (artifact id: '8cbbf8cb250f7be97f4e330ad97e3d3a') in 0.0073361 seconds
Number of updated asset objects reloaded before import = 0Number of asset objects unloaded after import = 1

========================================================================
Received Import Request.
  Time since last request: 0.000015 seconds.
  path: Packages/com.unity.test-framework.performance/Runtime/PerformanceTestHelper.cs
  artifactKey: Guid(d1ed5968494d4f81bd53a7c212ca8d72) Importer(2089858483,b0f066a214c2f5e87bad3c948f4d605d)
Start importing Packages/com.unity.test-framework.performance/Runtime/PerformanceTestHelper.cs using Guid(d1ed5968494d4f81bd53a7c212ca8d72) Importer(2089858483,b0f066a214c2f5e87bad3c948f4d605d) (ScriptedImporter) -> (artifact id: '346d64745a050deb84564e7ce7cafafb') in 0.0052416 seconds
Number of updated asset objects reloaded before import = 0Number of asset objects unloaded after import = 0

========================================================================
Received Import Request.
  Time since last request: 0.000014 seconds.
  path: Packages/com.unity.test-framework.performance/Editor/TestReportGraph/TestReportWindow.cs
  artifactKey: Guid(4272062d6dbd273438736c85848ea974) Importer(2089858483,b0f066a214c2f5e87bad3c948f4d605d)
Start importing Packages/com.unity.test-framework.performance/Editor/TestReportGraph/TestReportWindow.cs using Guid(4272062d6dbd273438736c85848ea974) Importer(2089858483,b0f066a214c2f5e87bad3c948f4d605d) (ScriptedImporter) -> (artifact id: 'f4acfa8935c51854358fa19483dd0293') in 0.0036201 seconds
Number of updated asset objects reloaded before import = 0Number of asset objects unloaded after import = 0

========================================================================
Received Import Request.
  Time since last request: 0.000016 seconds.
  path: Packages/com.unity.shadergraph/Editor/AssetCallbacks/CreateShaderGraph.cs
  artifactKey: Guid(14e8f865381f1714ab38debdb40a5989) Importer(2089858483,b0f066a214c2f5e87bad3c948f4d605d)
Start importing Packages/com.unity.shadergraph/Editor/AssetCallbacks/CreateShaderGraph.cs using Guid(14e8f865381f1714ab38debdb40a5989) Importer(2089858483,b0f066a214c2f5e87bad3c948f4d605d) (ScriptedImporter) -> (artifact id: '36c84a50b07060d5433265e8c5392e94') in 0.0036138 seconds
Number of updated asset objects reloaded before import = 0Number of asset objects unloaded after import = 0

========================================================================
Received Import Request.
  Time since last request: 0.000017 seconds.
  path: Packages/com.unity.ai.navigation/EditorResources/Overlay/NavigationOverlay@256.png
  artifactKey: Guid(1497075210b6dcd4c8f31ecfc6c5c79c) Importer(2089858483,b0f066a214c2f5e87bad3c948f4d605d)
Start importing Packages/com.unity.ai.navigation/EditorResources/Overlay/NavigationOverlay@256.png using Guid(1497075210b6dcd4c8f31ecfc6c5c79c) Importer(2089858483,b0f066a214c2f5e87bad3c948f4d605d) (ScriptedImporter) -> (artifact id: 'd47f21f6161187ac6fbcf01625c9e1fe') in 0.0064567 seconds
Number of updated asset objects reloaded before import = 0Number of asset objects unloaded after import = 1

========================================================================
Received Import Request.
  Time since last request: 0.000023 seconds.
  path: Packages/com.unity.shadergraph/Editor/Data/Legacy/GraphData0.cs
  artifactKey: Guid(f557c79fd76a40d6a39798750426c9f8) Importer(2089858483,b0f066a214c2f5e87bad3c948f4d605d)
Start importing Packages/com.unity.shadergraph/Editor/Data/Legacy/GraphData0.cs using Guid(f557c79fd76a40d6a39798750426c9f8) Importer(2089858483,b0f066a214c2f5e87bad3c948f4d605d) (ScriptedImporter) -> (artifact id: '4b1360b2b18978fe294d214196e35e85') in 0.0034453 seconds
Number of updated asset objects reloaded before import = 0Number of asset objects unloaded after import = 0

========================================================================
Received Import Request.
  Time since last request: 0.000017 seconds.
  path: Packages/com.unity.shadergraph/Editor/Data/Graphs/ColorShaderProperty.cs
  artifactKey: Guid(47cf9e64b21b48b09320f42eb82ac3c3) Importer(2089858483,b0f066a214c2f5e87bad3c948f4d605d)
Start importing Packages/com.unity.shadergraph/Editor/Data/Graphs/ColorShaderProperty.cs using Guid(47cf9e64b21b48b09320f42eb82ac3c3) Importer(2089858483,b0f066a214c2f5e87bad3c948f4d605d) (ScriptedImporter) -> (artifact id: '0e94eef4c28041058f1bc51c23fcba0b') in 0.0035238 seconds
Number of updated asset objects reloaded before import = 0Number of asset objects unloaded after import = 0

========================================================================
Received Import Request.
  Time since last request: 0.000018 seconds.
  path: Packages/com.unity.ai.navigation/EditorResources/NavigationWindowIcon.png
  artifactKey: Guid(b0172c3ab97e219478711e1fbe9630f2) Importer(2089858483,b0f066a214c2f5e87bad3c948f4d605d)
Start importing Packages/com.unity.ai.navigation/EditorResources/NavigationWindowIcon.png using Guid(b0172c3ab97e219478711e1fbe9630f2) Importer(2089858483,b0f066a214c2f5e87bad3c948f4d605d) (ScriptedImporter) -> (artifact id: 'e44b87a2307294811b4637b5a9a92c6b') in 0.006862 seconds
Number of updated asset objects reloaded before import = 0Number of asset objects unloaded after import = 1

========================================================================
Received Import Request.
  Time since last request: 0.000015 seconds.
  path: Packages/com.unity.shadergraph/Editor/Data/Attributes/SRPFilterAttribute.cs
  artifactKey: Guid(9bdc66ff87a9fb141b0cb9e8aa3ae0bf) Importer(2089858483,b0f066a214c2f5e87bad3c948f4d605d)
Start importing Packages/com.unity.shadergraph/Editor/Data/Attributes/SRPFilterAttribute.cs using Guid(9bdc66ff87a9fb141b0cb9e8aa3ae0bf) Importer(2089858483,b0f066a214c2f5e87bad3c948f4d605d) (ScriptedImporter) -> (artifact id: '645821a5541440e2c774baf6bbec63ec') in 0.003607 seconds
Number of updated asset objects reloaded before import = 0Number of asset objects unloaded after import = 0

========================================================================
Received Import Request.
  Time since last request: 0.000015 seconds.
  path: Packages/com.unity.shadergraph/Editor/Data/Interfaces/NeededCoordinateSpace.cs
  artifactKey: Guid(8ad845bb8ef34e4589bcf630a8a8a31a) Importer(2089858483,b0f066a214c2f5e87bad3c948f4d605d)
Start importing Packages/com.unity.shadergraph/Editor/Data/Interfaces/NeededCoordinateSpace.cs using Guid(8ad845bb8ef34e4589bcf630a8a8a31a) Importer(2089858483,b0f066a214c2f5e87bad3c948f4d605d) (ScriptedImporter) -> (artifact id: '3ab8ad4998c23c4ec3833127c99b4bb1') in 0.0037079 seconds
Number of updated asset objects reloaded before import = 0Number of asset objects unloaded after import = 0

========================================================================
Received Import Request.
  Time since last request: 0.000017 seconds.
  path: Packages/com.unity.shadergraph/Editor/Data/Graphs/DynamicMatrixMaterialSlot.cs
  artifactKey: Guid(9e985385869ccee4ca3c6fd2fd15174c) Importer(2089858483,b0f066a214c2f5e87bad3c948f4d605d)
Start importing Packages/com.unity.shadergraph/Editor/Data/Graphs/DynamicMatrixMaterialSlot.cs using Guid(9e985385869ccee4ca3c6fd2fd15174c) Importer(2089858483,b0f066a214c2f5e87bad3c948f4d605d) (ScriptedImporter) -> (artifact id: '6c9483a73d937c26c470078788b6b01f') in 0.0038297 seconds
Number of updated asset objects reloaded before import = 0Number of asset objects unloaded after import = 0

========================================================================
Received Import Request.
  Time since last request: 0.000021 seconds.
  path: Packages/com.unity.shadergraph/Editor/Data/Graphs/GraphDataReadOnly.cs
  artifactKey: Guid(ca28a7e4d7fc7644a99f49e5a48574dd) Importer(2089858483,b0f066a214c2f5e87bad3c948f4d605d)
Start importing Packages/com.unity.shadergraph/Editor/Data/Graphs/GraphDataReadOnly.cs using Guid(ca28a7e4d7fc7644a99f49e5a48574dd) Importer(2089858483,b0f066a214c2f5e87bad3c948f4d605d) (ScriptedImporter) -> (artifact id: '23d024364711853d4b50e51b0d77ac73') in 0.0036003 seconds
Number of updated asset objects reloaded before import = 0Number of asset objects unloaded after import = 0

========================================================================
Received Import Request.
  Time since last request: 0.000015 seconds.
  path: Packages/com.unity.shadergraph/GraphTemplates/Subgraphs/Particle Distortion.shadersubgraph
  artifactKey: Guid(e1ea40df0c5f7d14a96e0bac1ae79489) Importer(2089858483,b0f066a214c2f5e87bad3c948f4d605d)
Start importing Packages/com.unity.shadergraph/GraphTemplates/Subgraphs/Particle Distortion.shadersubgraph using Guid(e1ea40df0c5f7d14a96e0bac1ae79489) Importer(2089858483,b0f066a214c2f5e87bad3c948f4d605d) (ScriptedImporter) -> (artifact id: 'b59fbdcd623cdb03af7ede6bf7ece3f6') in 0.0054098 seconds
Number of updated asset objects reloaded before import = 0Number of asset objects unloaded after import = 1

========================================================================
Received Import Request.
  Time since last request: 0.000014 seconds.
  path: Packages/com.unity.shadergraph/Editor/Data/Graphs/DynamicValueMaterialSlot.cs
  artifactKey: Guid(38b2d4645340d4274a793e2e12ec097c) Importer(2089858483,b0f066a214c2f5e87bad3c948f4d605d)
Start importing Packages/com.unity.shadergraph/Editor/Data/Graphs/DynamicValueMaterialSlot.cs using Guid(38b2d4645340d4274a793e2e12ec097c) Importer(2089858483,b0f066a214c2f5e87bad3c948f4d605d) (ScriptedImporter) -> (artifact id: '054553442bc066261fba4b38e881a49f') in 0.0036469 seconds
Number of updated asset objects reloaded before import = 0Number of asset objects unloaded after import = 0

========================================================================
Received Import Request.
  Time since last request: 1.565957 seconds.
  path: Packages/com.unity.shadergraph/Editor/Data/Legacy/ShaderInput0.cs
  artifactKey: Guid(57665dc19efe4f899fc58a777b490b07) Importer(2089858483,b0f066a214c2f5e87bad3c948f4d605d)
Start importing Packages/com.unity.shadergraph/Editor/Data/Legacy/ShaderInput0.cs using Guid(57665dc19efe4f899fc58a777b490b07) Importer(2089858483,b0f066a214c2f5e87bad3c948f4d605d) (ScriptedImporter) -> (artifact id: '15dd11805e80131aa80a8475ea24d355') in 0.0044945 seconds
Number of updated asset objects reloaded before import = 0Number of asset objects unloaded after import = 0

========================================================================
Received Import Request.
  Time since last request: 0.000017 seconds.
  path: Packages/com.unity.shadergraph/Editor/Data/Nodes/UI/DefaultBitmapTextNode.cs
  artifactKey: Guid(006a87e9975ae6f40963c25f46922381) Importer(2089858483,b0f066a214c2f5e87bad3c948f4d605d)
Start importing Packages/com.unity.shadergraph/Editor/Data/Nodes/UI/DefaultBitmapTextNode.cs using Guid(006a87e9975ae6f40963c25f46922381) Importer(2089858483,b0f066a214c2f5e87bad3c948f4d605d) (ScriptedImporter) -> (artifact id: '84dbfcca7914cd3dbaa999a09352634d') in 0.0040998 seconds
Number of updated asset objects reloaded before import = 0Number of asset objects unloaded after import = 0

========================================================================
Received Import Request.
  Time since last request: 0.000013 seconds.
  path: Packages/com.unity.shadergraph/Editor/Resources/Styles/Controls/GradientSlotControlView.uss
  artifactKey: Guid(76dc05b36584d4d0085b786ca1b29fe3) Importer(2089858483,b0f066a214c2f5e87bad3c948f4d605d)
Start importing Packages/com.unity.shadergraph/Editor/Resources/Styles/Controls/GradientSlotControlView.uss using Guid(76dc05b36584d4d0085b786ca1b29fe3) Importer(2089858483,b0f066a214c2f5e87bad3c948f4d605d) (ScriptedImporter) -> (artifact id: 'c144547e400a9fa7e3b07ae970999e08') in 0.0045538 seconds
Number of updated asset objects reloaded before import = 0Number of asset objects unloaded after import = 1

========================================================================
Received Import Request.
  Time since last request: 0.000014 seconds.
  path: Packages/com.unity.shadergraph/Editor/Drawing/Inspector/PropertyDrawers/SampleTexture3DNodePropertyDrawer.cs
  artifactKey: Guid(229381d565da42440bcbc93f7ab89799) Importer(2089858483,b0f066a214c2f5e87bad3c948f4d605d)
Start importing Packages/com.unity.shadergraph/Editor/Drawing/Inspector/PropertyDrawers/SampleTexture3DNodePropertyDrawer.cs using Guid(229381d565da42440bcbc93f7ab89799) Importer(2089858483,b0f066a214c2f5e87bad3c948f4d605d) (ScriptedImporter) -> (artifact id: '2e0c95db67015f74a636bacc9a65a9cc') in 0.0049737 seconds
Number of updated asset objects reloaded before import = 0Number of asset objects unloaded after import = 0

========================================================================
Received Import Request.
  Time since last request: 0.000021 seconds.
  path: Packages/com.unity.shadergraph/Editor/Drawing/ViewModels/ShaderInputViewModel.cs
  artifactKey: Guid(4de8f5d9ab4e43a4bfd041576666307d) Importer(2089858483,b0f066a214c2f5e87bad3c948f4d605d)
Start importing Packages/com.unity.shadergraph/Editor/Drawing/ViewModels/ShaderInputViewModel.cs using Guid(4de8f5d9ab4e43a4bfd041576666307d) Importer(2089858483,b0f066a214c2f5e87bad3c948f4d605d) (ScriptedImporter) -> (artifact id: '652198a5fe14e2f963c780cf8eb20120') in 0.0049227 seconds
Number of updated asset objects reloaded before import = 0Number of asset objects unloaded after import = 0

========================================================================
Received Import Request.
  Time since last request: 0.000013 seconds.
  path: Packages/com.unity.shadergraph/Editor/Data/Nodes/Channel/FlipNode.cs
  artifactKey: Guid(fa443691530c547418e195e22597f2af) Importer(2089858483,b0f066a214c2f5e87bad3c948f4d605d)
Start importing Packages/com.unity.shadergraph/Editor/Data/Nodes/Channel/FlipNode.cs using Guid(fa443691530c547418e195e22597f2af) Importer(2089858483,b0f066a214c2f5e87bad3c948f4d605d) (ScriptedImporter) -> (artifact id: 'c4c73302a30282326716994afbe8c661') in 0.0045873 seconds
Number of updated asset objects reloaded before import = 0Number of asset objects unloaded after import = 0

========================================================================
Received Import Request.
  Time since last request: 0.000013 seconds.
  path: Packages/com.unity.shadergraph/Editor/Data/Nodes/UI/RenderTypeBranchNode.cs
  artifactKey: Guid(d76d31d3abf64e1085969d0a4ccca4c5) Importer(2089858483,b0f066a214c2f5e87bad3c948f4d605d)
Start importing Packages/com.unity.shadergraph/Editor/Data/Nodes/UI/RenderTypeBranchNode.cs using Guid(d76d31d3abf64e1085969d0a4ccca4c5) Importer(2089858483,b0f066a214c2f5e87bad3c948f4d605d) (ScriptedImporter) -> (artifact id: '8d91602fa042dc351c7a13763c09f0d9') in 0.0034762 seconds
Number of updated asset objects reloaded before import = 0Number of asset objects unloaded after import = 0

========================================================================
Received Import Request.
  Time since last request: 0.000013 seconds.
  path: Packages/com.unity.shadergraph/Editor/Data/Nodes/Math/Basic/DivideNode.cs
  artifactKey: Guid(8e9d13e64300d6942ad51651d39f9ac6) Importer(2089858483,b0f066a214c2f5e87bad3c948f4d605d)
Start importing Packages/com.unity.shadergraph/Editor/Data/Nodes/Math/Basic/DivideNode.cs using Guid(8e9d13e64300d6942ad51651d39f9ac6) Importer(2089858483,b0f066a214c2f5e87bad3c948f4d605d) (ScriptedImporter) -> (artifact id: '13ed01f2b18225eedf49a8a1d0f6eed3') in 0.0072235 seconds
Number of updated asset objects reloaded before import = 0Number of asset objects unloaded after import = 0

========================================================================
Received Import Request.
  Time since last request: 0.000014 seconds.
  path: Packages/com.unity.shadergraph/Editor/Data/Nodes/RedirectNode.cs
  artifactKey: Guid(44fb623cd25490f49a293b77ede94343) Importer(2089858483,b0f066a214c2f5e87bad3c948f4d605d)
Start importing Packages/com.unity.shadergraph/Editor/Data/Nodes/RedirectNode.cs using Guid(44fb623cd25490f49a293b77ede94343) Importer(2089858483,b0f066a214c2f5e87bad3c948f4d605d) (ScriptedImporter) -> (artifact id: '8f6cefdfd286a106cb936ca37525bb65') in 0.0037246 seconds
Number of updated asset objects reloaded before import = 0Number of asset objects unloaded after import = 0

========================================================================
Received Import Request.
  Time since last request: 0.000019 seconds.
  path: Packages/com.unity.shadergraph/Editor/Generation/Enumerations/InstancingOptions.cs
  artifactKey: Guid(8b80934453d594a42bb23876834a3d34) Importer(2089858483,b0f066a214c2f5e87bad3c948f4d605d)
Start importing Packages/com.unity.shadergraph/Editor/Generation/Enumerations/InstancingOptions.cs using Guid(8b80934453d594a42bb23876834a3d34) Importer(2089858483,b0f066a214c2f5e87bad3c948f4d605d) (ScriptedImporter) -> (artifact id: '6b41c4f4c35e08ae596f184b9013a213') in 0.0044811 seconds
Number of updated asset objects reloaded before import = 0Number of asset objects unloaded after import = 0

========================================================================
Received Import Request.
  Time since last request: 0.000021 seconds.
  path: Packages/com.unity.shadergraph/Editor/Data/Nodes/Math/Advanced/ModuloNode.cs
  artifactKey: Guid(058897be65bcd42f6ba05a4918c46629) Importer(2089858483,b0f066a214c2f5e87bad3c948f4d605d)
Start importing Packages/com.unity.shadergraph/Editor/Data/Nodes/Math/Advanced/ModuloNode.cs using Guid(058897be65bcd42f6ba05a4918c46629) Importer(2089858483,b0f066a214c2f5e87bad3c948f4d605d) (ScriptedImporter) -> (artifact id: '1124f4a96724b9f78b1e4a3fd73df20e') in 0.0037574 seconds
Number of updated asset objects reloaded before import = 0Number of asset objects unloaded after import = 0

========================================================================
Received Import Request.
  Time since last request: 0.000013 seconds.
  path: Packages/com.unity.shadergraph/Tests/Editor/UnitTests/BlockNodeTests.cs
  artifactKey: Guid(2f13e75d15882134fb2cc19ed16fa6fd) Importer(2089858483,b0f066a214c2f5e87bad3c948f4d605d)
Start importing Packages/com.unity.shadergraph/Tests/Editor/UnitTests/BlockNodeTests.cs using Guid(2f13e75d15882134fb2cc19ed16fa6fd) Importer(2089858483,b0f066a214c2f5e87bad3c948f4d605d) (ScriptedImporter) -> (artifact id: '0060ca341d49bdb0ffec4cd7e7be33db') in 0.0041324 seconds
Number of updated asset objects reloaded before import = 0Number of asset objects unloaded after import = 0

========================================================================
Received Import Request.
  Time since last request: 0.000013 seconds.
  path: Packages/com.unity.shadergraph/Editor/Resources/Icons/sg_graph_icon_gray_dark.png
  artifactKey: Guid(7129268cf102b2f45809905bcb27ce8b) Importer(2089858483,b0f066a214c2f5e87bad3c948f4d605d)
Start importing Packages/com.unity.shadergraph/Editor/Resources/Icons/sg_graph_icon_gray_dark.png using Guid(7129268cf102b2f45809905bcb27ce8b) Importer(2089858483,b0f066a214c2f5e87bad3c948f4d605d) (ScriptedImporter) -> (artifact id: '21cd846b25314e1e4fb30473f6e17e24') in 0.0097893 seconds
Number of updated asset objects reloaded before import = 0Number of asset objects unloaded after import = 1

========================================================================
Received Import Request.
  Time since last request: 0.000015 seconds.
  path: Packages/com.unity.shadergraph/Editor/Generation/Collections/DependencyCollection.cs
  artifactKey: Guid(df0a9e9f6e86147bfb6586e2784afce1) Importer(2089858483,b0f066a214c2f5e87bad3c948f4d605d)
Start importing Packages/com.unity.shadergraph/Editor/Generation/Collections/DependencyCollection.cs using Guid(df0a9e9f6e86147bfb6586e2784afce1) Importer(2089858483,b0f066a214c2f5e87bad3c948f4d605d) (ScriptedImporter) -> (artifact id: '1b1a2c1fea1dd87f114b94492a452038') in 0.0034328 seconds
Number of updated asset objects reloaded before import = 0Number of asset objects unloaded after import = 0

========================================================================
Received Import Request.
  Time since last request: 0.000013 seconds.
  path: Packages/com.unity.ide.rider/Rider/Editor/ProjectGeneration/SolutionGuidGenerator.cs
  artifactKey: Guid(3e4e7fdc19414089a0fb43e43b1bdae1) Importer(2089858483,b0f066a214c2f5e87bad3c948f4d605d)
Start importing Packages/com.unity.ide.rider/Rider/Editor/ProjectGeneration/SolutionGuidGenerator.cs using Guid(3e4e7fdc19414089a0fb43e43b1bdae1) Importer(2089858483,b0f066a214c2f5e87bad3c948f4d605d) (ScriptedImporter) -> (artifact id: '15fa24b3a200f4c32153338f9f57708f') in 0.0039123 seconds
Number of updated asset objects reloaded before import = 0Number of asset objects unloaded after import = 0

========================================================================
Received Import Request.
  Time since last request: 0.000014 seconds.
  path: Packages/com.unity.shadergraph/Editor/Data/Nodes/Utility/PreviewNode.cs
  artifactKey: Guid(0a9c3dd2c3b0c4347876f3e448be2046) Importer(2089858483,b0f066a214c2f5e87bad3c948f4d605d)
Start importing Packages/com.unity.shadergraph/Editor/Data/Nodes/Utility/PreviewNode.cs using Guid(0a9c3dd2c3b0c4347876f3e448be2046) Importer(2089858483,b0f066a214c2f5e87bad3c948f4d605d) (ScriptedImporter) -> (artifact id: '5ebfd1b00e3aeec1f3528db68d6d7c49') in 0.003859 seconds
Number of updated asset objects reloaded before import = 0Number of asset objects unloaded after import = 0

========================================================================
Received Import Request.
  Time since last request: 0.000022 seconds.
  path: Packages/com.unity.shadergraph/Tests/Editor/UnitTests/PropertyNodeTests.cs
  artifactKey: Guid(fc814c257422bf1449688696b94fae44) Importer(2089858483,b0f066a214c2f5e87bad3c948f4d605d)
Start importing Packages/com.unity.shadergraph/Tests/Editor/UnitTests/PropertyNodeTests.cs using Guid(fc814c257422bf1449688696b94fae44) Importer(2089858483,b0f066a214c2f5e87bad3c948f4d605d) (ScriptedImporter) -> (artifact id: '91af6d97b1d24218ef4644641a33a1d3') in 0.0050173 seconds
Number of updated asset objects reloaded before import = 0Number of asset objects unloaded after import = 0

========================================================================
Received Import Request.
  Time since last request: 0.000012 seconds.
  path: Packages/com.unity.shadergraph/Editor/Drawing/Inspector/PropertyDrawers/TransformNodePropertyDrawer.cs
  artifactKey: Guid(83fc180327d27574e82b361da1ea2d11) Importer(2089858483,b0f066a214c2f5e87bad3c948f4d605d)
Start importing Packages/com.unity.shadergraph/Editor/Drawing/Inspector/PropertyDrawers/TransformNodePropertyDrawer.cs using Guid(83fc180327d27574e82b361da1ea2d11) Importer(2089858483,b0f066a214c2f5e87bad3c948f4d605d) (ScriptedImporter) -> (artifact id: '65da04d6f4618ce3f8ce72d2c00491b1') in 0.0041891 seconds
Number of updated asset objects reloaded before import = 0Number of asset objects unloaded after import = 0

========================================================================
Received Import Request.
  Time since last request: 0.000012 seconds.
  path: Packages/com.unity.shadergraph/GraphTemplates/Subgraphs/Terrain/Premultiply Layer.shadersubgraph
  artifactKey: Guid(d8d596b309d3eaa48bd57234e7567aee) Importer(2089858483,b0f066a214c2f5e87bad3c948f4d605d)
Start importing Packages/com.unity.shadergraph/GraphTemplates/Subgraphs/Terrain/Premultiply Layer.shadersubgraph using Guid(d8d596b309d3eaa48bd57234e7567aee) Importer(2089858483,b0f066a214c2f5e87bad3c948f4d605d) (ScriptedImporter) -> (artifact id: '135df2354c791c472ef5c498a9edbef8') in 0.0060143 seconds
Number of updated asset objects reloaded before import = 0Number of asset objects unloaded after import = 1

========================================================================
Received Import Request.
  Time since last request: 0.000011 seconds.
  path: Packages/com.unity.shadergraph/Editor/Generation/Targets/Terrain/Includes/TerrainTextureVariables.hlsl
  artifactKey: Guid(d85c65f9f4934f44bfa653df1ef8875c) Importer(2089858483,b0f066a214c2f5e87bad3c948f4d605d)
Start importing Packages/com.unity.shadergraph/Editor/Generation/Targets/Terrain/Includes/TerrainTextureVariables.hlsl using Guid(d85c65f9f4934f44bfa653df1ef8875c) Importer(2089858483,b0f066a214c2f5e87bad3c948f4d605d) (ScriptedImporter) -> (artifact id: '12fafcee1a717e64e651e7eb0b31b3eb') in 0.003511 seconds
Number of updated asset objects reloaded before import = 0Number of asset objects unloaded after import = 1

========================================================================
Received Import Request.
  Time since last request: 0.000013 seconds.
  path: Packages/com.unity.shadergraph/Editor/Resources/Styles/GraphEditorView.uss
  artifactKey: Guid(c8974112dad54614f894afd0042d3a60) Importer(2089858483,b0f066a214c2f5e87bad3c948f4d605d)
Start importing Packages/com.unity.shadergraph/Editor/Resources/Styles/GraphEditorView.uss using Guid(c8974112dad54614f894afd0042d3a60) Importer(2089858483,b0f066a214c2f5e87bad3c948f4d605d) (ScriptedImporter) -> (artifact id: 'cb6402d5db9761b7ff9b79187eed11f4') in 0.0045585 seconds
Number of updated asset objects reloaded before import = 0Number of asset objects unloaded after import = 1

========================================================================
Received Import Request.
  Time since last request: 0.000015 seconds.
  path: Packages/com.unity.shadergraph/Editor/Data/Nodes/Math/Advanced/ReciprocalNode.cs
  artifactKey: Guid(2b52706eb67bd8445b13f43ae287c679) Importer(2089858483,b0f066a214c2f5e87bad3c948f4d605d)
Start importing Packages/com.unity.shadergraph/Editor/Data/Nodes/Math/Advanced/ReciprocalNode.cs using Guid(2b52706eb67bd8445b13f43ae287c679) Importer(2089858483,b0f066a214c2f5e87bad3c948f4d605d) (ScriptedImporter) -> (artifact id: '90d22d95bad34004740a6d6760be985b') in 0.0039277 seconds
Number of updated asset objects reloaded before import = 0Number of asset objects unloaded after import = 0

========================================================================
Received Import Request.
  Time since last request: 0.000022 seconds.
  path: Packages/com.unity.shadergraph/Editor/Resources/UXML/NodeSettings.uxml
  artifactKey: Guid(b70651993c98eda43810c32b7416a21b) Importer(2089858483,b0f066a214c2f5e87bad3c948f4d605d)
Start importing Packages/com.unity.shadergraph/Editor/Resources/UXML/NodeSettings.uxml using Guid(b70651993c98eda43810c32b7416a21b) Importer(2089858483,b0f066a214c2f5e87bad3c948f4d605d) (ScriptedImporter) -> (artifact id: 'f2278e7a8ef043f7842b172f32759933') in 0.0061067 seconds
Number of updated asset objects reloaded before import = 0Number of asset objects unloaded after import = 2

========================================================================
Received Import Request.
  Time since last request: 0.000014 seconds.
  path: Packages/com.unity.ide.rider/Rider/Editor/JetBrains.Rider.PathLocator.dll
  artifactKey: Guid(ea3ec41b33345cd4f9298a51abdaa198) Importer(2089858483,b0f066a214c2f5e87bad3c948f4d605d)
Start importing Packages/com.unity.ide.rider/Rider/Editor/JetBrains.Rider.PathLocator.dll using Guid(ea3ec41b33345cd4f9298a51abdaa198) Importer(2089858483,b0f066a214c2f5e87bad3c948f4d605d) (ScriptedImporter) -> (artifact id: 'a7074a6b99593ded7826911fd1c16dd4') in 0.0055452 seconds
Number of updated asset objects reloaded before import = 0Number of asset objects unloaded after import = 0

========================================================================
Received Import Request.
  Time since last request: 0.000015 seconds.
  path: Packages/com.unity.shadergraph/Editor/Data/Nodes/UV/RadialShearNode.cs
  artifactKey: Guid(568baa0401e6eee42a35609013ee8100) Importer(2089858483,b0f066a214c2f5e87bad3c948f4d605d)
Start importing Packages/com.unity.shadergraph/Editor/Data/Nodes/UV/RadialShearNode.cs using Guid(568baa0401e6eee42a35609013ee8100) Importer(2089858483,b0f066a214c2f5e87bad3c948f4d605d) (ScriptedImporter) -> (artifact id: 'd822b6ab737f9e0dbd7bbd592d7cec12') in 0.0046806 seconds
Number of updated asset objects reloaded before import = 0Number of asset objects unloaded after import = 0

========================================================================
Received Import Request.
  Time since last request: 0.000014 seconds.
  path: Packages/com.unity.shadergraph/Editor/Drawing/Controllers/BlackboardCategoryController.cs
  artifactKey: Guid(415e66e3c4ba4ffd834a7d90349db989) Importer(2089858483,b0f066a214c2f5e87bad3c948f4d605d)
Start importing Packages/com.unity.shadergraph/Editor/Drawing/Controllers/BlackboardCategoryController.cs using Guid(415e66e3c4ba4ffd834a7d90349db989) Importer(2089858483,b0f066a214c2f5e87bad3c948f4d605d) (ScriptedImporter) -> (artifact id: 'cb504a3b81caddd65e8f57939a150de7') in 0.0038422 seconds
Number of updated asset objects reloaded before import = 0Number of asset objects unloaded after import = 0

========================================================================
Received Import Request.
  Time since last request: 0.000012 seconds.
  path: Packages/com.unity.shadergraph/Editor/Resources/Styles/Controls/CubemapSlotControlView.uss
  artifactKey: Guid(81f64e9003fb9674889a56938f078eb0) Importer(2089858483,b0f066a214c2f5e87bad3c948f4d605d)
Start importing Packages/com.unity.shadergraph/Editor/Resources/Styles/Controls/CubemapSlotControlView.uss using Guid(81f64e9003fb9674889a56938f078eb0) Importer(2089858483,b0f066a214c2f5e87bad3c948f4d605d) (ScriptedImporter) -> (artifact id: 'aeb70e4c870bcc908d1f49388b63707e') in 0.0042531 seconds
Number of updated asset objects reloaded before import = 0Number of asset objects unloaded after import = 1

========================================================================
Received Import Request.
  Time since last request: 0.000015 seconds.
  path: Packages/com.unity.ide.rider/package.json
  artifactKey: Guid(66c95bb3c74257f41bae2622511dc02d) Importer(2089858483,b0f066a214c2f5e87bad3c948f4d605d)
Start importing Packages/com.unity.ide.rider/package.json using Guid(66c95bb3c74257f41bae2622511dc02d) Importer(2089858483,b0f066a214c2f5e87bad3c948f4d605d) (ScriptedImporter) -> (artifact id: 'd4ba3557af50ebd5a957f2f19149e0dd') in 0.0038693 seconds
Number of updated asset objects reloaded before import = 0Number of asset objects unloaded after import = 1

========================================================================
Received Import Request.
  Time since last request: 0.000021 seconds.
  path: Packages/com.unity.shadergraph/Editor/Resources/UXML/HeatmapValuesEditor.uxml
  artifactKey: Guid(781e1a409e314b1fb13e3605a69680ba) Importer(2089858483,b0f066a214c2f5e87bad3c948f4d605d)
Start importing Packages/com.unity.shadergraph/Editor/Resources/UXML/HeatmapValuesEditor.uxml using Guid(781e1a409e314b1fb13e3605a69680ba) Importer(2089858483,b0f066a214c2f5e87bad3c948f4d605d) (ScriptedImporter) -> (artifact id: 'f2790d52917d70f0bcedb54523f6b7e5') in 0.0101262 seconds
Number of updated asset objects reloaded before import = 0Number of asset objects unloaded after import = 2

========================================================================
Received Import Request.
  Time since last request: 0.000014 seconds.
  path: Packages/com.unity.shadergraph/Editor/Generation/Targets/BuiltIn/ShaderLibrary/ParticlesInstancing.hlsl
  artifactKey: Guid(9989d64681f299941b8d598b04007e82) Importer(2089858483,b0f066a214c2f5e87bad3c948f4d605d)
Start importing Packages/com.unity.shadergraph/Editor/Generation/Targets/BuiltIn/ShaderLibrary/ParticlesInstancing.hlsl using Guid(9989d64681f299941b8d598b04007e82) Importer(2089858483,b0f066a214c2f5e87bad3c948f4d605d) (ScriptedImporter) -> (artifact id: '4936cc5cd0ba54e7083c0bfd5325f097') in 0.0036413 seconds
Number of updated asset objects reloaded before import = 0Number of asset objects unloaded after import = 1

========================================================================
Received Import Request.
  Time since last request: 0.000013 seconds.
  path: Packages/com.unity.shadergraph/Editor/Generation/Processors/MatrixNames.cs
  artifactKey: Guid(1358e9b39cd7e8442bece5b15a2a7c63) Importer(2089858483,b0f066a214c2f5e87bad3c948f4d605d)
Start importing Packages/com.unity.shadergraph/Editor/Generation/Processors/MatrixNames.cs using Guid(1358e9b39cd7e8442bece5b15a2a7c63) Importer(2089858483,b0f066a214c2f5e87bad3c948f4d605d) (ScriptedImporter) -> (artifact id: 'a482b0abf94aa52ea135ebc79ba6074f') in 0.0049088 seconds
Number of updated asset objects reloaded before import = 0Number of asset objects unloaded after import = 0

========================================================================
Received Import Request.
  Time since last request: 0.000014 seconds.
  path: Packages/com.unity.ide.rider/Rider/Editor/ProjectGeneration/IAssemblyNameProvider.cs
  artifactKey: Guid(5eea837708474d7e9c1cb4b2eca0213f) Importer(2089858483,b0f066a214c2f5e87bad3c948f4d605d)
Start importing Packages/com.unity.ide.rider/Rider/Editor/ProjectGeneration/IAssemblyNameProvider.cs using Guid(5eea837708474d7e9c1cb4b2eca0213f) Importer(2089858483,b0f066a214c2f5e87bad3c948f4d605d) (ScriptedImporter) -> (artifact id: '33c8fb8d9a12e1bfd3a5957702b04d6e') in 0.0032228 seconds
Number of updated asset objects reloaded before import = 0Number of asset objects unloaded after import = 0

========================================================================
Received Import Request.
  Time since last request: 0.000013 seconds.
  path: Packages/com.unity.shadergraph/Editor/Drawing/Inspector/PropertyDrawers/DropdownPropertyDrawer.cs
  artifactKey: Guid(f9a394b3df374578ae75b90960ee4790) Importer(2089858483,b0f066a214c2f5e87bad3c948f4d605d)
Start importing Packages/com.unity.shadergraph/Editor/Drawing/Inspector/PropertyDrawers/DropdownPropertyDrawer.cs using Guid(f9a394b3df374578ae75b90960ee4790) Importer(2089858483,b0f066a214c2f5e87bad3c948f4d605d) (ScriptedImporter) -> (artifact id: '4d129464e34b74a25842f41002d78190') in 0.0039995 seconds
Number of updated asset objects reloaded before import = 0Number of asset objects unloaded after import = 0

========================================================================
Received Import Request.
  Time since last request: 0.000017 seconds.
  path: Packages/com.unity.shadergraph/Editor/Resources/Styles/PropertyNodeView.uss
  artifactKey: Guid(0620899e56d69964ba2cbda1de01bbe2) Importer(2089858483,b0f066a214c2f5e87bad3c948f4d605d)
Start importing Packages/com.unity.shadergraph/Editor/Resources/Styles/PropertyNodeView.uss using Guid(0620899e56d69964ba2cbda1de01bbe2) Importer(2089858483,b0f066a214c2f5e87bad3c948f4d605d) (ScriptedImporter) -> (artifact id: '5199b7eadaff144d48079a95139376d5') in 0.0049352 seconds
Number of updated asset objects reloaded before import = 0Number of asset objects unloaded after import = 1

========================================================================
Received Import Request.
  Time since last request: 0.000021 seconds.
  path: Packages/com.unity.shadergraph/Editor/Data/Nodes/UV/PolarCoordinatesNode.cs
  artifactKey: Guid(254f958f2febf5e42811f813c866bb2e) Importer(2089858483,b0f066a214c2f5e87bad3c948f4d605d)
Start importing Packages/com.unity.shadergraph/Editor/Data/Nodes/UV/PolarCoordinatesNode.cs using Guid(254f958f2febf5e42811f813c866bb2e) Importer(2089858483,b0f066a214c2f5e87bad3c948f4d605d) (ScriptedImporter) -> (artifact id: '3c3726983790cfb33e33055cf973a851') in 0.0041788 seconds
Number of updated asset objects reloaded before import = 0Number of asset objects unloaded after import = 0

========================================================================
Received Import Request.
  Time since last request: 0.000013 seconds.
  path: Packages/com.unity.shadergraph/Editor/Generation/Targets/Canvas/CanvasSubTarget.cs
  artifactKey: Guid(3ab5e3f315cd4041b2aa8600df09dd3e) Importer(2089858483,b0f066a214c2f5e87bad3c948f4d605d)
Start importing Packages/com.unity.shadergraph/Editor/Generation/Targets/Canvas/CanvasSubTarget.cs using Guid(3ab5e3f315cd4041b2aa8600df09dd3e) Importer(2089858483,b0f066a214c2f5e87bad3c948f4d605d) (ScriptedImporter) -> (artifact id: 'a09b67ea3151477cd4a06e265702f2a7') in 0.0049895 seconds
Number of updated asset objects reloaded before import = 0Number of asset objects unloaded after import = 0

========================================================================
Received Import Request.
  Time since last request: 0.000014 seconds.
  path: Packages/com.unity.shadergraph/Editor/Data/Interfaces/Graph/GraphDrawingData.cs
  artifactKey: Guid(4bc9112caeee14b29b0a521463985007) Importer(2089858483,b0f066a214c2f5e87bad3c948f4d605d)
Start importing Packages/com.unity.shadergraph/Editor/Data/Interfaces/Graph/GraphDrawingData.cs using Guid(4bc9112caeee14b29b0a521463985007) Importer(2089858483,b0f066a214c2f5e87bad3c948f4d605d) (ScriptedImporter) -> (artifact id: '8c1ab2e2a0377558c4830dbef9c278bc') in 0.0037602 seconds
Number of updated asset objects reloaded before import = 0Number of asset objects unloaded after import = 0

========================================================================
Received Import Request.
  Time since last request: 0.000012 seconds.
  path: Packages/com.unity.ide.rider/Rider/Editor/UnitTesting/CallbackInitializer.cs
  artifactKey: Guid(aa1c6b1a353ab464782fc1e7c051eb02) Importer(2089858483,b0f066a214c2f5e87bad3c948f4d605d)
Start importing Packages/com.unity.ide.rider/Rider/Editor/UnitTesting/CallbackInitializer.cs using Guid(aa1c6b1a353ab464782fc1e7c051eb02) Importer(2089858483,b0f066a214c2f5e87bad3c948f4d605d) (ScriptedImporter) -> (artifact id: 'd20b77f972c5c14fe3e4b120b0444372') in 0.0036544 seconds
Number of updated asset objects reloaded before import = 0Number of asset objects unloaded after import = 0

========================================================================
Received Import Request.
  Time since last request: 0.000013 seconds.
  path: Packages/com.unity.shadergraph/Tests/Editor/UnitTests/AbstractMaterialGraphTests.cs
  artifactKey: Guid(351a6b3ff7ef41c45938a78e94dd2a20) Importer(2089858483,b0f066a214c2f5e87bad3c948f4d605d)
Start importing Packages/com.unity.shadergraph/Tests/Editor/UnitTests/AbstractMaterialGraphTests.cs using Guid(351a6b3ff7ef41c45938a78e94dd2a20) Importer(2089858483,b0f066a214c2f5e87bad3c948f4d605d) (ScriptedImporter) -> (artifact id: 'b1b7407f09833e32c5da72b658adb95c') in 0.0037153 seconds
Number of updated asset objects reloaded before import = 0Number of asset objects unloaded after import = 0

========================================================================
Received Import Request.
  Time since last request: 0.000013 seconds.
  path: Packages/com.unity.shadergraph/Editor/Resources/Styles/Controls/IntegerControlView.uss
  artifactKey: Guid(600766c36ef866641959f10610a7ee4f) Importer(2089858483,b0f066a214c2f5e87bad3c948f4d605d)
Start importing Packages/com.unity.shadergraph/Editor/Resources/Styles/Controls/IntegerControlView.uss using Guid(600766c36ef866641959f10610a7ee4f) Importer(2089858483,b0f066a214c2f5e87bad3c948f4d605d) (ScriptedImporter) -> (artifact id: 'c7b1ddc6eeda5290a095ae2c0cf2957f') in 0.0047789 seconds
Number of updated asset objects reloaded before import = 0Number of asset objects unloaded after import = 1

========================================================================
Received Import Request.
  Time since last request: 0.000020 seconds.
  path: Packages/com.unity.shadergraph/Editor/Drawing/Controls/DielectricSpecularControl.cs
  artifactKey: Guid(20b1492eed8154d8f9a454e3563d9c01) Importer(2089858483,b0f066a214c2f5e87bad3c948f4d605d)
Start importing Packages/com.unity.shadergraph/Editor/Drawing/Controls/DielectricSpecularControl.cs using Guid(20b1492eed8154d8f9a454e3563d9c01) Importer(2089858483,b0f066a214c2f5e87bad3c948f4d605d) (ScriptedImporter) -> (artifact id: '68ac2a788ceb7c0cb08b24b0091a78be') in 0.0036466 seconds
Number of updated asset objects reloaded before import = 0Number of asset objects unloaded after import = 0

========================================================================
Received Import Request.
  Time since last request: 0.000013 seconds.
  path: Packages/com.unity.shadergraph/Editor/Generation/Targets/BuiltIn/ShaderLibrary/UnityGBuffer.hlsl
  artifactKey: Guid(951755fce4d8bae4ca6cfbe7908e1149) Importer(2089858483,b0f066a214c2f5e87bad3c948f4d605d)
Start importing Packages/com.unity.shadergraph/Editor/Generation/Targets/BuiltIn/ShaderLibrary/UnityGBuffer.hlsl using Guid(951755fce4d8bae4ca6cfbe7908e1149) Importer(2089858483,b0f066a214c2f5e87bad3c948f4d605d) (ScriptedImporter) -> (artifact id: 'e3654d127b19c5a93569b0abe1a5e96e') in 0.0035615 seconds
Number of updated asset objects reloaded before import = 0Number of asset objects unloaded after import = 1

========================================================================
Received Import Request.
  Time since last request: 0.000012 seconds.
  path: Packages/com.unity.ide.rider/Rider/Editor/RiderInitializer.cs
  artifactKey: Guid(f5a0cc9645f0e2d4fb816156dcf3f4dd) Importer(2089858483,b0f066a214c2f5e87bad3c948f4d605d)
Start importing Packages/com.unity.ide.rider/Rider/Editor/RiderInitializer.cs using Guid(f5a0cc9645f0e2d4fb816156dcf3f4dd) Importer(2089858483,b0f066a214c2f5e87bad3c948f4d605d) (ScriptedImporter) -> (artifact id: '663fbcc45ab571f6181c2f162032adc2') in 0.0037745 seconds
Number of updated asset objects reloaded before import = 0Number of asset objects unloaded after import = 0

========================================================================
Received Import Request.
  Time since last request: 0.000013 seconds.
  path: Packages/com.unity.render-pipelines.universal/Editor/Overrides/ColorCurvesEditor.cs
  artifactKey: Guid(471d118113469fd45ba63677546e2020) Importer(2089858483,b0f066a214c2f5e87bad3c948f4d605d)
Start importing Packages/com.unity.render-pipelines.universal/Editor/Overrides/ColorCurvesEditor.cs using Guid(471d118113469fd45ba63677546e2020) Importer(2089858483,b0f066a214c2f5e87bad3c948f4d605d) (ScriptedImporter) -> (artifact id: 'ccb850dc1459c0ac492e5d91222be0ce') in 0.0036241 seconds
Number of updated asset objects reloaded before import = 0Number of asset objects unloaded after import = 0

========================================================================
Received Import Request.
  Time since last request: 0.000012 seconds.
  path: Packages/com.unity.render-pipelines.universal/Runtime/2D/PixelPerfectCamera.cs
  artifactKey: Guid(c88f5cead0c0b2a4eb05b5900433f8d1) Importer(2089858483,b0f066a214c2f5e87bad3c948f4d605d)
Start importing Packages/com.unity.render-pipelines.universal/Runtime/2D/PixelPerfectCamera.cs using Guid(c88f5cead0c0b2a4eb05b5900433f8d1) Importer(2089858483,b0f066a214c2f5e87bad3c948f4d605d) (ScriptedImporter) -> (artifact id: '306c0d62bfce33f1634c75efbd14d4c8') in 0.0050044 seconds
Number of updated asset objects reloaded before import = 0Number of asset objects unloaded after import = 1

========================================================================
Received Import Request.
  Time since last request: 0.000015 seconds.
  path: Packages/com.unity.render-pipelines.universal/Editor/Camera/UniversalRenderPipelineCameraUI.PresetInspector.cs
  artifactKey: Guid(00fb6a10a5e37ea478b701ae3a51736e) Importer(2089858483,b0f066a214c2f5e87bad3c948f4d605d)
Start importing Packages/com.unity.render-pipelines.universal/Editor/Camera/UniversalRenderPipelineCameraUI.PresetInspector.cs using Guid(00fb6a10a5e37ea478b701ae3a51736e) Importer(2089858483,b0f066a214c2f5e87bad3c948f4d605d) (ScriptedImporter) -> (artifact id: '395f7fa06e6fa9393ed13ab7262849ef') in 0.0037963 seconds
Number of updated asset objects reloaded before import = 0Number of asset objects unloaded after import = 0

========================================================================
Received Import Request.
  Time since last request: 0.000021 seconds.
  path: Packages/com.unity.render-pipelines.universal/Runtime/PostProcessUtils.cs
  artifactKey: Guid(f2a793e0b6312e9449cf44973fd6acb0) Importer(2089858483,b0f066a214c2f5e87bad3c948f4d605d)
Start importing Packages/com.unity.render-pipelines.universal/Runtime/PostProcessUtils.cs using Guid(f2a793e0b6312e9449cf44973fd6acb0) Importer(2089858483,b0f066a214c2f5e87bad3c948f4d605d) (ScriptedImporter) -> (artifact id: 'c2334a37aa8a453c20400931f3219488') in 0.0043926 seconds
Number of updated asset objects reloaded before import = 0Number of asset objects unloaded after import = 0

========================================================================
Received Import Request.
  Time since last request: 0.000012 seconds.
  path: Packages/com.unity.render-pipelines.universal/Editor/Converter/ConverterItemInfo.cs
  artifactKey: Guid(56f3da1aef274695815c39cc08a7be9b) Importer(2089858483,b0f066a214c2f5e87bad3c948f4d605d)
Start importing Packages/com.unity.render-pipelines.universal/Editor/Converter/ConverterItemInfo.cs using Guid(56f3da1aef274695815c39cc08a7be9b) Importer(2089858483,b0f066a214c2f5e87bad3c948f4d605d) (ScriptedImporter) -> (artifact id: '810c34b009f6a537adcb73366b0f832a') in 0.0036704 seconds
Number of updated asset objects reloaded before import = 0Number of asset objects unloaded after import = 0

========================================================================
Received Import Request.
  Time since last request: 0.000013 seconds.
  path: Packages/com.unity.render-pipelines.universal/Shaders/PostProcessing/SubpixelMorphologicalAntialiasing.shader
  artifactKey: Guid(63eaba0ebfb82cc43bde059b4a8c65f6) Importer(2089858483,b0f066a214c2f5e87bad3c948f4d605d)
Start importing Packages/com.unity.render-pipelines.universal/Shaders/PostProcessing/SubpixelMorphologicalAntialiasing.shader using Guid(63eaba0ebfb82cc43bde059b4a8c65f6) Importer(2089858483,b0f066a214c2f5e87bad3c948f4d605d) (ScriptedImporter) -> (artifact id: 'd72dd7dd8bca9249f9b974b0fc3b77ef') in 0.0058047 seconds
Number of updated asset objects reloaded before import = 0Number of asset objects unloaded after import = 0

========================================================================
Received Import Request.
  Time since last request: 0.000015 seconds.
  path: Packages/com.unity.render-pipelines.universal/Shaders/UnlitDepthNormalsPass.hlsl
  artifactKey: Guid(ce8b43269e26f4263ac0da53665264b9) Importer(2089858483,b0f066a214c2f5e87bad3c948f4d605d)
Start importing Packages/com.unity.render-pipelines.universal/Shaders/UnlitDepthNormalsPass.hlsl using Guid(ce8b43269e26f4263ac0da53665264b9) Importer(2089858483,b0f066a214c2f5e87bad3c948f4d605d) (ScriptedImporter) -> (artifact id: 'b856627f8039a65b554bded3c4f4dda5') in 0.004582 seconds
Number of updated asset objects reloaded before import = 0Number of asset objects unloaded after import = 1

========================================================================
Received Import Request.
  Time since last request: 0.000012 seconds.
  path: Packages/com.unity.render-pipelines.universal/Runtime/Decal/DecalShaderPassNames.cs
  artifactKey: Guid(67e030bdec7407b439d6442945b428ce) Importer(2089858483,b0f066a214c2f5e87bad3c948f4d605d)
Start importing Packages/com.unity.render-pipelines.universal/Runtime/Decal/DecalShaderPassNames.cs using Guid(67e030bdec7407b439d6442945b428ce) Importer(2089858483,b0f066a214c2f5e87bad3c948f4d605d) (ScriptedImporter) -> (artifact id: 'd46eebb3db90f0b5d627a373f7c37580') in 0.003789 seconds
Number of updated asset objects reloaded before import = 0Number of asset objects unloaded after import = 0

========================================================================
Received Import Request.
  Time since last request: 0.000017 seconds.
  path: Packages/com.unity.render-pipelines.universal/Editor/Gizmos/Camera_UI.png
  artifactKey: Guid(e3c6759aa8004ae458959d7fe48d6a74) Importer(2089858483,b0f066a214c2f5e87bad3c948f4d605d)
Start importing Packages/com.unity.render-pipelines.universal/Editor/Gizmos/Camera_UI.png using Guid(e3c6759aa8004ae458959d7fe48d6a74) Importer(2089858483,b0f066a214c2f5e87bad3c948f4d605d) (ScriptedImporter) -> (artifact id: '395263b412a091565f16c30483d9bdfd') in 0.0067864 seconds
Number of updated asset objects reloaded before import = 0Number of asset objects unloaded after import = 1

========================================================================
Received Import Request.
  Time since last request: 0.000020 seconds.
  path: Packages/com.unity.render-pipelines.universal/Shaders/SimpleLitInput.hlsl
  artifactKey: Guid(ad863d097888f42c6bcf419efb2946c5) Importer(2089858483,b0f066a214c2f5e87bad3c948f4d605d)
Start importing Packages/com.unity.render-pipelines.universal/Shaders/SimpleLitInput.hlsl using Guid(ad863d097888f42c6bcf419efb2946c5) Importer(2089858483,b0f066a214c2f5e87bad3c948f4d605d) (ScriptedImporter) -> (artifact id: '62c91a2f041d00ae1c41e838dfc8cfd7') in 0.0041046 seconds
Number of updated asset objects reloaded before import = 0Number of asset objects unloaded after import = 1

========================================================================
Received Import Request.
  Time since last request: 0.000018 seconds.
  path: Packages/com.unity.render-pipelines.universal/Tests/Runtime/LightClusteringTests.cs
  artifactKey: Guid(a545bf4d761e01b42818d52899606ced) Importer(2089858483,b0f066a214c2f5e87bad3c948f4d605d)
Start importing Packages/com.unity.render-pipelines.universal/Tests/Runtime/LightClusteringTests.cs using Guid(a545bf4d761e01b42818d52899606ced) Importer(2089858483,b0f066a214c2f5e87bad3c948f4d605d) (ScriptedImporter) -> (artifact id: 'b1e40014f96644df2c3dc8fdc9fee97d') in 0.0041005 seconds
Number of updated asset objects reloaded before import = 0Number of asset objects unloaded after import = 0

========================================================================
Received Import Request.
  Time since last request: 0.000013 seconds.
  path: Packages/com.unity.render-pipelines.universal/ShaderLibrary/Fog.hlsl
  artifactKey: Guid(31a96610f8f1dce418026fb1dec1be06) Importer(2089858483,b0f066a214c2f5e87bad3c948f4d605d)
Start importing Packages/com.unity.render-pipelines.universal/ShaderLibrary/Fog.hlsl using Guid(31a96610f8f1dce418026fb1dec1be06) Importer(2089858483,b0f066a214c2f5e87bad3c948f4d605d) (ScriptedImporter) -> (artifact id: '2d6ff89b9175cf97164ca22adbf02d92') in 0.0036172 seconds
Number of updated asset objects reloaded before import = 0Number of asset objects unloaded after import = 1

========================================================================
Received Import Request.
  Time since last request: 0.000013 seconds.
  path: Packages/com.unity.render-pipelines.universal/Runtime/Passes/AdditionalLightsShadowAtlasLayout.cs
  artifactKey: Guid(6fa1a543f4721444d94e0b3200fa22a8) Importer(2089858483,b0f066a214c2f5e87bad3c948f4d605d)
Start importing Packages/com.unity.render-pipelines.universal/Runtime/Passes/AdditionalLightsShadowAtlasLayout.cs using Guid(6fa1a543f4721444d94e0b3200fa22a8) Importer(2089858483,b0f066a214c2f5e87bad3c948f4d605d) (ScriptedImporter) -> (artifact id: '320646e57f454a14af191b1dbb37ea06') in 0.0044873 seconds
Number of updated asset objects reloaded before import = 0Number of asset objects unloaded after import = 0

========================================================================
Received Import Request.
  Time since last request: 0.000013 seconds.
  path: Packages/com.unity.render-pipelines.universal/Runtime/Passes/XROcclusionMeshPass.cs
  artifactKey: Guid(fc46a25201ce7e743bfdca7d07707357) Importer(2089858483,b0f066a214c2f5e87bad3c948f4d605d)
Start importing Packages/com.unity.render-pipelines.universal/Runtime/Passes/XROcclusionMeshPass.cs using Guid(fc46a25201ce7e743bfdca7d07707357) Importer(2089858483,b0f066a214c2f5e87bad3c948f4d605d) (ScriptedImporter) -> (artifact id: '53022af9344f060b885bdeb48e9d4926') in 0.0041289 seconds
Number of updated asset objects reloaded before import = 0Number of asset objects unloaded after import = 0

========================================================================
Received Import Request.
  Time since last request: 0.000015 seconds.
  path: Packages/com.unity.render-pipelines.universal/Editor/AssetPostProcessors/PhysicalMaterial3DsMaxPreprocessor.cs
  artifactKey: Guid(394142e3bac6ced4e9a0455ad99650fc) Importer(2089858483,b0f066a214c2f5e87bad3c948f4d605d)
Start importing Packages/com.unity.render-pipelines.universal/Editor/AssetPostProcessors/PhysicalMaterial3DsMaxPreprocessor.cs using Guid(394142e3bac6ced4e9a0455ad99650fc) Importer(2089858483,b0f066a214c2f5e87bad3c948f4d605d) (ScriptedImporter) -> (artifact id: 'ce2b37a2afaf45d73e4d75fda7cea529') in 0.0054467 seconds
Number of updated asset objects reloaded before import = 0Number of asset objects unloaded after import = 0

========================================================================
Received Import Request.
  Time since last request: 0.000018 seconds.
  path: Packages/com.unity.render-pipelines.universal-config/package.json
  artifactKey: Guid(b13c5df96839b924b85df50f9659b9e4) Importer(2089858483,b0f066a214c2f5e87bad3c948f4d605d)
Start importing Packages/com.unity.render-pipelines.universal-config/package.json using Guid(b13c5df96839b924b85df50f9659b9e4) Importer(2089858483,b0f066a214c2f5e87bad3c948f4d605d) (ScriptedImporter) -> (artifact id: 'fef3c977cc1d247ee4520247034b5fa2') in 0.004202 seconds
Number of updated asset objects reloaded before import = 0Number of asset objects unloaded after import = 1

========================================================================
Received Import Request.
  Time since last request: 0.000013 seconds.
  path: Packages/com.unity.render-pipelines.universal/Shaders/Terrain/TerrainDetailLitPasses.hlsl
  artifactKey: Guid(749e1c2d203942319da1fdb1d94c5f2a) Importer(2089858483,b0f066a214c2f5e87bad3c948f4d605d)
Start importing Packages/com.unity.render-pipelines.universal/Shaders/Terrain/TerrainDetailLitPasses.hlsl using Guid(749e1c2d203942319da1fdb1d94c5f2a) Importer(2089858483,b0f066a214c2f5e87bad3c948f4d605d) (ScriptedImporter) -> (artifact id: '2fe0c18da7b59c6cb2563260d36b6d0c') in 0.0037369 seconds
Number of updated asset objects reloaded before import = 0Number of asset objects unloaded after import = 1

========================================================================
Received Import Request.
  Time since last request: 0.000013 seconds.
  path: Packages/com.unity.render-pipelines.universal/ShaderLibrary/Unlit.hlsl
  artifactKey: Guid(823e07282e194f119e8032f1555676ee) Importer(2089858483,b0f066a214c2f5e87bad3c948f4d605d)
Start importing Packages/com.unity.render-pipelines.universal/ShaderLibrary/Unlit.hlsl using Guid(823e07282e194f119e8032f1555676ee) Importer(2089858483,b0f066a214c2f5e87bad3c948f4d605d) (ScriptedImporter) -> (artifact id: '20443385138cd29529b74b1412ad4126') in 0.0037928 seconds
Number of updated asset objects reloaded before import = 0Number of asset objects unloaded after import = 1

========================================================================
Received Import Request.
  Time since last request: 0.000012 seconds.
  path: Packages/com.unity.shadergraph/Editor/Generation/Enumerations/PropertyType.cs
  artifactKey: Guid(899473813cd13ff4c9a8c057d1bae8a1) Importer(2089858483,b0f066a214c2f5e87bad3c948f4d605d)
Start importing Packages/com.unity.shadergraph/Editor/Generation/Enumerations/PropertyType.cs using Guid(899473813cd13ff4c9a8c057d1bae8a1) Importer(2089858483,b0f066a214c2f5e87bad3c948f4d605d) (ScriptedImporter) -> (artifact id: 'fc86b28a70df28861bb4a5c86895b2ec') in 0.0035028 seconds
Number of updated asset objects reloaded before import = 0Number of asset objects unloaded after import = 0

========================================================================
Received Import Request.
  Time since last request: 0.000015 seconds.
  path: Packages/com.unity.render-pipelines.universal/Runtime/ScriptableRendererData.cs
  artifactKey: Guid(56aa82b8bdef84972bf84cf772d3c550) Importer(2089858483,b0f066a214c2f5e87bad3c948f4d605d)
Start importing Packages/com.unity.render-pipelines.universal/Runtime/ScriptableRendererData.cs using Guid(56aa82b8bdef84972bf84cf772d3c550) Importer(2089858483,b0f066a214c2f5e87bad3c948f4d605d) (ScriptedImporter) -> (artifact id: '9c72f09198e52adf3bcadfce32b41d35') in 0.0041469 seconds
Number of updated asset objects reloaded before import = 0Number of asset objects unloaded after import = 0

========================================================================
Received Import Request.
  Time since last request: 0.000015 seconds.
  path: Packages/com.unity.ide.rider/Rider/Editor/ProjectGeneration/AssemblyNameProvider.cs
  artifactKey: Guid(56c8c6e437b14f8e9a91e9832c11bc1a) Importer(2089858483,b0f066a214c2f5e87bad3c948f4d605d)
Start importing Packages/com.unity.ide.rider/Rider/Editor/ProjectGeneration/AssemblyNameProvider.cs using Guid(56c8c6e437b14f8e9a91e9832c11bc1a) Importer(2089858483,b0f066a214c2f5e87bad3c948f4d605d) (ScriptedImporter) -> (artifact id: '602ec8876ee706b792e4b9c993408e18') in 0.0035069 seconds
Number of updated asset objects reloaded before import = 0Number of asset objects unloaded after import = 0

========================================================================
Received Import Request.
  Time since last request: 0.000023 seconds.
  path: Packages/com.unity.ide.rider/Rider/Editor/ProjectGeneration/ProjectPart.cs
  artifactKey: Guid(0691c2fe40564a64b3a9b7372c5eca2a) Importer(2089858483,b0f066a214c2f5e87bad3c948f4d605d)
Start importing Packages/com.unity.ide.rider/Rider/Editor/ProjectGeneration/ProjectPart.cs using Guid(0691c2fe40564a64b3a9b7372c5eca2a) Importer(2089858483,b0f066a214c2f5e87bad3c948f4d605d) (ScriptedImporter) -> (artifact id: 'ce4193f25cfa099d3a32eb58c9a2ad2f') in 0.0039438 seconds
Number of updated asset objects reloaded before import = 0Number of asset objects unloaded after import = 0

========================================================================
Received Import Request.
  Time since last request: 0.000013 seconds.
  path: Packages/com.unity.render-pipelines.universal/Shaders/XR/XROcclusionMesh.shader
  artifactKey: Guid(4431b1f1f743fbf4eb310a967890cbea) Importer(2089858483,b0f066a214c2f5e87bad3c948f4d605d)
Start importing Packages/com.unity.render-pipelines.universal/Shaders/XR/XROcclusionMesh.shader using Guid(4431b1f1f743fbf4eb310a967890cbea) Importer(2089858483,b0f066a214c2f5e87bad3c948f4d605d) (ScriptedImporter) -> (artifact id: '5cc3d215a5a6913f4b7e4557bab312aa') in 0.0044084 seconds
Number of updated asset objects reloaded before import = 0Number of asset objects unloaded after import = 0

========================================================================
Received Import Request.
  Time since last request: 0.000031 seconds.
  path: Packages/com.unity.shadergraph/Editor/Resources/GraphView/Nodes/NodeChevronDown@2x.png
  artifactKey: Guid(c951fed1cf039c7439a755e2ca108e4a) Importer(2089858483,b0f066a214c2f5e87bad3c948f4d605d)
Start importing Packages/com.unity.shadergraph/Editor/Resources/GraphView/Nodes/NodeChevronDown@2x.png using Guid(c951fed1cf039c7439a755e2ca108e4a) Importer(2089858483,b0f066a214c2f5e87bad3c948f4d605d) (ScriptedImporter) -> (artifact id: '346dd4abbc7c1dafea8b396b951f295a') in 0.0067148 seconds
Number of updated asset objects reloaded before import = 0Number of asset objects unloaded after import = 1

========================================================================
Received Import Request.
  Time since last request: 0.000014 seconds.
  path: Packages/com.unity.render-pipelines.universal/Runtime/Passes/PostProcessPassRenderGraph.cs
  artifactKey: Guid(7d7d4ecff4c4b59488b97a13efb52739) Importer(2089858483,b0f066a214c2f5e87bad3c948f4d605d)
Start importing Packages/com.unity.render-pipelines.universal/Runtime/Passes/PostProcessPassRenderGraph.cs using Guid(7d7d4ecff4c4b59488b97a13efb52739) Importer(2089858483,b0f066a214c2f5e87bad3c948f4d605d) (ScriptedImporter) -> (artifact id: '81527d3f33afb8244bcc6077c6d5a845') in 0.0045981 seconds
Number of updated asset objects reloaded before import = 0Number of asset objects unloaded after import = 0

========================================================================
Received Import Request.
  Time since last request: 0.000013 seconds.
  path: Packages/com.unity.shadergraph/Editor/Drawing/Views/Slots/TextureArraySlotControlView.cs
  artifactKey: Guid(b65e883d3170e4edca841ea6a8fca626) Importer(2089858483,b0f066a214c2f5e87bad3c948f4d605d)
Start importing Packages/com.unity.shadergraph/Editor/Drawing/Views/Slots/TextureArraySlotControlView.cs using Guid(b65e883d3170e4edca841ea6a8fca626) Importer(2089858483,b0f066a214c2f5e87bad3c948f4d605d) (ScriptedImporter) -> (artifact id: 'dde489796deb49d3036df781bd443b02') in 0.0042216 seconds
Number of updated asset objects reloaded before import = 0Number of asset objects unloaded after import = 0

========================================================================
Received Import Request.
  Time since last request: 0.000016 seconds.
  path: Packages/com.unity.shadergraph/Editor/Generation/Processors/PropertyCollector.cs
  artifactKey: Guid(ca768a19c7caa844c83fceae4a411f04) Importer(2089858483,b0f066a214c2f5e87bad3c948f4d605d)
Start importing Packages/com.unity.shadergraph/Editor/Generation/Processors/PropertyCollector.cs using Guid(ca768a19c7caa844c83fceae4a411f04) Importer(2089858483,b0f066a214c2f5e87bad3c948f4d605d) (ScriptedImporter) -> (artifact id: 'be2b84e87aae7adbf42bb9168592f43d') in 0.0041522 seconds
Number of updated asset objects reloaded before import = 0Number of asset objects unloaded after import = 0

========================================================================
Received Import Request.
  Time since last request: 0.000019 seconds.
  path: Packages/com.unity.shadergraph/Editor/Data/Nodes/Math/Vector/TransformNode.cs
  artifactKey: Guid(1d252394349e74b278276a6e0857635e) Importer(2089858483,b0f066a214c2f5e87bad3c948f4d605d)
Start importing Packages/com.unity.shadergraph/Editor/Data/Nodes/Math/Vector/TransformNode.cs using Guid(1d252394349e74b278276a6e0857635e) Importer(2089858483,b0f066a214c2f5e87bad3c948f4d605d) (ScriptedImporter) -> (artifact id: 'cc3940ae71634fd6b64d7e6414094e7c') in 0.003571 seconds
Number of updated asset objects reloaded before import = 0Number of asset objects unloaded after import = 0

========================================================================
Received Import Request.
  Time since last request: 0.000013 seconds.
  path: Packages/com.unity.shadergraph/Editor/Drawing/Manipulators/ElementResizer.cs
  artifactKey: Guid(115a3d6c38944c34a134edc915a90ebe) Importer(2089858483,b0f066a214c2f5e87bad3c948f4d605d)
Start importing Packages/com.unity.shadergraph/Editor/Drawing/Manipulators/ElementResizer.cs using Guid(115a3d6c38944c34a134edc915a90ebe) Importer(2089858483,b0f066a214c2f5e87bad3c948f4d605d) (ScriptedImporter) -> (artifact id: '1718f6a0ff09477ff2f71bbf0ba54725') in 0.0042093 seconds
Number of updated asset objects reloaded before import = 0Number of asset objects unloaded after import = 0

========================================================================
Received Import Request.
  Time since last request: 0.000014 seconds.
  path: Packages/com.unity.render-pipelines.universal/Editor/Converter/RenderPipelineConverterVisualElement.cs
  artifactKey: Guid(5aff42982aead5e44a3d2383ac031fff) Importer(2089858483,b0f066a214c2f5e87bad3c948f4d605d)
Start importing Packages/com.unity.render-pipelines.universal/Editor/Converter/RenderPipelineConverterVisualElement.cs using Guid(5aff42982aead5e44a3d2383ac031fff) Importer(2089858483,b0f066a214c2f5e87bad3c948f4d605d) (ScriptedImporter) -> (artifact id: 'f67f10281d8b934b3235cc144072077e') in 0.0041655 seconds
Number of updated asset objects reloaded before import = 0Number of asset objects unloaded after import = 0

========================================================================
Received Import Request.
  Time since last request: 0.000016 seconds.
  path: Packages/com.unity.render-pipelines.universal/Editor/ShaderGraph/UniversalStructFields.cs
  artifactKey: Guid(aab14984951054bfc8673ef85a1b5017) Importer(2089858483,b0f066a214c2f5e87bad3c948f4d605d)
Start importing Packages/com.unity.render-pipelines.universal/Editor/ShaderGraph/UniversalStructFields.cs using Guid(aab14984951054bfc8673ef85a1b5017) Importer(2089858483,b0f066a214c2f5e87bad3c948f4d605d) (ScriptedImporter) -> (artifact id: 'a24357ad5adeaee34804a68000164c29') in 0.0037481 seconds
Number of updated asset objects reloaded before import = 0Number of asset objects unloaded after import = 0

========================================================================
Received Import Request.
  Time since last request: 0.000014 seconds.
  path: Packages/com.unity.shadergraph/Tests/Editor/UnitTests/SerializedGraphTests.cs
  artifactKey: Guid(28928f8f53abca94fbfaabf4d2c440af) Importer(2089858483,b0f066a214c2f5e87bad3c948f4d605d)
Start importing Packages/com.unity.shadergraph/Tests/Editor/UnitTests/SerializedGraphTests.cs using Guid(28928f8f53abca94fbfaabf4d2c440af) Importer(2089858483,b0f066a214c2f5e87bad3c948f4d605d) (ScriptedImporter) -> (artifact id: '2d51f55b613aeaae67b17e8240487f82') in 0.003688 seconds
Number of updated asset objects reloaded before import = 0Number of asset objects unloaded after import = 0

========================================================================
Received Import Request.
  Time since last request: 0.000016 seconds.
  path: Packages/com.unity.shadergraph/Editor/Data/Nodes/UV/RotateNode.cs
  artifactKey: Guid(e3897f68a598da34aa8bd55a3a3236ab) Importer(2089858483,b0f066a214c2f5e87bad3c948f4d605d)
Start importing Packages/com.unity.shadergraph/Editor/Data/Nodes/UV/RotateNode.cs using Guid(e3897f68a598da34aa8bd55a3a3236ab) Importer(2089858483,b0f066a214c2f5e87bad3c948f4d605d) (ScriptedImporter) -> (artifact id: 'da05900d4eb2bdc1c517153e31f00305') in 0.0038587 seconds
Number of updated asset objects reloaded before import = 0Number of asset objects unloaded after import = 0

========================================================================
Received Import Request.
  Time since last request: 0.000022 seconds.
  path: Packages/com.unity.shadergraph/Editor/Data/Nodes/Input/Texture/SamplerStateNode.cs
  artifactKey: Guid(5fe2c333e043511478cc507ee61a8c21) Importer(2089858483,b0f066a214c2f5e87bad3c948f4d605d)
Start importing Packages/com.unity.shadergraph/Editor/Data/Nodes/Input/Texture/SamplerStateNode.cs using Guid(5fe2c333e043511478cc507ee61a8c21) Importer(2089858483,b0f066a214c2f5e87bad3c948f4d605d) (ScriptedImporter) -> (artifact id: 'acbf837575ec88c239e58310e9cc3e6a') in 0.0038364 seconds
Number of updated asset objects reloaded before import = 0Number of asset objects unloaded after import = 0

========================================================================
Received Import Request.
  Time since last request: 0.000013 seconds.
  path: Packages/com.unity.shadergraph/Editor/Drawing/Inspector/PropertyDrawers/TextPropertyDrawer.cs
  artifactKey: Guid(e68777ed02ae4f5db2f87972b309ae0e) Importer(2089858483,b0f066a214c2f5e87bad3c948f4d605d)
Start importing Packages/com.unity.shadergraph/Editor/Drawing/Inspector/PropertyDrawers/TextPropertyDrawer.cs using Guid(e68777ed02ae4f5db2f87972b309ae0e) Importer(2089858483,b0f066a214c2f5e87bad3c948f4d605d) (ScriptedImporter) -> (artifact id: '9d23ed9b8eae3a2220b71db288d5b0db') in 0.0035986 seconds
Number of updated asset objects reloaded before import = 0Number of asset objects unloaded after import = 0

========================================================================
Received Import Request.
  Time since last request: 0.000015 seconds.
  path: Packages/com.unity.render-pipelines.universal/Shaders/Nature/SpeedTree7BillboardPasses.hlsl
  artifactKey: Guid(8ba36b6596e931145bbad992032afb1a) Importer(2089858483,b0f066a214c2f5e87bad3c948f4d605d)
Start importing Packages/com.unity.render-pipelines.universal/Shaders/Nature/SpeedTree7BillboardPasses.hlsl using Guid(8ba36b6596e931145bbad992032afb1a) Importer(2089858483,b0f066a214c2f5e87bad3c948f4d605d) (ScriptedImporter) -> (artifact id: '8a648bd7c9742edcf74ddd4fec033cd5') in 0.0035522 seconds
Number of updated asset objects reloaded before import = 0Number of asset objects unloaded after import = 1

========================================================================
Received Import Request.
  Time since last request: 0.000014 seconds.
  path: Packages/com.unity.shadergraph/Editor/Generation/Enumerations/RenderQueue.cs
  artifactKey: Guid(1aa36b6100be7dc4792b1129c202f42e) Importer(2089858483,b0f066a214c2f5e87bad3c948f4d605d)
Start importing Packages/com.unity.shadergraph/Editor/Generation/Enumerations/RenderQueue.cs using Guid(1aa36b6100be7dc4792b1129c202f42e) Importer(2089858483,b0f066a214c2f5e87bad3c948f4d605d) (ScriptedImporter) -> (artifact id: '3473acfd57111abceacbd2319ed19b3b') in 0.0035064 seconds
Number of updated asset objects reloaded before import = 0Number of asset objects unloaded after import = 0

========================================================================
Received Import Request.
  Time since last request: 0.000015 seconds.
  path: Packages/com.unity.render-pipelines.universal/Runtime/2D/Rendergraph/CopyCameraSortingLayerPass.cs
  artifactKey: Guid(1e2567cd71037a647ad53fc83080600b) Importer(2089858483,b0f066a214c2f5e87bad3c948f4d605d)
Start importing Packages/com.unity.render-pipelines.universal/Runtime/2D/Rendergraph/CopyCameraSortingLayerPass.cs using Guid(1e2567cd71037a647ad53fc83080600b) Importer(2089858483,b0f066a214c2f5e87bad3c948f4d605d) (ScriptedImporter) -> (artifact id: 'b86dfe590d4e588fc88803eed5dc8b45') in 0.0034995 seconds
Number of updated asset objects reloaded before import = 0Number of asset objects unloaded after import = 0

========================================================================
Received Import Request.
  Time since last request: 0.000016 seconds.
  path: Packages/com.unity.render-pipelines.universal/Runtime/Decal/Entities/DecalUpdateCulledSystem.cs
  artifactKey: Guid(46a8b2f3e1abb2145a6a4f00b699a87e) Importer(2089858483,b0f066a214c2f5e87bad3c948f4d605d)
Start importing Packages/com.unity.render-pipelines.universal/Runtime/Decal/Entities/DecalUpdateCulledSystem.cs using Guid(46a8b2f3e1abb2145a6a4f00b699a87e) Importer(2089858483,b0f066a214c2f5e87bad3c948f4d605d) (ScriptedImporter) -> (artifact id: '9370df701f83623238d32c54fc26fc1f') in 0.0036976 seconds
Number of updated asset objects reloaded before import = 0Number of asset objects unloaded after import = 0

========================================================================
Received Import Request.
  Time since last request: 0.000023 seconds.
  path: Packages/com.unity.render-pipelines.universal/Editor/SceneTemplates/Materials/Emissive.mat
  artifactKey: Guid(92f845725428c954b878da352f657fe5) Importer(2089858483,b0f066a214c2f5e87bad3c948f4d605d)
Start importing Packages/com.unity.render-pipelines.universal/Editor/SceneTemplates/Materials/Emissive.mat using Guid(92f845725428c954b878da352f657fe5) Importer(2089858483,b0f066a214c2f5e87bad3c948f4d605d) (ScriptedImporter) -> (artifact id: '44cadb3855b715d5bb360fc450331a29') in 0.0191492 seconds
Number of updated asset objects reloaded before import = 0Number of asset objects unloaded after import = 1

========================================================================
Received Import Request.
  Time since last request: 0.000014 seconds.
  path: Packages/com.unity.render-pipelines.universal/Editor/SceneTemplates/Indoors/GlobalVolumeProfile.asset
  artifactKey: Guid(afa2d039a61b9a44ab0eb7f1c138af34) Importer(2089858483,b0f066a214c2f5e87bad3c948f4d605d)
Start importing Packages/com.unity.render-pipelines.universal/Editor/SceneTemplates/Indoors/GlobalVolumeProfile.asset using Guid(afa2d039a61b9a44ab0eb7f1c138af34) Importer(2089858483,b0f066a214c2f5e87bad3c948f4d605d) (ScriptedImporter) -> (artifact id: '5136501bb30f2d299e67ff7983bbd108') in 0.006466 seconds
Number of updated asset objects reloaded before import = 0Number of asset objects unloaded after import = 6

========================================================================
Received Import Request.
  Time since last request: 0.000017 seconds.
  path: Packages/com.unity.render-pipelines.universal/Runtime/2D/Rendergraph/DrawLight2DPass.cs
  artifactKey: Guid(718db304c67a4e7692ab540c060259b2) Importer(2089858483,b0f066a214c2f5e87bad3c948f4d605d)
Start importing Packages/com.unity.render-pipelines.universal/Runtime/2D/Rendergraph/DrawLight2DPass.cs using Guid(718db304c67a4e7692ab540c060259b2) Importer(2089858483,b0f066a214c2f5e87bad3c948f4d605d) (ScriptedImporter) -> (artifact id: 'c517f2c633ccd178ff87bdf2a9ac1d4a') in 0.0037981 seconds
Number of updated asset objects reloaded before import = 0Number of asset objects unloaded after import = 0

========================================================================
Received Import Request.
  Time since last request: 0.000014 seconds.
  path: Packages/com.unity.render-pipelines.universal/Editor/ShaderGraph/AssetCallbacks/CreateSixWayShaderGraph.cs
  artifactKey: Guid(edb0ac362a4849488bbf53e05e67bb8a) Importer(2089858483,b0f066a214c2f5e87bad3c948f4d605d)
Start importing Packages/com.unity.render-pipelines.universal/Editor/ShaderGraph/AssetCallbacks/CreateSixWayShaderGraph.cs using Guid(edb0ac362a4849488bbf53e05e67bb8a) Importer(2089858483,b0f066a214c2f5e87bad3c948f4d605d) (ScriptedImporter) -> (artifact id: '2cfacb584e956ea6fd3e7f8fbbfa02cf') in 0.0035736 seconds
Number of updated asset objects reloaded before import = 0Number of asset objects unloaded after import = 0

========================================================================
Received Import Request.
  Time since last request: 0.000017 seconds.
  path: Packages/com.unity.render-pipelines.universal/Runtime/2D/RendererFeatures/ScriptableRenderPass2D.cs
  artifactKey: Guid(43645433359a9a8488056103f59e201d) Importer(2089858483,b0f066a214c2f5e87bad3c948f4d605d)
Start importing Packages/com.unity.render-pipelines.universal/Runtime/2D/RendererFeatures/ScriptableRenderPass2D.cs using Guid(43645433359a9a8488056103f59e201d) Importer(2089858483,b0f066a214c2f5e87bad3c948f4d605d) (ScriptedImporter) -> (artifact id: 'fc3b3b4ee791ab48adf4895689310d18') in 0.0035466 seconds
Number of updated asset objects reloaded before import = 0Number of asset objects unloaded after import = 0

========================================================================
Received Import Request.
  Time since last request: 0.000024 seconds.
  path: Packages/com.unity.render-pipelines.universal/Textures/BlueNoise256/LDR_LLL1_3.png
  artifactKey: Guid(cb76dd40fa7654f9587f6a344f125c9a) Importer(2089858483,b0f066a214c2f5e87bad3c948f4d605d)
Start importing Packages/com.unity.render-pipelines.universal/Textures/BlueNoise256/LDR_LLL1_3.png using Guid(cb76dd40fa7654f9587f6a344f125c9a) Importer(2089858483,b0f066a214c2f5e87bad3c948f4d605d) (ScriptedImporter) -> (artifact id: '7de629dd89fb73cadbe581e9c86c473e') in 0.0067387 seconds
Number of updated asset objects reloaded before import = 0Number of asset objects unloaded after import = 0

========================================================================
Received Import Request.
  Time since last request: 0.000015 seconds.
  path: Packages/com.unity.render-pipelines.universal/Editor/Converter/PPv2/PPv2ToURPConvertersDefinition.asmdef
  artifactKey: Guid(3fa284cf2189b184e8d506b83da68377) Importer(2089858483,b0f066a214c2f5e87bad3c948f4d605d)
Start importing Packages/com.unity.render-pipelines.universal/Editor/Converter/PPv2/PPv2ToURPConvertersDefinition.asmdef using Guid(3fa284cf2189b184e8d506b83da68377) Importer(2089858483,b0f066a214c2f5e87bad3c948f4d605d) (ScriptedImporter) -> (artifact id: '8a0b84a10b687de0e2fbe0eb83713507') in 0.0038058 seconds
Number of updated asset objects reloaded before import = 0Number of asset objects unloaded after import = 1

========================================================================
Received Import Request.
  Time since last request: 0.000015 seconds.
  path: Packages/com.unity.render-pipelines.universal/Editor/2D/Shadows/ShadowCaster2DShapeTool.cs
  artifactKey: Guid(0d6c3a273fdfa794ea11d8bf9a531114) Importer(2089858483,b0f066a214c2f5e87bad3c948f4d605d)
Start importing Packages/com.unity.render-pipelines.universal/Editor/2D/Shadows/ShadowCaster2DShapeTool.cs using Guid(0d6c3a273fdfa794ea11d8bf9a531114) Importer(2089858483,b0f066a214c2f5e87bad3c948f4d605d) (ScriptedImporter) -> (artifact id: '0bba80e661d9843d19d2ce0ae2a69b54') in 0.0037142 seconds
Number of updated asset objects reloaded before import = 0Number of asset objects unloaded after import = 0

========================================================================
Received Import Request.
  Time since last request: 0.000015 seconds.
  path: Packages/com.unity.render-pipelines.universal/Runtime/2D/Rendergraph/DrawNormal2DPass.cs
  artifactKey: Guid(b256dac03c4645f593e9cb8ecbc51419) Importer(2089858483,b0f066a214c2f5e87bad3c948f4d605d)
Start importing Packages/com.unity.render-pipelines.universal/Runtime/2D/Rendergraph/DrawNormal2DPass.cs using Guid(b256dac03c4645f593e9cb8ecbc51419) Importer(2089858483,b0f066a214c2f5e87bad3c948f4d605d) (ScriptedImporter) -> (artifact id: '105a27bcb85a1dc32fd33f03d49675d3') in 0.0036222 seconds
Number of updated asset objects reloaded before import = 0Number of asset objects unloaded after import = 0

========================================================================
Received Import Request.
  Time since last request: 0.000014 seconds.
  path: Packages/com.unity.render-pipelines.universal/Editor/Overrides/DepthOfFieldEditor.cs
  artifactKey: Guid(ad710d4eb795c9e45a2dc60a0001e99b) Importer(2089858483,b0f066a214c2f5e87bad3c948f4d605d)
Start importing Packages/com.unity.render-pipelines.universal/Editor/Overrides/DepthOfFieldEditor.cs using Guid(ad710d4eb795c9e45a2dc60a0001e99b) Importer(2089858483,b0f066a214c2f5e87bad3c948f4d605d) (ScriptedImporter) -> (artifact id: 'a8163c5d2902210e62285642a28d0acc') in 0.0035619 seconds
Number of updated asset objects reloaded before import = 0Number of asset objects unloaded after import = 0

========================================================================
Received Import Request.
  Time since last request: 0.000017 seconds.
  path: Packages/com.unity.render-pipelines.universal/Editor/BuildProcessors/URPBuildData.cs
  artifactKey: Guid(122ed720f49f925479817132b614f11a) Importer(2089858483,b0f066a214c2f5e87bad3c948f4d605d)
Start importing Packages/com.unity.render-pipelines.universal/Editor/BuildProcessors/URPBuildData.cs using Guid(122ed720f49f925479817132b614f11a) Importer(2089858483,b0f066a214c2f5e87bad3c948f4d605d) (ScriptedImporter) -> (artifact id: '6bd598d14d6ec8b2bc6a8912847e3cd9') in 0.0035575 seconds
Number of updated asset objects reloaded before import = 0Number of asset objects unloaded after import = 0

========================================================================
Received Import Request.
  Time since last request: 0.000022 seconds.
  path: Packages/com.unity.render-pipelines.universal/Tests/Editor/ShaderBuildPreprocessorTests.cs
  artifactKey: Guid(fe1a138aa19e2e64d963c084b4006b0e) Importer(2089858483,b0f066a214c2f5e87bad3c948f4d605d)
Start importing Packages/com.unity.render-pipelines.universal/Tests/Editor/ShaderBuildPreprocessorTests.cs using Guid(fe1a138aa19e2e64d963c084b4006b0e) Importer(2089858483,b0f066a214c2f5e87bad3c948f4d605d) (ScriptedImporter) -> (artifact id: 'c8bf45401dd920a8bc043556b8d3910c') in 0.0038008 seconds
Number of updated asset objects reloaded before import = 0Number of asset objects unloaded after import = 0

========================================================================
Received Import Request.
  Time since last request: 0.000014 seconds.
  path: Packages/com.unity.render-pipelines.universal/Runtime/Materials/PhysicalMaterial3DsMax/PhysicalMaterial3DsMaxTransparent.shadergraph
  artifactKey: Guid(1a207e3bee00db44b940e6f362a8e148) Importer(2089858483,b0f066a214c2f5e87bad3c948f4d605d)
Start importing Packages/com.unity.render-pipelines.universal/Runtime/Materials/PhysicalMaterial3DsMax/PhysicalMaterial3DsMaxTransparent.shadergraph using Guid(1a207e3bee00db44b940e6f362a8e148) Importer(2089858483,b0f066a214c2f5e87bad3c948f4d605d) (ScriptedImporter) -> (artifact id: 'ace8b49ec4ecccb02ecfc44a191bd64e') in 0.0089063 seconds
Number of updated asset objects reloaded before import = 0Number of asset objects unloaded after import = 5

========================================================================
Received Import Request.
  Time since last request: 0.000021 seconds.
  path: Packages/com.unity.render-pipelines.universal/Runtime/Materials/Mesh2D-Lit-Default.mat
  artifactKey: Guid(9452ae1262a74094f8a68013fbcd1834) Importer(2089858483,b0f066a214c2f5e87bad3c948f4d605d)
Start importing Packages/com.unity.render-pipelines.universal/Runtime/Materials/Mesh2D-Lit-Default.mat using Guid(9452ae1262a74094f8a68013fbcd1834) Importer(2089858483,b0f066a214c2f5e87bad3c948f4d605d) (ScriptedImporter) -> (artifact id: 'e47036288e1c8c5e6c99dfc0720f7da5') in 0.0039834 seconds
Number of updated asset objects reloaded before import = 0Number of asset objects unloaded after import = 0

========================================================================
Received Import Request.
  Time since last request: 0.000015 seconds.
  path: Packages/com.unity.render-pipelines.universal/Tests/Editor/RenderGraphTests.HelperPasses.cs
  artifactKey: Guid(fb0540054a4845f4896120b033478868) Importer(2089858483,b0f066a214c2f5e87bad3c948f4d605d)
Start importing Packages/com.unity.render-pipelines.universal/Tests/Editor/RenderGraphTests.HelperPasses.cs using Guid(fb0540054a4845f4896120b033478868) Importer(2089858483,b0f066a214c2f5e87bad3c948f4d605d) (ScriptedImporter) -> (artifact id: '760e69e9cbfe4b9cd1d1107f714d9d4c') in 0.0033089 seconds
Number of updated asset objects reloaded before import = 0Number of asset objects unloaded after import = 0

========================================================================
Received Import Request.
  Time since last request: 0.000017 seconds.
  path: Packages/com.unity.render-pipelines.universal/Editor/Converter/converter_widget_main.uss
  artifactKey: Guid(012f251bbb5d36246a87499f75dd8b24) Importer(2089858483,b0f066a214c2f5e87bad3c948f4d605d)
Start importing Packages/com.unity.render-pipelines.universal/Editor/Converter/converter_widget_main.uss using Guid(012f251bbb5d36246a87499f75dd8b24) Importer(2089858483,b0f066a214c2f5e87bad3c948f4d605d) (ScriptedImporter) -> (artifact id: 'a6ea2612841a1bed37b8296cc9e5f454') in 0.0043289 seconds
Number of updated asset objects reloaded before import = 0Number of asset objects unloaded after import = 1

========================================================================
Received Import Request.
  Time since last request: 0.000024 seconds.
  path: Packages/com.unity.ide.rider/Rider/Editor/PluginSettings.cs
  artifactKey: Guid(1bfe12aa306c0c74db4f4f1a1a0ae5ce) Importer(2089858483,b0f066a214c2f5e87bad3c948f4d605d)
Start importing Packages/com.unity.ide.rider/Rider/Editor/PluginSettings.cs using Guid(1bfe12aa306c0c74db4f4f1a1a0ae5ce) Importer(2089858483,b0f066a214c2f5e87bad3c948f4d605d) (ScriptedImporter) -> (artifact id: '1f3d046d8b7133c43df87f5798533f9d') in 0.003559 seconds
Number of updated asset objects reloaded before import = 0Number of asset objects unloaded after import = 0

========================================================================
Received Import Request.
  Time since last request: 0.000013 seconds.
  path: Packages/com.unity.shadergraph/Editor/Drawing/Inspector/PropertyDrawers/GraphDataPropertyDrawer.cs
  artifactKey: Guid(4d28f79bb9e147e0837f0411a2269513) Importer(2089858483,b0f066a214c2f5e87bad3c948f4d605d)
Start importing Packages/com.unity.shadergraph/Editor/Drawing/Inspector/PropertyDrawers/GraphDataPropertyDrawer.cs using Guid(4d28f79bb9e147e0837f0411a2269513) Importer(2089858483,b0f066a214c2f5e87bad3c948f4d605d) (ScriptedImporter) -> (artifact id: 'ab9fd94ec1a0f0c8883629f50c8e61cb') in 0.0039626 seconds
Number of updated asset objects reloaded before import = 0Number of asset objects unloaded after import = 0

========================================================================
Received Import Request.
  Time since last request: 0.000013 seconds.
  path: Packages/com.unity.render-pipelines.universal/Runtime/2D/CinemachineUniversalPixelPerfect.cs
  artifactKey: Guid(9d020dac04a1b2b44a3a36eb8abe528f) Importer(2089858483,b0f066a214c2f5e87bad3c948f4d605d)
Start importing Packages/com.unity.render-pipelines.universal/Runtime/2D/CinemachineUniversalPixelPerfect.cs using Guid(9d020dac04a1b2b44a3a36eb8abe528f) Importer(2089858483,b0f066a214c2f5e87bad3c948f4d605d) (ScriptedImporter) -> (artifact id: '2d7a461459e499d46b4086c1614a638d') in 0.004141 seconds
Number of updated asset objects reloaded before import = 0Number of asset objects unloaded after import = 1

========================================================================
Received Import Request.
  Time since last request: 0.000014 seconds.
  path: Packages/com.unity.shadergraph/Editor/Drawing/Views/NodeSettingsView.cs
  artifactKey: Guid(827eeffd55f0ac94b9c13553edbe457b) Importer(2089858483,b0f066a214c2f5e87bad3c948f4d605d)
Start importing Packages/com.unity.shadergraph/Editor/Drawing/Views/NodeSettingsView.cs using Guid(827eeffd55f0ac94b9c13553edbe457b) Importer(2089858483,b0f066a214c2f5e87bad3c948f4d605d) (ScriptedImporter) -> (artifact id: '05bc3179d1a40df85325773119466dc6') in 0.0034657 seconds
Number of updated asset objects reloaded before import = 0Number of asset objects unloaded after import = 0

========================================================================
Received Import Request.
  Time since last request: 0.000015 seconds.
  path: Packages/com.unity.render-pipelines.universal/Editor/Camera/UniversalRenderPipelineCameraUI.PhysicalCamera.Drawers.cs
  artifactKey: Guid(14ecd35dd3ee4504c84e850f72cac9b4) Importer(2089858483,b0f066a214c2f5e87bad3c948f4d605d)
Start importing Packages/com.unity.render-pipelines.universal/Editor/Camera/UniversalRenderPipelineCameraUI.PhysicalCamera.Drawers.cs using Guid(14ecd35dd3ee4504c84e850f72cac9b4) Importer(2089858483,b0f066a214c2f5e87bad3c948f4d605d) (ScriptedImporter) -> (artifact id: 'c2c01198a2a8365462035480fb2d6703') in 0.0036769 seconds
Number of updated asset objects reloaded before import = 0Number of asset objects unloaded after import = 0

========================================================================
Received Import Request.
  Time since last request: 0.000017 seconds.
  path: Packages/com.unity.shadergraph/Editor/Data/Nodes/Input/Gradient/BlackbodyNode.cs
  artifactKey: Guid(4dc57a132d2b8f346b104de7154e28a2) Importer(2089858483,b0f066a214c2f5e87bad3c948f4d605d)
Start importing Packages/com.unity.shadergraph/Editor/Data/Nodes/Input/Gradient/BlackbodyNode.cs using Guid(4dc57a132d2b8f346b104de7154e28a2) Importer(2089858483,b0f066a214c2f5e87bad3c948f4d605d) (ScriptedImporter) -> (artifact id: '0466d1fb0fd32411045d67a2bc2688d5') in 0.0035606 seconds
Number of updated asset objects reloaded before import = 0Number of asset objects unloaded after import = 0

========================================================================
Received Import Request.
  Time since last request: 0.000021 seconds.
  path: Packages/com.unity.shadergraph/Editor/Drawing/Inspector/PropertyDrawers/ProceduralVirtualTextureNodePropertyDrawer.cs
  artifactKey: Guid(910f6b8c5cf5eb9449864d4b7f2e40ce) Importer(2089858483,b0f066a214c2f5e87bad3c948f4d605d)
Start importing Packages/com.unity.shadergraph/Editor/Drawing/Inspector/PropertyDrawers/ProceduralVirtualTextureNodePropertyDrawer.cs using Guid(910f6b8c5cf5eb9449864d4b7f2e40ce) Importer(2089858483,b0f066a214c2f5e87bad3c948f4d605d) (ScriptedImporter) -> (artifact id: '86f0a8846a767806d51af12d41d2876c') in 0.0034287 seconds
Number of updated asset objects reloaded before import = 0Number of asset objects unloaded after import = 0

========================================================================
Received Import Request.
  Time since last request: 0.000014 seconds.
  path: Packages/com.unity.shadergraph/Editor/Generation/Targets/BuiltIn/ShaderLibrary/Deprecated.hlsl
  artifactKey: Guid(8ac4c7f9b9937b64885ce949fc6d6525) Importer(2089858483,b0f066a214c2f5e87bad3c948f4d605d)
Start importing Packages/com.unity.shadergraph/Editor/Generation/Targets/BuiltIn/ShaderLibrary/Deprecated.hlsl using Guid(8ac4c7f9b9937b64885ce949fc6d6525) Importer(2089858483,b0f066a214c2f5e87bad3c948f4d605d) (ScriptedImporter) -> (artifact id: 'a9afbb9a318adb634394a5ca70534523') in 0.0035408 seconds
Number of updated asset objects reloaded before import = 0Number of asset objects unloaded after import = 1

========================================================================
Received Import Request.
  Time since last request: 0.000014 seconds.
  path: Packages/com.unity.render-pipelines.universal/Editor/ShaderGUI/Shaders/ParticlesLitShader.cs
  artifactKey: Guid(9818dc043dbe84466a71ed6178bbffda) Importer(2089858483,b0f066a214c2f5e87bad3c948f4d605d)
Start importing Packages/com.unity.render-pipelines.universal/Editor/ShaderGUI/Shaders/ParticlesLitShader.cs using Guid(9818dc043dbe84466a71ed6178bbffda) Importer(2089858483,b0f066a214c2f5e87bad3c948f4d605d) (ScriptedImporter) -> (artifact id: 'ad3b701a3e6566db8f64431aa259359a') in 0.0036388 seconds
Number of updated asset objects reloaded before import = 0Number of asset objects unloaded after import = 0

========================================================================
Received Import Request.
  Time since last request: 0.000015 seconds.
  path: Packages/com.unity.shadergraph/Editor/Data/Nodes/Utility/DropdownNode.cs
  artifactKey: Guid(ec74026c92381d24bbc45e040822e702) Importer(2089858483,b0f066a214c2f5e87bad3c948f4d605d)
Start importing Packages/com.unity.shadergraph/Editor/Data/Nodes/Utility/DropdownNode.cs using Guid(ec74026c92381d24bbc45e040822e702) Importer(2089858483,b0f066a214c2f5e87bad3c948f4d605d) (ScriptedImporter) -> (artifact id: '869130b7cfd2753061ec32d908d4c1a8') in 0.0044213 seconds
Number of updated asset objects reloaded before import = 0Number of asset objects unloaded after import = 0

========================================================================
Received Import Request.
  Time since last request: 0.000012 seconds.
  path: Packages/com.unity.render-pipelines.universal/Runtime/Materials/Lit.mat
  artifactKey: Guid(31321ba15b8f8eb4c954353edc038b1d) Importer(2089858483,b0f066a214c2f5e87bad3c948f4d605d)
Start importing Packages/com.unity.render-pipelines.universal/Runtime/Materials/Lit.mat using Guid(31321ba15b8f8eb4c954353edc038b1d) Importer(2089858483,b0f066a214c2f5e87bad3c948f4d605d) (ScriptedImporter) -> (artifact id: '7e49a2acb97c59431619727e7c4b7f71') in 0.0042961 seconds
Number of updated asset objects reloaded before import = 0Number of asset objects unloaded after import = 0

========================================================================
Received Import Request.
  Time since last request: 0.000016 seconds.
  path: Packages/com.unity.render-pipelines.universal/Editor/Decal/DecalProjectorEditor.Skin.cs
  artifactKey: Guid(c91e96badf0e2d4439afbed8e4befceb) Importer(2089858483,b0f066a214c2f5e87bad3c948f4d605d)
Start importing Packages/com.unity.render-pipelines.universal/Editor/Decal/DecalProjectorEditor.Skin.cs using Guid(c91e96badf0e2d4439afbed8e4befceb) Importer(2089858483,b0f066a214c2f5e87bad3c948f4d605d) (ScriptedImporter) -> (artifact id: 'd0975710d9c99201cf9c03795c05400f') in 0.0039282 seconds
Number of updated asset objects reloaded before import = 0Number of asset objects unloaded after import = 0

========================================================================
Received Import Request.
  Time since last request: 0.000020 seconds.
  path: Packages/com.unity.shadergraph/Editor/Drawing/Controls/EnumControl.cs
  artifactKey: Guid(3a1e13c5e67541d7ad7ae18ea5a834e4) Importer(2089858483,b0f066a214c2f5e87bad3c948f4d605d)
Start importing Packages/com.unity.shadergraph/Editor/Drawing/Controls/EnumControl.cs using Guid(3a1e13c5e67541d7ad7ae18ea5a834e4) Importer(2089858483,b0f066a214c2f5e87bad3c948f4d605d) (ScriptedImporter) -> (artifact id: '2e3bfec9336947d6cb901f0f87fbe31f') in 0.0035777 seconds
Number of updated asset objects reloaded before import = 0Number of asset objects unloaded after import = 0

========================================================================
Received Import Request.
  Time since last request: 0.000015 seconds.
  path: Packages/com.unity.render-pipelines.universal/Editor/2D/ShaderGraph/Includes/MeshUnlitPass.hlsl
  artifactKey: Guid(bce3f62f3aca0994599f5113432c9136) Importer(2089858483,b0f066a214c2f5e87bad3c948f4d605d)
Start importing Packages/com.unity.render-pipelines.universal/Editor/2D/ShaderGraph/Includes/MeshUnlitPass.hlsl using Guid(bce3f62f3aca0994599f5113432c9136) Importer(2089858483,b0f066a214c2f5e87bad3c948f4d605d) (ScriptedImporter) -> (artifact id: '459658ad62b80655f70e2eda39522d23') in 0.0039714 seconds
Number of updated asset objects reloaded before import = 0Number of asset objects unloaded after import = 1

========================================================================
Received Import Request.
  Time since last request: 0.000013 seconds.
  path: Packages/com.unity.render-pipelines.universal/Editor/Converter/PPv2/EffectConverters/MotionBlurConverter.cs
  artifactKey: Guid(5d1c67b3de6d65a44b641566a9d529b4) Importer(2089858483,b0f066a214c2f5e87bad3c948f4d605d)
Start importing Packages/com.unity.render-pipelines.universal/Editor/Converter/PPv2/EffectConverters/MotionBlurConverter.cs using Guid(5d1c67b3de6d65a44b641566a9d529b4) Importer(2089858483,b0f066a214c2f5e87bad3c948f4d605d) (ScriptedImporter) -> (artifact id: '1005332aa2d0899493c7933dd8716394') in 0.0033106 seconds
Number of updated asset objects reloaded before import = 0Number of asset objects unloaded after import = 0

========================================================================
Received Import Request.
  Time since last request: 0.000014 seconds.
  path: Packages/com.unity.render-pipelines.universal/Runtime/RendererFeatures/SurfaceCacheGI/SurfaceCacheCore/SpatialFiltering.compute
  artifactKey: Guid(63e59de460463bb4c9d64bc58051d12c) Importer(2089858483,b0f066a214c2f5e87bad3c948f4d605d)
Start importing Packages/com.unity.render-pipelines.universal/Runtime/RendererFeatures/SurfaceCacheGI/SurfaceCacheCore/SpatialFiltering.compute using Guid(63e59de460463bb4c9d64bc58051d12c) Importer(2089858483,b0f066a214c2f5e87bad3c948f4d605d) (ScriptedImporter) -> (artifact id: 'e92b730c50eeae10391e62741717714a') in 0.0036181 seconds
Number of updated asset objects reloaded before import = 0Number of asset objects unloaded after import = 1

========================================================================
Received Import Request.
  Time since last request: 0.000013 seconds.
  path: Packages/com.unity.render-pipelines.universal/Editor/Converter/PPv2/EffectConverters/ChromaticAberrationConverter.cs
  artifactKey: Guid(ef31d99f657209a468edc1f49b350cb5) Importer(2089858483,b0f066a214c2f5e87bad3c948f4d605d)
Start importing Packages/com.unity.render-pipelines.universal/Editor/Converter/PPv2/EffectConverters/ChromaticAberrationConverter.cs using Guid(ef31d99f657209a468edc1f49b350cb5) Importer(2089858483,b0f066a214c2f5e87bad3c948f4d605d) (ScriptedImporter) -> (artifact id: 'c2cbe39707d0dd52827445d669993f65') in 0.0033246 seconds
Number of updated asset objects reloaded before import = 0Number of asset objects unloaded after import = 0

========================================================================
Received Import Request.
  Time since last request: 0.000015 seconds.
  path: Packages/com.unity.render-pipelines.universal/Runtime/RendererFeatures/SurfaceCacheGI/SurfaceCacheCore/Scrolling.compute
  artifactKey: Guid(47bbc3edf61978b498603cc2a1b87eea) Importer(2089858483,b0f066a214c2f5e87bad3c948f4d605d)
Start importing Packages/com.unity.render-pipelines.universal/Runtime/RendererFeatures/SurfaceCacheGI/SurfaceCacheCore/Scrolling.compute using Guid(47bbc3edf61978b498603cc2a1b87eea) Importer(2089858483,b0f066a214c2f5e87bad3c948f4d605d) (ScriptedImporter) -> (artifact id: '7ca7fac6f77e85ea15a635a5ba75e091') in 0.0038214 seconds
Number of updated asset objects reloaded before import = 0Number of asset objects unloaded after import = 1

========================================================================
Received Import Request.
  Time since last request: 0.000021 seconds.
  path: Packages/com.unity.render-pipelines.universal/Runtime/RendererFeatures/SurfaceCacheGI/SurfaceCacheCore/PathTracingMaterials.hlsl
  artifactKey: Guid(8441f2d912ff46d418f324f16d4540c1) Importer(2089858483,b0f066a214c2f5e87bad3c948f4d605d)
Start importing Packages/com.unity.render-pipelines.universal/Runtime/RendererFeatures/SurfaceCacheGI/SurfaceCacheCore/PathTracingMaterials.hlsl using Guid(8441f2d912ff46d418f324f16d4540c1) Importer(2089858483,b0f066a214c2f5e87bad3c948f4d605d) (ScriptedImporter) -> (artifact id: 'e9c4b11c1450d87f9d4b89f48616e0b8') in 0.0035697 seconds
Number of updated asset objects reloaded before import = 0Number of asset objects unloaded after import = 1

========================================================================
Received Import Request.
  Time since last request: 0.000014 seconds.
  path: Packages/com.unity.render-pipelines.universal/Editor/VFXGraph/Shaders/Templates/ParticleMeshesLit/PassShadowCaster.template
  artifactKey: Guid(9e62eb3c33b50c54badb6f7cd6eb7a8c) Importer(2089858483,b0f066a214c2f5e87bad3c948f4d605d)
Start importing Packages/com.unity.render-pipelines.universal/Editor/VFXGraph/Shaders/Templates/ParticleMeshesLit/PassShadowCaster.template using Guid(9e62eb3c33b50c54badb6f7cd6eb7a8c) Importer(2089858483,b0f066a214c2f5e87bad3c948f4d605d) (ScriptedImporter) -> (artifact id: 'aece67f073a7c8844ba9d98a35167da5') in 0.0032965 seconds
Number of updated asset objects reloaded before import = 0Number of asset objects unloaded after import = 1

========================================================================
Received Import Request.
  Time since last request: 0.000013 seconds.
  path: Packages/com.unity.render-pipelines.universal/Textures/BlueNoise16/L/LDR_LLL1_0.png
  artifactKey: Guid(81200413a40918d4d8702e94db29911c) Importer(2089858483,b0f066a214c2f5e87bad3c948f4d605d)
Start importing Packages/com.unity.render-pipelines.universal/Textures/BlueNoise16/L/LDR_LLL1_0.png using Guid(81200413a40918d4d8702e94db29911c) Importer(2089858483,b0f066a214c2f5e87bad3c948f4d605d) (ScriptedImporter) -> (artifact id: 'be84ea9c0d86ebf754de235bb8bed7a9') in 0.0060328 seconds
Number of updated asset objects reloaded before import = 0Number of asset objects unloaded after import = 0

========================================================================
Received Import Request.
  Time since last request: 0.000014 seconds.
  path: Packages/com.unity.render-pipelines.universal/Editor/2D/ShaderGraph/Targets/UniversalSpriteCustomLitSubTarget.cs
  artifactKey: Guid(1bbf55e7974743d8babdda480740a760) Importer(2089858483,b0f066a214c2f5e87bad3c948f4d605d)
Start importing Packages/com.unity.render-pipelines.universal/Editor/2D/ShaderGraph/Targets/UniversalSpriteCustomLitSubTarget.cs using Guid(1bbf55e7974743d8babdda480740a760) Importer(2089858483,b0f066a214c2f5e87bad3c948f4d605d) (ScriptedImporter) -> (artifact id: 'f598c69deceec105ea79db3461b03c84') in 0.0038235 seconds
Number of updated asset objects reloaded before import = 0Number of asset objects unloaded after import = 0

========================================================================
Received Import Request.
  Time since last request: 0.000015 seconds.
  path: Packages/com.unity.render-pipelines.universal/Editor/2D/ShaderGraph/Nodes/SpriteSkinningNode.cs
  artifactKey: Guid(b52dc03557c43a54dba259bd9f78a779) Importer(2089858483,b0f066a214c2f5e87bad3c948f4d605d)
Start importing Packages/com.unity.render-pipelines.universal/Editor/2D/ShaderGraph/Nodes/SpriteSkinningNode.cs using Guid(b52dc03557c43a54dba259bd9f78a779) Importer(2089858483,b0f066a214c2f5e87bad3c948f4d605d) (ScriptedImporter) -> (artifact id: '779aabba882a0f0e38ebe9c2fd6ffc08') in 0.0036138 seconds
Number of updated asset objects reloaded before import = 0Number of asset objects unloaded after import = 0

========================================================================
Received Import Request.
  Time since last request: 0.000015 seconds.
  path: Packages/com.unity.render-pipelines.universal/Editor/Converter/PPv2/EffectConverters/LensDistortionConverter.cs
  artifactKey: Guid(ef0ef98463379a649ba68d026c95ea4d) Importer(2089858483,b0f066a214c2f5e87bad3c948f4d605d)
Start importing Packages/com.unity.render-pipelines.universal/Editor/Converter/PPv2/EffectConverters/LensDistortionConverter.cs using Guid(ef0ef98463379a649ba68d026c95ea4d) Importer(2089858483,b0f066a214c2f5e87bad3c948f4d605d) (ScriptedImporter) -> (artifact id: '8097d5789fdf7d6d5f784911a38fa14a') in 0.0037205 seconds
Number of updated asset objects reloaded before import = 0Number of asset objects unloaded after import = 0

========================================================================
Received Import Request.
  Time since last request: 0.000027 seconds.
  path: Packages/com.unity.render-pipelines.universal/Editor/RendererFeatures/DecalRendererFeatureEditor.cs
  artifactKey: Guid(bc8495f05d06f4f4e925ef3dcbdd8175) Importer(2089858483,b0f066a214c2f5e87bad3c948f4d605d)
Start importing Packages/com.unity.render-pipelines.universal/Editor/RendererFeatures/DecalRendererFeatureEditor.cs using Guid(bc8495f05d06f4f4e925ef3dcbdd8175) Importer(2089858483,b0f066a214c2f5e87bad3c948f4d605d) (ScriptedImporter) -> (artifact id: 'fcbc68b69b058c7e4d7dcff87c877499') in 0.0035407 seconds
Number of updated asset objects reloaded before import = 0Number of asset objects unloaded after import = 0

========================================================================
Received Import Request.
  Time since last request: 0.000019 seconds.
  path: Packages/com.unity.render-pipelines.universal/Editor/ShaderGraph/Includes/DecalMeshBiasTypeEnum.cs.hlsl
  artifactKey: Guid(6483447b285419e4b89f8a853712e1ab) Importer(2089858483,b0f066a214c2f5e87bad3c948f4d605d)
Start importing Packages/com.unity.render-pipelines.universal/Editor/ShaderGraph/Includes/DecalMeshBiasTypeEnum.cs.hlsl using Guid(6483447b285419e4b89f8a853712e1ab) Importer(2089858483,b0f066a214c2f5e87bad3c948f4d605d) (ScriptedImporter) -> (artifact id: '1ab88d2fb8a5a5ede52c415f7dde9eac') in 0.0040766 seconds
Number of updated asset objects reloaded before import = 0Number of asset objects unloaded after import = 1

========================================================================
Received Import Request.
  Time since last request: 0.000014 seconds.
  path: Packages/com.unity.render-pipelines.universal/Runtime/RTHandleUtils.cs
  artifactKey: Guid(f77e6c353bf29d043a82a45025bc353a) Importer(2089858483,b0f066a214c2f5e87bad3c948f4d605d)
Start importing Packages/com.unity.render-pipelines.universal/Runtime/RTHandleUtils.cs using Guid(f77e6c353bf29d043a82a45025bc353a) Importer(2089858483,b0f066a214c2f5e87bad3c948f4d605d) (ScriptedImporter) -> (artifact id: '2dd5e140e9b5f2013e5ef0f214b18f4d') in 0.0047098 seconds
Number of updated asset objects reloaded before import = 0Number of asset objects unloaded after import = 0

========================================================================
Received Import Request.
  Time since last request: 0.000013 seconds.
  path: Packages/com.unity.render-pipelines.universal/ShaderLibrary/DBuffer.hlsl
  artifactKey: Guid(9041fd6e0797cf74a8f08340e6157c0d) Importer(2089858483,b0f066a214c2f5e87bad3c948f4d605d)
Start importing Packages/com.unity.render-pipelines.universal/ShaderLibrary/DBuffer.hlsl using Guid(9041fd6e0797cf74a8f08340e6157c0d) Importer(2089858483,b0f066a214c2f5e87bad3c948f4d605d) (ScriptedImporter) -> (artifact id: '3782e88d5028ca2109fea4a3433192d7') in 0.0042861 seconds
Number of updated asset objects reloaded before import = 0Number of asset objects unloaded after import = 1

========================================================================
Received Import Request.
  Time since last request: 0.000015 seconds.
  path: Packages/com.unity.render-pipelines.universal/Runtime/Passes/CapturePass.cs
  artifactKey: Guid(0f5a9bd148c9a4a3198fdd2365b6e514) Importer(2089858483,b0f066a214c2f5e87bad3c948f4d605d)
Start importing Packages/com.unity.render-pipelines.universal/Runtime/Passes/CapturePass.cs using Guid(0f5a9bd148c9a4a3198fdd2365b6e514) Importer(2089858483,b0f066a214c2f5e87bad3c948f4d605d) (ScriptedImporter) -> (artifact id: 'fdaf1c6cfeab2f30c27c0cbbfa6d7863') in 0.0041717 seconds
Number of updated asset objects reloaded before import = 0Number of asset objects unloaded after import = 0

========================================================================
Received Import Request.
  Time since last request: 0.000028 seconds.
  path: Packages/com.unity.shadergraph/Editor/Generation/Enumerations/StructFieldOptions.cs
  artifactKey: Guid(9e0012609a62b4276b0d7c21c7bd0ad4) Importer(2089858483,b0f066a214c2f5e87bad3c948f4d605d)
Start importing Packages/com.unity.shadergraph/Editor/Generation/Enumerations/StructFieldOptions.cs using Guid(9e0012609a62b4276b0d7c21c7bd0ad4) Importer(2089858483,b0f066a214c2f5e87bad3c948f4d605d) (ScriptedImporter) -> (artifact id: 'e3c7e67d47b967e8991c0a65a638d135') in 0.0040155 seconds
Number of updated asset objects reloaded before import = 0Number of asset objects unloaded after import = 0

========================================================================
Received Import Request.
  Time since last request: 0.000013 seconds.
  path: Packages/com.unity.render-pipelines.universal/Editor/2D/ShaderGraph/Includes/SpriteUnlitPass.hlsl
  artifactKey: Guid(172e304acf14e434e967133e7ee67273) Importer(2089858483,b0f066a214c2f5e87bad3c948f4d605d)
Start importing Packages/com.unity.render-pipelines.universal/Editor/2D/ShaderGraph/Includes/SpriteUnlitPass.hlsl using Guid(172e304acf14e434e967133e7ee67273) Importer(2089858483,b0f066a214c2f5e87bad3c948f4d605d) (ScriptedImporter) -> (artifact id: '633f12011d9751f3b9c13eb5b5d3b80b') in 0.0043569 seconds
Number of updated asset objects reloaded before import = 0Number of asset objects unloaded after import = 1

========================================================================
Received Import Request.
  Time since last request: 0.000013 seconds.
  path: Packages/com.unity.shadergraph/Editor/Generation/Collections/PragmaCollection.cs
  artifactKey: Guid(b6fd360d8ee574e7d85d34a382a182f0) Importer(2089858483,b0f066a214c2f5e87bad3c948f4d605d)
Start importing Packages/com.unity.shadergraph/Editor/Generation/Collections/PragmaCollection.cs using Guid(b6fd360d8ee574e7d85d34a382a182f0) Importer(2089858483,b0f066a214c2f5e87bad3c948f4d605d) (ScriptedImporter) -> (artifact id: '0ab3efcfa843c2cd346f559d3ba62229') in 0.0037713 seconds
Number of updated asset objects reloaded before import = 0Number of asset objects unloaded after import = 0

========================================================================
Received Import Request.
  Time since last request: 0.000014 seconds.
  path: Packages/com.unity.render-pipelines.universal/Editor/VFXGraph/Shaders/Templates/VFXParticleLitPlanarPrimitive.template
  artifactKey: Guid(571ac9b288ab81e4c9c3aad150d6cb3e) Importer(2089858483,b0f066a214c2f5e87bad3c948f4d605d)
Start importing Packages/com.unity.render-pipelines.universal/Editor/VFXGraph/Shaders/Templates/VFXParticleLitPlanarPrimitive.template using Guid(571ac9b288ab81e4c9c3aad150d6cb3e) Importer(2089858483,b0f066a214c2f5e87bad3c948f4d605d) (ScriptedImporter) -> (artifact id: '10f0b6daeedfd591a7cc69179856449b') in 0.0037916 seconds
Number of updated asset objects reloaded before import = 0Number of asset objects unloaded after import = 1

========================================================================
Received Import Request.
  Time since last request: 0.000014 seconds.
  path: Packages/com.unity.shadergraph/Tests/Editor/UnitTests/TargetTests.cs
  artifactKey: Guid(9cdf9b27fb081f64083b826f20e8b6fb) Importer(2089858483,b0f066a214c2f5e87bad3c948f4d605d)
Start importing Packages/com.unity.shadergraph/Tests/Editor/UnitTests/TargetTests.cs using Guid(9cdf9b27fb081f64083b826f20e8b6fb) Importer(2089858483,b0f066a214c2f5e87bad3c948f4d605d) (ScriptedImporter) -> (artifact id: '4cf4549d8e7365a240c7b0a1bff2287f') in 0.0038258 seconds
Number of updated asset objects reloaded before import = 0Number of asset objects unloaded after import = 0

========================================================================
Received Import Request.
  Time since last request: 0.000018 seconds.
  path: Packages/com.unity.render-pipelines.universal/Runtime/RenderPipelineResources/UniversalRenderPipelineRuntimeTextures.cs
  artifactKey: Guid(a8f66a2552f2df24d822f6c0b17834c5) Importer(2089858483,b0f066a214c2f5e87bad3c948f4d605d)
Start importing Packages/com.unity.render-pipelines.universal/Runtime/RenderPipelineResources/UniversalRenderPipelineRuntimeTextures.cs using Guid(a8f66a2552f2df24d822f6c0b17834c5) Importer(2089858483,b0f066a214c2f5e87bad3c948f4d605d) (ScriptedImporter) -> (artifact id: '73845342151a80fdb5c33e19001e6fc9') in 0.003708 seconds
Number of updated asset objects reloaded before import = 0Number of asset objects unloaded after import = 0

========================================================================
Received Import Request.
  Time since last request: 0.000025 seconds.
  path: Packages/com.unity.shadergraph/Editor/Data/Nodes/CodeFunctionNode.cs
  artifactKey: Guid(3ed144f424a684a25971321011ebb096) Importer(2089858483,b0f066a214c2f5e87bad3c948f4d605d)
Start importing Packages/com.unity.shadergraph/Editor/Data/Nodes/CodeFunctionNode.cs using Guid(3ed144f424a684a25971321011ebb096) Importer(2089858483,b0f066a214c2f5e87bad3c948f4d605d) (ScriptedImporter) -> (artifact id: 'a30c1b7cff35de402a34f03665db9122') in 0.0052722 seconds
Number of updated asset objects reloaded before import = 0Number of asset objects unloaded after import = 0

========================================================================
Received Import Request.
  Time since last request: 0.000019 seconds.
  path: Packages/com.unity.render-pipelines.universal/Runtime/History/StpHistory.cs
  artifactKey: Guid(9eac74bd55c9f7248a432b8e8725366c) Importer(2089858483,b0f066a214c2f5e87bad3c948f4d605d)
Start importing Packages/com.unity.render-pipelines.universal/Runtime/History/StpHistory.cs using Guid(9eac74bd55c9f7248a432b8e8725366c) Importer(2089858483,b0f066a214c2f5e87bad3c948f4d605d) (ScriptedImporter) -> (artifact id: 'b602c71732ba06277c3275dffb30bf11') in 0.0043186 seconds
Number of updated asset objects reloaded before import = 0Number of asset objects unloaded after import = 0

========================================================================
Received Import Request.
  Time since last request: 0.000013 seconds.
  path: Packages/com.unity.shadergraph/Editor/Data/Nodes/GeometryNode.cs
  artifactKey: Guid(2e30171d4f8dfdc44beee8926ed3a83e) Importer(2089858483,b0f066a214c2f5e87bad3c948f4d605d)
Start importing Packages/com.unity.shadergraph/Editor/Data/Nodes/GeometryNode.cs using Guid(2e30171d4f8dfdc44beee8926ed3a83e) Importer(2089858483,b0f066a214c2f5e87bad3c948f4d605d) (ScriptedImporter) -> (artifact id: '52f75a5cea3bc8b12ccf60dd4628dbb8') in 0.0038323 seconds
Number of updated asset objects reloaded before import = 0Number of asset objects unloaded after import = 0

========================================================================
Received Import Request.
  Time since last request: 0.000014 seconds.
  path: Packages/com.unity.render-pipelines.universal/Runtime/2D/Shadows/ShadowProvider/Providers/ShadowShapeProvider2D_Utility.cs
  artifactKey: Guid(e428475e2bdb81f499cdbe3c59953975) Importer(2089858483,b0f066a214c2f5e87bad3c948f4d605d)
Start importing Packages/com.unity.render-pipelines.universal/Runtime/2D/Shadows/ShadowProvider/Providers/ShadowShapeProvider2D_Utility.cs using Guid(e428475e2bdb81f499cdbe3c59953975) Importer(2089858483,b0f066a214c2f5e87bad3c948f4d605d) (ScriptedImporter) -> (artifact id: '2d8c492d9037bdeab070bf2bf9772850') in 0.0034628 seconds
Number of updated asset objects reloaded before import = 0Number of asset objects unloaded after import = 0

========================================================================
Received Import Request.
  Time since last request: 0.000015 seconds.
  path: Packages/com.unity.render-pipelines.universal/Tests/Editor/Tools/Converters/ReadonlyMaterialConverter/ReadonlyMaterialConverterTests.MaterialReferenceBuilder.cs
  artifactKey: Guid(ace421d79f5a6bd41bca418cddff7683) Importer(2089858483,b0f066a214c2f5e87bad3c948f4d605d)
Start importing Packages/com.unity.render-pipelines.universal/Tests/Editor/Tools/Converters/ReadonlyMaterialConverter/ReadonlyMaterialConverterTests.MaterialReferenceBuilder.cs using Guid(ace421d79f5a6bd41bca418cddff7683) Importer(2089858483,b0f066a214c2f5e87bad3c948f4d605d) (ScriptedImporter) -> (artifact id: 'f84fd2d1ac9a578064c33a3cd7f5ca9c') in 0.0049705 seconds
Number of updated asset objects reloaded before import = 0Number of asset objects unloaded after import = 0

========================================================================
Received Import Request.
  Time since last request: 0.000021 seconds.
  path: Packages/com.unity.render-pipelines.universal/ShaderLibrary/Lighting.hlsl
  artifactKey: Guid(762f0a4829f44584ba01e2f0661150d9) Importer(2089858483,b0f066a214c2f5e87bad3c948f4d605d)
Start importing Packages/com.unity.render-pipelines.universal/ShaderLibrary/Lighting.hlsl using Guid(762f0a4829f44584ba01e2f0661150d9) Importer(2089858483,b0f066a214c2f5e87bad3c948f4d605d) (ScriptedImporter) -> (artifact id: 'c309fb666c472e5372603c109dd9497c') in 0.0033359 seconds
Number of updated asset objects reloaded before import = 0Number of asset objects unloaded after import = 1

========================================================================
Received Import Request.
  Time since last request: 0.000017 seconds.
  path: Packages/com.unity.shadergraph/Tests/Editor/IntegrationTests/SerializationTests.cs
  artifactKey: Guid(0dd57d4b408ec4c4580937b45862efbb) Importer(2089858483,b0f066a214c2f5e87bad3c948f4d605d)
Start importing Packages/com.unity.shadergraph/Tests/Editor/IntegrationTests/SerializationTests.cs using Guid(0dd57d4b408ec4c4580937b45862efbb) Importer(2089858483,b0f066a214c2f5e87bad3c948f4d605d) (ScriptedImporter) -> (artifact id: 'fcc04499513cae4a37680b92d8af5304') in 0.0037163 seconds
Number of updated asset objects reloaded before import = 0Number of asset objects unloaded after import = 0

========================================================================
Received Import Request.
  Time since last request: 0.000012 seconds.
  path: Packages/com.unity.shadergraph/Editor/Drawing/Views/GraphEditorView.cs
  artifactKey: Guid(39a37c8d2156b41e182286e521fe51f4) Importer(2089858483,b0f066a214c2f5e87bad3c948f4d605d)
Start importing Packages/com.unity.shadergraph/Editor/Drawing/Views/GraphEditorView.cs using Guid(39a37c8d2156b41e182286e521fe51f4) Importer(2089858483,b0f066a214c2f5e87bad3c948f4d605d) (ScriptedImporter) -> (artifact id: '4c2fc2b7ab689e650bd387de0372d991') in 0.0036311 seconds
Number of updated asset objects reloaded before import = 0Number of asset objects unloaded after import = 0

========================================================================
Received Import Request.
  Time since last request: 0.000013 seconds.
  path: Packages/com.unity.shadergraph/Editor/Resources/Styles/Controls/UVSlotControlView.uss
  artifactKey: Guid(79edeef1474952e41b017ad4ac812f5e) Importer(2089858483,b0f066a214c2f5e87bad3c948f4d605d)
Start importing Packages/com.unity.shadergraph/Editor/Resources/Styles/Controls/UVSlotControlView.uss using Guid(79edeef1474952e41b017ad4ac812f5e) Importer(2089858483,b0f066a214c2f5e87bad3c948f4d605d) (ScriptedImporter) -> (artifact id: '66d42d2f00ede942d5bb041fa8cb157e') in 0.004586 seconds
Number of updated asset objects reloaded before import = 0Number of asset objects unloaded after import = 1

========================================================================
Received Import Request.
  Time since last request: 0.000013 seconds.
  path: Packages/com.unity.render-pipelines.universal/ShaderLibrary/Debug/DebugViewEnums.cs.hlsl
  artifactKey: Guid(448811f26ae38ae4cbb2edb0d2b9186c) Importer(2089858483,b0f066a214c2f5e87bad3c948f4d605d)
Start importing Packages/com.unity.render-pipelines.universal/ShaderLibrary/Debug/DebugViewEnums.cs.hlsl using Guid(448811f26ae38ae4cbb2edb0d2b9186c) Importer(2089858483,b0f066a214c2f5e87bad3c948f4d605d) (ScriptedImporter) -> (artifact id: '160fcb34ec1c285a8f4f3ff9671d7562') in 0.003914 seconds
Number of updated asset objects reloaded before import = 0Number of asset objects unloaded after import = 1

========================================================================
Received Import Request.
  Time since last request: 0.000015 seconds.
  path: Packages/com.unity.render-pipelines.universal/Editor/2D/Converter/Base2DMaterialUpgrader.cs
  artifactKey: Guid(9899a41038dc3954a9a5d802ef6ee182) Importer(2089858483,b0f066a214c2f5e87bad3c948f4d605d)
Start importing Packages/com.unity.render-pipelines.universal/Editor/2D/Converter/Base2DMaterialUpgrader.cs using Guid(9899a41038dc3954a9a5d802ef6ee182) Importer(2089858483,b0f066a214c2f5e87bad3c948f4d605d) (ScriptedImporter) -> (artifact id: '091ec31f95af4ea743bad659db5668f3') in 0.0043726 seconds
Number of updated asset objects reloaded before import = 0Number of asset objects unloaded after import = 0

========================================================================
Received Import Request.
  Time since last request: 0.000020 seconds.
  path: Packages/com.unity.shadergraph/Editor/Generation/Targets/BuiltIn/Editor/ShaderGraph/Includes/ShadowCasterPass.hlsl
  artifactKey: Guid(35c8158e574671d43b32c60a61df1b0f) Importer(2089858483,b0f066a214c2f5e87bad3c948f4d605d)
Start importing Packages/com.unity.shadergraph/Editor/Generation/Targets/BuiltIn/Editor/ShaderGraph/Includes/ShadowCasterPass.hlsl using Guid(35c8158e574671d43b32c60a61df1b0f) Importer(2089858483,b0f066a214c2f5e87bad3c948f4d605d) (ScriptedImporter) -> (artifact id: '1f3c7ae1999dbffb1c736717e71b036e') in 0.0042497 seconds
Number of updated asset objects reloaded before import = 0Number of asset objects unloaded after import = 1

========================================================================
Received Import Request.
  Time since last request: 0.000012 seconds.
  path: Packages/com.unity.render-pipelines.universal/Editor/2D/ShaderGraph/Includes/Mesh2DLitPass.hlsl
  artifactKey: Guid(19a7eabf161c29846b42f73a2965d39b) Importer(2089858483,b0f066a214c2f5e87bad3c948f4d605d)
Start importing Packages/com.unity.render-pipelines.universal/Editor/2D/ShaderGraph/Includes/Mesh2DLitPass.hlsl using Guid(19a7eabf161c29846b42f73a2965d39b) Importer(2089858483,b0f066a214c2f5e87bad3c948f4d605d) (ScriptedImporter) -> (artifact id: '837aff28989968af92f63c3ef0574c90') in 0.0034346 seconds
Number of updated asset objects reloaded before import = 0Number of asset objects unloaded after import = 1

========================================================================
Received Import Request.
  Time since last request: 0.000013 seconds.
  path: Packages/com.unity.modules.vectorgraphics/package.json
  artifactKey: Guid(78e5667e52329c3ceef41288763404ae) Importer(2089858483,b0f066a214c2f5e87bad3c948f4d605d)
Start importing Packages/com.unity.modules.vectorgraphics/package.json using Guid(78e5667e52329c3ceef41288763404ae) Importer(2089858483,b0f066a214c2f5e87bad3c948f4d605d) (ScriptedImporter) -> (artifact id: '40410c6b959940d406764a1ee18088b9') in 0.0039549 seconds
Number of updated asset objects reloaded before import = 0Number of asset objects unloaded after import = 1

========================================================================
Received Import Request.
  Time since last request: 0.000012 seconds.
  path: Packages/com.unity.shadergraph/Editor/Data/Nodes/Input/Texture/TextureStackNode.cs
  artifactKey: Guid(e2db046575851ad4c806c1fb14f28290) Importer(2089858483,b0f066a214c2f5e87bad3c948f4d605d)
Start importing Packages/com.unity.shadergraph/Editor/Data/Nodes/Input/Texture/TextureStackNode.cs using Guid(e2db046575851ad4c806c1fb14f28290) Importer(2089858483,b0f066a214c2f5e87bad3c948f4d605d) (ScriptedImporter) -> (artifact id: '334e266be19c0aca58ec416b37e75943') in 0.0038828 seconds
Number of updated asset objects reloaded before import = 0Number of asset objects unloaded after import = 0

========================================================================
Received Import Request.
  Time since last request: 0.000013 seconds.
  path: Packages/com.unity.render-pipelines.universal/Editor/ShaderGraph/GraphTemplates/UITKFullTemplate.shadergraph
  artifactKey: Guid(3e01bbae25716b24ea9da11102b44902) Importer(2089858483,b0f066a214c2f5e87bad3c948f4d605d)
Start importing Packages/com.unity.render-pipelines.universal/Editor/ShaderGraph/GraphTemplates/UITKFullTemplate.shadergraph using Guid(3e01bbae25716b24ea9da11102b44902) Importer(2089858483,b0f066a214c2f5e87bad3c948f4d605d) (ScriptedImporter) -> (artifact id: '12a7c9bad96cdd35e0e53aa90510482a') in 0.0083237 seconds
Number of updated asset objects reloaded before import = 0Number of asset objects unloaded after import = 4

========================================================================
Received Import Request.
  Time since last request: 0.000015 seconds.
  path: Packages/com.unity.shadergraph/Editor/Drawing/Inspector/PropertyDrawers/TriplanarNodePropertyDrawer.cs
  artifactKey: Guid(676609a53124d5b4692470f7f7a5f9a8) Importer(2089858483,b0f066a214c2f5e87bad3c948f4d605d)
Start importing Packages/com.unity.shadergraph/Editor/Drawing/Inspector/PropertyDrawers/TriplanarNodePropertyDrawer.cs using Guid(676609a53124d5b4692470f7f7a5f9a8) Importer(2089858483,b0f066a214c2f5e87bad3c948f4d605d) (ScriptedImporter) -> (artifact id: '71963666487c44c28065db5f2d9507ad') in 0.0040078 seconds
Number of updated asset objects reloaded before import = 0Number of asset objects unloaded after import = 0

========================================================================
Received Import Request.
  Time since last request: 0.000020 seconds.
  path: Packages/com.unity.shadergraph/Editor/Data/Nodes/Math/Round/StepNode.cs
  artifactKey: Guid(af47cc48edd11514ba0c965aae166f2f) Importer(2089858483,b0f066a214c2f5e87bad3c948f4d605d)
Start importing Packages/com.unity.shadergraph/Editor/Data/Nodes/Math/Round/StepNode.cs using Guid(af47cc48edd11514ba0c965aae166f2f) Importer(2089858483,b0f066a214c2f5e87bad3c948f4d605d) (ScriptedImporter) -> (artifact id: 'f25044bc951615cabc5b9d235eef9a0e') in 0.0041467 seconds
Number of updated asset objects reloaded before import = 0Number of asset objects unloaded after import = 0

========================================================================
Received Import Request.
  Time since last request: 0.000013 seconds.
  path: Packages/com.unity.shadergraph/Editor/Data/Nodes/Math/Trigonometry/HyperbolicTangentNode.cs
  artifactKey: Guid(31c266bc8d479994eb5f6371038c75d2) Importer(2089858483,b0f066a214c2f5e87bad3c948f4d605d)
Start importing Packages/com.unity.shadergraph/Editor/Data/Nodes/Math/Trigonometry/HyperbolicTangentNode.cs using Guid(31c266bc8d479994eb5f6371038c75d2) Importer(2089858483,b0f066a214c2f5e87bad3c948f4d605d) (ScriptedImporter) -> (artifact id: '272bffea2b7b5142e76cb37d3cfec98f') in 0.0047068 seconds
Number of updated asset objects reloaded before import = 0Number of asset objects unloaded after import = 0

========================================================================
Received Import Request.
  Time since last request: 0.000013 seconds.
  path: Packages/com.unity.render-pipelines.universal/Runtime/MotionVectors.cs
  artifactKey: Guid(00a88cea6e93342c38794220d3168827) Importer(2089858483,b0f066a214c2f5e87bad3c948f4d605d)
Start importing Packages/com.unity.render-pipelines.universal/Runtime/MotionVectors.cs using Guid(00a88cea6e93342c38794220d3168827) Importer(2089858483,b0f066a214c2f5e87bad3c948f4d605d) (ScriptedImporter) -> (artifact id: '476eb4affda84e4dc7d81fb843721887') in 0.0045451 seconds
Number of updated asset objects reloaded before import = 0Number of asset objects unloaded after import = 0

========================================================================
Received Import Request.
  Time since last request: 0.000012 seconds.
  path: Packages/com.unity.render-pipelines.universal/Runtime/RenderPipelineResources/UniversalRenderPipelineEditorShaders.cs
  artifactKey: Guid(cf323c9e0e16463488651a133c05e309) Importer(2089858483,b0f066a214c2f5e87bad3c948f4d605d)
Start importing Packages/com.unity.render-pipelines.universal/Runtime/RenderPipelineResources/UniversalRenderPipelineEditorShaders.cs using Guid(cf323c9e0e16463488651a133c05e309) Importer(2089858483,b0f066a214c2f5e87bad3c948f4d605d) (ScriptedImporter) -> (artifact id: '7b65e566efa069b32c7b588cb84fb086') in 0.0038547 seconds
Number of updated asset objects reloaded before import = 0Number of asset objects unloaded after import = 0

========================================================================
Received Import Request.
  Time since last request: 0.000014 seconds.
  path: Packages/com.unity.render-pipelines.universal/Editor/Overrides/LiftGammaGainEditor.cs
  artifactKey: Guid(5a5420665d101df4c8b55860ae8aaa17) Importer(2089858483,b0f066a214c2f5e87bad3c948f4d605d)
Start importing Packages/com.unity.render-pipelines.universal/Editor/Overrides/LiftGammaGainEditor.cs using Guid(5a5420665d101df4c8b55860ae8aaa17) Importer(2089858483,b0f066a214c2f5e87bad3c948f4d605d) (ScriptedImporter) -> (artifact id: '372588c4bce3fc9aa5f78738dc6236de') in 0.0036535 seconds
Number of updated asset objects reloaded before import = 0Number of asset objects unloaded after import = 0

========================================================================
Received Import Request.
  Time since last request: 0.000015 seconds.
  path: Packages/com.unity.render-pipelines.universal/Editor/SceneTemplates/Standard.scenetemplate
  artifactKey: Guid(9d187c8728d2b4c398f45befcacc2827) Importer(2089858483,b0f066a214c2f5e87bad3c948f4d605d)
Start importing Packages/com.unity.render-pipelines.universal/Editor/SceneTemplates/Standard.scenetemplate using Guid(9d187c8728d2b4c398f45befcacc2827) Importer(2089858483,b0f066a214c2f5e87bad3c948f4d605d) (ScriptedImporter) -> (artifact id: 'a1e74ca38404530d93fc672756485b57') in 0.0244304 seconds
Number of updated asset objects reloaded before import = 0Number of asset objects unloaded after import = 75

========================================================================
Received Import Request.
  Time since last request: 0.000022 seconds.
  path: Packages/com.unity.shadergraph/Editor/Data/Nodes/Input/Lighting/BakedGINode.cs
  artifactKey: Guid(5f77cdea8b1204b12bb03da3dd3bd3b6) Importer(2089858483,b0f066a214c2f5e87bad3c948f4d605d)
Start importing Packages/com.unity.shadergraph/Editor/Data/Nodes/Input/Lighting/BakedGINode.cs using Guid(5f77cdea8b1204b12bb03da3dd3bd3b6) Importer(2089858483,b0f066a214c2f5e87bad3c948f4d605d) (ScriptedImporter) -> (artifact id: 'fb1a71ff58a2264647d22a6091bc1619') in 0.0034029 seconds
Number of updated asset objects reloaded before import = 0Number of asset objects unloaded after import = 0

========================================================================
Received Import Request.
  Time since last request: 0.000013 seconds.
  path: Packages/com.unity.render-pipelines.universal/Textures/BlueNoise16/L/LDR_LLL1_25.png
  artifactKey: Guid(1c3c6d69a645b804fa232004b96b7ad3) Importer(2089858483,b0f066a214c2f5e87bad3c948f4d605d)
Start importing Packages/com.unity.render-pipelines.universal/Textures/BlueNoise16/L/LDR_LLL1_25.png using Guid(1c3c6d69a645b804fa232004b96b7ad3) Importer(2089858483,b0f066a214c2f5e87bad3c948f4d605d) (ScriptedImporter) -> (artifact id: '30af355851d2ee3d37c96c87d29989ff') in 0.0060707 seconds
Number of updated asset objects reloaded before import = 0Number of asset objects unloaded after import = 0

========================================================================
Received Import Request.
  Time since last request: 0.000014 seconds.
  path: Packages/com.unity.shadergraph/Editor/Generation/Targets/BuiltIn/ShaderLibrary/ShaderGraphFunctions.hlsl
  artifactKey: Guid(e74b0f1b5e52c5642a66b47b7fc87799) Importer(2089858483,b0f066a214c2f5e87bad3c948f4d605d)
Start importing Packages/com.unity.shadergraph/Editor/Generation/Targets/BuiltIn/ShaderLibrary/ShaderGraphFunctions.hlsl using Guid(e74b0f1b5e52c5642a66b47b7fc87799) Importer(2089858483,b0f066a214c2f5e87bad3c948f4d605d) (ScriptedImporter) -> (artifact id: '7f6847e18674568f3db2315fc99308d2') in 0.0033563 seconds
Number of updated asset objects reloaded before import = 0Number of asset objects unloaded after import = 1

========================================================================
Received Import Request.
  Time since last request: 0.000012 seconds.
  path: Packages/com.unity.shadergraph/Editor/Generation/Attributes/GenerateBlocksAttribute.cs
  artifactKey: Guid(8192fc2e63c354dff92db5dde0c564b7) Importer(2089858483,b0f066a214c2f5e87bad3c948f4d605d)
Start importing Packages/com.unity.shadergraph/Editor/Generation/Attributes/GenerateBlocksAttribute.cs using Guid(8192fc2e63c354dff92db5dde0c564b7) Importer(2089858483,b0f066a214c2f5e87bad3c948f4d605d) (ScriptedImporter) -> (artifact id: '43903cc76a166afe099fc2ea21edc782') in 0.0032158 seconds
Number of updated asset objects reloaded before import = 0Number of asset objects unloaded after import = 0

========================================================================
Received Import Request.
  Time since last request: 0.000017 seconds.
  path: Packages/com.unity.render-pipelines.universal/Runtime/2D/Rendergraph/UpscalePass.cs
  artifactKey: Guid(6994c3a2393b6ee4a9b963abd8f7b656) Importer(2089858483,b0f066a214c2f5e87bad3c948f4d605d)
Start importing Packages/com.unity.render-pipelines.universal/Runtime/2D/Rendergraph/UpscalePass.cs using Guid(6994c3a2393b6ee4a9b963abd8f7b656) Importer(2089858483,b0f066a214c2f5e87bad3c948f4d605d) (ScriptedImporter) -> (artifact id: '5fd1a3088be5d9dd6e48c340706eeecb') in 0.0032621 seconds
Number of updated asset objects reloaded before import = 0Number of asset objects unloaded after import = 0

========================================================================
Received Import Request.
  Time since last request: 0.000015 seconds.
  path: Packages/com.unity.render-pipelines.universal/Textures/BlueNoise16/L/LDR_LLL1_21.png
  artifactKey: Guid(d5c9b274310e5524ebe32a4e4da3df1f) Importer(2089858483,b0f066a214c2f5e87bad3c948f4d605d)
Start importing Packages/com.unity.render-pipelines.universal/Textures/BlueNoise16/L/LDR_LLL1_21.png using Guid(d5c9b274310e5524ebe32a4e4da3df1f) Importer(2089858483,b0f066a214c2f5e87bad3c948f4d605d) (ScriptedImporter) -> (artifact id: 'f6a31bbafd3b78293ca11d7262cdf112') in 0.0084081 seconds
Number of updated asset objects reloaded before import = 0Number of asset objects unloaded after import = 0

========================================================================
Received Import Request.
  Time since last request: 0.000020 seconds.
  path: Packages/com.unity.render-pipelines.universal/Editor/SceneTemplates/Standard/LightingData.asset
  artifactKey: Guid(bbf92febd37eec24fa8da21f59ace918) Importer(2089858483,b0f066a214c2f5e87bad3c948f4d605d)
Start importing Packages/com.unity.render-pipelines.universal/Editor/SceneTemplates/Standard/LightingData.asset using Guid(bbf92febd37eec24fa8da21f59ace918) Importer(2089858483,b0f066a214c2f5e87bad3c948f4d605d) (ScriptedImporter) -> (artifact id: 'a217b394797d416d243fc0dfd72a7520') in 0.0040827 seconds
Number of updated asset objects reloaded before import = 0Number of asset objects unloaded after import = 2

========================================================================
Received Import Request.
  Time since last request: 0.000012 seconds.
  path: Packages/com.unity.shadergraph/Editor/Generation/Targets/CustomRenderTexture/CustomTextureSelf.cs
  artifactKey: Guid(612128dfda49f7c45861ebe0aaa6dfb6) Importer(2089858483,b0f066a214c2f5e87bad3c948f4d605d)
Start importing Packages/com.unity.shadergraph/Editor/Generation/Targets/CustomRenderTexture/CustomTextureSelf.cs using Guid(612128dfda49f7c45861ebe0aaa6dfb6) Importer(2089858483,b0f066a214c2f5e87bad3c948f4d605d) (ScriptedImporter) -> (artifact id: '9bee16d2edc4cf077a9711c7c5d9d920') in 0.0036853 seconds
Number of updated asset objects reloaded before import = 0Number of asset objects unloaded after import = 0

========================================================================
Received Import Request.
  Time since last request: 0.000012 seconds.
  path: Packages/com.unity.shadergraph/Editor/Generation/Targets/BuiltIn/Editor/ShaderGraph/Includes/LegacySurfaceVertex.hlsl
  artifactKey: Guid(5461cde96a0881146aed77bccd1c72ec) Importer(2089858483,b0f066a214c2f5e87bad3c948f4d605d)
Start importing Packages/com.unity.shadergraph/Editor/Generation/Targets/BuiltIn/Editor/ShaderGraph/Includes/LegacySurfaceVertex.hlsl using Guid(5461cde96a0881146aed77bccd1c72ec) Importer(2089858483,b0f066a214c2f5e87bad3c948f4d605d) (ScriptedImporter) -> (artifact id: 'af53be220b81d5bd4091d3ea616cdedd') in 0.0035833 seconds
Number of updated asset objects reloaded before import = 0Number of asset objects unloaded after import = 1

========================================================================
Received Import Request.
  Time since last request: 0.000013 seconds.
  path: Packages/com.unity.render-pipelines.universal/Editor/2D/Resources/SceneViewIcons/ParametricLight.png
  artifactKey: Guid(302e68dd45b9b2d4194ff0f7f454436f) Importer(2089858483,b0f066a214c2f5e87bad3c948f4d605d)
Start importing Packages/com.unity.render-pipelines.universal/Editor/2D/Resources/SceneViewIcons/ParametricLight.png using Guid(302e68dd45b9b2d4194ff0f7f454436f) Importer(2089858483,b0f066a214c2f5e87bad3c948f4d605d) (ScriptedImporter) -> (artifact id: '66f4820572953a830f4833fe135ce0eb') in 0.0064449 seconds
Number of updated asset objects reloaded before import = 0Number of asset objects unloaded after import = 1

========================================================================
Received Import Request.
  Time since last request: 0.000015 seconds.
  path: Packages/com.unity.ide.rider/ValidationExceptions.json
  artifactKey: Guid(b6029123aa4ab4e0481a4b3ad8a15af9) Importer(2089858483,b0f066a214c2f5e87bad3c948f4d605d)
Start importing Packages/com.unity.ide.rider/ValidationExceptions.json using Guid(b6029123aa4ab4e0481a4b3ad8a15af9) Importer(2089858483,b0f066a214c2f5e87bad3c948f4d605d) (ScriptedImporter) -> (artifact id: '6d3b5801a3c2c931e6a4ac07d3ab5619') in 0.0035224 seconds
Number of updated asset objects reloaded before import = 0Number of asset objects unloaded after import = 1

========================================================================
Received Import Request.
  Time since last request: 0.000015 seconds.
  path: Packages/com.unity.shadergraph/Editor/Drawing/Inspector/PropertyDrawers/ToggleDataPropertyDrawer.cs
  artifactKey: Guid(57c3182c4f4d4ee8a6eccd63407c695d) Importer(2089858483,b0f066a214c2f5e87bad3c948f4d605d)
Start importing Packages/com.unity.shadergraph/Editor/Drawing/Inspector/PropertyDrawers/ToggleDataPropertyDrawer.cs using Guid(57c3182c4f4d4ee8a6eccd63407c695d) Importer(2089858483,b0f066a214c2f5e87bad3c948f4d605d) (ScriptedImporter) -> (artifact id: 'f39f9713b47c88c13ebe6bb9213b6b5e') in 0.0035534 seconds
Number of updated asset objects reloaded before import = 0Number of asset objects unloaded after import = 0

========================================================================
Received Import Request.
  Time since last request: 0.000023 seconds.
  path: Packages/com.unity.render-pipelines.universal/Shaders/ComplexLit.shader
  artifactKey: Guid(ee7e4c9a5f6364b688a332c67fc32cca) Importer(2089858483,b0f066a214c2f5e87bad3c948f4d605d)
Start importing Packages/com.unity.render-pipelines.universal/Shaders/ComplexLit.shader using Guid(ee7e4c9a5f6364b688a332c67fc32cca) Importer(2089858483,b0f066a214c2f5e87bad3c948f4d605d) (ScriptedImporter) -> (artifact id: '5eaa25c9c332078474310c852ca0f1cc') in 0.0046727 seconds
Number of updated asset objects reloaded before import = 0Number of asset objects unloaded after import = 1

========================================================================
Received Import Request.
  Time since last request: 0.000014 seconds.
  path: Packages/com.unity.shadergraph/Editor/Generation/Utils/TargetUtils.cs
  artifactKey: Guid(a6d06b16029264544ac0e989c073ac31) Importer(2089858483,b0f066a214c2f5e87bad3c948f4d605d)
Start importing Packages/com.unity.shadergraph/Editor/Generation/Utils/TargetUtils.cs using Guid(a6d06b16029264544ac0e989c073ac31) Importer(2089858483,b0f066a214c2f5e87bad3c948f4d605d) (ScriptedImporter) -> (artifact id: 'b309ee1ea9ca8c574a3004d58766a4e4') in 0.0039189 seconds
Number of updated asset objects reloaded before import = 0Number of asset objects unloaded after import = 0

========================================================================
Received Import Request.
  Time since last request: 0.000013 seconds.
  path: Packages/com.unity.shadergraph/Editor/Generation/Collections/FieldCollection.cs
  artifactKey: Guid(ac41755acee97d247a7121e25babbb6a) Importer(2089858483,b0f066a214c2f5e87bad3c948f4d605d)
Start importing Packages/com.unity.shadergraph/Editor/Generation/Collections/FieldCollection.cs using Guid(ac41755acee97d247a7121e25babbb6a) Importer(2089858483,b0f066a214c2f5e87bad3c948f4d605d) (ScriptedImporter) -> (artifact id: '8c0e9bf2801cb1fd9589473d775ee96e') in 0.0034669 seconds
Number of updated asset objects reloaded before import = 0Number of asset objects unloaded after import = 0

========================================================================
Received Import Request.
  Time since last request: 0.000015 seconds.
  path: Packages/com.unity.shadergraph/Editor/Data/Nodes/Math/Range/SaturateNode.cs
  artifactKey: Guid(fb36f8243cc0c1b4b862405cc67fa2d1) Importer(2089858483,b0f066a214c2f5e87bad3c948f4d605d)
Start importing Packages/com.unity.shadergraph/Editor/Data/Nodes/Math/Range/SaturateNode.cs using Guid(fb36f8243cc0c1b4b862405cc67fa2d1) Importer(2089858483,b0f066a214c2f5e87bad3c948f4d605d) (ScriptedImporter) -> (artifact id: '1963432b339b30ac7273d9b3dcd81995') in 0.0037083 seconds
Number of updated asset objects reloaded before import = 0Number of asset objects unloaded after import = 0

========================================================================
Received Import Request.
  Time since last request: 0.000013 seconds.
  path: Packages/com.unity.shadergraph/Editor/Data/Nodes/Input/Texture/CalculateLevelOfDetailTexture2DNode.cs
  artifactKey: Guid(03cdc5d395730c74ebabff3988c5110d) Importer(2089858483,b0f066a214c2f5e87bad3c948f4d605d)
Start importing Packages/com.unity.shadergraph/Editor/Data/Nodes/Input/Texture/CalculateLevelOfDetailTexture2DNode.cs using Guid(03cdc5d395730c74ebabff3988c5110d) Importer(2089858483,b0f066a214c2f5e87bad3c948f4d605d) (ScriptedImporter) -> (artifact id: '759a4f0cf05fa74731f164506d322666') in 0.0034447 seconds
Number of updated asset objects reloaded before import = 0Number of asset objects unloaded after import = 0

========================================================================
Received Import Request.
  Time since last request: 0.000015 seconds.
  path: Packages/com.unity.render-pipelines.universal/Editor/VFXGraph/Shaders/Templates/ParticlePlanarPrimitivesLit/PassDepth.template
  artifactKey: Guid(37d26d1c1d738be4cba8c98b84ff0da3) Importer(2089858483,b0f066a214c2f5e87bad3c948f4d605d)
Start importing Packages/com.unity.render-pipelines.universal/Editor/VFXGraph/Shaders/Templates/ParticlePlanarPrimitivesLit/PassDepth.template using Guid(37d26d1c1d738be4cba8c98b84ff0da3) Importer(2089858483,b0f066a214c2f5e87bad3c948f4d605d) (ScriptedImporter) -> (artifact id: '17c434480875db80cba14f0ebcc20b4b') in 0.0034236 seconds
Number of updated asset objects reloaded before import = 0Number of asset objects unloaded after import = 1

========================================================================
Received Import Request.
  Time since last request: 0.000021 seconds.
  path: Packages/com.unity.render-pipelines.universal/Shaders/2D/Shadow2D-Unshadow-Sprite.shader
  artifactKey: Guid(de02b375720b5c445afe83cd483bedf3) Importer(2089858483,b0f066a214c2f5e87bad3c948f4d605d)
Start importing Packages/com.unity.render-pipelines.universal/Shaders/2D/Shadow2D-Unshadow-Sprite.shader using Guid(de02b375720b5c445afe83cd483bedf3) Importer(2089858483,b0f066a214c2f5e87bad3c948f4d605d) (ScriptedImporter) -> (artifact id: 'c6df2f71e7551571d806e595902ed9e6') in 0.0041269 seconds
Number of updated asset objects reloaded before import = 0Number of asset objects unloaded after import = 0

========================================================================
Received Import Request.
  Time since last request: 0.000013 seconds.
  path: Packages/com.unity.render-pipelines.universal/Tests/Editor/URPGlobalSettingsMigrationTests/DefaultVolumeProfileMigrationTest.cs
  artifactKey: Guid(a97f3c61d12c481b90f25508f7556f2f) Importer(2089858483,b0f066a214c2f5e87bad3c948f4d605d)
Start importing Packages/com.unity.render-pipelines.universal/Tests/Editor/URPGlobalSettingsMigrationTests/DefaultVolumeProfileMigrationTest.cs using Guid(a97f3c61d12c481b90f25508f7556f2f) Importer(2089858483,b0f066a214c2f5e87bad3c948f4d605d) (ScriptedImporter) -> (artifact id: 'c8cd4bfa8c20ec08f74a4450cebf6e90') in 0.0035676 seconds
Number of updated asset objects reloaded before import = 0Number of asset objects unloaded after import = 0

========================================================================
Received Import Request.
  Time since last request: 0.000014 seconds.
  path: Packages/com.unity.render-pipelines.universal/Runtime/2D/Shadows/ShadowRendering.cs
  artifactKey: Guid(d41cfd0a88e7a024797e86c60a0ff961) Importer(2089858483,b0f066a214c2f5e87bad3c948f4d605d)
Start importing Packages/com.unity.render-pipelines.universal/Runtime/2D/Shadows/ShadowRendering.cs using Guid(d41cfd0a88e7a024797e86c60a0ff961) Importer(2089858483,b0f066a214c2f5e87bad3c948f4d605d) (ScriptedImporter) -> (artifact id: '42d1cc65bef87d301dfb645bd55603fd') in 0.0035248 seconds
Number of updated asset objects reloaded before import = 0Number of asset objects unloaded after import = 0

========================================================================
Received Import Request.
  Time since last request: 0.000013 seconds.
  path: Packages/com.unity.render-pipelines.universal/ShaderLibrary/Input.hlsl
  artifactKey: Guid(b2555155ead696140913bef1ec93adf0) Importer(2089858483,b0f066a214c2f5e87bad3c948f4d605d)
Start importing Packages/com.unity.render-pipelines.universal/ShaderLibrary/Input.hlsl using Guid(b2555155ead696140913bef1ec93adf0) Importer(2089858483,b0f066a214c2f5e87bad3c948f4d605d) (ScriptedImporter) -> (artifact id: '99a23a681be090821022af6319ae614c') in 0.0034312 seconds
Number of updated asset objects reloaded before import = 0Number of asset objects unloaded after import = 1

========================================================================
Received Import Request.
  Time since last request: 0.000013 seconds.
  path: Packages/com.unity.render-pipelines.universal/Runtime/Settings/URPTerrainShaderSetting.cs
  artifactKey: Guid(2f5d344954b35bc4faad3771ebd6ccd8) Importer(2089858483,b0f066a214c2f5e87bad3c948f4d605d)
Start importing Packages/com.unity.render-pipelines.universal/Runtime/Settings/URPTerrainShaderSetting.cs using Guid(2f5d344954b35bc4faad3771ebd6ccd8) Importer(2089858483,b0f066a214c2f5e87bad3c948f4d605d) (ScriptedImporter) -> (artifact id: 'd697de515019e19157ad552d81b006dd') in 0.003558 seconds
Number of updated asset objects reloaded before import = 0Number of asset objects unloaded after import = 0

========================================================================
Received Import Request.
  Time since last request: 0.000016 seconds.
  path: Packages/com.unity.render-pipelines.universal/Editor/ShaderGraph/AssetCallbacks/CreateUnlitShaderGraph.cs
  artifactKey: Guid(6120e053fa5537949a54c661e2a57a39) Importer(2089858483,b0f066a214c2f5e87bad3c948f4d605d)
Start importing Packages/com.unity.render-pipelines.universal/Editor/ShaderGraph/AssetCallbacks/CreateUnlitShaderGraph.cs using Guid(6120e053fa5537949a54c661e2a57a39) Importer(2089858483,b0f066a214c2f5e87bad3c948f4d605d) (ScriptedImporter) -> (artifact id: '895d2792298f9e4d61123e14c3920619') in 0.0034074 seconds
Number of updated asset objects reloaded before import = 0Number of asset objects unloaded after import = 0

========================================================================
Received Import Request.
  Time since last request: 0.000022 seconds.
  path: Packages/com.unity.render-pipelines.universal/Runtime/2D/Light2DCullResult.cs
  artifactKey: Guid(704a37a0ce184459805c0b7719a25a60) Importer(2089858483,b0f066a214c2f5e87bad3c948f4d605d)
Start importing Packages/com.unity.render-pipelines.universal/Runtime/2D/Light2DCullResult.cs using Guid(704a37a0ce184459805c0b7719a25a60) Importer(2089858483,b0f066a214c2f5e87bad3c948f4d605d) (ScriptedImporter) -> (artifact id: '117ef2d10e22784d4a918b2619c07adb') in 0.00407 seconds
Number of updated asset objects reloaded before import = 0Number of asset objects unloaded after import = 0

========================================================================
Received Import Request.
  Time since last request: 0.000016 seconds.
  path: Packages/com.unity.render-pipelines.universal/Runtime/RendererFeatures/SurfaceCacheGI/SurfaceCacheCore/RisEstimation.urtshader
  artifactKey: Guid(713f6141bd66a134383b787f2eaa7c11) Importer(2089858483,b0f066a214c2f5e87bad3c948f4d605d)
Start importing Packages/com.unity.render-pipelines.universal/Runtime/RendererFeatures/SurfaceCacheGI/SurfaceCacheCore/RisEstimation.urtshader using Guid(713f6141bd66a134383b787f2eaa7c11) Importer(2089858483,b0f066a214c2f5e87bad3c948f4d605d) (ScriptedImporter) -> (artifact id: '3f264287178f5c74172b45c187499a5c') in 0.0069769 seconds
Number of updated asset objects reloaded before import = 0Number of asset objects unloaded after import = 2

========================================================================
Received Import Request.
  Time since last request: 0.000013 seconds.
  path: Packages/com.unity.render-pipelines.universal/Runtime/RendererFeatures/SurfaceCacheGI/SurfaceCacheCore/TemporalFiltering.compute
  artifactKey: Guid(c23523f04780d754f927b9daf4f975b9) Importer(2089858483,b0f066a214c2f5e87bad3c948f4d605d)
Start importing Packages/com.unity.render-pipelines.universal/Runtime/RendererFeatures/SurfaceCacheGI/SurfaceCacheCore/TemporalFiltering.compute using Guid(c23523f04780d754f927b9daf4f975b9) Importer(2089858483,b0f066a214c2f5e87bad3c948f4d605d) (ScriptedImporter) -> (artifact id: 'e8919623c73918a212599e32f6a68299') in 0.0037533 seconds
Number of updated asset objects reloaded before import = 0Number of asset objects unloaded after import = 1

========================================================================
Received Import Request.
  Time since last request: 0.000012 seconds.
  path: Packages/com.unity.render-pipelines.universal/Textures/FilmGrain/Thin01.png
  artifactKey: Guid(654c582f7f8a5a14dbd7d119cbde215d) Importer(2089858483,b0f066a214c2f5e87bad3c948f4d605d)
Start importing Packages/com.unity.render-pipelines.universal/Textures/FilmGrain/Thin01.png using Guid(654c582f7f8a5a14dbd7d119cbde215d) Importer(2089858483,b0f066a214c2f5e87bad3c948f4d605d) (ScriptedImporter) -> (artifact id: 'dd979b1b055c9afd51001bd5c5c6a9ec') in 0.0063363 seconds
Number of updated asset objects reloaded before import = 0Number of asset objects unloaded after import = 0

========================================================================
Received Import Request.
  Time since last request: 0.000013 seconds.
  path: Packages/com.unity.render-pipelines.universal/Editor/ShaderGraph/Includes/SelectionPickingPass.hlsl
  artifactKey: Guid(3d28e6c5572c3d8479d70ecfdc954692) Importer(2089858483,b0f066a214c2f5e87bad3c948f4d605d)
Start importing Packages/com.unity.render-pipelines.universal/Editor/ShaderGraph/Includes/SelectionPickingPass.hlsl using Guid(3d28e6c5572c3d8479d70ecfdc954692) Importer(2089858483,b0f066a214c2f5e87bad3c948f4d605d) (ScriptedImporter) -> (artifact id: '51b4b9f048e7fccb7cbd9e5e33fa2b01') in 0.0034323 seconds
Number of updated asset objects reloaded before import = 0Number of asset objects unloaded after import = 1

========================================================================
Received Import Request.
  Time since last request: 0.000016 seconds.
  path: Packages/com.unity.render-pipelines.universal/ShaderLibrary/GlobalIllumination.hlsl
  artifactKey: Guid(1be91b057dbe43239a838d9e45a42a32) Importer(2089858483,b0f066a214c2f5e87bad3c948f4d605d)
Start importing Packages/com.unity.render-pipelines.universal/ShaderLibrary/GlobalIllumination.hlsl using Guid(1be91b057dbe43239a838d9e45a42a32) Importer(2089858483,b0f066a214c2f5e87bad3c948f4d605d) (ScriptedImporter) -> (artifact id: '6b1a9b9bdce7728a73fabb0d699ef883') in 0.0032692 seconds
Number of updated asset objects reloaded before import = 0Number of asset objects unloaded after import = 1

========================================================================
Received Import Request.
  Time since last request: 0.000020 seconds.
  path: Packages/com.unity.render-pipelines.universal/Shaders/2D/Shadow2D-Shadow-Sprite.shader
  artifactKey: Guid(44fc62292b65ab04eabcf310e799ccf6) Importer(2089858483,b0f066a214c2f5e87bad3c948f4d605d)
Start importing Packages/com.unity.render-pipelines.universal/Shaders/2D/Shadow2D-Shadow-Sprite.shader using Guid(44fc62292b65ab04eabcf310e799ccf6) Importer(2089858483,b0f066a214c2f5e87bad3c948f4d605d) (ScriptedImporter) -> (artifact id: 'a95bd8a5e6a651c8703b39a2858fb85d') in 0.0039436 seconds
Number of updated asset objects reloaded before import = 0Number of asset objects unloaded after import = 0

========================================================================
Received Import Request.
  Time since last request: 0.000012 seconds.
  path: Packages/com.unity.render-pipelines.universal/Tests/Runtime/ShadowCaster2DTests.cs
  artifactKey: Guid(cf9e72a1bdd854b65a42b0d13738efcd) Importer(2089858483,b0f066a214c2f5e87bad3c948f4d605d)
Start importing Packages/com.unity.render-pipelines.universal/Tests/Runtime/ShadowCaster2DTests.cs using Guid(cf9e72a1bdd854b65a42b0d13738efcd) Importer(2089858483,b0f066a214c2f5e87bad3c948f4d605d) (ScriptedImporter) -> (artifact id: '5ee122285cf82864a5de441c5cca0606') in 0.0032225 seconds
Number of updated asset objects reloaded before import = 0Number of asset objects unloaded after import = 0

========================================================================
Received Import Request.
  Time since last request: 0.000013 seconds.
  path: Packages/com.unity.render-pipelines.universal/Runtime/Decal/Entities/DecalUpdateCullingGroupSystem.cs
  artifactKey: Guid(81f448cc93783d24fbc04af4b95e8af0) Importer(2089858483,b0f066a214c2f5e87bad3c948f4d605d)
Start importing Packages/com.unity.render-pipelines.universal/Runtime/Decal/Entities/DecalUpdateCullingGroupSystem.cs using Guid(81f448cc93783d24fbc04af4b95e8af0) Importer(2089858483,b0f066a214c2f5e87bad3c948f4d605d) (ScriptedImporter) -> (artifact id: 'e75fc4e8835c4b7c004ad7c6821749bb') in 0.0035855 seconds
Number of updated asset objects reloaded before import = 0Number of asset objects unloaded after import = 0

========================================================================
Received Import Request.
  Time since last request: 0.000012 seconds.
  path: Packages/com.unity.render-pipelines.universal/Shaders/Particles/ParticlesLitGbufferPass.hlsl
  artifactKey: Guid(cc421706a0b598946982fee0c0d4bf51) Importer(2089858483,b0f066a214c2f5e87bad3c948f4d605d)
Start importing Packages/com.unity.render-pipelines.universal/Shaders/Particles/ParticlesLitGbufferPass.hlsl using Guid(cc421706a0b598946982fee0c0d4bf51) Importer(2089858483,b0f066a214c2f5e87bad3c948f4d605d) (ScriptedImporter) -> (artifact id: '70d7cc8519eb409e362a6ac56b6d2702') in 0.0035983 seconds
Number of updated asset objects reloaded before import = 0Number of asset objects unloaded after import = 1

========================================================================
Received Import Request.
  Time since last request: 0.000013 seconds.
  path: Packages/com.unity.render-pipelines.universal/Editor/Gizmos/Camera_Offscreen.png
  artifactKey: Guid(99c1f1ec31ff9924e9a75aff82e6b986) Importer(2089858483,b0f066a214c2f5e87bad3c948f4d605d)
Start importing Packages/com.unity.render-pipelines.universal/Editor/Gizmos/Camera_Offscreen.png using Guid(99c1f1ec31ff9924e9a75aff82e6b986) Importer(2089858483,b0f066a214c2f5e87bad3c948f4d605d) (ScriptedImporter) -> (artifact id: 'b65723e59a2ac5b47474450112151622') in 0.0069796 seconds
Number of updated asset objects reloaded before import = 0Number of asset objects unloaded after import = 1

========================================================================
Received Import Request.
  Time since last request: 0.000015 seconds.
  path: Packages/com.unity.render-pipelines.universal/Runtime/Materials/SpatialMappingWireframe.mat
  artifactKey: Guid(9875a245ac49007498213638a307faa1) Importer(2089858483,b0f066a214c2f5e87bad3c948f4d605d)
Start importing Packages/com.unity.render-pipelines.universal/Runtime/Materials/SpatialMappingWireframe.mat using Guid(9875a245ac49007498213638a307faa1) Importer(2089858483,b0f066a214c2f5e87bad3c948f4d605d) (ScriptedImporter) -> (artifact id: '0b58b0d020da57fdc662522c560b9a76') in 0.0048511 seconds
Number of updated asset objects reloaded before import = 0Number of asset objects unloaded after import = 1

========================================================================
Received Import Request.
  Time since last request: 0.000019 seconds.
  path: Packages/com.unity.render-pipelines.universal/Shaders/SpatialMappingWireframe.shader
  artifactKey: Guid(e8b802ac01d87144b91f12f40c1f2659) Importer(2089858483,b0f066a214c2f5e87bad3c948f4d605d)
Start importing Packages/com.unity.render-pipelines.universal/Shaders/SpatialMappingWireframe.shader using Guid(e8b802ac01d87144b91f12f40c1f2659) Importer(2089858483,b0f066a214c2f5e87bad3c948f4d605d) (ScriptedImporter) -> (artifact id: 'e09dfd987889525f412f054c8f922483') in 0.0044779 seconds
Number of updated asset objects reloaded before import = 0Number of asset objects unloaded after import = 1

========================================================================
Received Import Request.
  Time since last request: 0.000012 seconds.
  path: Packages/com.unity.render-pipelines.universal/Editor/ShaderGraph/Includes/DecalMeshBiasTypeEnum.cs
  artifactKey: Guid(7b0974d577112814b864532434d162a7) Importer(2089858483,b0f066a214c2f5e87bad3c948f4d605d)
Start importing Packages/com.unity.render-pipelines.universal/Editor/ShaderGraph/Includes/DecalMeshBiasTypeEnum.cs using Guid(7b0974d577112814b864532434d162a7) Importer(2089858483,b0f066a214c2f5e87bad3c948f4d605d) (ScriptedImporter) -> (artifact id: '3e049c04ba348b3b19d9430566ef539e') in 0.0042219 seconds
Number of updated asset objects reloaded before import = 0Number of asset objects unloaded after import = 0

========================================================================
Received Import Request.
  Time since last request: 0.000014 seconds.
  path: Packages/com.unity.modules.vectorgraphics/package.ModuleCompilationTrigger
  artifactKey: Guid(3cc1ebf2abb7fef6871ad48f499b6e21) Importer(2089858483,b0f066a214c2f5e87bad3c948f4d605d)
Start importing Packages/com.unity.modules.vectorgraphics/package.ModuleCompilationTrigger using Guid(3cc1ebf2abb7fef6871ad48f499b6e21) Importer(2089858483,b0f066a214c2f5e87bad3c948f4d605d) (ScriptedImporter) -> (artifact id: '4fa652abd8f1ade1f38e9f8adf3f7c95') in 0.003791 seconds
Number of updated asset objects reloaded before import = 0Number of asset objects unloaded after import = 1

========================================================================
Received Import Request.
  Time since last request: 0.000015 seconds.
  path: Packages/com.unity.render-pipelines.universal/Editor/SceneTemplates/Basic.unity
  artifactKey: Guid(e026d555eae824f65922633f37a14385) Importer(2089858483,b0f066a214c2f5e87bad3c948f4d605d)
Start importing Packages/com.unity.render-pipelines.universal/Editor/SceneTemplates/Basic.unity using Guid(e026d555eae824f65922633f37a14385) Importer(2089858483,b0f066a214c2f5e87bad3c948f4d605d) (ScriptedImporter) -> (artifact id: '46321a521730b941861832598bbeebc2') in 0.0039783 seconds
Number of updated asset objects reloaded before import = 0Number of asset objects unloaded after import = 1

========================================================================
Received Import Request.
  Time since last request: 0.000011 seconds.
  path: Packages/com.unity.render-pipelines.universal/Runtime/RendererFeatures/SurfaceCacheGI/SurfaceCacheCore/SurfaceCacheRenderPipelineResources.cs
  artifactKey: Guid(bdf6d42ecc0a27e40afda532c63d82a8) Importer(2089858483,b0f066a214c2f5e87bad3c948f4d605d)
Start importing Packages/com.unity.render-pipelines.universal/Runtime/RendererFeatures/SurfaceCacheGI/SurfaceCacheCore/SurfaceCacheRenderPipelineResources.cs using Guid(bdf6d42ecc0a27e40afda532c63d82a8) Importer(2089858483,b0f066a214c2f5e87bad3c948f4d605d) (ScriptedImporter) -> (artifact id: '0a9f411533b60796dce727e8ddc1b595') in 0.0049908 seconds
Number of updated asset objects reloaded before import = 0Number of asset objects unloaded after import = 0

========================================================================
Received Import Request.
  Time since last request: 0.000015 seconds.
  path: Packages/com.unity.render-pipelines.universal/Editor/ShaderGraph/Includes/PBRGBufferPass.hlsl
  artifactKey: Guid(f562fc45f8fc5434a96065e20892eff9) Importer(2089858483,b0f066a214c2f5e87bad3c948f4d605d)
Start importing Packages/com.unity.render-pipelines.universal/Editor/ShaderGraph/Includes/PBRGBufferPass.hlsl using Guid(f562fc45f8fc5434a96065e20892eff9) Importer(2089858483,b0f066a214c2f5e87bad3c948f4d605d) (ScriptedImporter) -> (artifact id: 'a8b85f833360d947ee20843fbfbf257d') in 0.0037266 seconds
Number of updated asset objects reloaded before import = 0Number of asset objects unloaded after import = 1

========================================================================
Received Import Request.
  Time since last request: 0.000018 seconds.
  path: Packages/com.unity.render-pipelines.universal/Editor/UniversalRenderPipelineAsset/SerializedUniversalRenderPipelineAsset.cs
  artifactKey: Guid(83bc5fbf6e315ae428ce1e7df0eb88bd) Importer(2089858483,b0f066a214c2f5e87bad3c948f4d605d)
Start importing Packages/com.unity.render-pipelines.universal/Editor/UniversalRenderPipelineAsset/SerializedUniversalRenderPipelineAsset.cs using Guid(83bc5fbf6e315ae428ce1e7df0eb88bd) Importer(2089858483,b0f066a214c2f5e87bad3c948f4d605d) (ScriptedImporter) -> (artifact id: '404e7383a22b36d34b6dc06a7a1b051e') in 0.0040041 seconds
Number of updated asset objects reloaded before import = 0Number of asset objects unloaded after import = 0

========================================================================
Received Import Request.
  Time since last request: 0.000012 seconds.
  path: Packages/com.unity.render-pipelines.universal/Editor/2D/Resources/SceneViewIcons/FreeformLight.png
  artifactKey: Guid(c89564426827c76479d8772adb43e6e4) Importer(2089858483,b0f066a214c2f5e87bad3c948f4d605d)
Start importing Packages/com.unity.render-pipelines.universal/Editor/2D/Resources/SceneViewIcons/FreeformLight.png using Guid(c89564426827c76479d8772adb43e6e4) Importer(2089858483,b0f066a214c2f5e87bad3c948f4d605d) (ScriptedImporter) -> (artifact id: '5619c34cf1926c9170d1d80b59ad7d66') in 0.0064421 seconds
Number of updated asset objects reloaded before import = 0Number of asset objects unloaded after import = 1

========================================================================
Received Import Request.
  Time since last request: 0.000013 seconds.
  path: Packages/com.unity.render-pipelines.universal/Editor/ShaderGraph/Includes/ShaderPass.hlsl
  artifactKey: Guid(ba78d2682f9fed14fb0827a24fb5a1f0) Importer(2089858483,b0f066a214c2f5e87bad3c948f4d605d)
Start importing Packages/com.unity.render-pipelines.universal/Editor/ShaderGraph/Includes/ShaderPass.hlsl using Guid(ba78d2682f9fed14fb0827a24fb5a1f0) Importer(2089858483,b0f066a214c2f5e87bad3c948f4d605d) (ScriptedImporter) -> (artifact id: '68f9e3960eff60aeee238c0f75a16c06') in 0.0036923 seconds
Number of updated asset objects reloaded before import = 0Number of asset objects unloaded after import = 1

========================================================================
Received Import Request.
  Time since last request: 0.000012 seconds.
  path: Packages/com.unity.render-pipelines.universal/Editor/DefaultScene/UniversalProjectSettings.cs
  artifactKey: Guid(247994e1f5a72c2419c26a37e9334c01) Importer(2089858483,b0f066a214c2f5e87bad3c948f4d605d)
Start importing Packages/com.unity.render-pipelines.universal/Editor/DefaultScene/UniversalProjectSettings.cs using Guid(247994e1f5a72c2419c26a37e9334c01) Importer(2089858483,b0f066a214c2f5e87bad3c948f4d605d) (ScriptedImporter) -> (artifact id: '3d89d1752302ade6ad4cf4f29769f028') in 0.0053727 seconds
Number of updated asset objects reloaded before import = 0Number of asset objects unloaded after import = 0

========================================================================
Received Import Request.
  Time since last request: 0.000012 seconds.
  path: Packages/com.unity.render-pipelines.universal/Runtime/ForwardLights.cs
  artifactKey: Guid(54d9cfe23e3274c689c539ee0ee17dcf) Importer(2089858483,b0f066a214c2f5e87bad3c948f4d605d)
Start importing Packages/com.unity.render-pipelines.universal/Runtime/ForwardLights.cs using Guid(54d9cfe23e3274c689c539ee0ee17dcf) Importer(2089858483,b0f066a214c2f5e87bad3c948f4d605d) (ScriptedImporter) -> (artifact id: '74f9d1722632a7c1712bf4c960645b2e') in 0.0041354 seconds
Number of updated asset objects reloaded before import = 0Number of asset objects unloaded after import = 0

========================================================================
Received Import Request.
  Time since last request: 0.000014 seconds.
  path: Packages/com.unity.render-pipelines.universal/Runtime/2D/Passes/IRenderPass2D.cs
  artifactKey: Guid(ed92912a74ef47789c37ffbe7c5672a8) Importer(2089858483,b0f066a214c2f5e87bad3c948f4d605d)
Start importing Packages/com.unity.render-pipelines.universal/Runtime/2D/Passes/IRenderPass2D.cs using Guid(ed92912a74ef47789c37ffbe7c5672a8) Importer(2089858483,b0f066a214c2f5e87bad3c948f4d605d) (ScriptedImporter) -> (artifact id: '1c56dad0eb106dc89ef95374803448a8') in 0.0044282 seconds
Number of updated asset objects reloaded before import = 0Number of asset objects unloaded after import = 0

========================================================================
Received Import Request.
  Time since last request: 0.000019 seconds.
  path: Packages/com.unity.render-pipelines.universal/Textures/FilmGrain/Medium01.png
  artifactKey: Guid(1097e90e1306e26439701489f391a6c0) Importer(2089858483,b0f066a214c2f5e87bad3c948f4d605d)
Start importing Packages/com.unity.render-pipelines.universal/Textures/FilmGrain/Medium01.png using Guid(1097e90e1306e26439701489f391a6c0) Importer(2089858483,b0f066a214c2f5e87bad3c948f4d605d) (ScriptedImporter) -> (artifact id: '935228d2f68eea4490d6113e0b21d44d') in 0.006674 seconds
Number of updated asset objects reloaded before import = 0Number of asset objects unloaded after import = 0

========================================================================
Received Import Request.
  Time since last request: 0.000013 seconds.
  path: Packages/com.unity.shadergraph/Editor/Generation/Targets/UITK/UIStructs.cs
  artifactKey: Guid(e6e2bf465150c49dcb38fd02cece3a88) Importer(2089858483,b0f066a214c2f5e87bad3c948f4d605d)
Start importing Packages/com.unity.shadergraph/Editor/Generation/Targets/UITK/UIStructs.cs using Guid(e6e2bf465150c49dcb38fd02cece3a88) Importer(2089858483,b0f066a214c2f5e87bad3c948f4d605d) (ScriptedImporter) -> (artifact id: 'daf9c9a656b930ec5d54489283ada711') in 0.0038568 seconds
Number of updated asset objects reloaded before import = 0Number of asset objects unloaded after import = 0

========================================================================
Received Import Request.
  Time since last request: 0.000013 seconds.
  path: Packages/com.unity.ide.rider/Rider/Editor/UnitTesting/SyncTestRunCallback.cs
  artifactKey: Guid(58ab3828fb407c742a48b82bc5983a87) Importer(2089858483,b0f066a214c2f5e87bad3c948f4d605d)
Start importing Packages/com.unity.ide.rider/Rider/Editor/UnitTesting/SyncTestRunCallback.cs using Guid(58ab3828fb407c742a48b82bc5983a87) Importer(2089858483,b0f066a214c2f5e87bad3c948f4d605d) (ScriptedImporter) -> (artifact id: '5c1af126fef7623a38dc11fec1d9eeeb') in 0.0039326 seconds
Number of updated asset objects reloaded before import = 0Number of asset objects unloaded after import = 0

========================================================================
Received Import Request.
  Time since last request: 0.000014 seconds.
  path: Packages/com.unity.ide.rider/Rider/Editor/Util/RiderMenu.cs
  artifactKey: Guid(a8860c53ca4073d4f92c403e709c12ba) Importer(2089858483,b0f066a214c2f5e87bad3c948f4d605d)
Start importing Packages/com.unity.ide.rider/Rider/Editor/Util/RiderMenu.cs using Guid(a8860c53ca4073d4f92c403e709c12ba) Importer(2089858483,b0f066a214c2f5e87bad3c948f4d605d) (ScriptedImporter) -> (artifact id: '47604b35e11fa105bbbb0dbbe789cd4c') in 0.0036489 seconds
Number of updated asset objects reloaded before import = 0Number of asset objects unloaded after import = 0

========================================================================
Received Import Request.
  Time since last request: 0.000014 seconds.
  path: Packages/com.unity.shadergraph/Editor/Drawing/Blackboard/BlackboardUtils.cs
  artifactKey: Guid(956e673aa3cb4690b9c44d970ffd8e65) Importer(2089858483,b0f066a214c2f5e87bad3c948f4d605d)
Start importing Packages/com.unity.shadergraph/Editor/Drawing/Blackboard/BlackboardUtils.cs using Guid(956e673aa3cb4690b9c44d970ffd8e65) Importer(2089858483,b0f066a214c2f5e87bad3c948f4d605d) (ScriptedImporter) -> (artifact id: '6637cb5c991f6db4eb7f66f50f597f46') in 0.0036885 seconds
Number of updated asset objects reloaded before import = 0Number of asset objects unloaded after import = 0

========================================================================
Received Import Request.
  Time since last request: 0.000015 seconds.
  path: Packages/com.unity.shadergraph/Editor/Data/SubGraph/SubGraphOutputNode.cs
  artifactKey: Guid(ec0207b061e270b4a96a01fbe11c18ca) Importer(2089858483,b0f066a214c2f5e87bad3c948f4d605d)
Start importing Packages/com.unity.shadergraph/Editor/Data/SubGraph/SubGraphOutputNode.cs using Guid(ec0207b061e270b4a96a01fbe11c18ca) Importer(2089858483,b0f066a214c2f5e87bad3c948f4d605d) (ScriptedImporter) -> (artifact id: '877ff190491e57a8084af249844f5075') in 0.0033781 seconds
Number of updated asset objects reloaded before import = 0Number of asset objects unloaded after import = 0

========================================================================
Received Import Request.
  Time since last request: 0.000021 seconds.
  path: Packages/com.unity.render-pipelines.universal/ShaderLibrary/LightCookie/LightCookieInput.hlsl
  artifactKey: Guid(a70b6c101edaa442a80370b0d514fb3c) Importer(2089858483,b0f066a214c2f5e87bad3c948f4d605d)
Start importing Packages/com.unity.render-pipelines.universal/ShaderLibrary/LightCookie/LightCookieInput.hlsl using Guid(a70b6c101edaa442a80370b0d514fb3c) Importer(2089858483,b0f066a214c2f5e87bad3c948f4d605d) (ScriptedImporter) -> (artifact id: '8fba4899ebca068b9997177788df6058') in 0.0032356 seconds
Number of updated asset objects reloaded before import = 0Number of asset objects unloaded after import = 1

========================================================================
Received Import Request.
  Time since last request: 0.000013 seconds.
  path: Packages/com.unity.render-pipelines.universal/Shaders/PostProcessing/LensFlareDataDriven.shader
  artifactKey: Guid(6cda457ac28612740adb23da5d39ea92) Importer(2089858483,b0f066a214c2f5e87bad3c948f4d605d)
Start importing Packages/com.unity.render-pipelines.universal/Shaders/PostProcessing/LensFlareDataDriven.shader using Guid(6cda457ac28612740adb23da5d39ea92) Importer(2089858483,b0f066a214c2f5e87bad3c948f4d605d) (ScriptedImporter) -> (artifact id: 'd0d648b4d7756ff8d9fea16f6076c339') in 0.0045553 seconds
Number of updated asset objects reloaded before import = 0Number of asset objects unloaded after import = 0

========================================================================
Received Import Request.
  Time since last request: 0.000012 seconds.
  path: Packages/com.unity.render-pipelines.universal/ShaderLibrary/VisualEffectVertex.hlsl
  artifactKey: Guid(41a9ae1971520f84c89225b0e84299ec) Importer(2089858483,b0f066a214c2f5e87bad3c948f4d605d)
Start importing Packages/com.unity.render-pipelines.universal/ShaderLibrary/VisualEffectVertex.hlsl using Guid(41a9ae1971520f84c89225b0e84299ec) Importer(2089858483,b0f066a214c2f5e87bad3c948f4d605d) (ScriptedImporter) -> (artifact id: '34be62405eaec403aa15848e4e41484f') in 0.003973 seconds
Number of updated asset objects reloaded before import = 0Number of asset objects unloaded after import = 1

========================================================================
Received Import Request.
  Time since last request: 0.000014 seconds.
  path: Packages/com.unity.render-pipelines.universal/Shaders/Terrain/WavingGrassPasses.hlsl
  artifactKey: Guid(b4bc78a1364154f15b718a412e9710b6) Importer(2089858483,b0f066a214c2f5e87bad3c948f4d605d)
Start importing Packages/com.unity.render-pipelines.universal/Shaders/Terrain/WavingGrassPasses.hlsl using Guid(b4bc78a1364154f15b718a412e9710b6) Importer(2089858483,b0f066a214c2f5e87bad3c948f4d605d) (ScriptedImporter) -> (artifact id: '991d64090e28258e35c9fa8a997dbd33') in 0.0034048 seconds
Number of updated asset objects reloaded before import = 0Number of asset objects unloaded after import = 1

========================================================================
Received Import Request.
  Time since last request: 0.000015 seconds.
  path: Packages/com.unity.shadergraph/Editor/Generation/Contexts/TargetActiveBlockContext.cs
  artifactKey: Guid(860eceef9d9eeb64789007e44a1935fe) Importer(2089858483,b0f066a214c2f5e87bad3c948f4d605d)
Start importing Packages/com.unity.shadergraph/Editor/Generation/Contexts/TargetActiveBlockContext.cs using Guid(860eceef9d9eeb64789007e44a1935fe) Importer(2089858483,b0f066a214c2f5e87bad3c948f4d605d) (ScriptedImporter) -> (artifact id: '8e5935df0bdc3b7a3601a429959b7f4b') in 0.0037878 seconds
Number of updated asset objects reloaded before import = 0Number of asset objects unloaded after import = 0

========================================================================
Received Import Request.
  Time since last request: 0.000017 seconds.
  path: Packages/com.unity.render-pipelines.universal/Editor/2D/Overrides/MeshEditor2DURP.cs
  artifactKey: Guid(bce6289b8f1e3bf4a82078371dffaebd) Importer(2089858483,b0f066a214c2f5e87bad3c948f4d605d)
Start importing Packages/com.unity.render-pipelines.universal/Editor/2D/Overrides/MeshEditor2DURP.cs using Guid(bce6289b8f1e3bf4a82078371dffaebd) Importer(2089858483,b0f066a214c2f5e87bad3c948f4d605d) (ScriptedImporter) -> (artifact id: 'ebac6d479e1c4b4597ecde0bffdf64fe') in 0.0038096 seconds
Number of updated asset objects reloaded before import = 0Number of asset objects unloaded after import = 0

========================================================================
Received Import Request.
  Time since last request: 0.000021 seconds.
  path: Packages/com.unity.shadergraph/Editor/Data/Nodes/Utility/Logic/NandNode.cs
  artifactKey: Guid(4defde87a9d5e44d8b8900d3f8ef6440) Importer(2089858483,b0f066a214c2f5e87bad3c948f4d605d)
Start importing Packages/com.unity.shadergraph/Editor/Data/Nodes/Utility/Logic/NandNode.cs using Guid(4defde87a9d5e44d8b8900d3f8ef6440) Importer(2089858483,b0f066a214c2f5e87bad3c948f4d605d) (ScriptedImporter) -> (artifact id: 'bd3749cf1a7860337ffd9adf8e803f8a') in 0.0036178 seconds
Number of updated asset objects reloaded before import = 0Number of asset objects unloaded after import = 0

========================================================================
Received Import Request.
  Time since last request: 0.000014 seconds.
  path: Packages/com.unity.render-pipelines.universal/Runtime/2D/Shadows/ShadowProvider/VertexDictionary.cs
  artifactKey: Guid(861a5dbe0501bf64e90daafd28655f4e) Importer(2089858483,b0f066a214c2f5e87bad3c948f4d605d)
Start importing Packages/com.unity.render-pipelines.universal/Runtime/2D/Shadows/ShadowProvider/VertexDictionary.cs using Guid(861a5dbe0501bf64e90daafd28655f4e) Importer(2089858483,b0f066a214c2f5e87bad3c948f4d605d) (ScriptedImporter) -> (artifact id: 'd81c6b6289a3dd9aaf6d5c9a8e6aefd7') in 0.0036296 seconds
Number of updated asset objects reloaded before import = 0Number of asset objects unloaded after import = 0

========================================================================
Received Import Request.
  Time since last request: 0.000013 seconds.
  path: Packages/com.unity.render-pipelines.universal/Editor/2D/Overrides/SortingGroupEditor2DURP.cs
  artifactKey: Guid(7dac6048e6e7a4747ad93c64661d3faf) Importer(2089858483,b0f066a214c2f5e87bad3c948f4d605d)
Start importing Packages/com.unity.render-pipelines.universal/Editor/2D/Overrides/SortingGroupEditor2DURP.cs using Guid(7dac6048e6e7a4747ad93c64661d3faf) Importer(2089858483,b0f066a214c2f5e87bad3c948f4d605d) (ScriptedImporter) -> (artifact id: 'f31f99ae0f2cecbfed3c0449b3b8df72') in 0.0032569 seconds
Number of updated asset objects reloaded before import = 0Number of asset objects unloaded after import = 0

========================================================================
Received Import Request.
  Time since last request: 0.000015 seconds.
  path: Packages/com.unity.shadergraph/Editor/Drawing/Blackboard/SGBlackboardRow.cs
  artifactKey: Guid(7481cf2e22074dbdb915ebd086bd0652) Importer(2089858483,b0f066a214c2f5e87bad3c948f4d605d)
Start importing Packages/com.unity.shadergraph/Editor/Drawing/Blackboard/SGBlackboardRow.cs using Guid(7481cf2e22074dbdb915ebd086bd0652) Importer(2089858483,b0f066a214c2f5e87bad3c948f4d605d) (ScriptedImporter) -> (artifact id: '0e06b215b46d98b46fc3f000ae18adca') in 0.0034527 seconds
Number of updated asset objects reloaded before import = 0Number of asset objects unloaded after import = 0

========================================================================
Received Import Request.
  Time since last request: 0.000012 seconds.
  path: Packages/com.unity.render-pipelines.universal/Textures/BlueNoise16/L/LDR_LLL1_16.png
  artifactKey: Guid(9d92991794bb5864c8085468b97aa067) Importer(2089858483,b0f066a214c2f5e87bad3c948f4d605d)
Start importing Packages/com.unity.render-pipelines.universal/Textures/BlueNoise16/L/LDR_LLL1_16.png using Guid(9d92991794bb5864c8085468b97aa067) Importer(2089858483,b0f066a214c2f5e87bad3c948f4d605d) (ScriptedImporter) -> (artifact id: '3bba0a4ec4adf0521f3d8ee0001ffb23') in 0.0076095 seconds
Number of updated asset objects reloaded before import = 0Number of asset objects unloaded after import = 0

========================================================================
Received Import Request.
  Time since last request: 0.000015 seconds.
  path: Packages/com.unity.render-pipelines.universal/Editor/ShaderGraph/Includes/Terrain/PBRForwardPass.hlsl
  artifactKey: Guid(713d6952dfc661f44b856f1bfc9a4880) Importer(2089858483,b0f066a214c2f5e87bad3c948f4d605d)
Start importing Packages/com.unity.render-pipelines.universal/Editor/ShaderGraph/Includes/Terrain/PBRForwardPass.hlsl using Guid(713d6952dfc661f44b856f1bfc9a4880) Importer(2089858483,b0f066a214c2f5e87bad3c948f4d605d) (ScriptedImporter) -> (artifact id: '4b15e6d8afa5c716ec44d6c03dcfcffa') in 0.0046356 seconds
Number of updated asset objects reloaded before import = 0Number of asset objects unloaded after import = 1

========================================================================
Received Import Request.
  Time since last request: 0.000019 seconds.
  path: Packages/com.unity.shadergraph/Editor/Data/Nodes/Input/Gradient/GradientNode.cs
  artifactKey: Guid(74a7bf7b417cd4fe4be8985888ddffae) Importer(2089858483,b0f066a214c2f5e87bad3c948f4d605d)
Start importing Packages/com.unity.shadergraph/Editor/Data/Nodes/Input/Gradient/GradientNode.cs using Guid(74a7bf7b417cd4fe4be8985888ddffae) Importer(2089858483,b0f066a214c2f5e87bad3c948f4d605d) (ScriptedImporter) -> (artifact id: '79428a7bb72e33a4d09a4876dbd8b51c') in 0.0045394 seconds
Number of updated asset objects reloaded before import = 0Number of asset objects unloaded after import = 0

========================================================================
Received Import Request.
  Time since last request: 0.000013 seconds.
  path: Packages/com.unity.shadergraph/Editor/Data/Nodes/Input/Texture/GatherTexture2DNode.cs
  artifactKey: Guid(e52355d9fc877154b9403531b2837081) Importer(2089858483,b0f066a214c2f5e87bad3c948f4d605d)
Start importing Packages/com.unity.shadergraph/Editor/Data/Nodes/Input/Texture/GatherTexture2DNode.cs using Guid(e52355d9fc877154b9403531b2837081) Importer(2089858483,b0f066a214c2f5e87bad3c948f4d605d) (ScriptedImporter) -> (artifact id: '972d31b34c998db87d6b64a891bc260e') in 0.00519 seconds
Number of updated asset objects reloaded before import = 0Number of asset objects unloaded after import = 0

========================================================================
Received Import Request.
  Time since last request: 0.000016 seconds.
  path: Packages/com.unity.shadergraph/Editor/Drawing/Controls/EnumConversionControl.cs
  artifactKey: Guid(50c6ddf46f8445fba2689962d438c227) Importer(2089858483,b0f066a214c2f5e87bad3c948f4d605d)
Start importing Packages/com.unity.shadergraph/Editor/Drawing/Controls/EnumConversionControl.cs using Guid(50c6ddf46f8445fba2689962d438c227) Importer(2089858483,b0f066a214c2f5e87bad3c948f4d605d) (ScriptedImporter) -> (artifact id: '94286aa5c96c0da0574f1720cf4a9d4a') in 0.0037009 seconds
Number of updated asset objects reloaded before import = 0Number of asset objects unloaded after import = 0

========================================================================
Received Import Request.
  Time since last request: 0.000013 seconds.
  path: Packages/com.unity.render-pipelines.universal/Editor/SceneTemplates/Indoors/LightingData.asset
  artifactKey: Guid(695c65e91172db945bf049e595adcc66) Importer(2089858483,b0f066a214c2f5e87bad3c948f4d605d)
Start importing Packages/com.unity.render-pipelines.universal/Editor/SceneTemplates/Indoors/LightingData.asset using Guid(695c65e91172db945bf049e595adcc66) Importer(2089858483,b0f066a214c2f5e87bad3c948f4d605d) (ScriptedImporter) -> (artifact id: 'e2c110bc85db4bcbfb5fe88ab3c08e47') in 0.0041678 seconds
Number of updated asset objects reloaded before import = 0Number of asset objects unloaded after import = 2

========================================================================
Received Import Request.
  Time since last request: 0.000014 seconds.
  path: Packages/com.unity.shadergraph/Editor/Data/Nodes/Input/Matrix/Matrix4Node.cs
  artifactKey: Guid(d3889ae2c6ffabd40a2ee45f5b051d3b) Importer(2089858483,b0f066a214c2f5e87bad3c948f4d605d)
Start importing Packages/com.unity.shadergraph/Editor/Data/Nodes/Input/Matrix/Matrix4Node.cs using Guid(d3889ae2c6ffabd40a2ee45f5b051d3b) Importer(2089858483,b0f066a214c2f5e87bad3c948f4d605d) (ScriptedImporter) -> (artifact id: '86733ef8f99ec6b8c03b3a9fcb4bd11e') in 0.0046075 seconds
Number of updated asset objects reloaded before import = 0Number of asset objects unloaded after import = 0

========================================================================
Received Import Request.
  Time since last request: 0.000016 seconds.
  path: Packages/com.unity.render-pipelines.universal/ShaderLibrary/Debug/DebugViewEnums.cs
  artifactKey: Guid(ef707b0a4fc04a4fb4501a4dec1c376d) Importer(2089858483,b0f066a214c2f5e87bad3c948f4d605d)
Start importing Packages/com.unity.render-pipelines.universal/ShaderLibrary/Debug/DebugViewEnums.cs using Guid(ef707b0a4fc04a4fb4501a4dec1c376d) Importer(2089858483,b0f066a214c2f5e87bad3c948f4d605d) (ScriptedImporter) -> (artifact id: '742b1bce432a2d46106e8854a1d1ebc0') in 0.0037534 seconds
Number of updated asset objects reloaded before import = 0Number of asset objects unloaded after import = 0

========================================================================
Received Import Request.
  Time since last request: 0.000021 seconds.
  path: Packages/com.unity.render-pipelines.universal/Runtime/VFXGraph/Shaders/VFXCommon.hlsl
  artifactKey: Guid(385bc181e02fb7549a92fc001133ad46) Importer(2089858483,b0f066a214c2f5e87bad3c948f4d605d)
Start importing Packages/com.unity.render-pipelines.universal/Runtime/VFXGraph/Shaders/VFXCommon.hlsl using Guid(385bc181e02fb7549a92fc001133ad46) Importer(2089858483,b0f066a214c2f5e87bad3c948f4d605d) (ScriptedImporter) -> (artifact id: 'c9eabaf44bc2c7dfb7a6d4bcf2ec3fdf') in 0.0036809 seconds
Number of updated asset objects reloaded before import = 0Number of asset objects unloaded after import = 1

========================================================================
Received Import Request.
  Time since last request: 0.000012 seconds.
  path: Packages/com.unity.render-pipelines.universal/Runtime/Passes/RenderObjectsPass.cs
  artifactKey: Guid(dbd10d839f22d4127aeb9851dfed8caa) Importer(2089858483,b0f066a214c2f5e87bad3c948f4d605d)
Start importing Packages/com.unity.render-pipelines.universal/Runtime/Passes/RenderObjectsPass.cs using Guid(dbd10d839f22d4127aeb9851dfed8caa) Importer(2089858483,b0f066a214c2f5e87bad3c948f4d605d) (ScriptedImporter) -> (artifact id: '00957edea5f8893be6e69cdd0541a48c') in 0.0037095 seconds
Number of updated asset objects reloaded before import = 0Number of asset objects unloaded after import = 0

========================================================================
Received Import Request.
  Time since last request: 0.000013 seconds.
  path: Packages/com.unity.shadergraph/Editor/Drawing/Controls/CubemapControl.cs
  artifactKey: Guid(abdad6e5c36e0994290fcacce2fab066) Importer(2089858483,b0f066a214c2f5e87bad3c948f4d605d)
Start importing Packages/com.unity.shadergraph/Editor/Drawing/Controls/CubemapControl.cs using Guid(abdad6e5c36e0994290fcacce2fab066) Importer(2089858483,b0f066a214c2f5e87bad3c948f4d605d) (ScriptedImporter) -> (artifact id: '2427a79ab41da69bfbb1f73dbc4eed6f') in 0.0038192 seconds
Number of updated asset objects reloaded before import = 0Number of asset objects unloaded after import = 0

========================================================================
Received Import Request.
  Time since last request: 0.000012 seconds.
  path: Packages/com.unity.render-pipelines.universal/Runtime/XR/XRPassUniversal.cs
  artifactKey: Guid(cb8032a4c9fc6be448a89e3426890e21) Importer(2089858483,b0f066a214c2f5e87bad3c948f4d605d)
Start importing Packages/com.unity.render-pipelines.universal/Runtime/XR/XRPassUniversal.cs using Guid(cb8032a4c9fc6be448a89e3426890e21) Importer(2089858483,b0f066a214c2f5e87bad3c948f4d605d) (ScriptedImporter) -> (artifact id: '2ac04952988b0eaff2534b0be3ad606a') in 0.0035559 seconds
Number of updated asset objects reloaded before import = 0Number of asset objects unloaded after import = 0

========================================================================
Received Import Request.
  Time since last request: 0.000015 seconds.
  path: Packages/com.unity.shadergraph/Editor/Resources/GraphView/Nodes/BlackboardFieldPillBackground.png
  artifactKey: Guid(56603bbe7a2b54640bbd90104bea4981) Importer(2089858483,b0f066a214c2f5e87bad3c948f4d605d)
Start importing Packages/com.unity.shadergraph/Editor/Resources/GraphView/Nodes/BlackboardFieldPillBackground.png using Guid(56603bbe7a2b54640bbd90104bea4981) Importer(2089858483,b0f066a214c2f5e87bad3c948f4d605d) (ScriptedImporter) -> (artifact id: '9773f057464bfe11b8a924e6035b3b91') in 0.0067728 seconds
Number of updated asset objects reloaded before import = 0Number of asset objects unloaded after import = 1

========================================================================
Received Import Request.
  Time since last request: 0.000014 seconds.
  path: Packages/com.unity.shadergraph/Editor/Resources/Styles/HlslFunctionView.uss
  artifactKey: Guid(c6a3af95768504ef29093f7793eaf5f9) Importer(2089858483,b0f066a214c2f5e87bad3c948f4d605d)
Start importing Packages/com.unity.shadergraph/Editor/Resources/Styles/HlslFunctionView.uss using Guid(c6a3af95768504ef29093f7793eaf5f9) Importer(2089858483,b0f066a214c2f5e87bad3c948f4d605d) (ScriptedImporter) -> (artifact id: '29822e4778ff46fbbe75a6a4256c900b') in 0.0044652 seconds
Number of updated asset objects reloaded before import = 0Number of asset objects unloaded after import = 1

========================================================================
Received Import Request.
  Time since last request: 0.000021 seconds.
  path: Packages/com.unity.render-pipelines.universal/Runtime/RendererFeatures/SurfaceCacheGI/SurfaceCacheCore/UniformEstimation.hlsl
  artifactKey: Guid(87f25dcc02b54e84ab16e783d04d72d8) Importer(2089858483,b0f066a214c2f5e87bad3c948f4d605d)
Start importing Packages/com.unity.render-pipelines.universal/Runtime/RendererFeatures/SurfaceCacheGI/SurfaceCacheCore/UniformEstimation.hlsl using Guid(87f25dcc02b54e84ab16e783d04d72d8) Importer(2089858483,b0f066a214c2f5e87bad3c948f4d605d) (ScriptedImporter) -> (artifact id: 'f7fe47f5e740a95df897c461a4196d3e') in 0.0034275 seconds
Number of updated asset objects reloaded before import = 0Number of asset objects unloaded after import = 1

========================================================================
Received Import Request.
  Time since last request: 0.000012 seconds.
  path: Packages/com.unity.render-pipelines.universal/Editor/Converter/RenderPipelineConverterContainer.cs
  artifactKey: Guid(d69b82b363f561049985d33b03059590) Importer(2089858483,b0f066a214c2f5e87bad3c948f4d605d)
Start importing Packages/com.unity.render-pipelines.universal/Editor/Converter/RenderPipelineConverterContainer.cs using Guid(d69b82b363f561049985d33b03059590) Importer(2089858483,b0f066a214c2f5e87bad3c948f4d605d) (ScriptedImporter) -> (artifact id: '72773997947cf1932688eeb47e2dd890') in 0.00338 seconds
Number of updated asset objects reloaded before import = 0Number of asset objects unloaded after import = 0

========================================================================
Received Import Request.
  Time since last request: 0.000014 seconds.
  path: Packages/com.unity.shadergraph/Editor/Generation/Descriptors/SubShaderDescriptor.cs
  artifactKey: Guid(aff9190e7c4f0f2418d0b551cdfac094) Importer(2089858483,b0f066a214c2f5e87bad3c948f4d605d)
Start importing Packages/com.unity.shadergraph/Editor/Generation/Descriptors/SubShaderDescriptor.cs using Guid(aff9190e7c4f0f2418d0b551cdfac094) Importer(2089858483,b0f066a214c2f5e87bad3c948f4d605d) (ScriptedImporter) -> (artifact id: '5e8aa19097c77c6a0db030d3fe15d3bb') in 0.0042048 seconds
Number of updated asset objects reloaded before import = 0Number of asset objects unloaded after import = 0

========================================================================
Received Import Request.
  Time since last request: 0.000012 seconds.
  path: Packages/com.unity.shadergraph/Editor/Data/Nodes/Utility/Logic/AllNode.cs
  artifactKey: Guid(aa03a542537ab4fb4a01a004efa97f58) Importer(2089858483,b0f066a214c2f5e87bad3c948f4d605d)
Start importing Packages/com.unity.shadergraph/Editor/Data/Nodes/Utility/Logic/AllNode.cs using Guid(aa03a542537ab4fb4a01a004efa97f58) Importer(2089858483,b0f066a214c2f5e87bad3c948f4d605d) (ScriptedImporter) -> (artifact id: '4763286e746c1f1f8e606b1d3d1c8dac') in 0.0046865 seconds
Number of updated asset objects reloaded before import = 0Number of asset objects unloaded after import = 0

========================================================================
Received Import Request.
  Time since last request: 0.000012 seconds.
  path: Packages/com.unity.shadergraph/Editor/Data/Nodes/Artistic/Blend/BlendNode.cs
  artifactKey: Guid(1aa4fa75c826d8d409b5033a6ef686eb) Importer(2089858483,b0f066a214c2f5e87bad3c948f4d605d)
Start importing Packages/com.unity.shadergraph/Editor/Data/Nodes/Artistic/Blend/BlendNode.cs using Guid(1aa4fa75c826d8d409b5033a6ef686eb) Importer(2089858483,b0f066a214c2f5e87bad3c948f4d605d) (ScriptedImporter) -> (artifact id: '852429cc93f3672d625ea93f5cdcf56a') in 0.0046425 seconds
Number of updated asset objects reloaded before import = 0Number of asset objects unloaded after import = 0

========================================================================
Received Import Request.
  Time since last request: 0.000014 seconds.
  path: Packages/com.unity.render-pipelines.universal/Runtime/Materials/Sprite-Unlit-Default.mat
  artifactKey: Guid(9dfc825aed78fcd4ba02077103263b40) Importer(2089858483,b0f066a214c2f5e87bad3c948f4d605d)
Start importing Packages/com.unity.render-pipelines.universal/Runtime/Materials/Sprite-Unlit-Default.mat using Guid(9dfc825aed78fcd4ba02077103263b40) Importer(2089858483,b0f066a214c2f5e87bad3c948f4d605d) (ScriptedImporter) -> (artifact id: '703825ec34f243c75225f41eab481607') in 0.0048957 seconds
Number of updated asset objects reloaded before import = 0Number of asset objects unloaded after import = 0

========================================================================
Received Import Request.
  Time since last request: 0.000018 seconds.
  path: Packages/com.unity.render-pipelines.universal/Editor/ShaderGraph/Includes/DepthNormalsOnlyPass.hlsl
  artifactKey: Guid(9ebb19659794b47c59986fcc45692a0d) Importer(2089858483,b0f066a214c2f5e87bad3c948f4d605d)
Start importing Packages/com.unity.render-pipelines.universal/Editor/ShaderGraph/Includes/DepthNormalsOnlyPass.hlsl using Guid(9ebb19659794b47c59986fcc45692a0d) Importer(2089858483,b0f066a214c2f5e87bad3c948f4d605d) (ScriptedImporter) -> (artifact id: 'e587110a957c37d9fd93f8323efa6891') in 0.0044404 seconds
Number of updated asset objects reloaded before import = 0Number of asset objects unloaded after import = 1

========================================================================
Received Import Request.
  Time since last request: 0.000011 seconds.
  path: Packages/com.unity.shadergraph/Editor/Generation/Data/ConditionalField.cs
  artifactKey: Guid(add11c9e8698ab44895f9c5a116eb4d3) Importer(2089858483,b0f066a214c2f5e87bad3c948f4d605d)
Start importing Packages/com.unity.shadergraph/Editor/Generation/Data/ConditionalField.cs using Guid(add11c9e8698ab44895f9c5a116eb4d3) Importer(2089858483,b0f066a214c2f5e87bad3c948f4d605d) (ScriptedImporter) -> (artifact id: 'a1b45a20b02235fd485bd4ae69f77bc4') in 0.0033933 seconds
Number of updated asset objects reloaded before import = 0Number of asset objects unloaded after import = 0

========================================================================
Received Import Request.
  Time since last request: 0.000016 seconds.
  path: Packages/com.unity.shadergraph/Editor/Generation/Targets/BuiltIn/Editor/ShaderGraph/BuiltInStructFields.cs
  artifactKey: Guid(533c433efb1474f5199ca27d33120f21) Importer(2089858483,b0f066a214c2f5e87bad3c948f4d605d)
Start importing Packages/com.unity.shadergraph/Editor/Generation/Targets/BuiltIn/Editor/ShaderGraph/BuiltInStructFields.cs using Guid(533c433efb1474f5199ca27d33120f21) Importer(2089858483,b0f066a214c2f5e87bad3c948f4d605d) (ScriptedImporter) -> (artifact id: '090758ec5b189652eb2225baf68c13a1') in 0.0040346 seconds
Number of updated asset objects reloaded before import = 0Number of asset objects unloaded after import = 0

========================================================================
Received Import Request.
  Time since last request: 0.000012 seconds.
  path: Packages/com.unity.render-pipelines.universal/Runtime/AssemblyInfo.cs
  artifactKey: Guid(61ba514d93f94d14a8638d884815c8c0) Importer(2089858483,b0f066a214c2f5e87bad3c948f4d605d)
Start importing Packages/com.unity.render-pipelines.universal/Runtime/AssemblyInfo.cs using Guid(61ba514d93f94d14a8638d884815c8c0) Importer(2089858483,b0f066a214c2f5e87bad3c948f4d605d) (ScriptedImporter) -> (artifact id: '7583e567e9962694b479c6bd7826d45b') in 0.0032111 seconds
Number of updated asset objects reloaded before import = 0Number of asset objects unloaded after import = 0

========================================================================
Received Import Request.
  Time since last request: 0.000015 seconds.
  path: Packages/com.unity.shadergraph/Editor/Generation/Targets/BuiltIn/ShaderLibrary/Shadows.hlsl
  artifactKey: Guid(87c2af44d69c0194687e11c33c85f6c2) Importer(2089858483,b0f066a214c2f5e87bad3c948f4d605d)
Start importing Packages/com.unity.shadergraph/Editor/Generation/Targets/BuiltIn/ShaderLibrary/Shadows.hlsl using Guid(87c2af44d69c0194687e11c33c85f6c2) Importer(2089858483,b0f066a214c2f5e87bad3c948f4d605d) (ScriptedImporter) -> (artifact id: 'eb3d4d9606b645eb786b6bd78a31ee14') in 0.0034213 seconds
Number of updated asset objects reloaded before import = 0Number of asset objects unloaded after import = 1

========================================================================
Received Import Request.
  Time since last request: 0.000017 seconds.
  path: Packages/com.unity.render-pipelines.universal/Tests/Editor/URPGlobalSettingsMigrationTests/RenderingLayersMigrationTest.cs
  artifactKey: Guid(f65ed5fcc7d02c341a22ffbea836dc07) Importer(2089858483,b0f066a214c2f5e87bad3c948f4d605d)
Start importing Packages/com.unity.render-pipelines.universal/Tests/Editor/URPGlobalSettingsMigrationTests/RenderingLayersMigrationTest.cs using Guid(f65ed5fcc7d02c341a22ffbea836dc07) Importer(2089858483,b0f066a214c2f5e87bad3c948f4d605d) (ScriptedImporter) -> (artifact id: 'b1244e996ea59a4908f82b55458947e6') in 0.0035653 seconds
Number of updated asset objects reloaded before import = 0Number of asset objects unloaded after import = 0

========================================================================
Received Import Request.
  Time since last request: 0.000021 seconds.
  path: Packages/com.unity.render-pipelines.universal/Shaders/Nature/SpeedTree7BillboardInput.hlsl
  artifactKey: Guid(693515911c7346d448c10a3cfc4acf45) Importer(2089858483,b0f066a214c2f5e87bad3c948f4d605d)
Start importing Packages/com.unity.render-pipelines.universal/Shaders/Nature/SpeedTree7BillboardInput.hlsl using Guid(693515911c7346d448c10a3cfc4acf45) Importer(2089858483,b0f066a214c2f5e87bad3c948f4d605d) (ScriptedImporter) -> (artifact id: '413188da791341ae77c9be05d4a964ae') in 0.0034843 seconds
Number of updated asset objects reloaded before import = 0Number of asset objects unloaded after import = 1

========================================================================
Received Import Request.
  Time since last request: 0.000014 seconds.
  path: Packages/com.unity.shadergraph/Editor/Data/Util/PropertyUtil.cs
  artifactKey: Guid(e284d5ec141b1b24a8509176d21b1d3f) Importer(2089858483,b0f066a214c2f5e87bad3c948f4d605d)
Start importing Packages/com.unity.shadergraph/Editor/Data/Util/PropertyUtil.cs using Guid(e284d5ec141b1b24a8509176d21b1d3f) Importer(2089858483,b0f066a214c2f5e87bad3c948f4d605d) (ScriptedImporter) -> (artifact id: 'd4d69bdf035a72b2c43c047782ac7d3b') in 0.0034438 seconds
Number of updated asset objects reloaded before import = 0Number of asset objects unloaded after import = 0

========================================================================
Received Import Request.
  Time since last request: 0.000015 seconds.
  path: Packages/com.unity.render-pipelines.universal/Textures/BlueNoise16/L/LDR_LLL1_27.png
  artifactKey: Guid(c989e1ed85cf7154caa922fec53e6af6) Importer(2089858483,b0f066a214c2f5e87bad3c948f4d605d)
Start importing Packages/com.unity.render-pipelines.universal/Textures/BlueNoise16/L/LDR_LLL1_27.png using Guid(c989e1ed85cf7154caa922fec53e6af6) Importer(2089858483,b0f066a214c2f5e87bad3c948f4d605d) (ScriptedImporter) -> (artifact id: '9a96752bfab2452f84f5b1500c3a6341') in 0.0092855 seconds
Number of updated asset objects reloaded before import = 0Number of asset objects unloaded after import = 0

========================================================================
Received Import Request.
  Time since last request: 0.000013 seconds.
  path: Packages/com.unity.render-pipelines.universal/ShaderLibrary/LightCookie/LightCookie.hlsl
  artifactKey: Guid(8878828335bd847b493e10211fcbf825) Importer(2089858483,b0f066a214c2f5e87bad3c948f4d605d)
Start importing Packages/com.unity.render-pipelines.universal/ShaderLibrary/LightCookie/LightCookie.hlsl using Guid(8878828335bd847b493e10211fcbf825) Importer(2089858483,b0f066a214c2f5e87bad3c948f4d605d) (ScriptedImporter) -> (artifact id: '0d064b107fe86bf78e9f71b30688b1e2') in 0.0038851 seconds
Number of updated asset objects reloaded before import = 0Number of asset objects unloaded after import = 1

========================================================================
Received Import Request.
  Time since last request: 0.000016 seconds.
  path: Packages/com.unity.shadergraph/Editor/Data/Nodes/Math/Trigonometry/ArcsineNode.cs
  artifactKey: Guid(e0bd4c0099ef82240b5e91e77990628e) Importer(2089858483,b0f066a214c2f5e87bad3c948f4d605d)
Start importing Packages/com.unity.shadergraph/Editor/Data/Nodes/Math/Trigonometry/ArcsineNode.cs using Guid(e0bd4c0099ef82240b5e91e77990628e) Importer(2089858483,b0f066a214c2f5e87bad3c948f4d605d) (ScriptedImporter) -> (artifact id: 'ea4026e322e6fce003ce029cc7530ba3') in 0.0034983 seconds
Number of updated asset objects reloaded before import = 0Number of asset objects unloaded after import = 0

========================================================================
Received Import Request.
  Time since last request: 0.000014 seconds.
  path: Packages/com.unity.shadergraph/Editor/Data/Nodes/Input/Matrix/Matrix2Node.cs
  artifactKey: Guid(a01da6bf9ffa118478ae371b28d2e166) Importer(2089858483,b0f066a214c2f5e87bad3c948f4d605d)
Start importing Packages/com.unity.shadergraph/Editor/Data/Nodes/Input/Matrix/Matrix2Node.cs using Guid(a01da6bf9ffa118478ae371b28d2e166) Importer(2089858483,b0f066a214c2f5e87bad3c948f4d605d) (ScriptedImporter) -> (artifact id: '36e41200294058e21ee8cfde979af615') in 0.005101 seconds
Number of updated asset objects reloaded before import = 0Number of asset objects unloaded after import = 0

========================================================================
Received Import Request.
  Time since last request: 0.000021 seconds.
  path: Packages/com.unity.shadergraph/Editor/Drawing/Controls/DefaultControl.cs
  artifactKey: Guid(20e01cb163f347c7819ae286c33baf85) Importer(2089858483,b0f066a214c2f5e87bad3c948f4d605d)
Start importing Packages/com.unity.shadergraph/Editor/Drawing/Controls/DefaultControl.cs using Guid(20e01cb163f347c7819ae286c33baf85) Importer(2089858483,b0f066a214c2f5e87bad3c948f4d605d) (ScriptedImporter) -> (artifact id: '6eefa9714ba7a14eb318344bf7bf39f1') in 0.0063571 seconds
Number of updated asset objects reloaded before import = 0Number of asset objects unloaded after import = 0

========================================================================
Received Import Request.
  Time since last request: 0.000017 seconds.
  path: Packages/com.unity.render-pipelines.universal/Editor/2D/Overrides/AssemblyInfo.cs
  artifactKey: Guid(bcdc8c86abfb40a45aa7ea6f4d34cb13) Importer(2089858483,b0f066a214c2f5e87bad3c948f4d605d)
Start importing Packages/com.unity.render-pipelines.universal/Editor/2D/Overrides/AssemblyInfo.cs using Guid(bcdc8c86abfb40a45aa7ea6f4d34cb13) Importer(2089858483,b0f066a214c2f5e87bad3c948f4d605d) (ScriptedImporter) -> (artifact id: '1452a69af9722d2cd77e255b9d28923a') in 0.0035972 seconds
Number of updated asset objects reloaded before import = 0Number of asset objects unloaded after import = 0

========================================================================
Received Import Request.
  Time since last request: 0.000013 seconds.
  path: Packages/com.unity.render-pipelines.universal/Shaders/FullscreenInvertColorsTemplate.png
  artifactKey: Guid(2bf17b1d7445af843ad939d7527d8938) Importer(2089858483,b0f066a214c2f5e87bad3c948f4d605d)
Start importing Packages/com.unity.render-pipelines.universal/Shaders/FullscreenInvertColorsTemplate.png using Guid(2bf17b1d7445af843ad939d7527d8938) Importer(2089858483,b0f066a214c2f5e87bad3c948f4d605d) (ScriptedImporter) -> (artifact id: '6482d8ec63b43b53db7ceeafd58e4b35') in 0.0077363 seconds
Number of updated asset objects reloaded before import = 0Number of asset objects unloaded after import = 1

========================================================================
Received Import Request.
  Time since last request: 0.000013 seconds.
  path: Packages/com.unity.render-pipelines.universal/Textures/FilmGrain/Medium02.png
  artifactKey: Guid(f0b67500f7fad3b4c9f2b13e8f41ba6e) Importer(2089858483,b0f066a214c2f5e87bad3c948f4d605d)
Start importing Packages/com.unity.render-pipelines.universal/Textures/FilmGrain/Medium02.png using Guid(f0b67500f7fad3b4c9f2b13e8f41ba6e) Importer(2089858483,b0f066a214c2f5e87bad3c948f4d605d) (ScriptedImporter) -> (artifact id: 'd139cbcf4c43f4d8f32da84e521574ed') in 0.0061009 seconds
Number of updated asset objects reloaded before import = 0Number of asset objects unloaded after import = 0

========================================================================
Received Import Request.
  Time since last request: 0.000013 seconds.
  path: Packages/com.unity.shadergraph/Editor/Data/Nodes/Input/Texture/Texture2DArrayAssetNode.cs
  artifactKey: Guid(34c0298d9fb6e4bc9aedbeeeeb8b8054) Importer(2089858483,b0f066a214c2f5e87bad3c948f4d605d)
Start importing Packages/com.unity.shadergraph/Editor/Data/Nodes/Input/Texture/Texture2DArrayAssetNode.cs using Guid(34c0298d9fb6e4bc9aedbeeeeb8b8054) Importer(2089858483,b0f066a214c2f5e87bad3c948f4d605d) (ScriptedImporter) -> (artifact id: '8e95a8cdcaf3bebe081581b2a7556af7') in 0.0033572 seconds
Number of updated asset objects reloaded before import = 0Number of asset objects unloaded after import = 0

========================================================================
Received Import Request.
  Time since last request: 0.000015 seconds.
  path: Packages/com.unity.shadergraph/Editor/Generation/Enumerations/Cull.cs
  artifactKey: Guid(1d9ef2c068925ac42b1a5793f3706b87) Importer(2089858483,b0f066a214c2f5e87bad3c948f4d605d)
Start importing Packages/com.unity.shadergraph/Editor/Generation/Enumerations/Cull.cs using Guid(1d9ef2c068925ac42b1a5793f3706b87) Importer(2089858483,b0f066a214c2f5e87bad3c948f4d605d) (ScriptedImporter) -> (artifact id: '3ed3d0cffcab0a734d12949e3f2bf80b') in 0.0034507 seconds
Number of updated asset objects reloaded before import = 0Number of asset objects unloaded after import = 0

========================================================================
Received Import Request.
  Time since last request: 0.000019 seconds.
  path: Packages/com.unity.shadergraph/Editor/Generation/Targets/BuiltIn/Editor/ShaderGUI/BaseShaderGUI.cs
  artifactKey: Guid(9294601d4849f0445b9a00cc1d2de1a8) Importer(2089858483,b0f066a214c2f5e87bad3c948f4d605d)
Start importing Packages/com.unity.shadergraph/Editor/Generation/Targets/BuiltIn/Editor/ShaderGUI/BaseShaderGUI.cs using Guid(9294601d4849f0445b9a00cc1d2de1a8) Importer(2089858483,b0f066a214c2f5e87bad3c948f4d605d) (ScriptedImporter) -> (artifact id: '7144dafa7558de1caf57cd219337b62c') in 0.0037254 seconds
Number of updated asset objects reloaded before import = 0Number of asset objects unloaded after import = 0

========================================================================
Received Import Request.
  Time since last request: 0.000013 seconds.
  path: Packages/com.unity.render-pipelines.universal/Textures/BlueNoise16/L/LDR_LLL1_14.png
  artifactKey: Guid(47a45908f6db0cb44a0d5e961143afec) Importer(2089858483,b0f066a214c2f5e87bad3c948f4d605d)
Start importing Packages/com.unity.render-pipelines.universal/Textures/BlueNoise16/L/LDR_LLL1_14.png using Guid(47a45908f6db0cb44a0d5e961143afec) Importer(2089858483,b0f066a214c2f5e87bad3c948f4d605d) (ScriptedImporter) -> (artifact id: 'aef96aa445b8116b805033f62e5f7aaa') in 0.0059504 seconds
Number of updated asset objects reloaded before import = 0Number of asset objects unloaded after import = 0

========================================================================
Received Import Request.
  Time since last request: 0.000013 seconds.
  path: Packages/com.unity.shadergraph/Editor/Data/Nodes/Input/Texture/SampleRawCubemapNode.cs
  artifactKey: Guid(1790cabd561426148b5f93f010b5b046) Importer(2089858483,b0f066a214c2f5e87bad3c948f4d605d)
Start importing Packages/com.unity.shadergraph/Editor/Data/Nodes/Input/Texture/SampleRawCubemapNode.cs using Guid(1790cabd561426148b5f93f010b5b046) Importer(2089858483,b0f066a214c2f5e87bad3c948f4d605d) (ScriptedImporter) -> (artifact id: '3ed49f1edf86c5c97ebb69c0b6c151be') in 0.0034643 seconds
Number of updated asset objects reloaded before import = 0Number of asset objects unloaded after import = 0

========================================================================
Received Import Request.
  Time since last request: 0.000014 seconds.
  path: Packages/com.unity.shadergraph/Editor/Data/Nodes/FormerNameAttribute.cs
  artifactKey: Guid(ae5b0289aecc42c2b6f5b5b08b80bdd9) Importer(2089858483,b0f066a214c2f5e87bad3c948f4d605d)
Start importing Packages/com.unity.shadergraph/Editor/Data/Nodes/FormerNameAttribute.cs using Guid(ae5b0289aecc42c2b6f5b5b08b80bdd9) Importer(2089858483,b0f066a214c2f5e87bad3c948f4d605d) (ScriptedImporter) -> (artifact id: 'e471443458aab3e4d6bd10297c1762fd') in 0.0035732 seconds
Number of updated asset objects reloaded before import = 0Number of asset objects unloaded after import = 0

========================================================================
Received Import Request.
  Time since last request: 0.000012 seconds.
  path: Packages/com.unity.render-pipelines.universal/Editor/Camera/UniversalRenderPipelineCameraUI.Rendering.Drawers.cs
  artifactKey: Guid(c9bd9b1710724164c8a601affb56d19d) Importer(2089858483,b0f066a214c2f5e87bad3c948f4d605d)
Start importing Packages/com.unity.render-pipelines.universal/Editor/Camera/UniversalRenderPipelineCameraUI.Rendering.Drawers.cs using Guid(c9bd9b1710724164c8a601affb56d19d) Importer(2089858483,b0f066a214c2f5e87bad3c948f4d605d) (ScriptedImporter) -> (artifact id: '71531397fbcd867f885c9d571d9c5b17') in 0.0034743 seconds
Number of updated asset objects reloaded before import = 0Number of asset objects unloaded after import = 0

========================================================================
Received Import Request.
  Time since last request: 0.000021 seconds.
  path: Packages/com.unity.render-pipelines.universal/Textures/BlueNoise16/L/LDR_LLL1_22.png
  artifactKey: Guid(f69770e54f2823f43badf77916acad83) Importer(2089858483,b0f066a214c2f5e87bad3c948f4d605d)
Start importing Packages/com.unity.render-pipelines.universal/Textures/BlueNoise16/L/LDR_LLL1_22.png using Guid(f69770e54f2823f43badf77916acad83) Importer(2089858483,b0f066a214c2f5e87bad3c948f4d605d) (ScriptedImporter) -> (artifact id: 'a190fb063cb01fadf659ff8f9280e203') in 0.0093557 seconds
Number of updated asset objects reloaded before import = 0Number of asset objects unloaded after import = 0

========================================================================
Received Import Request.
  Time since last request: 0.000021 seconds.
  path: Packages/com.unity.shadergraph/Editor/Generation/Targets/Canvas/CanvasData.cs
  artifactKey: Guid(470e3787e0cd4e3f8dba9518074b91da) Importer(2089858483,b0f066a214c2f5e87bad3c948f4d605d)
Start importing Packages/com.unity.shadergraph/Editor/Generation/Targets/Canvas/CanvasData.cs using Guid(470e3787e0cd4e3f8dba9518074b91da) Importer(2089858483,b0f066a214c2f5e87bad3c948f4d605d) (ScriptedImporter) -> (artifact id: '9977f534562ef1e75522f74598fb510e') in 0.0036785 seconds
Number of updated asset objects reloaded before import = 0Number of asset objects unloaded after import = 0

========================================================================
Received Import Request.
  Time since last request: 0.000014 seconds.
  path: Packages/com.unity.render-pipelines.universal/Shaders/BakedLitInput.hlsl
  artifactKey: Guid(463a8185744c2459f8e621f4e4eb74d3) Importer(2089858483,b0f066a214c2f5e87bad3c948f4d605d)
Start importing Packages/com.unity.render-pipelines.universal/Shaders/BakedLitInput.hlsl using Guid(463a8185744c2459f8e621f4e4eb74d3) Importer(2089858483,b0f066a214c2f5e87bad3c948f4d605d) (ScriptedImporter) -> (artifact id: '435a4d2e6336c7f7a3c02efd11402dad') in 0.0032005 seconds
Number of updated asset objects reloaded before import = 0Number of asset objects unloaded after import = 1

========================================================================
Received Import Request.
  Time since last request: 0.000012 seconds.
  path: Packages/com.unity.shadergraph/Editor/Data/Nodes/MeshDeformation/ComputeDeformNode.cs
  artifactKey: Guid(1b8bcd39f0b64c14eba5885020ae7349) Importer(2089858483,b0f066a214c2f5e87bad3c948f4d605d)
Start importing Packages/com.unity.shadergraph/Editor/Data/Nodes/MeshDeformation/ComputeDeformNode.cs using Guid(1b8bcd39f0b64c14eba5885020ae7349) Importer(2089858483,b0f066a214c2f5e87bad3c948f4d605d) (ScriptedImporter) -> (artifact id: 'ec56219a93eae2cf38fd9b2b38a56d4c') in 0.0034085 seconds
Number of updated asset objects reloaded before import = 0Number of asset objects unloaded after import = 0

========================================================================
Received Import Request.
  Time since last request: 0.000014 seconds.
  path: Packages/com.unity.render-pipelines.universal-config/Runtime/Unity.RenderPipelines.Universal.Config.Runtime.asmdef
  artifactKey: Guid(86bc95e6fdb13ff43aa04316542905ae) Importer(2089858483,b0f066a214c2f5e87bad3c948f4d605d)
Start importing Packages/com.unity.render-pipelines.universal-config/Runtime/Unity.RenderPipelines.Universal.Config.Runtime.asmdef using Guid(86bc95e6fdb13ff43aa04316542905ae) Importer(2089858483,b0f066a214c2f5e87bad3c948f4d605d) (ScriptedImporter) -> (artifact id: '9b12ceff2b8a9e2da2350b1b89bd791c') in 0.0033714 seconds
Number of updated asset objects reloaded before import = 0Number of asset objects unloaded after import = 1

========================================================================
Received Import Request.
  Time since last request: 0.000013 seconds.
  path: Packages/com.unity.shadergraph/Editor/Generation/Targets/BuiltIn/Editor/ShaderGraph/BuiltInProperties.cs
  artifactKey: Guid(94ef141d84292aa449f735ddb4def15e) Importer(2089858483,b0f066a214c2f5e87bad3c948f4d605d)
Start importing Packages/com.unity.shadergraph/Editor/Generation/Targets/BuiltIn/Editor/ShaderGraph/BuiltInProperties.cs using Guid(94ef141d84292aa449f735ddb4def15e) Importer(2089858483,b0f066a214c2f5e87bad3c948f4d605d) (ScriptedImporter) -> (artifact id: 'e48a38440bc46cabbc63137c1a2e2672') in 0.0035256 seconds
Number of updated asset objects reloaded before import = 0Number of asset objects unloaded after import = 0

========================================================================
Received Import Request.
  Time since last request: 0.000015 seconds.
  path: Packages/com.unity.shadergraph/Editor/Data/Util/PooledHashSet.cs
  artifactKey: Guid(11c00f8215374c368941cd4c06242ed7) Importer(2089858483,b0f066a214c2f5e87bad3c948f4d605d)
Start importing Packages/com.unity.shadergraph/Editor/Data/Util/PooledHashSet.cs using Guid(11c00f8215374c368941cd4c06242ed7) Importer(2089858483,b0f066a214c2f5e87bad3c948f4d605d) (ScriptedImporter) -> (artifact id: 'dea44d4ed3a9895c67204f38297cb2d3') in 0.0033964 seconds
Number of updated asset objects reloaded before import = 0Number of asset objects unloaded after import = 0

========================================================================
Received Import Request.
  Time since last request: 0.000023 seconds.
  path: Packages/com.unity.render-pipelines.universal/Editor/ShaderGraph/Templates/SharedCode.template.hlsl
  artifactKey: Guid(ed33028ae86f863468162a7c6b0ae962) Importer(2089858483,b0f066a214c2f5e87bad3c948f4d605d)
Start importing Packages/com.unity.render-pipelines.universal/Editor/ShaderGraph/Templates/SharedCode.template.hlsl using Guid(ed33028ae86f863468162a7c6b0ae962) Importer(2089858483,b0f066a214c2f5e87bad3c948f4d605d) (ScriptedImporter) -> (artifact id: 'f9b658048b30e2100e2eb15742423367') in 0.0037039 seconds
Number of updated asset objects reloaded before import = 0Number of asset objects unloaded after import = 1

========================================================================
Received Import Request.
  Time since last request: 0.000012 seconds.
  path: Packages/com.unity.render-pipelines.universal/ShaderLibrary/DeclareOpaqueTexture.hlsl
  artifactKey: Guid(29619926ce55c944aa978fe5e07cc3db) Importer(2089858483,b0f066a214c2f5e87bad3c948f4d605d)
Start importing Packages/com.unity.render-pipelines.universal/ShaderLibrary/DeclareOpaqueTexture.hlsl using Guid(29619926ce55c944aa978fe5e07cc3db) Importer(2089858483,b0f066a214c2f5e87bad3c948f4d605d) (ScriptedImporter) -> (artifact id: 'e02cda3b730b18b245823c72eb935978') in 0.0031661 seconds
Number of updated asset objects reloaded before import = 0Number of asset objects unloaded after import = 1

========================================================================
Received Import Request.
  Time since last request: 0.000014 seconds.
  path: Packages/com.unity.render-pipelines.universal/Runtime/Data/UniversalRenderPipelineAssetPrefiltering.cs
  artifactKey: Guid(55dca53d5ab64402b85ef43b2af4e33e) Importer(2089858483,b0f066a214c2f5e87bad3c948f4d605d)
Start importing Packages/com.unity.render-pipelines.universal/Runtime/Data/UniversalRenderPipelineAssetPrefiltering.cs using Guid(55dca53d5ab64402b85ef43b2af4e33e) Importer(2089858483,b0f066a214c2f5e87bad3c948f4d605d) (ScriptedImporter) -> (artifact id: 'c750bf2faa8f12d169dc15873663273c') in 0.0033702 seconds
Number of updated asset objects reloaded before import = 0Number of asset objects unloaded after import = 0

========================================================================
Received Import Request.
  Time since last request: 0.000015 seconds.
  path: Packages/com.unity.render-pipelines.universal/Shaders/Nature/SpeedTree7Input.hlsl
  artifactKey: Guid(519469e5f151ddb40a650b66f48175cb) Importer(2089858483,b0f066a214c2f5e87bad3c948f4d605d)
Start importing Packages/com.unity.render-pipelines.universal/Shaders/Nature/SpeedTree7Input.hlsl using Guid(519469e5f151ddb40a650b66f48175cb) Importer(2089858483,b0f066a214c2f5e87bad3c948f4d605d) (ScriptedImporter) -> (artifact id: 'faee34e6558e3af05d8fa2dbef8cede3') in 0.0034624 seconds
Number of updated asset objects reloaded before import = 0Number of asset objects unloaded after import = 1

========================================================================
Received Import Request.
  Time since last request: 0.000012 seconds.
  path: Packages/com.unity.render-pipelines.universal/Editor/ShaderGUI/ShadingModels/BakedLitGUI.cs
  artifactKey: Guid(795fde47942374005bbe56e3879983db) Importer(2089858483,b0f066a214c2f5e87bad3c948f4d605d)
Start importing Packages/com.unity.render-pipelines.universal/Editor/ShaderGUI/ShadingModels/BakedLitGUI.cs using Guid(795fde47942374005bbe56e3879983db) Importer(2089858483,b0f066a214c2f5e87bad3c948f4d605d) (ScriptedImporter) -> (artifact id: 'ecbef39530bd3e0c50987163e1503265') in 0.0034958 seconds
Number of updated asset objects reloaded before import = 0Number of asset objects unloaded after import = 0

========================================================================
Received Import Request.
  Time since last request: 0.000016 seconds.
  path: Packages/com.unity.render-pipelines.universal/Runtime/LightCookieManager.cs
  artifactKey: Guid(b2e28cf5a5994852b1f65ee5a9794985) Importer(2089858483,b0f066a214c2f5e87bad3c948f4d605d)
Start importing Packages/com.unity.render-pipelines.universal/Runtime/LightCookieManager.cs using Guid(b2e28cf5a5994852b1f65ee5a9794985) Importer(2089858483,b0f066a214c2f5e87bad3c948f4d605d) (ScriptedImporter) -> (artifact id: '8129b8369019fca5557e6e30b52691bf') in 0.0036367 seconds
Number of updated asset objects reloaded before import = 0Number of asset objects unloaded after import = 0

========================================================================
Received Import Request.
  Time since last request: 0.000021 seconds.
  path: Packages/com.unity.shadergraph/Editor/Data/Nodes/Input/Texture/ProceduralVirtualTextureNode.cs
  artifactKey: Guid(49a3a90a50f5fbf4ba608b8e4afe373a) Importer(2089858483,b0f066a214c2f5e87bad3c948f4d605d)
Start importing Packages/com.unity.shadergraph/Editor/Data/Nodes/Input/Texture/ProceduralVirtualTextureNode.cs using Guid(49a3a90a50f5fbf4ba608b8e4afe373a) Importer(2089858483,b0f066a214c2f5e87bad3c948f4d605d) (ScriptedImporter) -> (artifact id: '97467e4337a85c6e94a2d6aec6a95c7f') in 0.0034197 seconds
Number of updated asset objects reloaded before import = 0Number of asset objects unloaded after import = 0

========================================================================
Received Import Request.
  Time since last request: 0.000015 seconds.
  path: Packages/com.unity.shadergraph/Editor/Resources/Icons/settingsbutton.png
  artifactKey: Guid(c881a10bb6578f04ba6d52f6c3f0c9d6) Importer(2089858483,b0f066a214c2f5e87bad3c948f4d605d)
Start importing Packages/com.unity.shadergraph/Editor/Resources/Icons/settingsbutton.png using Guid(c881a10bb6578f04ba6d52f6c3f0c9d6) Importer(2089858483,b0f066a214c2f5e87bad3c948f4d605d) (ScriptedImporter) -> (artifact id: '1ddd6b796ace1555f6a3c263ba09bae9') in 0.0063345 seconds
Number of updated asset objects reloaded before import = 0Number of asset objects unloaded after import = 1

========================================================================
Received Import Request.
  Time since last request: 0.000012 seconds.
  path: Packages/com.unity.ide.rider/Rider/Editor/LoggingLevel.cs
  artifactKey: Guid(71bb46b59a9a7a346bbab1e185c723df) Importer(2089858483,b0f066a214c2f5e87bad3c948f4d605d)
Start importing Packages/com.unity.ide.rider/Rider/Editor/LoggingLevel.cs using Guid(71bb46b59a9a7a346bbab1e185c723df) Importer(2089858483,b0f066a214c2f5e87bad3c948f4d605d) (ScriptedImporter) -> (artifact id: '5a002f51c87faddb81716fe8d84b4da8') in 0.0035755 seconds
Number of updated asset objects reloaded before import = 0Number of asset objects unloaded after import = 0

========================================================================
Received Import Request.
  Time since last request: 0.000013 seconds.
  path: Packages/com.unity.shadergraph/Editor/Data/Nodes/Math/Matrix/MatrixTransposeNode.cs
  artifactKey: Guid(19da2635a60154a6793334e535a0a856) Importer(2089858483,b0f066a214c2f5e87bad3c948f4d605d)
Start importing Packages/com.unity.shadergraph/Editor/Data/Nodes/Math/Matrix/MatrixTransposeNode.cs using Guid(19da2635a60154a6793334e535a0a856) Importer(2089858483,b0f066a214c2f5e87bad3c948f4d605d) (ScriptedImporter) -> (artifact id: 'b3a95a8138793a495f4500dd959df13a') in 0.0038167 seconds
Number of updated asset objects reloaded before import = 0Number of asset objects unloaded after import = 0

========================================================================
Received Import Request.
  Time since last request: 0.000013 seconds.
  path: Packages/com.unity.render-pipelines.universal/Tests/Editor/PostProcessDataTests/2.shader
  artifactKey: Guid(ace59f7f124432f4f923bd3bfa93e0ad) Importer(2089858483,b0f066a214c2f5e87bad3c948f4d605d)
Start importing Packages/com.unity.render-pipelines.universal/Tests/Editor/PostProcessDataTests/2.shader using Guid(ace59f7f124432f4f923bd3bfa93e0ad) Importer(2089858483,b0f066a214c2f5e87bad3c948f4d605d) (ScriptedImporter) -> (artifact id: '77ea9387c320ecfb6cef96e2eab9194f') in 0.0045652 seconds
Number of updated asset objects reloaded before import = 0Number of asset objects unloaded after import = 1

========================================================================
Received Import Request.
  Time since last request: 0.000015 seconds.
  path: Packages/com.unity.shadergraph/Editor/Drawing/Colors/CustomColorData.cs
  artifactKey: Guid(77e837a1c5a3a4f3f873a99e6287a220) Importer(2089858483,b0f066a214c2f5e87bad3c948f4d605d)
Start importing Packages/com.unity.shadergraph/Editor/Drawing/Colors/CustomColorData.cs using Guid(77e837a1c5a3a4f3f873a99e6287a220) Importer(2089858483,b0f066a214c2f5e87bad3c948f4d605d) (ScriptedImporter) -> (artifact id: 'fe9d5a194f2774fad69491bcf7a4fe0b') in 0.0036452 seconds
Number of updated asset objects reloaded before import = 0Number of asset objects unloaded after import = 0

========================================================================
Received Import Request.
  Time since last request: 0.000019 seconds.
  path: Packages/com.unity.render-pipelines.universal/Tests/Editor/PostProcessDataTests/1.shader
  artifactKey: Guid(a176945d0e562084691bce8e11084c6a) Importer(2089858483,b0f066a214c2f5e87bad3c948f4d605d)
Start importing Packages/com.unity.render-pipelines.universal/Tests/Editor/PostProcessDataTests/1.shader using Guid(a176945d0e562084691bce8e11084c6a) Importer(2089858483,b0f066a214c2f5e87bad3c948f4d605d) (ScriptedImporter) -> (artifact id: '7b38ded716bb0ac91777f0669e80eae0') in 0.0046806 seconds
Number of updated asset objects reloaded before import = 0Number of asset objects unloaded after import = 1

========================================================================
Received Import Request.
  Time since last request: 0.000012 seconds.
  path: Packages/com.unity.shadergraph/Editor/Data/Nodes/Math/Trigonometry/ArctangentNode.cs
  artifactKey: Guid(9db0fbefda58761488455432f3133271) Importer(2089858483,b0f066a214c2f5e87bad3c948f4d605d)
Start importing Packages/com.unity.shadergraph/Editor/Data/Nodes/Math/Trigonometry/ArctangentNode.cs using Guid(9db0fbefda58761488455432f3133271) Importer(2089858483,b0f066a214c2f5e87bad3c948f4d605d) (ScriptedImporter) -> (artifact id: '542c022c4043fb1c1f93a69890039bdc') in 0.0033373 seconds
Number of updated asset objects reloaded before import = 0Number of asset objects unloaded after import = 0

========================================================================
Received Import Request.
  Time since last request: 0.000012 seconds.
  path: Packages/com.unity.render-pipelines.universal/Shaders/LitMetaPass.hlsl
  artifactKey: Guid(dcf4e762d48204e33b575f8007e3d563) Importer(2089858483,b0f066a214c2f5e87bad3c948f4d605d)
Start importing Packages/com.unity.render-pipelines.universal/Shaders/LitMetaPass.hlsl using Guid(dcf4e762d48204e33b575f8007e3d563) Importer(2089858483,b0f066a214c2f5e87bad3c948f4d605d) (ScriptedImporter) -> (artifact id: '686d69b252d18645befd57b4390c8041') in 0.003504 seconds
Number of updated asset objects reloaded before import = 0Number of asset objects unloaded after import = 1

========================================================================
Received Import Request.
  Time since last request: 0.000013 seconds.
  path: Packages/com.unity.shadergraph/Editor/Generation/Targets/Fullscreen/Templates/ShaderPass.template
  artifactKey: Guid(0ed3a57e16f0259448e5b68a210e991a) Importer(2089858483,b0f066a214c2f5e87bad3c948f4d605d)
Start importing Packages/com.unity.shadergraph/Editor/Generation/Targets/Fullscreen/Templates/ShaderPass.template using Guid(0ed3a57e16f0259448e5b68a210e991a) Importer(2089858483,b0f066a214c2f5e87bad3c948f4d605d) (ScriptedImporter) -> (artifact id: '73fcfcf4904d6d604315159461378e0d') in 0.0031962 seconds
Number of updated asset objects reloaded before import = 0Number of asset objects unloaded after import = 1

========================================================================
Received Import Request.
  Time since last request: 0.000013 seconds.
  path: Packages/com.unity.render-pipelines.universal/Editor/VFXGraph/Shaders/Templates/ParticlePlanarPrimitives/PassForward2D.template
  artifactKey: Guid(60e6c40c533c7ed4fbf6a90081f0e415) Importer(2089858483,b0f066a214c2f5e87bad3c948f4d605d)
Start importing Packages/com.unity.render-pipelines.universal/Editor/VFXGraph/Shaders/Templates/ParticlePlanarPrimitives/PassForward2D.template using Guid(60e6c40c533c7ed4fbf6a90081f0e415) Importer(2089858483,b0f066a214c2f5e87bad3c948f4d605d) (ScriptedImporter) -> (artifact id: '77d4a52fbea26d4a1d93bb47634cdf61') in 0.0035663 seconds
Number of updated asset objects reloaded before import = 0Number of asset objects unloaded after import = 1

========================================================================
Received Import Request.
  Time since last request: 0.000016 seconds.
  path: Packages/com.unity.render-pipelines.universal/Runtime/RendererFeatures/SurfaceCacheGI/SurfaceCacheCore/PathTracing.hlsl
  artifactKey: Guid(a30369464edbd71488d5d8fdb678695f) Importer(2089858483,b0f066a214c2f5e87bad3c948f4d605d)
Start importing Packages/com.unity.render-pipelines.universal/Runtime/RendererFeatures/SurfaceCacheGI/SurfaceCacheCore/PathTracing.hlsl using Guid(a30369464edbd71488d5d8fdb678695f) Importer(2089858483,b0f066a214c2f5e87bad3c948f4d605d) (ScriptedImporter) -> (artifact id: '5425e28cde7c83611a9f8daaf99694fe') in 0.0036973 seconds
Number of updated asset objects reloaded before import = 0Number of asset objects unloaded after import = 1

========================================================================
Received Import Request.
  Time since last request: 0.000019 seconds.
  path: Packages/com.unity.render-pipelines.universal/Editor/Volume/DefaultVolumeProfile.asset
  artifactKey: Guid(eda47df5b85f4f249abf7abd73db2cb2) Importer(2089858483,b0f066a214c2f5e87bad3c948f4d605d)
Start importing Packages/com.unity.render-pipelines.universal/Editor/Volume/DefaultVolumeProfile.asset using Guid(eda47df5b85f4f249abf7abd73db2cb2) Importer(2089858483,b0f066a214c2f5e87bad3c948f4d605d) (ScriptedImporter) -> (artifact id: 'e6595d9e24e0598663b689f6ad914d62') in 0.0047237 seconds
Number of updated asset objects reloaded before import = 0Number of asset objects unloaded after import = 0

========================================================================
Received Import Request.
  Time since last request: 0.000015 seconds.
  path: Packages/com.unity.shadergraph/Editor/Resources/Styles/Controls/ColorRGBSlotControlView.uss
  artifactKey: Guid(5f9f1162b05e46646805842469135609) Importer(2089858483,b0f066a214c2f5e87bad3c948f4d605d)
Start importing Packages/com.unity.shadergraph/Editor/Resources/Styles/Controls/ColorRGBSlotControlView.uss using Guid(5f9f1162b05e46646805842469135609) Importer(2089858483,b0f066a214c2f5e87bad3c948f4d605d) (ScriptedImporter) -> (artifact id: 'a9fff50df3035aa2b172cb5ccb327984') in 0.0043235 seconds
Number of updated asset objects reloaded before import = 0Number of asset objects unloaded after import = 1

========================================================================
Received Import Request.
  Time since last request: 0.000013 seconds.
  path: Packages/com.unity.shadergraph/Editor/Generation/Targets/BuiltIn/Editor/AssetPostProcessors/MaterialPostprocessor.cs
  artifactKey: Guid(1b9beb1a3480dfc43b16ca024c921089) Importer(2089858483,b0f066a214c2f5e87bad3c948f4d605d)
Start importing Packages/com.unity.shadergraph/Editor/Generation/Targets/BuiltIn/Editor/AssetPostProcessors/MaterialPostprocessor.cs using Guid(1b9beb1a3480dfc43b16ca024c921089) Importer(2089858483,b0f066a214c2f5e87bad3c948f4d605d) (ScriptedImporter) -> (artifact id: '04664186b2e5f6420eaa2b381babefe8') in 0.0033383 seconds
Number of updated asset objects reloaded before import = 0Number of asset objects unloaded after import = 0

========================================================================
Received Import Request.
  Time since last request: 0.000013 seconds.
  path: Packages/com.unity.render-pipelines.universal/Runtime/RendererFeatures/SurfaceCacheGI/FallbackMaterial.shader
  artifactKey: Guid(421501d8e4bd2014dbd1dbe80ec2bb5a) Importer(2089858483,b0f066a214c2f5e87bad3c948f4d605d)
Start importing Packages/com.unity.render-pipelines.universal/Runtime/RendererFeatures/SurfaceCacheGI/FallbackMaterial.shader using Guid(421501d8e4bd2014dbd1dbe80ec2bb5a) Importer(2089858483,b0f066a214c2f5e87bad3c948f4d605d) (ScriptedImporter) -> (artifact id: '37b100c5b64ab6125ad5f3341e4a5cbd') in 0.0052499 seconds
Number of updated asset objects reloaded before import = 0Number of asset objects unloaded after import = 1

========================================================================
Received Import Request.
  Time since last request: 0.000012 seconds.
  path: Packages/com.unity.shadergraph/Editor/Resources/Styles/MaterialGraph.uss
  artifactKey: Guid(466e6b269ff1900438e46c66af51cef8) Importer(2089858483,b0f066a214c2f5e87bad3c948f4d605d)
Start importing Packages/com.unity.shadergraph/Editor/Resources/Styles/MaterialGraph.uss using Guid(466e6b269ff1900438e46c66af51cef8) Importer(2089858483,b0f066a214c2f5e87bad3c948f4d605d) (ScriptedImporter) -> (artifact id: '5130ab669fafc3c63638b23ef2a499d5') in 0.0046492 seconds
Number of updated asset objects reloaded before import = 0Number of asset objects unloaded after import = 1

========================================================================
Received Import Request.
  Time since last request: 0.000014 seconds.
  path: Packages/com.unity.shadergraph/Editor/Generation/Targets/UITK/UISubTarget.cs
  artifactKey: Guid(a5150c3db0b6942f6a0b1f7a9ce97d5c) Importer(2089858483,b0f066a214c2f5e87bad3c948f4d605d)
Start importing Packages/com.unity.shadergraph/Editor/Generation/Targets/UITK/UISubTarget.cs using Guid(a5150c3db0b6942f6a0b1f7a9ce97d5c) Importer(2089858483,b0f066a214c2f5e87bad3c948f4d605d) (ScriptedImporter) -> (artifact id: '6a52a37b8c4b8036f34dd8863d60ba86') in 0.0036364 seconds
Number of updated asset objects reloaded before import = 0Number of asset objects unloaded after import = 0

========================================================================
Received Import Request.
  Time since last request: 0.000020 seconds.
  path: Packages/com.unity.render-pipelines.universal/Editor/2D/ShaderGraph/Includes/SpriteForwardPass.hlsl
  artifactKey: Guid(4ad8b54817d9f5441910014b5ceb8583) Importer(2089858483,b0f066a214c2f5e87bad3c948f4d605d)
Start importing Packages/com.unity.render-pipelines.universal/Editor/2D/ShaderGraph/Includes/SpriteForwardPass.hlsl using Guid(4ad8b54817d9f5441910014b5ceb8583) Importer(2089858483,b0f066a214c2f5e87bad3c948f4d605d) (ScriptedImporter) -> (artifact id: '599730e9a1186eabdfccd37f7f921c6f') in 0.0037904 seconds
Number of updated asset objects reloaded before import = 0Number of asset objects unloaded after import = 1

========================================================================
Received Import Request.
  Time since last request: 0.000012 seconds.
  path: Packages/com.unity.shadergraph/Editor/Generation/Targets/BuiltIn/Editor/ShaderGraph/Includes/ShaderPass.hlsl
  artifactKey: Guid(65e35b38e39fde248977f1e9a8ec2e10) Importer(2089858483,b0f066a214c2f5e87bad3c948f4d605d)
Start importing Packages/com.unity.shadergraph/Editor/Generation/Targets/BuiltIn/Editor/ShaderGraph/Includes/ShaderPass.hlsl using Guid(65e35b38e39fde248977f1e9a8ec2e10) Importer(2089858483,b0f066a214c2f5e87bad3c948f4d605d) (ScriptedImporter) -> (artifact id: 'df6ec5eedd1a1c3452b217be2cb3b5b9') in 0.0035599 seconds
Number of updated asset objects reloaded before import = 0Number of asset objects unloaded after import = 1

========================================================================
Received Import Request.
  Time since last request: 0.000015 seconds.
  path: Packages/com.unity.shadergraph/Editor/Drawing/Controls/ObjectControl.cs
  artifactKey: Guid(3f483132ae7b4689b20fd6b8c59633b5) Importer(2089858483,b0f066a214c2f5e87bad3c948f4d605d)
Start importing Packages/com.unity.shadergraph/Editor/Drawing/Controls/ObjectControl.cs using Guid(3f483132ae7b4689b20fd6b8c59633b5) Importer(2089858483,b0f066a214c2f5e87bad3c948f4d605d) (ScriptedImporter) -> (artifact id: '40f68636c3c5f4e45c8d839b7f077077') in 0.0038103 seconds
Number of updated asset objects reloaded before import = 0Number of asset objects unloaded after import = 0

========================================================================
Received Import Request.
  Time since last request: 0.000014 seconds.
  path: Packages/com.unity.render-pipelines.universal/Runtime/Overrides/ColorLookup.cs
  artifactKey: Guid(e021b4c809a781e468c2988c016ebbea) Importer(2089858483,b0f066a214c2f5e87bad3c948f4d605d)
Start importing Packages/com.unity.render-pipelines.universal/Runtime/Overrides/ColorLookup.cs using Guid(e021b4c809a781e468c2988c016ebbea) Importer(2089858483,b0f066a214c2f5e87bad3c948f4d605d) (ScriptedImporter) -> (artifact id: 'adffb870853eb5f58a4719af3a62fc12') in 0.0033064 seconds
Number of updated asset objects reloaded before import = 0Number of asset objects unloaded after import = 0

========================================================================
Received Import Request.
  Time since last request: 0.000015 seconds.
  path: Packages/com.unity.shadergraph/Editor/Generation/Targets/VFXTarget.cs
  artifactKey: Guid(a856114c5ad0f47bdbac070c94eebd84) Importer(2089858483,b0f066a214c2f5e87bad3c948f4d605d)
Start importing Packages/com.unity.shadergraph/Editor/Generation/Targets/VFXTarget.cs using Guid(a856114c5ad0f47bdbac070c94eebd84) Importer(2089858483,b0f066a214c2f5e87bad3c948f4d605d) (ScriptedImporter) -> (artifact id: '43985a5bc4b7908e6181d3736e9e3905') in 0.0034647 seconds
Number of updated asset objects reloaded before import = 0Number of asset objects unloaded after import = 0

========================================================================
Received Import Request.
  Time since last request: 0.000018 seconds.
  path: Packages/com.unity.render-pipelines.universal/Editor/2D/Converter/BuiltInToURP2DConverterContainer.cs
  artifactKey: Guid(5efd56ae74d26a24f88c656137e3c10e) Importer(2089858483,b0f066a214c2f5e87bad3c948f4d605d)
Start importing Packages/com.unity.render-pipelines.universal/Editor/2D/Converter/BuiltInToURP2DConverterContainer.cs using Guid(5efd56ae74d26a24f88c656137e3c10e) Importer(2089858483,b0f066a214c2f5e87bad3c948f4d605d) (ScriptedImporter) -> (artifact id: '39c80dbd8e8683c11755b70fac572f42') in 0.0035873 seconds
Number of updated asset objects reloaded before import = 0Number of asset objects unloaded after import = 0

Editor requested this worker to shutdown with reason: Scaling down because of idle timeout
AssetImportWorker is now disconnected from the server
Process exiting
Exiting without the bug reporter. Application will terminate with return code 0